t_opt,N_max,n,k_accept_max,k_reject_min
25,50,1,,
25,50,2,,
25,50,3,,3
25,50,4,,3
25,50,5,,4
25,50,6,,4
25,50,7,,4
25,50,8,,4
25,50,9,,5
25,50,10,,5
25,50,11,,5
25,50,12,,5
25,50,13,,6
25,50,14,,6
25,50,15,,6
25,50,16,,6
25,50,17,,6
25,50,18,,7
25,50,19,,7
25,50,20,,7
25,50,21,,7
25,50,22,,7
25,50,23,,8
25,50,24,,8
25,50,25,,8
25,50,26,,8
25,50,27,0,8
25,50,28,0,9
25,50,29,0,9
25,50,30,0,9
25,50,31,0,9
25,50,32,0,9
25,50,33,0,10
25,50,34,0,10
25,50,35,0,10
25,50,36,0,10
25,50,37,0,10
25,50,38,0,10
25,50,39,0,11
25,50,40,0,11
25,50,41,0,11
25,50,42,0,11
25,50,43,0,11
25,50,44,0,11
25,50,45,0,12
25,50,46,0,12
25,50,47,0,12
25,50,48,0,12
25,50,49,0,12
25,50,50,0,12
25,100,1,,
25,100,2,,
25,100,3,,3
25,100,4,,3
25,100,5,,4
25,100,6,,4
25,100,7,,4
25,100,8,,4
25,100,9,,5
25,100,10,,5
25,100,11,,5
25,100,12,,5
25,100,13,,6
25,100,14,,6
25,100,15,,6
25,100,16,,6
25,100,17,,6
25,100,18,,7
25,100,19,,7
25,100,20,,7
25,100,21,,7
25,100,22,,7
25,100,23,,8
25,100,24,,8
25,100,25,,8
25,100,26,,8
25,100,27,0,8
25,100,28,0,9
25,100,29,0,9
25,100,30,0,9
25,100,31,0,9
25,100,32,0,9
25,100,33,0,10
25,100,34,0,10
25,100,35,0,10
25,100,36,0,10
25,100,37,0,10
25,100,38,0,10
25,100,39,0,11
25,100,40,0,11
25,100,41,0,11
25,100,42,0,11
25,100,43,0,11
25,100,44,0,11
25,100,45,0,12
25,100,46,0,12
25,100,47,0,12
25,100,48,0,12
25,100,49,0,12
25,100,50,0,12
25,100,51,0,13
25,100,52,0,13
25,100,53,0,13
25,100,54,0,13
25,100,55,0,13
25,100,56,1,13
25,100,57,1,14
25,100,58,1,14
25,100,59,1,14
25,100,60,1,14
25,100,61,1,14
25,100,62,1,14
25,100,63,1,15
25,100,64,1,15
25,100,65,1,15
25,100,66,1,15
25,100,67,1,15
25,100,68,1,15
25,100,69,1,15
25,100,70,1,16
25,100,71,1,16
25,100,72,1,16
25,100,73,1,16
25,100,74,1,16
25,100,75,1,16
25,100,76,1,17
25,100,77,2,17
25,100,78,2,17
25,100,79,2,17
25,100,80,2,17
25,100,81,2,17
25,100,82,2,17
25,100,83,2,18
25,100,84,2,18
25,100,85,2,18
25,100,86,2,18
25,100,87,2,18
25,100,88,2,18
25,100,89,2,19
25,100,90,2,19
25,100,91,2,19
25,100,92,2,19
25,100,93,2,19
25,100,94,2,19
25,100,95,2,19
25,100,96,3,20
25,100,97,3,20
25,100,98,3,20
25,100,99,3,20
25,100,100,3,20
25,200,1,,
25,200,2,,
25,200,3,,3
25,200,4,,3
25,200,5,,4
25,200,6,,4
25,200,7,,4
25,200,8,,4
25,200,9,,5
25,200,10,,5
25,200,11,,5
25,200,12,,5
25,200,13,,6
25,200,14,,6
25,200,15,,6
25,200,16,,6
25,200,17,,6
25,200,18,,7
25,200,19,,7
25,200,20,,7
25,200,21,,7
25,200,22,,7
25,200,23,,8
25,200,24,,8
25,200,25,,8
25,200,26,,8
25,200,27,0,8
25,200,28,0,9
25,200,29,0,9
25,200,30,0,9
25,200,31,0,9
25,200,32,0,9
25,200,33,0,10
25,200,34,0,10
25,200,35,0,10
25,200,36,0,10
25,200,37,0,10
25,200,38,0,10
25,200,39,0,11
25,200,40,0,11
25,200,41,0,11
25,200,42,0,11
25,200,43,0,11
25,200,44,0,11
25,200,45,0,12
25,200,46,0,12
25,200,47,0,12
25,200,48,0,12
25,200,49,0,12
25,200,50,0,12
25,200,51,0,13
25,200,52,0,13
25,200,53,0,13
25,200,54,0,13
25,200,55,0,13
25,200,56,1,13
25,200,57,1,14
25,200,58,1,14
25,200,59,1,14
25,200,60,1,14
25,200,61,1,14
25,200,62,1,14
25,200,63,1,15
25,200,64,1,15
25,200,65,1,15
25,200,66,1,15
25,200,67,1,15
25,200,68,1,15
25,200,69,1,15
25,200,70,1,16
25,200,71,1,16
25,200,72,1,16
25,200,73,1,16
25,200,74,1,16
25,200,75,1,16
25,200,76,1,17
25,200,77,2,17
25,200,78,2,17
25,200,79,2,17
25,200,80,2,17
25,200,81,2,17
25,200,82,2,17
25,200,83,2,18
25,200,84,2,18
25,200,85,2,18
25,200,86,2,18
25,200,87,2,18
25,200,88,2,18
25,200,89,2,19
25,200,90,2,19
25,200,91,2,19
25,200,92,2,19
25,200,93,2,19
25,200,94,2,19
25,200,95,2,19
25,200,96,3,20
25,200,97,3,20
25,200,98,3,20
25,200,99,3,20
25,200,100,3,20
25,200,101,3,20
25,200,102,3,20
25,200,103,3,21
25,200,104,3,21
25,200,105,3,21
25,200,106,3,21
25,200,107,3,21
25,200,108,3,21
25,200,109,3,22
25,200,110,3,22
25,200,111,3,22
25,200,112,3,22
25,200,113,3,22
25,200,114,4,22
25,200,115,4,22
25,200,116,4,23
25,200,117,4,23
25,200,118,4,23
25,200,119,4,23
25,200,120,4,23
25,200,121,4,23
25,200,122,4,23
25,200,123,4,24
25,200,124,4,24
25,200,125,4,24
25,200,126,4,24
25,200,127,4,24
25,200,128,4,24
25,200,129,4,24
25,200,130,4,25
25,200,131,5,25
25,200,132,5,25
25,200,133,5,25
25,200,134,5,25
25,200,135,5,25
25,200,136,5,25
25,200,137,5,26
25,200,138,5,26
25,200,139,5,26
25,200,140,5,26
25,200,141,5,26
25,200,142,5,26
25,200,143,5,26
25,200,144,5,27
25,200,145,5,27
25,200,146,5,27
25,200,147,6,27
25,200,148,6,27
25,200,149,6,27
25,200,150,6,27
25,200,151,6,28
25,200,152,6,28
25,200,153,6,28
25,200,154,6,28
25,200,155,6,28
25,200,156,6,28
25,200,157,6,28
25,200,158,6,28
25,200,159,6,29
25,200,160,6,29
25,200,161,6,29
25,200,162,6,29
25,200,163,7,29
25,200,164,7,29
25,200,165,7,29
25,200,166,7,30
25,200,167,7,30
25,200,168,7,30
25,200,169,7,30
25,200,170,7,30
25,200,171,7,30
25,200,172,7,30
25,200,173,7,31
25,200,174,7,31
25,200,175,7,31
25,200,176,7,31
25,200,177,7,31
25,200,178,8,31
25,200,179,8,31
25,200,180,8,32
25,200,181,8,32
25,200,182,8,32
25,200,183,8,32
25,200,184,8,32
25,200,185,8,32
25,200,186,8,32
25,200,187,8,32
25,200,188,8,33
25,200,189,8,33
25,200,190,8,33
25,200,191,8,33
25,200,192,8,33
25,200,193,8,33
25,200,194,9,33
25,200,195,9,34
25,200,196,9,34
25,200,197,9,34
25,200,198,9,34
25,200,199,9,34
25,200,200,9,34
25,400,1,,
25,400,2,,
25,400,3,,3
25,400,4,,3
25,400,5,,4
25,400,6,,4
25,400,7,,4
25,400,8,,4
25,400,9,,5
25,400,10,,5
25,400,11,,5
25,400,12,,5
25,400,13,,6
25,400,14,,6
25,400,15,,6
25,400,16,,6
25,400,17,,6
25,400,18,,7
25,400,19,,7
25,400,20,,7
25,400,21,,7
25,400,22,,7
25,400,23,,8
25,400,24,,8
25,400,25,,8
25,400,26,,8
25,400,27,0,8
25,400,28,0,9
25,400,29,0,9
25,400,30,0,9
25,400,31,0,9
25,400,32,0,9
25,400,33,0,10
25,400,34,0,10
25,400,35,0,10
25,400,36,0,10
25,400,37,0,10
25,400,38,0,10
25,400,39,0,11
25,400,40,0,11
25,400,41,0,11
25,400,42,0,11
25,400,43,0,11
25,400,44,0,11
25,400,45,0,12
25,400,46,0,12
25,400,47,0,12
25,400,48,0,12
25,400,49,0,12
25,400,50,0,12
25,400,51,0,13
25,400,52,0,13
25,400,53,0,13
25,400,54,0,13
25,400,55,0,13
25,400,56,1,13
25,400,57,1,14
25,400,58,1,14
25,400,59,1,14
25,400,60,1,14
25,400,61,1,14
25,400,62,1,14
25,400,63,1,15
25,400,64,1,15
25,400,65,1,15
25,400,66,1,15
25,400,67,1,15
25,400,68,1,15
25,400,69,1,15
25,400,70,1,16
25,400,71,1,16
25,400,72,1,16
25,400,73,1,16
25,400,74,1,16
25,400,75,1,16
25,400,76,1,17
25,400,77,2,17
25,400,78,2,17
25,400,79,2,17
25,400,80,2,17
25,400,81,2,17
25,400,82,2,17
25,400,83,2,18
25,400,84,2,18
25,400,85,2,18
25,400,86,2,18
25,400,87,2,18
25,400,88,2,18
25,400,89,2,19
25,400,90,2,19
25,400,91,2,19
25,400,92,2,19
25,400,93,2,19
25,400,94,2,19
25,400,95,2,19
25,400,96,3,20
25,400,97,3,20
25,400,98,3,20
25,400,99,3,20
25,400,100,3,20
25,400,101,3,20
25,400,102,3,20
25,400,103,3,21
25,400,104,3,21
25,400,105,3,21
25,400,106,3,21
25,400,107,3,21
25,400,108,3,21
25,400,109,3,22
25,400,110,3,22
25,400,111,3,22
25,400,112,3,22
25,400,113,3,22
25,400,114,4,22
25,400,115,4,22
25,400,116,4,23
25,400,117,4,23
25,400,118,4,23
25,400,119,4,23
25,400,120,4,23
25,400,121,4,23
25,400,122,4,23
25,400,123,4,24
25,400,124,4,24
25,400,125,4,24
25,400,126,4,24
25,400,127,4,24
25,400,128,4,24
25,400,129,4,24
25,400,130,4,25
25,400,131,5,25
25,400,132,5,25
25,400,133,5,25
25,400,134,5,25
25,400,135,5,25
25,400,136,5,25
25,400,137,5,26
25,400,138,5,26
25,400,139,5,26
25,400,140,5,26
25,400,141,5,26
25,400,142,5,26
25,400,143,5,26
25,400,144,5,27
25,400,145,5,27
25,400,146,5,27
25,400,147,6,27
25,400,148,6,27
25,400,149,6,27
25,400,150,6,27
25,400,151,6,28
25,400,152,6,28
25,400,153,6,28
25,400,154,6,28
25,400,155,6,28
25,400,156,6,28
25,400,157,6,28
25,400,158,6,28
25,400,159,6,29
25,400,160,6,29
25,400,161,6,29
25,400,162,6,29
25,400,163,7,29
25,400,164,7,29
25,400,165,7,29
25,400,166,7,30
25,400,167,7,30
25,400,168,7,30
25,400,169,7,30
25,400,170,7,30
25,400,171,7,30
25,400,172,7,30
25,400,173,7,31
25,400,174,7,31
25,400,175,7,31
25,400,176,7,31
25,400,177,7,31
25,400,178,8,31
25,400,179,8,31
25,400,180,8,32
25,400,181,8,32
25,400,182,8,32
25,400,183,8,32
25,400,184,8,32
25,400,185,8,32
25,400,186,8,32
25,400,187,8,32
25,400,188,8,33
25,400,189,8,33
25,400,190,8,33
25,400,191,8,33
25,400,192,8,33
25,400,193,8,33
25,400,194,9,33
25,400,195,9,34
25,400,196,9,34
25,400,197,9,34
25,400,198,9,34
25,400,199,9,34
25,400,200,9,34
25,400,201,9,34
25,400,202,9,34
25,400,203,9,35
25,400,204,9,35
25,400,205,9,35
25,400,206,9,35
25,400,207,9,35
25,400,208,10,35
25,400,209,10,35
25,400,210,10,36
25,400,211,10,36
25,400,212,10,36
25,400,213,10,36
25,400,214,10,36
25,400,215,10,36
25,400,216,10,36
25,400,217,10,37
25,400,218,10,37
25,400,219,10,37
25,400,220,10,37
25,400,221,10,37
25,400,222,10,37
25,400,223,11,37
25,400,224,11,37
25,400,225,11,38
25,400,226,11,38
25,400,227,11,38
25,400,228,11,38
25,400,229,11,38
25,400,230,11,38
25,400,231,11,38
25,400,232,11,39
25,400,233,11,39
25,400,234,11,39
25,400,235,11,39
25,400,236,11,39
25,400,237,11,39
25,400,238,12,39
25,400,239,12,39
25,400,240,12,40
25,400,241,12,40
25,400,242,12,40
25,400,243,12,40
25,400,244,12,40
25,400,245,12,40
25,400,246,12,40
25,400,247,12,40
25,400,248,12,41
25,400,249,12,41
25,400,250,12,41
25,400,251,12,41
25,400,252,13,41
25,400,253,13,41
25,400,254,13,41
25,400,255,13,42
25,400,256,13,42
25,400,257,13,42
25,400,258,13,42
25,400,259,13,42
25,400,260,13,42
25,400,261,13,42
25,400,262,13,42
25,400,263,13,43
25,400,264,13,43
25,400,265,13,43
25,400,266,14,43
25,400,267,14,43
25,400,268,14,43
25,400,269,14,43
25,400,270,14,43
25,400,271,14,44
25,400,272,14,44
25,400,273,14,44
25,400,274,14,44
25,400,275,14,44
25,400,276,14,44
25,400,277,14,44
25,400,278,14,45
25,400,279,14,45
25,400,280,15,45
25,400,281,15,45
25,400,282,15,45
25,400,283,15,45
25,400,284,15,45
25,400,285,15,45
25,400,286,15,46
25,400,287,15,46
25,400,288,15,46
25,400,289,15,46
25,400,290,15,46
25,400,291,15,46
25,400,292,15,46
25,400,293,15,46
25,400,294,16,47
25,400,295,16,47
25,400,296,16,47
25,400,297,16,47
25,400,298,16,47
25,400,299,16,47
25,400,300,16,47
25,400,301,16,48
25,400,302,16,48
25,400,303,16,48
25,400,304,16,48
25,400,305,16,48
25,400,306,16,48
25,400,307,16,48
25,400,308,17,48
25,400,309,17,49
25,400,310,17,49
25,400,311,17,49
25,400,312,17,49
25,400,313,17,49
25,400,314,17,49
25,400,315,17,49
25,400,316,17,49
25,400,317,17,50
25,400,318,17,50
25,400,319,17,50
25,400,320,17,50
25,400,321,17,50
25,400,322,18,50
25,400,323,18,50
25,400,324,18,50
25,400,325,18,51
25,400,326,18,51
25,400,327,18,51
25,400,328,18,51
25,400,329,18,51
25,400,330,18,51
25,400,331,18,51
25,400,332,18,51
25,400,333,18,52
25,400,334,18,52
25,400,335,19,52
25,400,336,19,52
25,400,337,19,52
25,400,338,19,52
25,400,339,19,52
25,400,340,19,53
25,400,341,19,53
25,400,342,19,53
25,400,343,19,53
25,400,344,19,53
25,400,345,19,53
25,400,346,19,53
25,400,347,19,53
25,400,348,19,54
25,400,349,20,54
25,400,350,20,54
25,400,351,20,54
25,400,352,20,54
25,400,353,20,54
25,400,354,20,54
25,400,355,20,54
25,400,356,20,55
25,400,357,20,55
25,400,358,20,55
25,400,359,20,55
25,400,360,20,55
25,400,361,20,55
25,400,362,21,55
25,400,363,21,55
25,400,364,21,56
25,400,365,21,56
25,400,366,21,56
25,400,367,21,56
25,400,368,21,56
25,400,369,21,56
25,400,370,21,56
25,400,371,21,56
25,400,372,21,57
25,400,373,21,57
25,400,374,21,57
25,400,375,22,57
25,400,376,22,57
25,400,377,22,57
25,400,378,22,57
25,400,379,22,57
25,400,380,22,58
25,400,381,22,58
25,400,382,22,58
25,400,383,22,58
25,400,384,22,58
25,400,385,22,58
25,400,386,22,58
25,400,387,22,58
25,400,388,22,59
25,400,389,23,59
25,400,390,23,59
25,400,391,23,59
25,400,392,23,59
25,400,393,23,59
25,400,394,23,59
25,400,395,23,59
25,400,396,23,60
25,400,397,23,60
25,400,398,23,60
25,400,399,23,60
25,400,400,23,60
25,800,1,,
25,800,2,,
25,800,3,,3
25,800,4,,3
25,800,5,,4
25,800,6,,4
25,800,7,,4
25,800,8,,4
25,800,9,,5
25,800,10,,5
25,800,11,,5
25,800,12,,5
25,800,13,,6
25,800,14,,6
25,800,15,,6
25,800,16,,6
25,800,17,,6
25,800,18,,7
25,800,19,,7
25,800,20,,7
25,800,21,,7
25,800,22,,7
25,800,23,,8
25,800,24,,8
25,800,25,,8
25,800,26,,8
25,800,27,0,8
25,800,28,0,9
25,800,29,0,9
25,800,30,0,9
25,800,31,0,9
25,800,32,0,9
25,800,33,0,10
25,800,34,0,10
25,800,35,0,10
25,800,36,0,10
25,800,37,0,10
25,800,38,0,10
25,800,39,0,11
25,800,40,0,11
25,800,41,0,11
25,800,42,0,11
25,800,43,0,11
25,800,44,0,11
25,800,45,0,12
25,800,46,0,12
25,800,47,0,12
25,800,48,0,12
25,800,49,0,12
25,800,50,0,12
25,800,51,0,13
25,800,52,0,13
25,800,53,0,13
25,800,54,0,13
25,800,55,0,13
25,800,56,1,13
25,800,57,1,14
25,800,58,1,14
25,800,59,1,14
25,800,60,1,14
25,800,61,1,14
25,800,62,1,14
25,800,63,1,15
25,800,64,1,15
25,800,65,1,15
25,800,66,1,15
25,800,67,1,15
25,800,68,1,15
25,800,69,1,15
25,800,70,1,16
25,800,71,1,16
25,800,72,1,16
25,800,73,1,16
25,800,74,1,16
25,800,75,1,16
25,800,76,1,17
25,800,77,2,17
25,800,78,2,17
25,800,79,2,17
25,800,80,2,17
25,800,81,2,17
25,800,82,2,17
25,800,83,2,18
25,800,84,2,18
25,800,85,2,18
25,800,86,2,18
25,800,87,2,18
25,800,88,2,18
25,800,89,2,19
25,800,90,2,19
25,800,91,2,19
25,800,92,2,19
25,800,93,2,19
25,800,94,2,19
25,800,95,2,19
25,800,96,3,20
25,800,97,3,20
25,800,98,3,20
25,800,99,3,20
25,800,100,3,20
25,800,101,3,20
25,800,102,3,20
25,800,103,3,21
25,800,104,3,21
25,800,105,3,21
25,800,106,3,21
25,800,107,3,21
25,800,108,3,21
25,800,109,3,22
25,800,110,3,22
25,800,111,3,22
25,800,112,3,22
25,800,113,3,22
25,800,114,4,22
25,800,115,4,22
25,800,116,4,23
25,800,117,4,23
25,800,118,4,23
25,800,119,4,23
25,800,120,4,23
25,800,121,4,23
25,800,122,4,23
25,800,123,4,24
25,800,124,4,24
25,800,125,4,24
25,800,126,4,24
25,800,127,4,24
25,800,128,4,24
25,800,129,4,24
25,800,130,4,25
25,800,131,5,25
25,800,132,5,25
25,800,133,5,25
25,800,134,5,25
25,800,135,5,25
25,800,136,5,25
25,800,137,5,26
25,800,138,5,26
25,800,139,5,26
25,800,140,5,26
25,800,141,5,26
25,800,142,5,26
25,800,143,5,26
25,800,144,5,27
25,800,145,5,27
25,800,146,5,27
25,800,147,6,27
25,800,148,6,27
25,800,149,6,27
25,800,150,6,27
25,800,151,6,28
25,800,152,6,28
25,800,153,6,28
25,800,154,6,28
25,800,155,6,28
25,800,156,6,28
25,800,157,6,28
25,800,158,6,28
25,800,159,6,29
25,800,160,6,29
25,800,161,6,29
25,800,162,6,29
25,800,163,7,29
25,800,164,7,29
25,800,165,7,29
25,800,166,7,30
25,800,167,7,30
25,800,168,7,30
25,800,169,7,30
25,800,170,7,30
25,800,171,7,30
25,800,172,7,30
25,800,173,7,31
25,800,174,7,31
25,800,175,7,31
25,800,176,7,31
25,800,177,7,31
25,800,178,8,31
25,800,179,8,31
25,800,180,8,32
25,800,181,8,32
25,800,182,8,32
25,800,183,8,32
25,800,184,8,32
25,800,185,8,32
25,800,186,8,32
25,800,187,8,32
25,800,188,8,33
25,800,189,8,33
25,800,190,8,33
25,800,191,8,33
25,800,192,8,33
25,800,193,8,33
25,800,194,9,33
25,800,195,9,34
25,800,196,9,34
25,800,197,9,34
25,800,198,9,34
25,800,199,9,34
25,800,200,9,34
25,800,201,9,34
25,800,202,9,34
25,800,203,9,35
25,800,204,9,35
25,800,205,9,35
25,800,206,9,35
25,800,207,9,35
25,800,208,10,35
25,800,209,10,35
25,800,210,10,36
25,800,211,10,36
25,800,212,10,36
25,800,213,10,36
25,800,214,10,36
25,800,215,10,36
25,800,216,10,36
25,800,217,10,37
25,800,218,10,37
25,800,219,10,37
25,800,220,10,37
25,800,221,10,37
25,800,222,10,37
25,800,223,11,37
25,800,224,11,37
25,800,225,11,38
25,800,226,11,38
25,800,227,11,38
25,800,228,11,38
25,800,229,11,38
25,800,230,11,38
25,800,231,11,38
25,800,232,11,39
25,800,233,11,39
25,800,234,11,39
25,800,235,11,39
25,800,236,11,39
25,800,237,11,39
25,800,238,12,39
25,800,239,12,39
25,800,240,12,40
25,800,241,12,40
25,800,242,12,40
25,800,243,12,40
25,800,244,12,40
25,800,245,12,40
25,800,246,12,40
25,800,247,12,40
25,800,248,12,41
25,800,249,12,41
25,800,250,12,41
25,800,251,12,41
25,800,252,13,41
25,800,253,13,41
25,800,254,13,41
25,800,255,13,42
25,800,256,13,42
25,800,257,13,42
25,800,258,13,42
25,800,259,13,42
25,800,260,13,42
25,800,261,13,42
25,800,262,13,42
25,800,263,13,43
25,800,264,13,43
25,800,265,13,43
25,800,266,14,43
25,800,267,14,43
25,800,268,14,43
25,800,269,14,43
25,800,270,14,43
25,800,271,14,44
25,800,272,14,44
25,800,273,14,44
25,800,274,14,44
25,800,275,14,44
25,800,276,14,44
25,800,277,14,44
25,800,278,14,45
25,800,279,14,45
25,800,280,15,45
25,800,281,15,45
25,800,282,15,45
25,800,283,15,45
25,800,284,15,45
25,800,285,15,45
25,800,286,15,46
25,800,287,15,46
25,800,288,15,46
25,800,289,15,46
25,800,290,15,46
25,800,291,15,46
25,800,292,15,46
25,800,293,15,46
25,800,294,16,47
25,800,295,16,47
25,800,296,16,47
25,800,297,16,47
25,800,298,16,47
25,800,299,16,47
25,800,300,16,47
25,800,301,16,48
25,800,302,16,48
25,800,303,16,48
25,800,304,16,48
25,800,305,16,48
25,800,306,16,48
25,800,307,16,48
25,800,308,17,48
25,800,309,17,49
25,800,310,17,49
25,800,311,17,49
25,800,312,17,49
25,800,313,17,49
25,800,314,17,49
25,800,315,17,49
25,800,316,17,49
25,800,317,17,50
25,800,318,17,50
25,800,319,17,50
25,800,320,17,50
25,800,321,17,50
25,800,322,18,50
25,800,323,18,50
25,800,324,18,50
25,800,325,18,51
25,800,326,18,51
25,800,327,18,51
25,800,328,18,51
25,800,329,18,51
25,800,330,18,51
25,800,331,18,51
25,800,332,18,51
25,800,333,18,52
25,800,334,18,52
25,800,335,19,52
25,800,336,19,52
25,800,337,19,52
25,800,338,19,52
25,800,339,19,52
25,800,340,19,53
25,800,341,19,53
25,800,342,19,53
25,800,343,19,53
25,800,344,19,53
25,800,345,19,53
25,800,346,19,53
25,800,347,19,53
25,800,348,19,54
25,800,349,20,54
25,800,350,20,54
25,800,351,20,54
25,800,352,20,54
25,800,353,20,54
25,800,354,20,54
25,800,355,20,54
25,800,356,20,55
25,800,357,20,55
25,800,358,20,55
25,800,359,20,55
25,800,360,20,55
25,800,361,20,55
25,800,362,21,55
25,800,363,21,55
25,800,364,21,56
25,800,365,21,56
25,800,366,21,56
25,800,367,21,56
25,800,368,21,56
25,800,369,21,56
25,800,370,21,56
25,800,371,21,56
25,800,372,21,57
25,800,373,21,57
25,800,374,21,57
25,800,375,22,57
25,800,376,22,57
25,800,377,22,57
25,800,378,22,57
25,800,379,22,57
25,800,380,22,58
25,800,381,22,58
25,800,382,22,58
25,800,383,22,58
25,800,384,22,58
25,800,385,22,58
25,800,386,22,58
25,800,387,22,58
25,800,388,22,59
25,800,389,23,59
25,800,390,23,59
25,800,391,23,59
25,800,392,23,59
25,800,393,23,59
25,800,394,23,59
25,800,395,23,59
25,800,396,23,60
25,800,397,23,60
25,800,398,23,60
25,800,399,23,60
25,800,400,23,60
25,800,401,23,60
25,800,402,24,60
25,800,403,24,60
25,800,404,24,61
25,800,405,24,61
25,800,406,24,61
25,800,407,24,61
25,800,408,24,61
25,800,409,24,61
25,800,410,24,61
25,800,411,24,61
25,800,412,24,62
25,800,413,24,62
25,800,414,24,62
25,800,415,25,62
25,800,416,25,62
25,800,417,25,62
25,800,418,25,62
25,800,419,25,62
25,800,420,25,63
25,800,421,25,63
25,800,422,25,63
25,800,423,25,63
25,800,424,25,63
25,800,425,25,63
25,800,426,25,63
25,800,427,25,63
25,800,428,26,64
25,800,429,26,64
25,800,430,26,64
25,800,431,26,64
25,800,432,26,64
25,800,433,26,64
25,800,434,26,64
25,800,435,26,64
25,800,436,26,65
25,800,437,26,65
25,800,438,26,65
25,800,439,26,65
25,800,440,26,65
25,800,441,27,65
25,800,442,27,65
25,800,443,27,65
25,800,444,27,66
25,800,445,27,66
25,800,446,27,66
25,800,447,27,66
25,800,448,27,66
25,800,449,27,66
25,800,450,27,66
25,800,451,27,66
25,800,452,27,67
25,800,453,27,67
25,800,454,28,67
25,800,455,28,67
25,800,456,28,67
25,800,457,28,67
25,800,458,28,67
25,800,459,28,67
25,800,460,28,68
25,800,461,28,68
25,800,462,28,68
25,800,463,28,68
25,800,464,28,68
25,800,465,28,68
25,800,466,28,68
25,800,467,29,68
25,800,468,29,69
25,800,469,29,69
25,800,470,29,69
25,800,471,29,69
25,800,472,29,69
25,800,473,29,69
25,800,474,29,69
25,800,475,29,69
25,800,476,29,70
25,800,477,29,70
25,800,478,29,70
25,800,479,29,70
25,800,480,30,70
25,800,481,30,70
25,800,482,30,70
25,800,483,30,70
25,800,484,30,71
25,800,485,30,71
25,800,486,30,71
25,800,487,30,71
25,800,488,30,71
25,800,489,30,71
25,800,490,30,71
25,800,491,30,71
25,800,492,30,72
25,800,493,31,72
25,800,494,31,72
25,800,495,31,72
25,800,496,31,72
25,800,497,31,72
25,800,498,31,72
25,800,499,31,72
25,800,500,31,72
25,800,501,31,73
25,800,502,31,73
25,800,503,31,73
25,800,504,31,73
25,800,505,31,73
25,800,506,32,73
25,800,507,32,73
25,800,508,32,73
25,800,509,32,74
25,800,510,32,74
25,800,511,32,74
25,800,512,32,74
25,800,513,32,74
25,800,514,32,74
25,800,515,32,74
25,800,516,32,74
25,800,517,32,75
25,800,518,32,75
25,800,519,33,75
25,800,520,33,75
25,800,521,33,75
25,800,522,33,75
25,800,523,33,75
25,800,524,33,75
25,800,525,33,76
25,800,526,33,76
25,800,527,33,76
25,800,528,33,76
25,800,529,33,76
25,800,530,33,76
25,800,531,34,76
25,800,532,34,76
25,800,533,34,77
25,800,534,34,77
25,800,535,34,77
25,800,536,34,77
25,800,537,34,77
25,800,538,34,77
25,800,539,34,77
25,800,540,34,77
25,800,541,34,78
25,800,542,34,78
25,800,543,34,78
25,800,544,35,78
25,800,545,35,78
25,800,546,35,78
25,800,547,35,78
25,800,548,35,78
25,800,549,35,78
25,800,550,35,79
25,800,551,35,79
25,800,552,35,79
25,800,553,35,79
25,800,554,35,79
25,800,555,35,79
25,800,556,35,79
25,800,557,36,79
25,800,558,36,80
25,800,559,36,80
25,800,560,36,80
25,800,561,36,80
25,800,562,36,80
25,800,563,36,80
25,800,564,36,80
25,800,565,36,80
25,800,566,36,81
25,800,567,36,81
25,800,568,36,81
25,800,569,37,81
25,800,570,37,81
25,800,571,37,81
25,800,572,37,81
25,800,573,37,81
25,800,574,37,82
25,800,575,37,82
25,800,576,37,82
25,800,577,37,82
25,800,578,37,82
25,800,579,37,82
25,800,580,37,82
25,800,581,37,82
25,800,582,38,82
25,800,583,38,83
25,800,584,38,83
25,800,585,38,83
25,800,586,38,83
25,800,587,38,83
25,800,588,38,83
25,800,589,38,83
25,800,590,38,83
25,800,591,38,84
25,800,592,38,84
25,800,593,38,84
25,800,594,38,84
25,800,595,39,84
25,800,596,39,84
25,800,597,39,84
25,800,598,39,84
25,800,599,39,85
25,800,600,39,85
25,800,601,39,85
25,800,602,39,85
25,800,603,39,85
25,800,604,39,85
25,800,605,39,85
25,800,606,39,85
25,800,607,40,86
25,800,608,40,86
25,800,609,40,86
25,800,610,40,86
25,800,611,40,86
25,800,612,40,86
25,800,613,40,86
25,800,614,40,86
25,800,615,40,86
25,800,616,40,87
25,800,617,40,87
25,800,618,40,87
25,800,619,40,87
25,800,620,41,87
25,800,621,41,87
25,800,622,41,87
25,800,623,41,87
25,800,624,41,88
25,800,625,41,88
25,800,626,41,88
25,800,627,41,88
25,800,628,41,88
25,800,629,41,88
25,800,630,41,88
25,800,631,41,88
25,800,632,42,89
25,800,633,42,89
25,800,634,42,89
25,800,635,42,89
25,800,636,42,89
25,800,637,42,89
25,800,638,42,89
25,800,639,42,89
25,800,640,42,90
25,800,641,42,90
25,800,642,42,90
25,800,643,42,90
25,800,644,42,90
25,800,645,43,90
25,800,646,43,90
25,800,647,43,90
25,800,648,43,90
25,800,649,43,91
25,800,650,43,91
25,800,651,43,91
25,800,652,43,91
25,800,653,43,91
25,800,654,43,91
25,800,655,43,91
25,800,656,43,91
25,800,657,44,92
25,800,658,44,92
25,800,659,44,92
25,800,660,44,92
25,800,661,44,92
25,800,662,44,92
25,800,663,44,92
25,800,664,44,92
25,800,665,44,93
25,800,666,44,93
25,800,667,44,93
25,800,668,44,93
25,800,669,45,93
25,800,670,45,93
25,800,671,45,93
25,800,672,45,93
25,800,673,45,93
25,800,674,45,94
25,800,675,45,94
25,800,676,45,94
25,800,677,45,94
25,800,678,45,94
25,800,679,45,94
25,800,680,45,94
25,800,681,45,94
25,800,682,46,95
25,800,683,46,95
25,800,684,46,95
25,800,685,46,95
25,800,686,46,95
25,800,687,46,95
25,800,688,46,95
25,800,689,46,95
25,800,690,46,96
25,800,691,46,96
25,800,692,46,96
25,800,693,46,96
25,800,694,47,96
25,800,695,47,96
25,800,696,47,96
25,800,697,47,96
25,800,698,47,96
25,800,699,47,97
25,800,700,47,97
25,800,701,47,97
25,800,702,47,97
25,800,703,47,97
25,800,704,47,97
25,800,705,47,97
25,800,706,48,97
25,800,707,48,98
25,800,708,48,98
25,800,709,48,98
25,800,710,48,98
25,800,711,48,98
25,800,712,48,98
25,800,713,48,98
25,800,714,48,98
25,800,715,48,98
25,800,716,48,99
25,800,717,48,99
25,800,718,48,99
25,800,719,49,99
25,800,720,49,99
25,800,721,49,99
25,800,722,49,99
25,800,723,49,99
25,800,724,49,100
25,800,725,49,100
25,800,726,49,100
25,800,727,49,100
25,800,728,49,100
25,800,729,49,100
25,800,730,49,100
25,800,731,50,100
25,800,732,50,101
25,800,733,50,101
25,800,734,50,101
25,800,735,50,101
25,800,736,50,101
25,800,737,50,101
25,800,738,50,101
25,800,739,50,101
25,800,740,50,101
25,800,741,50,102
25,800,742,50,102
25,800,743,51,102
25,800,744,51,102
25,800,745,51,102
25,800,746,51,102
25,800,747,51,102
25,800,748,51,102
25,800,749,51,103
25,800,750,51,103
25,800,751,51,103
25,800,752,51,103
25,800,753,51,103
25,800,754,51,103
25,800,755,52,103
25,800,756,52,103
25,800,757,52,103
25,800,758,52,104
25,800,759,52,104
25,800,760,52,104
25,800,761,52,104
25,800,762,52,104
25,800,763,52,104
25,800,764,52,104
25,800,765,52,104
25,800,766,52,105
25,800,767,52,105
25,800,768,53,105
25,800,769,53,105
25,800,770,53,105
25,800,771,53,105
25,800,772,53,105
25,800,773,53,105
25,800,774,53,106
25,800,775,53,106
25,800,776,53,106
25,800,777,53,106
25,800,778,53,106
25,800,779,53,106
25,800,780,54,106
25,800,781,54,106
25,800,782,54,106
25,800,783,54,107
25,800,784,54,107
25,800,785,54,107
25,800,786,54,107
25,800,787,54,107
25,800,788,54,107
25,800,789,54,107
25,800,790,54,107
25,800,791,54,108
25,800,792,55,108
25,800,793,55,108
25,800,794,55,108
25,800,795,55,108
25,800,796,55,108
25,800,797,55,108
25,800,798,55,108
25,800,799,55,108
25,800,800,55,109
25,1600,1,,
25,1600,2,,
25,1600,3,,3
25,1600,4,,3
25,1600,5,,4
25,1600,6,,4
25,1600,7,,4
25,1600,8,,4
25,1600,9,,5
25,1600,10,,5
25,1600,11,,5
25,1600,12,,5
25,1600,13,,6
25,1600,14,,6
25,1600,15,,6
25,1600,16,,6
25,1600,17,,6
25,1600,18,,7
25,1600,19,,7
25,1600,20,,7
25,1600,21,,7
25,1600,22,,7
25,1600,23,,8
25,1600,24,,8
25,1600,25,,8
25,1600,26,,8
25,1600,27,0,8
25,1600,28,0,9
25,1600,29,0,9
25,1600,30,0,9
25,1600,31,0,9
25,1600,32,0,9
25,1600,33,0,10
25,1600,34,0,10
25,1600,35,0,10
25,1600,36,0,10
25,1600,37,0,10
25,1600,38,0,10
25,1600,39,0,11
25,1600,40,0,11
25,1600,41,0,11
25,1600,42,0,11
25,1600,43,0,11
25,1600,44,0,11
25,1600,45,0,12
25,1600,46,0,12
25,1600,47,0,12
25,1600,48,0,12
25,1600,49,0,12
25,1600,50,0,12
25,1600,51,0,13
25,1600,52,0,13
25,1600,53,0,13
25,1600,54,0,13
25,1600,55,0,13
25,1600,56,1,13
25,1600,57,1,14
25,1600,58,1,14
25,1600,59,1,14
25,1600,60,1,14
25,1600,61,1,14
25,1600,62,1,14
25,1600,63,1,15
25,1600,64,1,15
25,1600,65,1,15
25,1600,66,1,15
25,1600,67,1,15
25,1600,68,1,15
25,1600,69,1,15
25,1600,70,1,16
25,1600,71,1,16
25,1600,72,1,16
25,1600,73,1,16
25,1600,74,1,16
25,1600,75,1,16
25,1600,76,1,17
25,1600,77,2,17
25,1600,78,2,17
25,1600,79,2,17
25,1600,80,2,17
25,1600,81,2,17
25,1600,82,2,17
25,1600,83,2,18
25,1600,84,2,18
25,1600,85,2,18
25,1600,86,2,18
25,1600,87,2,18
25,1600,88,2,18
25,1600,89,2,19
25,1600,90,2,19
25,1600,91,2,19
25,1600,92,2,19
25,1600,93,2,19
25,1600,94,2,19
25,1600,95,2,19
25,1600,96,3,20
25,1600,97,3,20
25,1600,98,3,20
25,1600,99,3,20
25,1600,100,3,20
25,1600,101,3,20
25,1600,102,3,20
25,1600,103,3,21
25,1600,104,3,21
25,1600,105,3,21
25,1600,106,3,21
25,1600,107,3,21
25,1600,108,3,21
25,1600,109,3,22
25,1600,110,3,22
25,1600,111,3,22
25,1600,112,3,22
25,1600,113,3,22
25,1600,114,4,22
25,1600,115,4,22
25,1600,116,4,23
25,1600,117,4,23
25,1600,118,4,23
25,1600,119,4,23
25,1600,120,4,23
25,1600,121,4,23
25,1600,122,4,23
25,1600,123,4,24
25,1600,124,4,24
25,1600,125,4,24
25,1600,126,4,24
25,1600,127,4,24
25,1600,128,4,24
25,1600,129,4,24
25,1600,130,4,25
25,1600,131,5,25
25,1600,132,5,25
25,1600,133,5,25
25,1600,134,5,25
25,1600,135,5,25
25,1600,136,5,25
25,1600,137,5,26
25,1600,138,5,26
25,1600,139,5,26
25,1600,140,5,26
25,1600,141,5,26
25,1600,142,5,26
25,1600,143,5,26
25,1600,144,5,27
25,1600,145,5,27
25,1600,146,5,27
25,1600,147,6,27
25,1600,148,6,27
25,1600,149,6,27
25,1600,150,6,27
25,1600,151,6,28
25,1600,152,6,28
25,1600,153,6,28
25,1600,154,6,28
25,1600,155,6,28
25,1600,156,6,28
25,1600,157,6,28
25,1600,158,6,28
25,1600,159,6,29
25,1600,160,6,29
25,1600,161,6,29
25,1600,162,6,29
25,1600,163,7,29
25,1600,164,7,29
25,1600,165,7,29
25,1600,166,7,30
25,1600,167,7,30
25,1600,168,7,30
25,1600,169,7,30
25,1600,170,7,30
25,1600,171,7,30
25,1600,172,7,30
25,1600,173,7,31
25,1600,174,7,31
25,1600,175,7,31
25,1600,176,7,31
25,1600,177,7,31
25,1600,178,8,31
25,1600,179,8,31
25,1600,180,8,32
25,1600,181,8,32
25,1600,182,8,32
25,1600,183,8,32
25,1600,184,8,32
25,1600,185,8,32
25,1600,186,8,32
25,1600,187,8,32
25,1600,188,8,33
25,1600,189,8,33
25,1600,190,8,33
25,1600,191,8,33
25,1600,192,8,33
25,1600,193,8,33
25,1600,194,9,33
25,1600,195,9,34
25,1600,196,9,34
25,1600,197,9,34
25,1600,198,9,34
25,1600,199,9,34
25,1600,200,9,34
25,1600,201,9,34
25,1600,202,9,34
25,1600,203,9,35
25,1600,204,9,35
25,1600,205,9,35
25,1600,206,9,35
25,1600,207,9,35
25,1600,208,10,35
25,1600,209,10,35
25,1600,210,10,36
25,1600,211,10,36
25,1600,212,10,36
25,1600,213,10,36
25,1600,214,10,36
25,1600,215,10,36
25,1600,216,10,36
25,1600,217,10,37
25,1600,218,10,37
25,1600,219,10,37
25,1600,220,10,37
25,1600,221,10,37
25,1600,222,10,37
25,1600,223,11,37
25,1600,224,11,37
25,1600,225,11,38
25,1600,226,11,38
25,1600,227,11,38
25,1600,228,11,38
25,1600,229,11,38
25,1600,230,11,38
25,1600,231,11,38
25,1600,232,11,39
25,1600,233,11,39
25,1600,234,11,39
25,1600,235,11,39
25,1600,236,11,39
25,1600,237,11,39
25,1600,238,12,39
25,1600,239,12,39
25,1600,240,12,40
25,1600,241,12,40
25,1600,242,12,40
25,1600,243,12,40
25,1600,244,12,40
25,1600,245,12,40
25,1600,246,12,40
25,1600,247,12,40
25,1600,248,12,41
25,1600,249,12,41
25,1600,250,12,41
25,1600,251,12,41
25,1600,252,13,41
25,1600,253,13,41
25,1600,254,13,41
25,1600,255,13,42
25,1600,256,13,42
25,1600,257,13,42
25,1600,258,13,42
25,1600,259,13,42
25,1600,260,13,42
25,1600,261,13,42
25,1600,262,13,42
25,1600,263,13,43
25,1600,264,13,43
25,1600,265,13,43
25,1600,266,14,43
25,1600,267,14,43
25,1600,268,14,43
25,1600,269,14,43
25,1600,270,14,43
25,1600,271,14,44
25,1600,272,14,44
25,1600,273,14,44
25,1600,274,14,44
25,1600,275,14,44
25,1600,276,14,44
25,1600,277,14,44
25,1600,278,14,45
25,1600,279,14,45
25,1600,280,15,45
25,1600,281,15,45
25,1600,282,15,45
25,1600,283,15,45
25,1600,284,15,45
25,1600,285,15,45
25,1600,286,15,46
25,1600,287,15,46
25,1600,288,15,46
25,1600,289,15,46
25,1600,290,15,46
25,1600,291,15,46
25,1600,292,15,46
25,1600,293,15,46
25,1600,294,16,47
25,1600,295,16,47
25,1600,296,16,47
25,1600,297,16,47
25,1600,298,16,47
25,1600,299,16,47
25,1600,300,16,47
25,1600,301,16,48
25,1600,302,16,48
25,1600,303,16,48
25,1600,304,16,48
25,1600,305,16,48
25,1600,306,16,48
25,1600,307,16,48
25,1600,308,17,48
25,1600,309,17,49
25,1600,310,17,49
25,1600,311,17,49
25,1600,312,17,49
25,1600,313,17,49
25,1600,314,17,49
25,1600,315,17,49
25,1600,316,17,49
25,1600,317,17,50
25,1600,318,17,50
25,1600,319,17,50
25,1600,320,17,50
25,1600,321,17,50
25,1600,322,18,50
25,1600,323,18,50
25,1600,324,18,50
25,1600,325,18,51
25,1600,326,18,51
25,1600,327,18,51
25,1600,328,18,51
25,1600,329,18,51
25,1600,330,18,51
25,1600,331,18,51
25,1600,332,18,51
25,1600,333,18,52
25,1600,334,18,52
25,1600,335,19,52
25,1600,336,19,52
25,1600,337,19,52
25,1600,338,19,52
25,1600,339,19,52
25,1600,340,19,53
25,1600,341,19,53
25,1600,342,19,53
25,1600,343,19,53
25,1600,344,19,53
25,1600,345,19,53
25,1600,346,19,53
25,1600,347,19,53
25,1600,348,19,54
25,1600,349,20,54
25,1600,350,20,54
25,1600,351,20,54
25,1600,352,20,54
25,1600,353,20,54
25,1600,354,20,54
25,1600,355,20,54
25,1600,356,20,55
25,1600,357,20,55
25,1600,358,20,55
25,1600,359,20,55
25,1600,360,20,55
25,1600,361,20,55
25,1600,362,21,55
25,1600,363,21,55
25,1600,364,21,56
25,1600,365,21,56
25,1600,366,21,56
25,1600,367,21,56
25,1600,368,21,56
25,1600,369,21,56
25,1600,370,21,56
25,1600,371,21,56
25,1600,372,21,57
25,1600,373,21,57
25,1600,374,21,57
25,1600,375,22,57
25,1600,376,22,57
25,1600,377,22,57
25,1600,378,22,57
25,1600,379,22,57
25,1600,380,22,58
25,1600,381,22,58
25,1600,382,22,58
25,1600,383,22,58
25,1600,384,22,58
25,1600,385,22,58
25,1600,386,22,58
25,1600,387,22,58
25,1600,388,22,59
25,1600,389,23,59
25,1600,390,23,59
25,1600,391,23,59
25,1600,392,23,59
25,1600,393,23,59
25,1600,394,23,59
25,1600,395,23,59
25,1600,396,23,60
25,1600,397,23,60
25,1600,398,23,60
25,1600,399,23,60
25,1600,400,23,60
25,1600,401,23,60
25,1600,402,24,60
25,1600,403,24,60
25,1600,404,24,61
25,1600,405,24,61
25,1600,406,24,61
25,1600,407,24,61
25,1600,408,24,61
25,1600,409,24,61
25,1600,410,24,61
25,1600,411,24,61
25,1600,412,24,62
25,1600,413,24,62
25,1600,414,24,62
25,1600,415,25,62
25,1600,416,25,62
25,1600,417,25,62
25,1600,418,25,62
25,1600,419,25,62
25,1600,420,25,63
25,1600,421,25,63
25,1600,422,25,63
25,1600,423,25,63
25,1600,424,25,63
25,1600,425,25,63
25,1600,426,25,63
25,1600,427,25,63
25,1600,428,26,64
25,1600,429,26,64
25,1600,430,26,64
25,1600,431,26,64
25,1600,432,26,64
25,1600,433,26,64
25,1600,434,26,64
25,1600,435,26,64
25,1600,436,26,65
25,1600,437,26,65
25,1600,438,26,65
25,1600,439,26,65
25,1600,440,26,65
25,1600,441,27,65
25,1600,442,27,65
25,1600,443,27,65
25,1600,444,27,66
25,1600,445,27,66
25,1600,446,27,66
25,1600,447,27,66
25,1600,448,27,66
25,1600,449,27,66
25,1600,450,27,66
25,1600,451,27,66
25,1600,452,27,67
25,1600,453,27,67
25,1600,454,28,67
25,1600,455,28,67
25,1600,456,28,67
25,1600,457,28,67
25,1600,458,28,67
25,1600,459,28,67
25,1600,460,28,68
25,1600,461,28,68
25,1600,462,28,68
25,1600,463,28,68
25,1600,464,28,68
25,1600,465,28,68
25,1600,466,28,68
25,1600,467,29,68
25,1600,468,29,69
25,1600,469,29,69
25,1600,470,29,69
25,1600,471,29,69
25,1600,472,29,69
25,1600,473,29,69
25,1600,474,29,69
25,1600,475,29,69
25,1600,476,29,70
25,1600,477,29,70
25,1600,478,29,70
25,1600,479,29,70
25,1600,480,30,70
25,1600,481,30,70
25,1600,482,30,70
25,1600,483,30,70
25,1600,484,30,71
25,1600,485,30,71
25,1600,486,30,71
25,1600,487,30,71
25,1600,488,30,71
25,1600,489,30,71
25,1600,490,30,71
25,1600,491,30,71
25,1600,492,30,72
25,1600,493,31,72
25,1600,494,31,72
25,1600,495,31,72
25,1600,496,31,72
25,1600,497,31,72
25,1600,498,31,72
25,1600,499,31,72
25,1600,500,31,72
25,1600,501,31,73
25,1600,502,31,73
25,1600,503,31,73
25,1600,504,31,73
25,1600,505,31,73
25,1600,506,32,73
25,1600,507,32,73
25,1600,508,32,73
25,1600,509,32,74
25,1600,510,32,74
25,1600,511,32,74
25,1600,512,32,74
25,1600,513,32,74
25,1600,514,32,74
25,1600,515,32,74
25,1600,516,32,74
25,1600,517,32,75
25,1600,518,32,75
25,1600,519,33,75
25,1600,520,33,75
25,1600,521,33,75
25,1600,522,33,75
25,1600,523,33,75
25,1600,524,33,75
25,1600,525,33,76
25,1600,526,33,76
25,1600,527,33,76
25,1600,528,33,76
25,1600,529,33,76
25,1600,530,33,76
25,1600,531,34,76
25,1600,532,34,76
25,1600,533,34,77
25,1600,534,34,77
25,1600,535,34,77
25,1600,536,34,77
25,1600,537,34,77
25,1600,538,34,77
25,1600,539,34,77
25,1600,540,34,77
25,1600,541,34,78
25,1600,542,34,78
25,1600,543,34,78
25,1600,544,35,78
25,1600,545,35,78
25,1600,546,35,78
25,1600,547,35,78
25,1600,548,35,78
25,1600,549,35,78
25,1600,550,35,79
25,1600,551,35,79
25,1600,552,35,79
25,1600,553,35,79
25,1600,554,35,79
25,1600,555,35,79
25,1600,556,35,79
25,1600,557,36,79
25,1600,558,36,80
25,1600,559,36,80
25,1600,560,36,80
25,1600,561,36,80
25,1600,562,36,80
25,1600,563,36,80
25,1600,564,36,80
25,1600,565,36,80
25,1600,566,36,81
25,1600,567,36,81
25,1600,568,36,81
25,1600,569,37,81
25,1600,570,37,81
25,1600,571,37,81
25,1600,572,37,81
25,1600,573,37,81
25,1600,574,37,82
25,1600,575,37,82
25,1600,576,37,82
25,1600,577,37,82
25,1600,578,37,82
25,1600,579,37,82
25,1600,580,37,82
25,1600,581,37,82
25,1600,582,38,82
25,1600,583,38,83
25,1600,584,38,83
25,1600,585,38,83
25,1600,586,38,83
25,1600,587,38,83
25,1600,588,38,83
25,1600,589,38,83
25,1600,590,38,83
25,1600,591,38,84
25,1600,592,38,84
25,1600,593,38,84
25,1600,594,38,84
25,1600,595,39,84
25,1600,596,39,84
25,1600,597,39,84
25,1600,598,39,84
25,1600,599,39,85
25,1600,600,39,85
25,1600,601,39,85
25,1600,602,39,85
25,1600,603,39,85
25,1600,604,39,85
25,1600,605,39,85
25,1600,606,39,85
25,1600,607,40,86
25,1600,608,40,86
25,1600,609,40,86
25,1600,610,40,86
25,1600,611,40,86
25,1600,612,40,86
25,1600,613,40,86
25,1600,614,40,86
25,1600,615,40,86
25,1600,616,40,87
25,1600,617,40,87
25,1600,618,40,87
25,1600,619,40,87
25,1600,620,41,87
25,1600,621,41,87
25,1600,622,41,87
25,1600,623,41,87
25,1600,624,41,88
25,1600,625,41,88
25,1600,626,41,88
25,1600,627,41,88
25,1600,628,41,88
25,1600,629,41,88
25,1600,630,41,88
25,1600,631,41,88
25,1600,632,42,89
25,1600,633,42,89
25,1600,634,42,89
25,1600,635,42,89
25,1600,636,42,89
25,1600,637,42,89
25,1600,638,42,89
25,1600,639,42,89
25,1600,640,42,90
25,1600,641,42,90
25,1600,642,42,90
25,1600,643,42,90
25,1600,644,42,90
25,1600,645,43,90
25,1600,646,43,90
25,1600,647,43,90
25,1600,648,43,90
25,1600,649,43,91
25,1600,650,43,91
25,1600,651,43,91
25,1600,652,43,91
25,1600,653,43,91
25,1600,654,43,91
25,1600,655,43,91
25,1600,656,43,91
25,1600,657,44,92
25,1600,658,44,92
25,1600,659,44,92
25,1600,660,44,92
25,1600,661,44,92
25,1600,662,44,92
25,1600,663,44,92
25,1600,664,44,92
25,1600,665,44,93
25,1600,666,44,93
25,1600,667,44,93
25,1600,668,44,93
25,1600,669,45,93
25,1600,670,45,93
25,1600,671,45,93
25,1600,672,45,93
25,1600,673,45,93
25,1600,674,45,94
25,1600,675,45,94
25,1600,676,45,94
25,1600,677,45,94
25,1600,678,45,94
25,1600,679,45,94
25,1600,680,45,94
25,1600,681,45,94
25,1600,682,46,95
25,1600,683,46,95
25,1600,684,46,95
25,1600,685,46,95
25,1600,686,46,95
25,1600,687,46,95
25,1600,688,46,95
25,1600,689,46,95
25,1600,690,46,96
25,1600,691,46,96
25,1600,692,46,96
25,1600,693,46,96
25,1600,694,47,96
25,1600,695,47,96
25,1600,696,47,96
25,1600,697,47,96
25,1600,698,47,96
25,1600,699,47,97
25,1600,700,47,97
25,1600,701,47,97
25,1600,702,47,97
25,1600,703,47,97
25,1600,704,47,97
25,1600,705,47,97
25,1600,706,48,97
25,1600,707,48,98
25,1600,708,48,98
25,1600,709,48,98
25,1600,710,48,98
25,1600,711,48,98
25,1600,712,48,98
25,1600,713,48,98
25,1600,714,48,98
25,1600,715,48,98
25,1600,716,48,99
25,1600,717,48,99
25,1600,718,48,99
25,1600,719,49,99
25,1600,720,49,99
25,1600,721,49,99
25,1600,722,49,99
25,1600,723,49,99
25,1600,724,49,100
25,1600,725,49,100
25,1600,726,49,100
25,1600,727,49,100
25,1600,728,49,100
25,1600,729,49,100
25,1600,730,49,100
25,1600,731,50,100
25,1600,732,50,101
25,1600,733,50,101
25,1600,734,50,101
25,1600,735,50,101
25,1600,736,50,101
25,1600,737,50,101
25,1600,738,50,101
25,1600,739,50,101
25,1600,740,50,101
25,1600,741,50,102
25,1600,742,50,102
25,1600,743,51,102
25,1600,744,51,102
25,1600,745,51,102
25,1600,746,51,102
25,1600,747,51,102
25,1600,748,51,102
25,1600,749,51,103
25,1600,750,51,103
25,1600,751,51,103
25,1600,752,51,103
25,1600,753,51,103
25,1600,754,51,103
25,1600,755,52,103
25,1600,756,52,103
25,1600,757,52,103
25,1600,758,52,104
25,1600,759,52,104
25,1600,760,52,104
25,1600,761,52,104
25,1600,762,52,104
25,1600,763,52,104
25,1600,764,52,104
25,1600,765,52,104
25,1600,766,52,105
25,1600,767,52,105
25,1600,768,53,105
25,1600,769,53,105
25,1600,770,53,105
25,1600,771,53,105
25,1600,772,53,105
25,1600,773,53,105
25,1600,774,53,106
25,1600,775,53,106
25,1600,776,53,106
25,1600,777,53,106
25,1600,778,53,106
25,1600,779,53,106
25,1600,780,54,106
25,1600,781,54,106
25,1600,782,54,106
25,1600,783,54,107
25,1600,784,54,107
25,1600,785,54,107
25,1600,786,54,107
25,1600,787,54,107
25,1600,788,54,107
25,1600,789,54,107
25,1600,790,54,107
25,1600,791,54,108
25,1600,792,55,108
25,1600,793,55,108
25,1600,794,55,108
25,1600,795,55,108
25,1600,796,55,108
25,1600,797,55,108
25,1600,798,55,108
25,1600,799,55,108
25,1600,800,55,109
25,1600,801,55,109
25,1600,802,55,109
25,1600,803,55,109
25,1600,804,56,109
25,1600,805,56,109
25,1600,806,56,109
25,1600,807,56,109
25,1600,808,56,110
25,1600,809,56,110
25,1600,810,56,110
25,1600,811,56,110
25,1600,812,56,110
25,1600,813,56,110
25,1600,814,56,110
25,1600,815,56,110
25,1600,816,57,110
25,1600,817,57,111
25,1600,818,57,111
25,1600,819,57,111
25,1600,820,57,111
25,1600,821,57,111
25,1600,822,57,111
25,1600,823,57,111
25,1600,824,57,111
25,1600,825,57,112
25,1600,826,57,112
25,1600,827,57,112
25,1600,828,57,112
25,1600,829,58,112
25,1600,830,58,112
25,1600,831,58,112
25,1600,832,58,112
25,1600,833,58,112
25,1600,834,58,113
25,1600,835,58,113
25,1600,836,58,113
25,1600,837,58,113
25,1600,838,58,113
25,1600,839,58,113
25,1600,840,58,113
25,1600,841,59,113
25,1600,842,59,114
25,1600,843,59,114
25,1600,844,59,114
25,1600,845,59,114
25,1600,846,59,114
25,1600,847,59,114
25,1600,848,59,114
25,1600,849,59,114
25,1600,850,59,115
25,1600,851,59,115
25,1600,852,59,115
25,1600,853,60,115
25,1600,854,60,115
25,1600,855,60,115
25,1600,856,60,115
25,1600,857,60,115
25,1600,858,60,115
25,1600,859,60,116
25,1600,860,60,116
25,1600,861,60,116
25,1600,862,60,116
25,1600,863,60,116
25,1600,864,60,116
25,1600,865,61,116
25,1600,866,61,116
25,1600,867,61,117
25,1600,868,61,117
25,1600,869,61,117
25,1600,870,61,117
25,1600,871,61,117
25,1600,872,61,117
25,1600,873,61,117
25,1600,874,61,117
25,1600,875,61,117
25,1600,876,61,118
25,1600,877,62,118
25,1600,878,62,118
25,1600,879,62,118
25,1600,880,62,118
25,1600,881,62,118
25,1600,882,62,118
25,1600,883,62,118
25,1600,884,62,119
25,1600,885,62,119
25,1600,886,62,119
25,1600,887,62,119
25,1600,888,62,119
25,1600,889,63,119
25,1600,890,63,119
25,1600,891,63,119
25,1600,892,63,119
25,1600,893,63,120
25,1600,894,63,120
25,1600,895,63,120
25,1600,896,63,120
25,1600,897,63,120
25,1600,898,63,120
25,1600,899,63,120
25,1600,900,63,120
25,1600,901,64,121
25,1600,902,64,121
25,1600,903,64,121
25,1600,904,64,121
25,1600,905,64,121
25,1600,906,64,121
25,1600,907,64,121
25,1600,908,64,121
25,1600,909,64,121
25,1600,910,64,122
25,1600,911,64,122
25,1600,912,64,122
25,1600,913,65,122
25,1600,914,65,122
25,1600,915,65,122
25,1600,916,65,122
25,1600,917,65,122
25,1600,918,65,122
25,1600,919,65,123
25,1600,920,65,123
25,1600,921,65,123
25,1600,922,65,123
25,1600,923,65,123
25,1600,924,65,123
25,1600,925,66,123
25,1600,926,66,123
25,1600,927,66,124
25,1600,928,66,124
25,1600,929,66,124
25,1600,930,66,124
25,1600,931,66,124
25,1600,932,66,124
25,1600,933,66,124
25,1600,934,66,124
25,1600,935,66,124
25,1600,936,66,125
25,1600,937,67,125
25,1600,938,67,125
25,1600,939,67,125
25,1600,940,67,125
25,1600,941,67,125
25,1600,942,67,125
25,1600,943,67,125
25,1600,944,67,126
25,1600,945,67,126
25,1600,946,67,126
25,1600,947,67,126
25,1600,948,67,126
25,1600,949,68,126
25,1600,950,68,126
25,1600,951,68,126
25,1600,952,68,126
25,1600,953,68,127
25,1600,954,68,127
25,1600,955,68,127
25,1600,956,68,127
25,1600,957,68,127
25,1600,958,68,127
25,1600,959,68,127
25,1600,960,68,127
25,1600,961,69,128
25,1600,962,69,128
25,1600,963,69,128
25,1600,964,69,128
25,1600,965,69,128
25,1600,966,69,128
25,1600,967,69,128
25,1600,968,69,128
25,1600,969,69,128
25,1600,970,69,129
25,1600,971,69,129
25,1600,972,69,129
25,1600,973,70,129
25,1600,974,70,129
25,1600,975,70,129
25,1600,976,70,129
25,1600,977,70,129
25,1600,978,70,130
25,1600,979,70,130
25,1600,980,70,130
25,1600,981,70,130
25,1600,982,70,130
25,1600,983,70,130
25,1600,984,70,130
25,1600,985,71,130
25,1600,986,71,130
25,1600,987,71,131
25,1600,988,71,131
25,1600,989,71,131
25,1600,990,71,131
25,1600,991,71,131
25,1600,992,71,131
25,1600,993,71,131
25,1600,994,71,131
25,1600,995,71,131
25,1600,996,71,132
25,1600,997,72,132
25,1600,998,72,132
25,1600,999,72,132
25,1600,1000,72,132
25,1600,1001,72,132
25,1600,1002,72,132
25,1600,1003,72,132
25,1600,1004,72,133
25,1600,1005,72,133
25,1600,1006,72,133
25,1600,1007,72,133
25,1600,1008,72,133
25,1600,1009,73,133
25,1600,1010,73,133
25,1600,1011,73,133
25,1600,1012,73,133
25,1600,1013,73,134
25,1600,1014,73,134
25,1600,1015,73,134
25,1600,1016,73,134
25,1600,1017,73,134
25,1600,1018,73,134
25,1600,1019,73,134
25,1600,1020,73,134
25,1600,1021,74,135
25,1600,1022,74,135
25,1600,1023,74,135
25,1600,1024,74,135
25,1600,1025,74,135
25,1600,1026,74,135
25,1600,1027,74,135
25,1600,1028,74,135
25,1600,1029,74,135
25,1600,1030,74,136
25,1600,1031,74,136
25,1600,1032,75,136
25,1600,1033,75,136
25,1600,1034,75,136
25,1600,1035,75,136
25,1600,1036,75,136
25,1600,1037,75,136
25,1600,1038,75,137
25,1600,1039,75,137
25,1600,1040,75,137
25,1600,1041,75,137
25,1600,1042,75,137
25,1600,1043,75,137
25,1600,1044,76,137
25,1600,1045,76,137
25,1600,1046,76,137
25,1600,1047,76,138
25,1600,1048,76,138
25,1600,1049,76,138
25,1600,1050,76,138
25,1600,1051,76,138
25,1600,1052,76,138
25,1600,1053,76,138
25,1600,1054,76,138
25,1600,1055,76,138
25,1600,1056,77,139
25,1600,1057,77,139
25,1600,1058,77,139
25,1600,1059,77,139
25,1600,1060,77,139
25,1600,1061,77,139
25,1600,1062,77,139
25,1600,1063,77,139
25,1600,1064,77,140
25,1600,1065,77,140
25,1600,1066,77,140
25,1600,1067,77,140
25,1600,1068,78,140
25,1600,1069,78,140
25,1600,1070,78,140
25,1600,1071,78,140
25,1600,1072,78,140
25,1600,1073,78,141
25,1600,1074,78,141
25,1600,1075,78,141
25,1600,1076,78,141
25,1600,1077,78,141
25,1600,1078,78,141
25,1600,1079,78,141
25,1600,1080,79,141
25,1600,1081,79,142
25,1600,1082,79,142
25,1600,1083,79,142
25,1600,1084,79,142
25,1600,1085,79,142
25,1600,1086,79,142
25,1600,1087,79,142
25,1600,1088,79,142
25,1600,1089,79,142
25,1600,1090,79,143
25,1600,1091,79,143
25,1600,1092,80,143
25,1600,1093,80,143
25,1600,1094,80,143
25,1600,1095,80,143
25,1600,1096,80,143
25,1600,1097,80,143
25,1600,1098,80,143
25,1600,1099,80,144
25,1600,1100,80,144
25,1600,1101,80,144
25,1600,1102,80,144
25,1600,1103,80,144
25,1600,1104,81,144
25,1600,1105,81,144
25,1600,1106,81,144
25,1600,1107,81,145
25,1600,1108,81,145
25,1600,1109,81,145
25,1600,1110,81,145
25,1600,1111,81,145
25,1600,1112,81,145
25,1600,1113,81,145
25,1600,1114,81,145
25,1600,1115,82,145
25,1600,1116,82,146
25,1600,1117,82,146
25,1600,1118,82,146
25,1600,1119,82,146
25,1600,1120,82,146
25,1600,1121,82,146
25,1600,1122,82,146
25,1600,1123,82,146
25,1600,1124,82,146
25,1600,1125,82,147
25,1600,1126,82,147
25,1600,1127,83,147
25,1600,1128,83,147
25,1600,1129,83,147
25,1600,1130,83,147
25,1600,1131,83,147
25,1600,1132,83,147
25,1600,1133,83,148
25,1600,1134,83,148
25,1600,1135,83,148
25,1600,1136,83,148
25,1600,1137,83,148
25,1600,1138,83,148
25,1600,1139,84,148
25,1600,1140,84,148
25,1600,1141,84,148
25,1600,1142,84,149
25,1600,1143,84,149
25,1600,1144,84,149
25,1600,1145,84,149
25,1600,1146,84,149
25,1600,1147,84,149
25,1600,1148,84,149
25,1600,1149,84,149
25,1600,1150,84,149
25,1600,1151,85,150
25,1600,1152,85,150
25,1600,1153,85,150
25,1600,1154,85,150
25,1600,1155,85,150
25,1600,1156,85,150
25,1600,1157,85,150
25,1600,1158,85,150
25,1600,1159,85,151
25,1600,1160,85,151
25,1600,1161,85,151
25,1600,1162,85,151
25,1600,1163,86,151
25,1600,1164,86,151
25,1600,1165,86,151
25,1600,1166,86,151
25,1600,1167,86,151
25,1600,1168,86,152
25,1600,1169,86,152
25,1600,1170,86,152
25,1600,1171,86,152
25,1600,1172,86,152
25,1600,1173,86,152
25,1600,1174,87,152
25,1600,1175,87,152
25,1600,1176,87,152
25,1600,1177,87,153
25,1600,1178,87,153
25,1600,1179,87,153
25,1600,1180,87,153
25,1600,1181,87,153
25,1600,1182,87,153
25,1600,1183,87,153
25,1600,1184,87,153
25,1600,1185,87,154
25,1600,1186,88,154
25,1600,1187,88,154
25,1600,1188,88,154
25,1600,1189,88,154
25,1600,1190,88,154
25,1600,1191,88,154
25,1600,1192,88,154
25,1600,1193,88,154
25,1600,1194,88,155
25,1600,1195,88,155
25,1600,1196,88,155
25,1600,1197,88,155
25,1600,1198,89,155
25,1600,1199,89,155
25,1600,1200,89,155
25,1600,1201,89,155
25,1600,1202,89,155
25,1600,1203,89,156
25,1600,1204,89,156
25,1600,1205,89,156
25,1600,1206,89,156
25,1600,1207,89,156
25,1600,1208,89,156
25,1600,1209,89,156
25,1600,1210,90,156
25,1600,1211,90,157
25,1600,1212,90,157
25,1600,1213,90,157
25,1600,1214,90,157
25,1600,1215,90,157
25,1600,1216,90,157
25,1600,1217,90,157
25,1600,1218,90,157
25,1600,1219,90,157
25,1600,1220,90,158
25,1600,1221,91,158
25,1600,1222,91,158
25,1600,1223,91,158
25,1600,1224,91,158
25,1600,1225,91,158
25,1600,1226,91,158
25,1600,1227,91,158
25,1600,1228,91,158
25,1600,1229,91,159
25,1600,1230,91,159
25,1600,1231,91,159
25,1600,1232,91,159
25,1600,1233,92,159
25,1600,1234,92,159
25,1600,1235,92,159
25,1600,1236,92,159
25,1600,1237,92,160
25,1600,1238,92,160
25,1600,1239,92,160
25,1600,1240,92,160
25,1600,1241,92,160
25,1600,1242,92,160
25,1600,1243,92,160
25,1600,1244,92,160
25,1600,1245,93,160
25,1600,1246,93,161
25,1600,1247,93,161
25,1600,1248,93,161
25,1600,1249,93,161
25,1600,1250,93,161
25,1600,1251,93,161
25,1600,1252,93,161
25,1600,1253,93,161
25,1600,1254,93,161
25,1600,1255,93,162
25,1600,1256,94,162
25,1600,1257,94,162
25,1600,1258,94,162
25,1600,1259,94,162
25,1600,1260,94,162
25,1600,1261,94,162
25,1600,1262,94,162
25,1600,1263,94,163
25,1600,1264,94,163
25,1600,1265,94,163
25,1600,1266,94,163
25,1600,1267,94,163
25,1600,1268,95,163
25,1600,1269,95,163
25,1600,1270,95,163
25,1600,1271,95,163
25,1600,1272,95,164
25,1600,1273,95,164
25,1600,1274,95,164
25,1600,1275,95,164
25,1600,1276,95,164
25,1600,1277,95,164
25,1600,1278,95,164
25,1600,1279,95,164
25,1600,1280,96,164
25,1600,1281,96,165
25,1600,1282,96,165
25,1600,1283,96,165
25,1600,1284,96,165
25,1600,1285,96,165
25,1600,1286,96,165
25,1600,1287,96,165
25,1600,1288,96,165
25,1600,1289,96,165
25,1600,1290,96,166
25,1600,1291,97,166
25,1600,1292,97,166
25,1600,1293,97,166
25,1600,1294,97,166
25,1600,1295,97,166
25,1600,1296,97,166
25,1600,1297,97,166
25,1600,1298,97,167
25,1600,1299,97,167
25,1600,1300,97,167
25,1600,1301,97,167
25,1600,1302,97,167
25,1600,1303,98,167
25,1600,1304,98,167
25,1600,1305,98,167
25,1600,1306,98,167
25,1600,1307,98,168
25,1600,1308,98,168
25,1600,1309,98,168
25,1600,1310,98,168
25,1600,1311,98,168
25,1600,1312,98,168
25,1600,1313,98,168
25,1600,1314,98,168
25,1600,1315,99,168
25,1600,1316,99,169
25,1600,1317,99,169
25,1600,1318,99,169
25,1600,1319,99,169
25,1600,1320,99,169
25,1600,1321,99,169
25,1600,1322,99,169
25,1600,1323,99,169
25,1600,1324,99,170
25,1600,1325,99,170
25,1600,1326,100,170
25,1600,1327,100,170
25,1600,1328,100,170
25,1600,1329,100,170
25,1600,1330,100,170
25,1600,1331,100,170
25,1600,1332,100,170
25,1600,1333,100,171
25,1600,1334,100,171
25,1600,1335,100,171
25,1600,1336,100,171
25,1600,1337,100,171
25,1600,1338,101,171
25,1600,1339,101,171
25,1600,1340,101,171
25,1600,1341,101,171
25,1600,1342,101,172
25,1600,1343,101,172
25,1600,1344,101,172
25,1600,1345,101,172
25,1600,1346,101,172
25,1600,1347,101,172
25,1600,1348,101,172
25,1600,1349,101,172
25,1600,1350,102,172
25,1600,1351,102,173
25,1600,1352,102,173
25,1600,1353,102,173
25,1600,1354,102,173
25,1600,1355,102,173
25,1600,1356,102,173
25,1600,1357,102,173
25,1600,1358,102,173
25,1600,1359,102,174
25,1600,1360,102,174
25,1600,1361,103,174
25,1600,1362,103,174
25,1600,1363,103,174
25,1600,1364,103,174
25,1600,1365,103,174
25,1600,1366,103,174
25,1600,1367,103,174
25,1600,1368,103,175
25,1600,1369,103,175
25,1600,1370,103,175
25,1600,1371,103,175
25,1600,1372,103,175
25,1600,1373,104,175
25,1600,1374,104,175
25,1600,1375,104,175
25,1600,1376,104,175
25,1600,1377,104,176
25,1600,1378,104,176
25,1600,1379,104,176
25,1600,1380,104,176
25,1600,1381,104,176
25,1600,1382,104,176
25,1600,1383,104,176
25,1600,1384,104,176
25,1600,1385,105,176
25,1600,1386,105,177
25,1600,1387,105,177
25,1600,1388,105,177
25,1600,1389,105,177
25,1600,1390,105,177
25,1600,1391,105,177
25,1600,1392,105,177
25,1600,1393,105,177
25,1600,1394,105,178
25,1600,1395,105,178
25,1600,1396,106,178
25,1600,1397,106,178
25,1600,1398,106,178
25,1600,1399,106,178
25,1600,1400,106,178
25,1600,1401,106,178
25,1600,1402,106,178
25,1600,1403,106,179
25,1600,1404,106,179
25,1600,1405,106,179
25,1600,1406,106,179
25,1600,1407,106,179
25,1600,1408,107,179
25,1600,1409,107,179
25,1600,1410,107,179
25,1600,1411,107,179
25,1600,1412,107,180
25,1600,1413,107,180
25,1600,1414,107,180
25,1600,1415,107,180
25,1600,1416,107,180
25,1600,1417,107,180
25,1600,1418,107,180
25,1600,1419,108,180
25,1600,1420,108,180
25,1600,1421,108,181
25,1600,1422,108,181
25,1600,1423,108,181
25,1600,1424,108,181
25,1600,1425,108,181
25,1600,1426,108,181
25,1600,1427,108,181
25,1600,1428,108,181
25,1600,1429,108,182
25,1600,1430,108,182
25,1600,1431,109,182
25,1600,1432,109,182
25,1600,1433,109,182
25,1600,1434,109,182
25,1600,1435,109,182
25,1600,1436,109,182
25,1600,1437,109,182
25,1600,1438,109,183
25,1600,1439,109,183
25,1600,1440,109,183
25,1600,1441,109,183
25,1600,1442,110,183
25,1600,1443,110,183
25,1600,1444,110,183
25,1600,1445,110,183
25,1600,1446,110,183
25,1600,1447,110,184
25,1600,1448,110,184
25,1600,1449,110,184
25,1600,1450,110,184
25,1600,1451,110,184
25,1600,1452,110,184
25,1600,1453,110,184
25,1600,1454,111,184
25,1600,1455,111,184
25,1600,1456,111,185
25,1600,1457,111,185
25,1600,1458,111,185
25,1600,1459,111,185
25,1600,1460,111,185
25,1600,1461,111,185
25,1600,1462,111,185
25,1600,1463,111,185
25,1600,1464,111,185
25,1600,1465,111,186
25,1600,1466,112,186
25,1600,1467,112,186
25,1600,1468,112,186
25,1600,1469,112,186
25,1600,1470,112,186
25,1600,1471,112,186
25,1600,1472,112,186
25,1600,1473,112,187
25,1600,1474,112,187
25,1600,1475,112,187
25,1600,1476,112,187
25,1600,1477,113,187
25,1600,1478,113,187
25,1600,1479,113,187
25,1600,1480,113,187
25,1600,1481,113,187
25,1600,1482,113,188
25,1600,1483,113,188
25,1600,1484,113,188
25,1600,1485,113,188
25,1600,1486,113,188
25,1600,1487,113,188
25,1600,1488,113,188
25,1600,1489,114,188
25,1600,1490,114,188
25,1600,1491,114,189
25,1600,1492,114,189
25,1600,1493,114,189
25,1600,1494,114,189
25,1600,1495,114,189
25,1600,1496,114,189
25,1600,1497,114,189
25,1600,1498,114,189
25,1600,1499,114,189
25,1600,1500,115,190
25,1600,1501,115,190
25,1600,1502,115,190
25,1600,1503,115,190
25,1600,1504,115,190
25,1600,1505,115,190
25,1600,1506,115,190
25,1600,1507,115,190
25,1600,1508,115,191
25,1600,1509,115,191
25,1600,1510,115,191
25,1600,1511,115,191
25,1600,1512,116,191
25,1600,1513,116,191
25,1600,1514,116,191
25,1600,1515,116,191
25,1600,1516,116,191
25,1600,1517,116,192
25,1600,1518,116,192
25,1600,1519,116,192
25,1600,1520,116,192
25,1600,1521,116,192
25,1600,1522,116,192
25,1600,1523,117,192
25,1600,1524,117,192
25,1600,1525,117,192
25,1600,1526,117,193
25,1600,1527,117,193
25,1600,1528,117,193
25,1600,1529,117,193
25,1600,1530,117,193
25,1600,1531,117,193
25,1600,1532,117,193
25,1600,1533,117,193
25,1600,1534,117,193
25,1600,1535,118,194
25,1600,1536,118,194
25,1600,1537,118,194
25,1600,1538,118,194
25,1600,1539,118,194
25,1600,1540,118,194
25,1600,1541,118,194
25,1600,1542,118,194
25,1600,1543,118,194
25,1600,1544,118,195
25,1600,1545,118,195
25,1600,1546,119,195
25,1600,1547,119,195
25,1600,1548,119,195
25,1600,1549,119,195
25,1600,1550,119,195
25,1600,1551,119,195
25,1600,1552,119,196
25,1600,1553,119,196
25,1600,1554,119,196
25,1600,1555,119,196
25,1600,1556,119,196
25,1600,1557,119,196
25,1600,1558,120,196
25,1600,1559,120,196
25,1600,1560,120,196
25,1600,1561,120,197
25,1600,1562,120,197
25,1600,1563,120,197
25,1600,1564,120,197
25,1600,1565,120,197
25,1600,1566,120,197
25,1600,1567,120,197
25,1600,1568,120,197
25,1600,1569,121,197
25,1600,1570,121,198
25,1600,1571,121,198
25,1600,1572,121,198
25,1600,1573,121,198
25,1600,1574,121,198
25,1600,1575,121,198
25,1600,1576,121,198
25,1600,1577,121,198
25,1600,1578,121,198
25,1600,1579,121,199
25,1600,1580,121,199
25,1600,1581,122,199
25,1600,1582,122,199
25,1600,1583,122,199
25,1600,1584,122,199
25,1600,1585,122,199
25,1600,1586,122,199
25,1600,1587,122,199
25,1600,1588,122,200
25,1600,1589,122,200
25,1600,1590,122,200
25,1600,1591,122,200
25,1600,1592,123,200
25,1600,1593,123,200
25,1600,1594,123,200
25,1600,1595,123,200
25,1600,1596,123,200
25,1600,1597,123,201
25,1600,1598,123,201
25,1600,1599,123,201
25,1600,1600,123,201
25,3200,1,,
25,3200,2,,
25,3200,3,,3
25,3200,4,,3
25,3200,5,,4
25,3200,6,,4
25,3200,7,,4
25,3200,8,,4
25,3200,9,,5
25,3200,10,,5
25,3200,11,,5
25,3200,12,,5
25,3200,13,,6
25,3200,14,,6
25,3200,15,,6
25,3200,16,,6
25,3200,17,,6
25,3200,18,,7
25,3200,19,,7
25,3200,20,,7
25,3200,21,,7
25,3200,22,,7
25,3200,23,,8
25,3200,24,,8
25,3200,25,,8
25,3200,26,,8
25,3200,27,0,8
25,3200,28,0,9
25,3200,29,0,9
25,3200,30,0,9
25,3200,31,0,9
25,3200,32,0,9
25,3200,33,0,10
25,3200,34,0,10
25,3200,35,0,10
25,3200,36,0,10
25,3200,37,0,10
25,3200,38,0,10
25,3200,39,0,11
25,3200,40,0,11
25,3200,41,0,11
25,3200,42,0,11
25,3200,43,0,11
25,3200,44,0,11
25,3200,45,0,12
25,3200,46,0,12
25,3200,47,0,12
25,3200,48,0,12
25,3200,49,0,12
25,3200,50,0,12
25,3200,51,0,13
25,3200,52,0,13
25,3200,53,0,13
25,3200,54,0,13
25,3200,55,0,13
25,3200,56,1,13
25,3200,57,1,14
25,3200,58,1,14
25,3200,59,1,14
25,3200,60,1,14
25,3200,61,1,14
25,3200,62,1,14
25,3200,63,1,15
25,3200,64,1,15
25,3200,65,1,15
25,3200,66,1,15
25,3200,67,1,15
25,3200,68,1,15
25,3200,69,1,15
25,3200,70,1,16
25,3200,71,1,16
25,3200,72,1,16
25,3200,73,1,16
25,3200,74,1,16
25,3200,75,1,16
25,3200,76,1,17
25,3200,77,2,17
25,3200,78,2,17
25,3200,79,2,17
25,3200,80,2,17
25,3200,81,2,17
25,3200,82,2,17
25,3200,83,2,18
25,3200,84,2,18
25,3200,85,2,18
25,3200,86,2,18
25,3200,87,2,18
25,3200,88,2,18
25,3200,89,2,19
25,3200,90,2,19
25,3200,91,2,19
25,3200,92,2,19
25,3200,93,2,19
25,3200,94,2,19
25,3200,95,2,19
25,3200,96,3,20
25,3200,97,3,20
25,3200,98,3,20
25,3200,99,3,20
25,3200,100,3,20
25,3200,101,3,20
25,3200,102,3,20
25,3200,103,3,21
25,3200,104,3,21
25,3200,105,3,21
25,3200,106,3,21
25,3200,107,3,21
25,3200,108,3,21
25,3200,109,3,22
25,3200,110,3,22
25,3200,111,3,22
25,3200,112,3,22
25,3200,113,3,22
25,3200,114,4,22
25,3200,115,4,22
25,3200,116,4,23
25,3200,117,4,23
25,3200,118,4,23
25,3200,119,4,23
25,3200,120,4,23
25,3200,121,4,23
25,3200,122,4,23
25,3200,123,4,24
25,3200,124,4,24
25,3200,125,4,24
25,3200,126,4,24
25,3200,127,4,24
25,3200,128,4,24
25,3200,129,4,24
25,3200,130,4,25
25,3200,131,5,25
25,3200,132,5,25
25,3200,133,5,25
25,3200,134,5,25
25,3200,135,5,25
25,3200,136,5,25
25,3200,137,5,26
25,3200,138,5,26
25,3200,139,5,26
25,3200,140,5,26
25,3200,141,5,26
25,3200,142,5,26
25,3200,143,5,26
25,3200,144,5,27
25,3200,145,5,27
25,3200,146,5,27
25,3200,147,6,27
25,3200,148,6,27
25,3200,149,6,27
25,3200,150,6,27
25,3200,151,6,28
25,3200,152,6,28
25,3200,153,6,28
25,3200,154,6,28
25,3200,155,6,28
25,3200,156,6,28
25,3200,157,6,28
25,3200,158,6,28
25,3200,159,6,29
25,3200,160,6,29
25,3200,161,6,29
25,3200,162,6,29
25,3200,163,7,29
25,3200,164,7,29
25,3200,165,7,29
25,3200,166,7,30
25,3200,167,7,30
25,3200,168,7,30
25,3200,169,7,30
25,3200,170,7,30
25,3200,171,7,30
25,3200,172,7,30
25,3200,173,7,31
25,3200,174,7,31
25,3200,175,7,31
25,3200,176,7,31
25,3200,177,7,31
25,3200,178,8,31
25,3200,179,8,31
25,3200,180,8,32
25,3200,181,8,32
25,3200,182,8,32
25,3200,183,8,32
25,3200,184,8,32
25,3200,185,8,32
25,3200,186,8,32
25,3200,187,8,32
25,3200,188,8,33
25,3200,189,8,33
25,3200,190,8,33
25,3200,191,8,33
25,3200,192,8,33
25,3200,193,8,33
25,3200,194,9,33
25,3200,195,9,34
25,3200,196,9,34
25,3200,197,9,34
25,3200,198,9,34
25,3200,199,9,34
25,3200,200,9,34
25,3200,201,9,34
25,3200,202,9,34
25,3200,203,9,35
25,3200,204,9,35
25,3200,205,9,35
25,3200,206,9,35
25,3200,207,9,35
25,3200,208,10,35
25,3200,209,10,35
25,3200,210,10,36
25,3200,211,10,36
25,3200,212,10,36
25,3200,213,10,36
25,3200,214,10,36
25,3200,215,10,36
25,3200,216,10,36
25,3200,217,10,37
25,3200,218,10,37
25,3200,219,10,37
25,3200,220,10,37
25,3200,221,10,37
25,3200,222,10,37
25,3200,223,11,37
25,3200,224,11,37
25,3200,225,11,38
25,3200,226,11,38
25,3200,227,11,38
25,3200,228,11,38
25,3200,229,11,38
25,3200,230,11,38
25,3200,231,11,38
25,3200,232,11,39
25,3200,233,11,39
25,3200,234,11,39
25,3200,235,11,39
25,3200,236,11,39
25,3200,237,11,39
25,3200,238,12,39
25,3200,239,12,39
25,3200,240,12,40
25,3200,241,12,40
25,3200,242,12,40
25,3200,243,12,40
25,3200,244,12,40
25,3200,245,12,40
25,3200,246,12,40
25,3200,247,12,40
25,3200,248,12,41
25,3200,249,12,41
25,3200,250,12,41
25,3200,251,12,41
25,3200,252,13,41
25,3200,253,13,41
25,3200,254,13,41
25,3200,255,13,42
25,3200,256,13,42
25,3200,257,13,42
25,3200,258,13,42
25,3200,259,13,42
25,3200,260,13,42
25,3200,261,13,42
25,3200,262,13,42
25,3200,263,13,43
25,3200,264,13,43
25,3200,265,13,43
25,3200,266,14,43
25,3200,267,14,43
25,3200,268,14,43
25,3200,269,14,43
25,3200,270,14,43
25,3200,271,14,44
25,3200,272,14,44
25,3200,273,14,44
25,3200,274,14,44
25,3200,275,14,44
25,3200,276,14,44
25,3200,277,14,44
25,3200,278,14,45
25,3200,279,14,45
25,3200,280,15,45
25,3200,281,15,45
25,3200,282,15,45
25,3200,283,15,45
25,3200,284,15,45
25,3200,285,15,45
25,3200,286,15,46
25,3200,287,15,46
25,3200,288,15,46
25,3200,289,15,46
25,3200,290,15,46
25,3200,291,15,46
25,3200,292,15,46
25,3200,293,15,46
25,3200,294,16,47
25,3200,295,16,47
25,3200,296,16,47
25,3200,297,16,47
25,3200,298,16,47
25,3200,299,16,47
25,3200,300,16,47
25,3200,301,16,48
25,3200,302,16,48
25,3200,303,16,48
25,3200,304,16,48
25,3200,305,16,48
25,3200,306,16,48
25,3200,307,16,48
25,3200,308,17,48
25,3200,309,17,49
25,3200,310,17,49
25,3200,311,17,49
25,3200,312,17,49
25,3200,313,17,49
25,3200,314,17,49
25,3200,315,17,49
25,3200,316,17,49
25,3200,317,17,50
25,3200,318,17,50
25,3200,319,17,50
25,3200,320,17,50
25,3200,321,17,50
25,3200,322,18,50
25,3200,323,18,50
25,3200,324,18,50
25,3200,325,18,51
25,3200,326,18,51
25,3200,327,18,51
25,3200,328,18,51
25,3200,329,18,51
25,3200,330,18,51
25,3200,331,18,51
25,3200,332,18,51
25,3200,333,18,52
25,3200,334,18,52
25,3200,335,19,52
25,3200,336,19,52
25,3200,337,19,52
25,3200,338,19,52
25,3200,339,19,52
25,3200,340,19,53
25,3200,341,19,53
25,3200,342,19,53
25,3200,343,19,53
25,3200,344,19,53
25,3200,345,19,53
25,3200,346,19,53
25,3200,347,19,53
25,3200,348,19,54
25,3200,349,20,54
25,3200,350,20,54
25,3200,351,20,54
25,3200,352,20,54
25,3200,353,20,54
25,3200,354,20,54
25,3200,355,20,54
25,3200,356,20,55
25,3200,357,20,55
25,3200,358,20,55
25,3200,359,20,55
25,3200,360,20,55
25,3200,361,20,55
25,3200,362,21,55
25,3200,363,21,55
25,3200,364,21,56
25,3200,365,21,56
25,3200,366,21,56
25,3200,367,21,56
25,3200,368,21,56
25,3200,369,21,56
25,3200,370,21,56
25,3200,371,21,56
25,3200,372,21,57
25,3200,373,21,57
25,3200,374,21,57
25,3200,375,22,57
25,3200,376,22,57
25,3200,377,22,57
25,3200,378,22,57
25,3200,379,22,57
25,3200,380,22,58
25,3200,381,22,58
25,3200,382,22,58
25,3200,383,22,58
25,3200,384,22,58
25,3200,385,22,58
25,3200,386,22,58
25,3200,387,22,58
25,3200,388,22,59
25,3200,389,23,59
25,3200,390,23,59
25,3200,391,23,59
25,3200,392,23,59
25,3200,393,23,59
25,3200,394,23,59
25,3200,395,23,59
25,3200,396,23,60
25,3200,397,23,60
25,3200,398,23,60
25,3200,399,23,60
25,3200,400,23,60
25,3200,401,23,60
25,3200,402,24,60
25,3200,403,24,60
25,3200,404,24,61
25,3200,405,24,61
25,3200,406,24,61
25,3200,407,24,61
25,3200,408,24,61
25,3200,409,24,61
25,3200,410,24,61
25,3200,411,24,61
25,3200,412,24,62
25,3200,413,24,62
25,3200,414,24,62
25,3200,415,25,62
25,3200,416,25,62
25,3200,417,25,62
25,3200,418,25,62
25,3200,419,25,62
25,3200,420,25,63
25,3200,421,25,63
25,3200,422,25,63
25,3200,423,25,63
25,3200,424,25,63
25,3200,425,25,63
25,3200,426,25,63
25,3200,427,25,63
25,3200,428,26,64
25,3200,429,26,64
25,3200,430,26,64
25,3200,431,26,64
25,3200,432,26,64
25,3200,433,26,64
25,3200,434,26,64
25,3200,435,26,64
25,3200,436,26,65
25,3200,437,26,65
25,3200,438,26,65
25,3200,439,26,65
25,3200,440,26,65
25,3200,441,27,65
25,3200,442,27,65
25,3200,443,27,65
25,3200,444,27,66
25,3200,445,27,66
25,3200,446,27,66
25,3200,447,27,66
25,3200,448,27,66
25,3200,449,27,66
25,3200,450,27,66
25,3200,451,27,66
25,3200,452,27,67
25,3200,453,27,67
25,3200,454,28,67
25,3200,455,28,67
25,3200,456,28,67
25,3200,457,28,67
25,3200,458,28,67
25,3200,459,28,67
25,3200,460,28,68
25,3200,461,28,68
25,3200,462,28,68
25,3200,463,28,68
25,3200,464,28,68
25,3200,465,28,68
25,3200,466,28,68
25,3200,467,29,68
25,3200,468,29,69
25,3200,469,29,69
25,3200,470,29,69
25,3200,471,29,69
25,3200,472,29,69
25,3200,473,29,69
25,3200,474,29,69
25,3200,475,29,69
25,3200,476,29,70
25,3200,477,29,70
25,3200,478,29,70
25,3200,479,29,70
25,3200,480,30,70
25,3200,481,30,70
25,3200,482,30,70
25,3200,483,30,70
25,3200,484,30,71
25,3200,485,30,71
25,3200,486,30,71
25,3200,487,30,71
25,3200,488,30,71
25,3200,489,30,71
25,3200,490,30,71
25,3200,491,30,71
25,3200,492,30,72
25,3200,493,31,72
25,3200,494,31,72
25,3200,495,31,72
25,3200,496,31,72
25,3200,497,31,72
25,3200,498,31,72
25,3200,499,31,72
25,3200,500,31,72
25,3200,501,31,73
25,3200,502,31,73
25,3200,503,31,73
25,3200,504,31,73
25,3200,505,31,73
25,3200,506,32,73
25,3200,507,32,73
25,3200,508,32,73
25,3200,509,32,74
25,3200,510,32,74
25,3200,511,32,74
25,3200,512,32,74
25,3200,513,32,74
25,3200,514,32,74
25,3200,515,32,74
25,3200,516,32,74
25,3200,517,32,75
25,3200,518,32,75
25,3200,519,33,75
25,3200,520,33,75
25,3200,521,33,75
25,3200,522,33,75
25,3200,523,33,75
25,3200,524,33,75
25,3200,525,33,76
25,3200,526,33,76
25,3200,527,33,76
25,3200,528,33,76
25,3200,529,33,76
25,3200,530,33,76
25,3200,531,34,76
25,3200,532,34,76
25,3200,533,34,77
25,3200,534,34,77
25,3200,535,34,77
25,3200,536,34,77
25,3200,537,34,77
25,3200,538,34,77
25,3200,539,34,77
25,3200,540,34,77
25,3200,541,34,78
25,3200,542,34,78
25,3200,543,34,78
25,3200,544,35,78
25,3200,545,35,78
25,3200,546,35,78
25,3200,547,35,78
25,3200,548,35,78
25,3200,549,35,78
25,3200,550,35,79
25,3200,551,35,79
25,3200,552,35,79
25,3200,553,35,79
25,3200,554,35,79
25,3200,555,35,79
25,3200,556,35,79
25,3200,557,36,79
25,3200,558,36,80
25,3200,559,36,80
25,3200,560,36,80
25,3200,561,36,80
25,3200,562,36,80
25,3200,563,36,80
25,3200,564,36,80
25,3200,565,36,80
25,3200,566,36,81
25,3200,567,36,81
25,3200,568,36,81
25,3200,569,37,81
25,3200,570,37,81
25,3200,571,37,81
25,3200,572,37,81
25,3200,573,37,81
25,3200,574,37,82
25,3200,575,37,82
25,3200,576,37,82
25,3200,577,37,82
25,3200,578,37,82
25,3200,579,37,82
25,3200,580,37,82
25,3200,581,37,82
25,3200,582,38,82
25,3200,583,38,83
25,3200,584,38,83
25,3200,585,38,83
25,3200,586,38,83
25,3200,587,38,83
25,3200,588,38,83
25,3200,589,38,83
25,3200,590,38,83
25,3200,591,38,84
25,3200,592,38,84
25,3200,593,38,84
25,3200,594,38,84
25,3200,595,39,84
25,3200,596,39,84
25,3200,597,39,84
25,3200,598,39,84
25,3200,599,39,85
25,3200,600,39,85
25,3200,601,39,85
25,3200,602,39,85
25,3200,603,39,85
25,3200,604,39,85
25,3200,605,39,85
25,3200,606,39,85
25,3200,607,40,86
25,3200,608,40,86
25,3200,609,40,86
25,3200,610,40,86
25,3200,611,40,86
25,3200,612,40,86
25,3200,613,40,86
25,3200,614,40,86
25,3200,615,40,86
25,3200,616,40,87
25,3200,617,40,87
25,3200,618,40,87
25,3200,619,40,87
25,3200,620,41,87
25,3200,621,41,87
25,3200,622,41,87
25,3200,623,41,87
25,3200,624,41,88
25,3200,625,41,88
25,3200,626,41,88
25,3200,627,41,88
25,3200,628,41,88
25,3200,629,41,88
25,3200,630,41,88
25,3200,631,41,88
25,3200,632,42,89
25,3200,633,42,89
25,3200,634,42,89
25,3200,635,42,89
25,3200,636,42,89
25,3200,637,42,89
25,3200,638,42,89
25,3200,639,42,89
25,3200,640,42,90
25,3200,641,42,90
25,3200,642,42,90
25,3200,643,42,90
25,3200,644,42,90
25,3200,645,43,90
25,3200,646,43,90
25,3200,647,43,90
25,3200,648,43,90
25,3200,649,43,91
25,3200,650,43,91
25,3200,651,43,91
25,3200,652,43,91
25,3200,653,43,91
25,3200,654,43,91
25,3200,655,43,91
25,3200,656,43,91
25,3200,657,44,92
25,3200,658,44,92
25,3200,659,44,92
25,3200,660,44,92
25,3200,661,44,92
25,3200,662,44,92
25,3200,663,44,92
25,3200,664,44,92
25,3200,665,44,93
25,3200,666,44,93
25,3200,667,44,93
25,3200,668,44,93
25,3200,669,45,93
25,3200,670,45,93
25,3200,671,45,93
25,3200,672,45,93
25,3200,673,45,93
25,3200,674,45,94
25,3200,675,45,94
25,3200,676,45,94
25,3200,677,45,94
25,3200,678,45,94
25,3200,679,45,94
25,3200,680,45,94
25,3200,681,45,94
25,3200,682,46,95
25,3200,683,46,95
25,3200,684,46,95
25,3200,685,46,95
25,3200,686,46,95
25,3200,687,46,95
25,3200,688,46,95
25,3200,689,46,95
25,3200,690,46,96
25,3200,691,46,96
25,3200,692,46,96
25,3200,693,46,96
25,3200,694,47,96
25,3200,695,47,96
25,3200,696,47,96
25,3200,697,47,96
25,3200,698,47,96
25,3200,699,47,97
25,3200,700,47,97
25,3200,701,47,97
25,3200,702,47,97
25,3200,703,47,97
25,3200,704,47,97
25,3200,705,47,97
25,3200,706,48,97
25,3200,707,48,98
25,3200,708,48,98
25,3200,709,48,98
25,3200,710,48,98
25,3200,711,48,98
25,3200,712,48,98
25,3200,713,48,98
25,3200,714,48,98
25,3200,715,48,98
25,3200,716,48,99
25,3200,717,48,99
25,3200,718,48,99
25,3200,719,49,99
25,3200,720,49,99
25,3200,721,49,99
25,3200,722,49,99
25,3200,723,49,99
25,3200,724,49,100
25,3200,725,49,100
25,3200,726,49,100
25,3200,727,49,100
25,3200,728,49,100
25,3200,729,49,100
25,3200,730,49,100
25,3200,731,50,100
25,3200,732,50,101
25,3200,733,50,101
25,3200,734,50,101
25,3200,735,50,101
25,3200,736,50,101
25,3200,737,50,101
25,3200,738,50,101
25,3200,739,50,101
25,3200,740,50,101
25,3200,741,50,102
25,3200,742,50,102
25,3200,743,51,102
25,3200,744,51,102
25,3200,745,51,102
25,3200,746,51,102
25,3200,747,51,102
25,3200,748,51,102
25,3200,749,51,103
25,3200,750,51,103
25,3200,751,51,103
25,3200,752,51,103
25,3200,753,51,103
25,3200,754,51,103
25,3200,755,52,103
25,3200,756,52,103
25,3200,757,52,103
25,3200,758,52,104
25,3200,759,52,104
25,3200,760,52,104
25,3200,761,52,104
25,3200,762,52,104
25,3200,763,52,104
25,3200,764,52,104
25,3200,765,52,104
25,3200,766,52,105
25,3200,767,52,105
25,3200,768,53,105
25,3200,769,53,105
25,3200,770,53,105
25,3200,771,53,105
25,3200,772,53,105
25,3200,773,53,105
25,3200,774,53,106
25,3200,775,53,106
25,3200,776,53,106
25,3200,777,53,106
25,3200,778,53,106
25,3200,779,53,106
25,3200,780,54,106
25,3200,781,54,106
25,3200,782,54,106
25,3200,783,54,107
25,3200,784,54,107
25,3200,785,54,107
25,3200,786,54,107
25,3200,787,54,107
25,3200,788,54,107
25,3200,789,54,107
25,3200,790,54,107
25,3200,791,54,108
25,3200,792,55,108
25,3200,793,55,108
25,3200,794,55,108
25,3200,795,55,108
25,3200,796,55,108
25,3200,797,55,108
25,3200,798,55,108
25,3200,799,55,108
25,3200,800,55,109
25,3200,801,55,109
25,3200,802,55,109
25,3200,803,55,109
25,3200,804,56,109
25,3200,805,56,109
25,3200,806,56,109
25,3200,807,56,109
25,3200,808,56,110
25,3200,809,56,110
25,3200,810,56,110
25,3200,811,56,110
25,3200,812,56,110
25,3200,813,56,110
25,3200,814,56,110
25,3200,815,56,110
25,3200,816,57,110
25,3200,817,57,111
25,3200,818,57,111
25,3200,819,57,111
25,3200,820,57,111
25,3200,821,57,111
25,3200,822,57,111
25,3200,823,57,111
25,3200,824,57,111
25,3200,825,57,112
25,3200,826,57,112
25,3200,827,57,112
25,3200,828,57,112
25,3200,829,58,112
25,3200,830,58,112
25,3200,831,58,112
25,3200,832,58,112
25,3200,833,58,112
25,3200,834,58,113
25,3200,835,58,113
25,3200,836,58,113
25,3200,837,58,113
25,3200,838,58,113
25,3200,839,58,113
25,3200,840,58,113
25,3200,841,59,113
25,3200,842,59,114
25,3200,843,59,114
25,3200,844,59,114
25,3200,845,59,114
25,3200,846,59,114
25,3200,847,59,114
25,3200,848,59,114
25,3200,849,59,114
25,3200,850,59,115
25,3200,851,59,115
25,3200,852,59,115
25,3200,853,60,115
25,3200,854,60,115
25,3200,855,60,115
25,3200,856,60,115
25,3200,857,60,115
25,3200,858,60,115
25,3200,859,60,116
25,3200,860,60,116
25,3200,861,60,116
25,3200,862,60,116
25,3200,863,60,116
25,3200,864,60,116
25,3200,865,61,116
25,3200,866,61,116
25,3200,867,61,117
25,3200,868,61,117
25,3200,869,61,117
25,3200,870,61,117
25,3200,871,61,117
25,3200,872,61,117
25,3200,873,61,117
25,3200,874,61,117
25,3200,875,61,117
25,3200,876,61,118
25,3200,877,62,118
25,3200,878,62,118
25,3200,879,62,118
25,3200,880,62,118
25,3200,881,62,118
25,3200,882,62,118
25,3200,883,62,118
25,3200,884,62,119
25,3200,885,62,119
25,3200,886,62,119
25,3200,887,62,119
25,3200,888,62,119
25,3200,889,63,119
25,3200,890,63,119
25,3200,891,63,119
25,3200,892,63,119
25,3200,893,63,120
25,3200,894,63,120
25,3200,895,63,120
25,3200,896,63,120
25,3200,897,63,120
25,3200,898,63,120
25,3200,899,63,120
25,3200,900,63,120
25,3200,901,64,121
25,3200,902,64,121
25,3200,903,64,121
25,3200,904,64,121
25,3200,905,64,121
25,3200,906,64,121
25,3200,907,64,121
25,3200,908,64,121
25,3200,909,64,121
25,3200,910,64,122
25,3200,911,64,122
25,3200,912,64,122
25,3200,913,65,122
25,3200,914,65,122
25,3200,915,65,122
25,3200,916,65,122
25,3200,917,65,122
25,3200,918,65,122
25,3200,919,65,123
25,3200,920,65,123
25,3200,921,65,123
25,3200,922,65,123
25,3200,923,65,123
25,3200,924,65,123
25,3200,925,66,123
25,3200,926,66,123
25,3200,927,66,124
25,3200,928,66,124
25,3200,929,66,124
25,3200,930,66,124
25,3200,931,66,124
25,3200,932,66,124
25,3200,933,66,124
25,3200,934,66,124
25,3200,935,66,124
25,3200,936,66,125
25,3200,937,67,125
25,3200,938,67,125
25,3200,939,67,125
25,3200,940,67,125
25,3200,941,67,125
25,3200,942,67,125
25,3200,943,67,125
25,3200,944,67,126
25,3200,945,67,126
25,3200,946,67,126
25,3200,947,67,126
25,3200,948,67,126
25,3200,949,68,126
25,3200,950,68,126
25,3200,951,68,126
25,3200,952,68,126
25,3200,953,68,127
25,3200,954,68,127
25,3200,955,68,127
25,3200,956,68,127
25,3200,957,68,127
25,3200,958,68,127
25,3200,959,68,127
25,3200,960,68,127
25,3200,961,69,128
25,3200,962,69,128
25,3200,963,69,128
25,3200,964,69,128
25,3200,965,69,128
25,3200,966,69,128
25,3200,967,69,128
25,3200,968,69,128
25,3200,969,69,128
25,3200,970,69,129
25,3200,971,69,129
25,3200,972,69,129
25,3200,973,70,129
25,3200,974,70,129
25,3200,975,70,129
25,3200,976,70,129
25,3200,977,70,129
25,3200,978,70,130
25,3200,979,70,130
25,3200,980,70,130
25,3200,981,70,130
25,3200,982,70,130
25,3200,983,70,130
25,3200,984,70,130
25,3200,985,71,130
25,3200,986,71,130
25,3200,987,71,131
25,3200,988,71,131
25,3200,989,71,131
25,3200,990,71,131
25,3200,991,71,131
25,3200,992,71,131
25,3200,993,71,131
25,3200,994,71,131
25,3200,995,71,131
25,3200,996,71,132
25,3200,997,72,132
25,3200,998,72,132
25,3200,999,72,132
25,3200,1000,72,132
25,3200,1001,72,132
25,3200,1002,72,132
25,3200,1003,72,132
25,3200,1004,72,133
25,3200,1005,72,133
25,3200,1006,72,133
25,3200,1007,72,133
25,3200,1008,72,133
25,3200,1009,73,133
25,3200,1010,73,133
25,3200,1011,73,133
25,3200,1012,73,133
25,3200,1013,73,134
25,3200,1014,73,134
25,3200,1015,73,134
25,3200,1016,73,134
25,3200,1017,73,134
25,3200,1018,73,134
25,3200,1019,73,134
25,3200,1020,73,134
25,3200,1021,74,135
25,3200,1022,74,135
25,3200,1023,74,135
25,3200,1024,74,135
25,3200,1025,74,135
25,3200,1026,74,135
25,3200,1027,74,135
25,3200,1028,74,135
25,3200,1029,74,135
25,3200,1030,74,136
25,3200,1031,74,136
25,3200,1032,75,136
25,3200,1033,75,136
25,3200,1034,75,136
25,3200,1035,75,136
25,3200,1036,75,136
25,3200,1037,75,136
25,3200,1038,75,137
25,3200,1039,75,137
25,3200,1040,75,137
25,3200,1041,75,137
25,3200,1042,75,137
25,3200,1043,75,137
25,3200,1044,76,137
25,3200,1045,76,137
25,3200,1046,76,137
25,3200,1047,76,138
25,3200,1048,76,138
25,3200,1049,76,138
25,3200,1050,76,138
25,3200,1051,76,138
25,3200,1052,76,138
25,3200,1053,76,138
25,3200,1054,76,138
25,3200,1055,76,138
25,3200,1056,77,139
25,3200,1057,77,139
25,3200,1058,77,139
25,3200,1059,77,139
25,3200,1060,77,139
25,3200,1061,77,139
25,3200,1062,77,139
25,3200,1063,77,139
25,3200,1064,77,140
25,3200,1065,77,140
25,3200,1066,77,140
25,3200,1067,77,140
25,3200,1068,78,140
25,3200,1069,78,140
25,3200,1070,78,140
25,3200,1071,78,140
25,3200,1072,78,140
25,3200,1073,78,141
25,3200,1074,78,141
25,3200,1075,78,141
25,3200,1076,78,141
25,3200,1077,78,141
25,3200,1078,78,141
25,3200,1079,78,141
25,3200,1080,79,141
25,3200,1081,79,142
25,3200,1082,79,142
25,3200,1083,79,142
25,3200,1084,79,142
25,3200,1085,79,142
25,3200,1086,79,142
25,3200,1087,79,142
25,3200,1088,79,142
25,3200,1089,79,142
25,3200,1090,79,143
25,3200,1091,79,143
25,3200,1092,80,143
25,3200,1093,80,143
25,3200,1094,80,143
25,3200,1095,80,143
25,3200,1096,80,143
25,3200,1097,80,143
25,3200,1098,80,143
25,3200,1099,80,144
25,3200,1100,80,144
25,3200,1101,80,144
25,3200,1102,80,144
25,3200,1103,80,144
25,3200,1104,81,144
25,3200,1105,81,144
25,3200,1106,81,144
25,3200,1107,81,145
25,3200,1108,81,145
25,3200,1109,81,145
25,3200,1110,81,145
25,3200,1111,81,145
25,3200,1112,81,145
25,3200,1113,81,145
25,3200,1114,81,145
25,3200,1115,82,145
25,3200,1116,82,146
25,3200,1117,82,146
25,3200,1118,82,146
25,3200,1119,82,146
25,3200,1120,82,146
25,3200,1121,82,146
25,3200,1122,82,146
25,3200,1123,82,146
25,3200,1124,82,146
25,3200,1125,82,147
25,3200,1126,82,147
25,3200,1127,83,147
25,3200,1128,83,147
25,3200,1129,83,147
25,3200,1130,83,147
25,3200,1131,83,147
25,3200,1132,83,147
25,3200,1133,83,148
25,3200,1134,83,148
25,3200,1135,83,148
25,3200,1136,83,148
25,3200,1137,83,148
25,3200,1138,83,148
25,3200,1139,84,148
25,3200,1140,84,148
25,3200,1141,84,148
25,3200,1142,84,149
25,3200,1143,84,149
25,3200,1144,84,149
25,3200,1145,84,149
25,3200,1146,84,149
25,3200,1147,84,149
25,3200,1148,84,149
25,3200,1149,84,149
25,3200,1150,84,149
25,3200,1151,85,150
25,3200,1152,85,150
25,3200,1153,85,150
25,3200,1154,85,150
25,3200,1155,85,150
25,3200,1156,85,150
25,3200,1157,85,150
25,3200,1158,85,150
25,3200,1159,85,151
25,3200,1160,85,151
25,3200,1161,85,151
25,3200,1162,85,151
25,3200,1163,86,151
25,3200,1164,86,151
25,3200,1165,86,151
25,3200,1166,86,151
25,3200,1167,86,151
25,3200,1168,86,152
25,3200,1169,86,152
25,3200,1170,86,152
25,3200,1171,86,152
25,3200,1172,86,152
25,3200,1173,86,152
25,3200,1174,87,152
25,3200,1175,87,152
25,3200,1176,87,152
25,3200,1177,87,153
25,3200,1178,87,153
25,3200,1179,87,153
25,3200,1180,87,153
25,3200,1181,87,153
25,3200,1182,87,153
25,3200,1183,87,153
25,3200,1184,87,153
25,3200,1185,87,154
25,3200,1186,88,154
25,3200,1187,88,154
25,3200,1188,88,154
25,3200,1189,88,154
25,3200,1190,88,154
25,3200,1191,88,154
25,3200,1192,88,154
25,3200,1193,88,154
25,3200,1194,88,155
25,3200,1195,88,155
25,3200,1196,88,155
25,3200,1197,88,155
25,3200,1198,89,155
25,3200,1199,89,155
25,3200,1200,89,155
25,3200,1201,89,155
25,3200,1202,89,155
25,3200,1203,89,156
25,3200,1204,89,156
25,3200,1205,89,156
25,3200,1206,89,156
25,3200,1207,89,156
25,3200,1208,89,156
25,3200,1209,89,156
25,3200,1210,90,156
25,3200,1211,90,157
25,3200,1212,90,157
25,3200,1213,90,157
25,3200,1214,90,157
25,3200,1215,90,157
25,3200,1216,90,157
25,3200,1217,90,157
25,3200,1218,90,157
25,3200,1219,90,157
25,3200,1220,90,158
25,3200,1221,91,158
25,3200,1222,91,158
25,3200,1223,91,158
25,3200,1224,91,158
25,3200,1225,91,158
25,3200,1226,91,158
25,3200,1227,91,158
25,3200,1228,91,158
25,3200,1229,91,159
25,3200,1230,91,159
25,3200,1231,91,159
25,3200,1232,91,159
25,3200,1233,92,159
25,3200,1234,92,159
25,3200,1235,92,159
25,3200,1236,92,159
25,3200,1237,92,160
25,3200,1238,92,160
25,3200,1239,92,160
25,3200,1240,92,160
25,3200,1241,92,160
25,3200,1242,92,160
25,3200,1243,92,160
25,3200,1244,92,160
25,3200,1245,93,160
25,3200,1246,93,161
25,3200,1247,93,161
25,3200,1248,93,161
25,3200,1249,93,161
25,3200,1250,93,161
25,3200,1251,93,161
25,3200,1252,93,161
25,3200,1253,93,161
25,3200,1254,93,161
25,3200,1255,93,162
25,3200,1256,94,162
25,3200,1257,94,162
25,3200,1258,94,162
25,3200,1259,94,162
25,3200,1260,94,162
25,3200,1261,94,162
25,3200,1262,94,162
25,3200,1263,94,163
25,3200,1264,94,163
25,3200,1265,94,163
25,3200,1266,94,163
25,3200,1267,94,163
25,3200,1268,95,163
25,3200,1269,95,163
25,3200,1270,95,163
25,3200,1271,95,163
25,3200,1272,95,164
25,3200,1273,95,164
25,3200,1274,95,164
25,3200,1275,95,164
25,3200,1276,95,164
25,3200,1277,95,164
25,3200,1278,95,164
25,3200,1279,95,164
25,3200,1280,96,164
25,3200,1281,96,165
25,3200,1282,96,165
25,3200,1283,96,165
25,3200,1284,96,165
25,3200,1285,96,165
25,3200,1286,96,165
25,3200,1287,96,165
25,3200,1288,96,165
25,3200,1289,96,165
25,3200,1290,96,166
25,3200,1291,97,166
25,3200,1292,97,166
25,3200,1293,97,166
25,3200,1294,97,166
25,3200,1295,97,166
25,3200,1296,97,166
25,3200,1297,97,166
25,3200,1298,97,167
25,3200,1299,97,167
25,3200,1300,97,167
25,3200,1301,97,167
25,3200,1302,97,167
25,3200,1303,98,167
25,3200,1304,98,167
25,3200,1305,98,167
25,3200,1306,98,167
25,3200,1307,98,168
25,3200,1308,98,168
25,3200,1309,98,168
25,3200,1310,98,168
25,3200,1311,98,168
25,3200,1312,98,168
25,3200,1313,98,168
25,3200,1314,98,168
25,3200,1315,99,168
25,3200,1316,99,169
25,3200,1317,99,169
25,3200,1318,99,169
25,3200,1319,99,169
25,3200,1320,99,169
25,3200,1321,99,169
25,3200,1322,99,169
25,3200,1323,99,169
25,3200,1324,99,170
25,3200,1325,99,170
25,3200,1326,100,170
25,3200,1327,100,170
25,3200,1328,100,170
25,3200,1329,100,170
25,3200,1330,100,170
25,3200,1331,100,170
25,3200,1332,100,170
25,3200,1333,100,171
25,3200,1334,100,171
25,3200,1335,100,171
25,3200,1336,100,171
25,3200,1337,100,171
25,3200,1338,101,171
25,3200,1339,101,171
25,3200,1340,101,171
25,3200,1341,101,171
25,3200,1342,101,172
25,3200,1343,101,172
25,3200,1344,101,172
25,3200,1345,101,172
25,3200,1346,101,172
25,3200,1347,101,172
25,3200,1348,101,172
25,3200,1349,101,172
25,3200,1350,102,172
25,3200,1351,102,173
25,3200,1352,102,173
25,3200,1353,102,173
25,3200,1354,102,173
25,3200,1355,102,173
25,3200,1356,102,173
25,3200,1357,102,173
25,3200,1358,102,173
25,3200,1359,102,174
25,3200,1360,102,174
25,3200,1361,103,174
25,3200,1362,103,174
25,3200,1363,103,174
25,3200,1364,103,174
25,3200,1365,103,174
25,3200,1366,103,174
25,3200,1367,103,174
25,3200,1368,103,175
25,3200,1369,103,175
25,3200,1370,103,175
25,3200,1371,103,175
25,3200,1372,103,175
25,3200,1373,104,175
25,3200,1374,104,175
25,3200,1375,104,175
25,3200,1376,104,175
25,3200,1377,104,176
25,3200,1378,104,176
25,3200,1379,104,176
25,3200,1380,104,176
25,3200,1381,104,176
25,3200,1382,104,176
25,3200,1383,104,176
25,3200,1384,104,176
25,3200,1385,105,176
25,3200,1386,105,177
25,3200,1387,105,177
25,3200,1388,105,177
25,3200,1389,105,177
25,3200,1390,105,177
25,3200,1391,105,177
25,3200,1392,105,177
25,3200,1393,105,177
25,3200,1394,105,178
25,3200,1395,105,178
25,3200,1396,106,178
25,3200,1397,106,178
25,3200,1398,106,178
25,3200,1399,106,178
25,3200,1400,106,178
25,3200,1401,106,178
25,3200,1402,106,178
25,3200,1403,106,179
25,3200,1404,106,179
25,3200,1405,106,179
25,3200,1406,106,179
25,3200,1407,106,179
25,3200,1408,107,179
25,3200,1409,107,179
25,3200,1410,107,179
25,3200,1411,107,179
25,3200,1412,107,180
25,3200,1413,107,180
25,3200,1414,107,180
25,3200,1415,107,180
25,3200,1416,107,180
25,3200,1417,107,180
25,3200,1418,107,180
25,3200,1419,108,180
25,3200,1420,108,180
25,3200,1421,108,181
25,3200,1422,108,181
25,3200,1423,108,181
25,3200,1424,108,181
25,3200,1425,108,181
25,3200,1426,108,181
25,3200,1427,108,181
25,3200,1428,108,181
25,3200,1429,108,182
25,3200,1430,108,182
25,3200,1431,109,182
25,3200,1432,109,182
25,3200,1433,109,182
25,3200,1434,109,182
25,3200,1435,109,182
25,3200,1436,109,182
25,3200,1437,109,182
25,3200,1438,109,183
25,3200,1439,109,183
25,3200,1440,109,183
25,3200,1441,109,183
25,3200,1442,110,183
25,3200,1443,110,183
25,3200,1444,110,183
25,3200,1445,110,183
25,3200,1446,110,183
25,3200,1447,110,184
25,3200,1448,110,184
25,3200,1449,110,184
25,3200,1450,110,184
25,3200,1451,110,184
25,3200,1452,110,184
25,3200,1453,110,184
25,3200,1454,111,184
25,3200,1455,111,184
25,3200,1456,111,185
25,3200,1457,111,185
25,3200,1458,111,185
25,3200,1459,111,185
25,3200,1460,111,185
25,3200,1461,111,185
25,3200,1462,111,185
25,3200,1463,111,185
25,3200,1464,111,185
25,3200,1465,111,186
25,3200,1466,112,186
25,3200,1467,112,186
25,3200,1468,112,186
25,3200,1469,112,186
25,3200,1470,112,186
25,3200,1471,112,186
25,3200,1472,112,186
25,3200,1473,112,187
25,3200,1474,112,187
25,3200,1475,112,187
25,3200,1476,112,187
25,3200,1477,113,187
25,3200,1478,113,187
25,3200,1479,113,187
25,3200,1480,113,187
25,3200,1481,113,187
25,3200,1482,113,188
25,3200,1483,113,188
25,3200,1484,113,188
25,3200,1485,113,188
25,3200,1486,113,188
25,3200,1487,113,188
25,3200,1488,113,188
25,3200,1489,114,188
25,3200,1490,114,188
25,3200,1491,114,189
25,3200,1492,114,189
25,3200,1493,114,189
25,3200,1494,114,189
25,3200,1495,114,189
25,3200,1496,114,189
25,3200,1497,114,189
25,3200,1498,114,189
25,3200,1499,114,189
25,3200,1500,115,190
25,3200,1501,115,190
25,3200,1502,115,190
25,3200,1503,115,190
25,3200,1504,115,190
25,3200,1505,115,190
25,3200,1506,115,190
25,3200,1507,115,190
25,3200,1508,115,191
25,3200,1509,115,191
25,3200,1510,115,191
25,3200,1511,115,191
25,3200,1512,116,191
25,3200,1513,116,191
25,3200,1514,116,191
25,3200,1515,116,191
25,3200,1516,116,191
25,3200,1517,116,192
25,3200,1518,116,192
25,3200,1519,116,192
25,3200,1520,116,192
25,3200,1521,116,192
25,3200,1522,116,192
25,3200,1523,117,192
25,3200,1524,117,192
25,3200,1525,117,192
25,3200,1526,117,193
25,3200,1527,117,193
25,3200,1528,117,193
25,3200,1529,117,193
25,3200,1530,117,193
25,3200,1531,117,193
25,3200,1532,117,193
25,3200,1533,117,193
25,3200,1534,117,193
25,3200,1535,118,194
25,3200,1536,118,194
25,3200,1537,118,194
25,3200,1538,118,194
25,3200,1539,118,194
25,3200,1540,118,194
25,3200,1541,118,194
25,3200,1542,118,194
25,3200,1543,118,194
25,3200,1544,118,195
25,3200,1545,118,195
25,3200,1546,119,195
25,3200,1547,119,195
25,3200,1548,119,195
25,3200,1549,119,195
25,3200,1550,119,195
25,3200,1551,119,195
25,3200,1552,119,196
25,3200,1553,119,196
25,3200,1554,119,196
25,3200,1555,119,196
25,3200,1556,119,196
25,3200,1557,119,196
25,3200,1558,120,196
25,3200,1559,120,196
25,3200,1560,120,196
25,3200,1561,120,197
25,3200,1562,120,197
25,3200,1563,120,197
25,3200,1564,120,197
25,3200,1565,120,197
25,3200,1566,120,197
25,3200,1567,120,197
25,3200,1568,120,197
25,3200,1569,121,197
25,3200,1570,121,198
25,3200,1571,121,198
25,3200,1572,121,198
25,3200,1573,121,198
25,3200,1574,121,198
25,3200,1575,121,198
25,3200,1576,121,198
25,3200,1577,121,198
25,3200,1578,121,198
25,3200,1579,121,199
25,3200,1580,121,199
25,3200,1581,122,199
25,3200,1582,122,199
25,3200,1583,122,199
25,3200,1584,122,199
25,3200,1585,122,199
25,3200,1586,122,199
25,3200,1587,122,199
25,3200,1588,122,200
25,3200,1589,122,200
25,3200,1590,122,200
25,3200,1591,122,200
25,3200,1592,123,200
25,3200,1593,123,200
25,3200,1594,123,200
25,3200,1595,123,200
25,3200,1596,123,200
25,3200,1597,123,201
25,3200,1598,123,201
25,3200,1599,123,201
25,3200,1600,123,201
25,3200,1601,123,201
25,3200,1602,123,201
25,3200,1603,123,201
25,3200,1604,124,201
25,3200,1605,124,202
25,3200,1606,124,202
25,3200,1607,124,202
25,3200,1608,124,202
25,3200,1609,124,202
25,3200,1610,124,202
25,3200,1611,124,202
25,3200,1612,124,202
25,3200,1613,124,202
25,3200,1614,124,203
25,3200,1615,125,203
25,3200,1616,125,203
25,3200,1617,125,203
25,3200,1618,125,203
25,3200,1619,125,203
25,3200,1620,125,203
25,3200,1621,125,203
25,3200,1622,125,203
25,3200,1623,125,204
25,3200,1624,125,204
25,3200,1625,125,204
25,3200,1626,125,204
25,3200,1627,126,204
25,3200,1628,126,204
25,3200,1629,126,204
25,3200,1630,126,204
25,3200,1631,126,204
25,3200,1632,126,205
25,3200,1633,126,205
25,3200,1634,126,205
25,3200,1635,126,205
25,3200,1636,126,205
25,3200,1637,126,205
25,3200,1638,127,205
25,3200,1639,127,205
25,3200,1640,127,205
25,3200,1641,127,206
25,3200,1642,127,206
25,3200,1643,127,206
25,3200,1644,127,206
25,3200,1645,127,206
25,3200,1646,127,206
25,3200,1647,127,206
25,3200,1648,127,206
25,3200,1649,127,206
25,3200,1650,128,207
25,3200,1651,128,207
25,3200,1652,128,207
25,3200,1653,128,207
25,3200,1654,128,207
25,3200,1655,128,207
25,3200,1656,128,207
25,3200,1657,128,207
25,3200,1658,128,208
25,3200,1659,128,208
25,3200,1660,128,208
25,3200,1661,129,208
25,3200,1662,129,208
25,3200,1663,129,208
25,3200,1664,129,208
25,3200,1665,129,208
25,3200,1666,129,208
25,3200,1667,129,209
25,3200,1668,129,209
25,3200,1669,129,209
25,3200,1670,129,209
25,3200,1671,129,209
25,3200,1672,129,209
25,3200,1673,130,209
25,3200,1674,130,209
25,3200,1675,130,209
25,3200,1676,130,210
25,3200,1677,130,210
25,3200,1678,130,210
25,3200,1679,130,210
25,3200,1680,130,210
25,3200,1681,130,210
25,3200,1682,130,210
25,3200,1683,130,210
25,3200,1684,131,210
25,3200,1685,131,211
25,3200,1686,131,211
25,3200,1687,131,211
25,3200,1688,131,211
25,3200,1689,131,211
25,3200,1690,131,211
25,3200,1691,131,211
25,3200,1692,131,211
25,3200,1693,131,211
25,3200,1694,131,212
25,3200,1695,131,212
25,3200,1696,132,212
25,3200,1697,132,212
25,3200,1698,132,212
25,3200,1699,132,212
25,3200,1700,132,212
25,3200,1701,132,212
25,3200,1702,132,212
25,3200,1703,132,213
25,3200,1704,132,213
25,3200,1705,132,213
25,3200,1706,132,213
25,3200,1707,133,213
25,3200,1708,133,213
25,3200,1709,133,213
25,3200,1710,133,213
25,3200,1711,133,214
25,3200,1712,133,214
25,3200,1713,133,214
25,3200,1714,133,214
25,3200,1715,133,214
25,3200,1716,133,214
25,3200,1717,133,214
25,3200,1718,133,214
25,3200,1719,134,214
25,3200,1720,134,215
25,3200,1721,134,215
25,3200,1722,134,215
25,3200,1723,134,215
25,3200,1724,134,215
25,3200,1725,134,215
25,3200,1726,134,215
25,3200,1727,134,215
25,3200,1728,134,215
25,3200,1729,134,216
25,3200,1730,135,216
25,3200,1731,135,216
25,3200,1732,135,216
25,3200,1733,135,216
25,3200,1734,135,216
25,3200,1735,135,216
25,3200,1736,135,216
25,3200,1737,135,216
25,3200,1738,135,217
25,3200,1739,135,217
25,3200,1740,135,217
25,3200,1741,136,217
25,3200,1742,136,217
25,3200,1743,136,217
25,3200,1744,136,217
25,3200,1745,136,217
25,3200,1746,136,217
25,3200,1747,136,218
25,3200,1748,136,218
25,3200,1749,136,218
25,3200,1750,136,218
25,3200,1751,136,218
25,3200,1752,136,218
25,3200,1753,137,218
25,3200,1754,137,218
25,3200,1755,137,218
25,3200,1756,137,219
25,3200,1757,137,219
25,3200,1758,137,219
25,3200,1759,137,219
25,3200,1760,137,219
25,3200,1761,137,219
25,3200,1762,137,219
25,3200,1763,137,219
25,3200,1764,138,219
25,3200,1765,138,220
25,3200,1766,138,220
25,3200,1767,138,220
25,3200,1768,138,220
25,3200,1769,138,220
25,3200,1770,138,220
25,3200,1771,138,220
25,3200,1772,138,220
25,3200,1773,138,220
25,3200,1774,138,221
25,3200,1775,138,221
25,3200,1776,139,221
25,3200,1777,139,221
25,3200,1778,139,221
25,3200,1779,139,221
25,3200,1780,139,221
25,3200,1781,139,221
25,3200,1782,139,222
25,3200,1783,139,222
25,3200,1784,139,222
25,3200,1785,139,222
25,3200,1786,139,222
25,3200,1787,140,222
25,3200,1788,140,222
25,3200,1789,140,222
25,3200,1790,140,222
25,3200,1791,140,223
25,3200,1792,140,223
25,3200,1793,140,223
25,3200,1794,140,223
25,3200,1795,140,223
25,3200,1796,140,223
25,3200,1797,140,223
25,3200,1798,140,223
25,3200,1799,141,223
25,3200,1800,141,224
25,3200,1801,141,224
25,3200,1802,141,224
25,3200,1803,141,224
25,3200,1804,141,224
25,3200,1805,141,224
25,3200,1806,141,224
25,3200,1807,141,224
25,3200,1808,141,224
25,3200,1809,141,225
25,3200,1810,142,225
25,3200,1811,142,225
25,3200,1812,142,225
25,3200,1813,142,225
25,3200,1814,142,225
25,3200,1815,142,225
25,3200,1816,142,225
25,3200,1817,142,225
25,3200,1818,142,226
25,3200,1819,142,226
25,3200,1820,142,226
25,3200,1821,143,226
25,3200,1822,143,226
25,3200,1823,143,226
25,3200,1824,143,226
25,3200,1825,143,226
25,3200,1826,143,226
25,3200,1827,143,227
25,3200,1828,143,227
25,3200,1829,143,227
25,3200,1830,143,227
25,3200,1831,143,227
25,3200,1832,143,227
25,3200,1833,144,227
25,3200,1834,144,227
25,3200,1835,144,227
25,3200,1836,144,228
25,3200,1837,144,228
25,3200,1838,144,228
25,3200,1839,144,228
25,3200,1840,144,228
25,3200,1841,144,228
25,3200,1842,144,228
25,3200,1843,144,228
25,3200,1844,145,228
25,3200,1845,145,229
25,3200,1846,145,229
25,3200,1847,145,229
25,3200,1848,145,229
25,3200,1849,145,229
25,3200,1850,145,229
25,3200,1851,145,229
25,3200,1852,145,229
25,3200,1853,145,230
25,3200,1854,145,230
25,3200,1855,146,230
25,3200,1856,146,230
25,3200,1857,146,230
25,3200,1858,146,230
25,3200,1859,146,230
25,3200,1860,146,230
25,3200,1861,146,230
25,3200,1862,146,231
25,3200,1863,146,231
25,3200,1864,146,231
25,3200,1865,146,231
25,3200,1866,146,231
25,3200,1867,147,231
25,3200,1868,147,231
25,3200,1869,147,231
25,3200,1870,147,231
25,3200,1871,147,232
25,3200,1872,147,232
25,3200,1873,147,232
25,3200,1874,147,232
25,3200,1875,147,232
25,3200,1876,147,232
25,3200,1877,147,232
25,3200,1878,148,232
25,3200,1879,148,232
25,3200,1880,148,233
25,3200,1881,148,233
25,3200,1882,148,233
25,3200,1883,148,233
25,3200,1884,148,233
25,3200,1885,148,233
25,3200,1886,148,233
25,3200,1887,148,233
25,3200,1888,148,233
25,3200,1889,148,234
25,3200,1890,149,234
25,3200,1891,149,234
25,3200,1892,149,234
25,3200,1893,149,234
25,3200,1894,149,234
25,3200,1895,149,234
25,3200,1896,149,234
25,3200,1897,149,234
25,3200,1898,149,235
25,3200,1899,149,235
25,3200,1900,149,235
25,3200,1901,150,235
25,3200,1902,150,235
25,3200,1903,150,235
25,3200,1904,150,235
25,3200,1905,150,235
25,3200,1906,150,235
25,3200,1907,150,236
25,3200,1908,150,236
25,3200,1909,150,236
25,3200,1910,150,236
25,3200,1911,150,236
25,3200,1912,151,236
25,3200,1913,151,236
25,3200,1914,151,236
25,3200,1915,151,236
25,3200,1916,151,237
25,3200,1917,151,237
25,3200,1918,151,237
25,3200,1919,151,237
25,3200,1920,151,237
25,3200,1921,151,237
25,3200,1922,151,237
25,3200,1923,151,237
25,3200,1924,152,237
25,3200,1925,152,238
25,3200,1926,152,238
25,3200,1927,152,238
25,3200,1928,152,238
25,3200,1929,152,238
25,3200,1930,152,238
25,3200,1931,152,238
25,3200,1932,152,238
25,3200,1933,152,238
25,3200,1934,152,239
25,3200,1935,153,239
25,3200,1936,153,239
25,3200,1937,153,239
25,3200,1938,153,239
25,3200,1939,153,239
25,3200,1940,153,239
25,3200,1941,153,239
25,3200,1942,153,240
25,3200,1943,153,240
25,3200,1944,153,240
25,3200,1945,153,240
25,3200,1946,154,240
25,3200,1947,154,240
25,3200,1948,154,240
25,3200,1949,154,240
25,3200,1950,154,240
25,3200,1951,154,241
25,3200,1952,154,241
25,3200,1953,154,241
25,3200,1954,154,241
25,3200,1955,154,241
25,3200,1956,154,241
25,3200,1957,154,241
25,3200,1958,155,241
25,3200,1959,155,241
25,3200,1960,155,242
25,3200,1961,155,242
25,3200,1962,155,242
25,3200,1963,155,242
25,3200,1964,155,242
25,3200,1965,155,242
25,3200,1966,155,242
25,3200,1967,155,242
25,3200,1968,155,242
25,3200,1969,156,243
25,3200,1970,156,243
25,3200,1971,156,243
25,3200,1972,156,243
25,3200,1973,156,243
25,3200,1974,156,243
25,3200,1975,156,243
25,3200,1976,156,243
25,3200,1977,156,243
25,3200,1978,156,244
25,3200,1979,156,244
25,3200,1980,157,244
25,3200,1981,157,244
25,3200,1982,157,244
25,3200,1983,157,244
25,3200,1984,157,244
25,3200,1985,157,244
25,3200,1986,157,244
25,3200,1987,157,245
25,3200,1988,157,245
25,3200,1989,157,245
25,3200,1990,157,245
25,3200,1991,157,245
25,3200,1992,158,245
25,3200,1993,158,245
25,3200,1994,158,245
25,3200,1995,158,245
25,3200,1996,158,246
25,3200,1997,158,246
25,3200,1998,158,246
25,3200,1999,158,246
25,3200,2000,158,246
25,3200,2001,158,246
25,3200,2002,158,246
25,3200,2003,159,246
25,3200,2004,159,246
25,3200,2005,159,247
25,3200,2006,159,247
25,3200,2007,159,247
25,3200,2008,159,247
25,3200,2009,159,247
25,3200,2010,159,247
25,3200,2011,159,247
25,3200,2012,159,247
25,3200,2013,159,247
25,3200,2014,160,248
25,3200,2015,160,248
25,3200,2016,160,248
25,3200,2017,160,248
25,3200,2018,160,248
25,3200,2019,160,248
25,3200,2020,160,248
25,3200,2021,160,248
25,3200,2022,160,248
25,3200,2023,160,249
25,3200,2024,160,249
25,3200,2025,160,249
25,3200,2026,161,249
25,3200,2027,161,249
25,3200,2028,161,249
25,3200,2029,161,249
25,3200,2030,161,249
25,3200,2031,161,249
25,3200,2032,161,250
25,3200,2033,161,250
25,3200,2034,161,250
25,3200,2035,161,250
25,3200,2036,161,250
25,3200,2037,162,250
25,3200,2038,162,250
25,3200,2039,162,250
25,3200,2040,162,250
25,3200,2041,162,251
25,3200,2042,162,251
25,3200,2043,162,251
25,3200,2044,162,251
25,3200,2045,162,251
25,3200,2046,162,251
25,3200,2047,162,251
25,3200,2048,163,251
25,3200,2049,163,251
25,3200,2050,163,252
25,3200,2051,163,252
25,3200,2052,163,252
25,3200,2053,163,252
25,3200,2054,163,252
25,3200,2055,163,252
25,3200,2056,163,252
25,3200,2057,163,252
25,3200,2058,163,252
25,3200,2059,163,253
25,3200,2060,164,253
25,3200,2061,164,253
25,3200,2062,164,253
25,3200,2063,164,253
25,3200,2064,164,253
25,3200,2065,164,253
25,3200,2066,164,253
25,3200,2067,164,254
25,3200,2068,164,254
25,3200,2069,164,254
25,3200,2070,164,254
25,3200,2071,165,254
25,3200,2072,165,254
25,3200,2073,165,254
25,3200,2074,165,254
25,3200,2075,165,254
25,3200,2076,165,255
25,3200,2077,165,255
25,3200,2078,165,255
25,3200,2079,165,255
25,3200,2080,165,255
25,3200,2081,165,255
25,3200,2082,166,255
25,3200,2083,166,255
25,3200,2084,166,255
25,3200,2085,166,256
25,3200,2086,166,256
25,3200,2087,166,256
25,3200,2088,166,256
25,3200,2089,166,256
25,3200,2090,166,256
25,3200,2091,166,256
25,3200,2092,166,256
25,3200,2093,166,256
25,3200,2094,167,257
25,3200,2095,167,257
25,3200,2096,167,257
25,3200,2097,167,257
25,3200,2098,167,257
25,3200,2099,167,257
25,3200,2100,167,257
25,3200,2101,167,257
25,3200,2102,167,257
25,3200,2103,167,258
25,3200,2104,167,258
25,3200,2105,168,258
25,3200,2106,168,258
25,3200,2107,168,258
25,3200,2108,168,258
25,3200,2109,168,258
25,3200,2110,168,258
25,3200,2111,168,258
25,3200,2112,168,259
25,3200,2113,168,259
25,3200,2114,168,259
25,3200,2115,168,259
25,3200,2116,169,259
25,3200,2117,169,259
25,3200,2118,169,259
25,3200,2119,169,259
25,3200,2120,169,259
25,3200,2121,169,260
25,3200,2122,169,260
25,3200,2123,169,260
25,3200,2124,169,260
25,3200,2125,169,260
25,3200,2126,169,260
25,3200,2127,170,260
25,3200,2128,170,260
25,3200,2129,170,260
25,3200,2130,170,261
25,3200,2131,170,261
25,3200,2132,170,261
25,3200,2133,170,261
25,3200,2134,170,261
25,3200,2135,170,261
25,3200,2136,170,261
25,3200,2137,170,261
25,3200,2138,170,261
25,3200,2139,171,262
25,3200,2140,171,262
25,3200,2141,171,262
25,3200,2142,171,262
25,3200,2143,171,262
25,3200,2144,171,262
25,3200,2145,171,262
25,3200,2146,171,262
25,3200,2147,171,262
25,3200,2148,171,263
25,3200,2149,171,263
25,3200,2150,172,263
25,3200,2151,172,263
25,3200,2152,172,263
25,3200,2153,172,263
25,3200,2154,172,263
25,3200,2155,172,263
25,3200,2156,172,263
25,3200,2157,172,264
25,3200,2158,172,264
25,3200,2159,172,264
25,3200,2160,172,264
25,3200,2161,173,264
25,3200,2162,173,264
25,3200,2163,173,264
25,3200,2164,173,264
25,3200,2165,173,264
25,3200,2166,173,265
25,3200,2167,173,265
25,3200,2168,173,265
25,3200,2169,173,265
25,3200,2170,173,265
25,3200,2171,173,265
25,3200,2172,173,265
25,3200,2173,174,265
25,3200,2174,174,265
25,3200,2175,174,266
25,3200,2176,174,266
25,3200,2177,174,266
25,3200,2178,174,266
25,3200,2179,174,266
25,3200,2180,174,266
25,3200,2181,174,266
25,3200,2182,174,266
25,3200,2183,174,266
25,3200,2184,175,267
25,3200,2185,175,267
25,3200,2186,175,267
25,3200,2187,175,267
25,3200,2188,175,267
25,3200,2189,175,267
25,3200,2190,175,267
25,3200,2191,175,267
25,3200,2192,175,267
25,3200,2193,175,268
25,3200,2194,175,268
25,3200,2195,176,268
25,3200,2196,176,268
25,3200,2197,176,268
25,3200,2198,176,268
25,3200,2199,176,268
25,3200,2200,176,268
25,3200,2201,176,268
25,3200,2202,176,269
25,3200,2203,176,269
25,3200,2204,176,269
25,3200,2205,176,269
25,3200,2206,177,269
25,3200,2207,177,269
25,3200,2208,177,269
25,3200,2209,177,269
25,3200,2210,177,269
25,3200,2211,177,270
25,3200,2212,177,270
25,3200,2213,177,270
25,3200,2214,177,270
25,3200,2215,177,270
25,3200,2216,177,270
25,3200,2217,177,270
25,3200,2218,178,270
25,3200,2219,178,270
25,3200,2220,178,271
25,3200,2221,178,271
25,3200,2222,178,271
25,3200,2223,178,271
25,3200,2224,178,271
25,3200,2225,178,271
25,3200,2226,178,271
25,3200,2227,178,271
25,3200,2228,178,271
25,3200,2229,179,272
25,3200,2230,179,272
25,3200,2231,179,272
25,3200,2232,179,272
25,3200,2233,179,272
25,3200,2234,179,272
25,3200,2235,179,272
25,3200,2236,179,272
25,3200,2237,179,272
25,3200,2238,179,273
25,3200,2239,179,273
25,3200,2240,180,273
25,3200,2241,180,273
25,3200,2242,180,273
25,3200,2243,180,273
25,3200,2244,180,273
25,3200,2245,180,273
25,3200,2246,180,273
25,3200,2247,180,274
25,3200,2248,180,274
25,3200,2249,180,274
25,3200,2250,180,274
25,3200,2251,181,274
25,3200,2252,181,274
25,3200,2253,181,274
25,3200,2254,181,274
25,3200,2255,181,274
25,3200,2256,181,275
25,3200,2257,181,275
25,3200,2258,181,275
25,3200,2259,181,275
25,3200,2260,181,275
25,3200,2261,181,275
25,3200,2262,181,275
25,3200,2263,182,275
25,3200,2264,182,275
25,3200,2265,182,276
25,3200,2266,182,276
25,3200,2267,182,276
25,3200,2268,182,276
25,3200,2269,182,276
25,3200,2270,182,276
25,3200,2271,182,276
25,3200,2272,182,276
25,3200,2273,182,276
25,3200,2274,183,277
25,3200,2275,183,277
25,3200,2276,183,277
25,3200,2277,183,277
25,3200,2278,183,277
25,3200,2279,183,277
25,3200,2280,183,277
25,3200,2281,183,277
25,3200,2282,183,277
25,3200,2283,183,278
25,3200,2284,183,278
25,3200,2285,184,278
25,3200,2286,184,278
25,3200,2287,184,278
25,3200,2288,184,278
25,3200,2289,184,278
25,3200,2290,184,278
25,3200,2291,184,278
25,3200,2292,184,279
25,3200,2293,184,279
25,3200,2294,184,279
25,3200,2295,184,279
25,3200,2296,185,279
25,3200,2297,185,279
25,3200,2298,185,279
25,3200,2299,185,279
25,3200,2300,185,279
25,3200,2301,185,280
25,3200,2302,185,280
25,3200,2303,185,280
25,3200,2304,185,280
25,3200,2305,185,280
25,3200,2306,185,280
25,3200,2307,185,280
25,3200,2308,186,280
25,3200,2309,186,280
25,3200,2310,186,281
25,3200,2311,186,281
25,3200,2312,186,281
25,3200,2313,186,281
25,3200,2314,186,281
25,3200,2315,186,281
25,3200,2316,186,281
25,3200,2317,186,281
25,3200,2318,186,281
25,3200,2319,187,282
25,3200,2320,187,282
25,3200,2321,187,282
25,3200,2322,187,282
25,3200,2323,187,282
25,3200,2324,187,282
25,3200,2325,187,282
25,3200,2326,187,282
25,3200,2327,187,282
25,3200,2328,187,283
25,3200,2329,187,283
25,3200,2330,188,283
25,3200,2331,188,283
25,3200,2332,188,283
25,3200,2333,188,283
25,3200,2334,188,283
25,3200,2335,188,283
25,3200,2336,188,283
25,3200,2337,188,284
25,3200,2338,188,284
25,3200,2339,188,284
25,3200,2340,188,284
25,3200,2341,189,284
25,3200,2342,189,284
25,3200,2343,189,284
25,3200,2344,189,284
25,3200,2345,189,284
25,3200,2346,189,285
25,3200,2347,189,285
25,3200,2348,189,285
25,3200,2349,189,285
25,3200,2350,189,285
25,3200,2351,189,285
25,3200,2352,189,285
25,3200,2353,190,285
25,3200,2354,190,285
25,3200,2355,190,286
25,3200,2356,190,286
25,3200,2357,190,286
25,3200,2358,190,286
25,3200,2359,190,286
25,3200,2360,190,286
25,3200,2361,190,286
25,3200,2362,190,286
25,3200,2363,190,286
25,3200,2364,191,287
25,3200,2365,191,287
25,3200,2366,191,287
25,3200,2367,191,287
25,3200,2368,191,287
25,3200,2369,191,287
25,3200,2370,191,287
25,3200,2371,191,287
25,3200,2372,191,287
25,3200,2373,191,288
25,3200,2374,191,288
25,3200,2375,192,288
25,3200,2376,192,288
25,3200,2377,192,288
25,3200,2378,192,288
25,3200,2379,192,288
25,3200,2380,192,288
25,3200,2381,192,288
25,3200,2382,192,289
25,3200,2383,192,289
25,3200,2384,192,289
25,3200,2385,192,289
25,3200,2386,193,289
25,3200,2387,193,289
25,3200,2388,193,289
25,3200,2389,193,289
25,3200,2390,193,289
25,3200,2391,193,290
25,3200,2392,193,290
25,3200,2393,193,290
25,3200,2394,193,290
25,3200,2395,193,290
25,3200,2396,193,290
25,3200,2397,194,290
25,3200,2398,194,290
25,3200,2399,194,290
25,3200,2400,194,291
25,3200,2401,194,291
25,3200,2402,194,291
25,3200,2403,194,291
25,3200,2404,194,291
25,3200,2405,194,291
25,3200,2406,194,291
25,3200,2407,194,291
25,3200,2408,194,291
25,3200,2409,195,292
25,3200,2410,195,292
25,3200,2411,195,292
25,3200,2412,195,292
25,3200,2413,195,292
25,3200,2414,195,292
25,3200,2415,195,292
25,3200,2416,195,292
25,3200,2417,195,292
25,3200,2418,195,293
25,3200,2419,195,293
25,3200,2420,196,293
25,3200,2421,196,293
25,3200,2422,196,293
25,3200,2423,196,293
25,3200,2424,196,293
25,3200,2425,196,293
25,3200,2426,196,293
25,3200,2427,196,294
25,3200,2428,196,294
25,3200,2429,196,294
25,3200,2430,196,294
25,3200,2431,197,294
25,3200,2432,197,294
25,3200,2433,197,294
25,3200,2434,197,294
25,3200,2435,197,294
25,3200,2436,197,295
25,3200,2437,197,295
25,3200,2438,197,295
25,3200,2439,197,295
25,3200,2440,197,295
25,3200,2441,197,295
25,3200,2442,198,295
25,3200,2443,198,295
25,3200,2444,198,295
25,3200,2445,198,296
25,3200,2446,198,296
25,3200,2447,198,296
25,3200,2448,198,296
25,3200,2449,198,296
25,3200,2450,198,296
25,3200,2451,198,296
25,3200,2452,198,296
25,3200,2453,199,296
25,3200,2454,199,297
25,3200,2455,199,297
25,3200,2456,199,297
25,3200,2457,199,297
25,3200,2458,199,297
25,3200,2459,199,297
25,3200,2460,199,297
25,3200,2461,199,297
25,3200,2462,199,297
25,3200,2463,199,298
25,3200,2464,199,298
25,3200,2465,200,298
25,3200,2466,200,298
25,3200,2467,200,298
25,3200,2468,200,298
25,3200,2469,200,298
25,3200,2470,200,298
25,3200,2471,200,298
25,3200,2472,200,299
25,3200,2473,200,299
25,3200,2474,200,299
25,3200,2475,200,299
25,3200,2476,201,299
25,3200,2477,201,299
25,3200,2478,201,299
25,3200,2479,201,299
25,3200,2480,201,299
25,3200,2481,201,300
25,3200,2482,201,300
25,3200,2483,201,300
25,3200,2484,201,300
25,3200,2485,201,300
25,3200,2486,201,300
25,3200,2487,202,300
25,3200,2488,202,300
25,3200,2489,202,300
25,3200,2490,202,301
25,3200,2491,202,301
25,3200,2492,202,301
25,3200,2493,202,301
25,3200,2494,202,301
25,3200,2495,202,301
25,3200,2496,202,301
25,3200,2497,202,301
25,3200,2498,203,301
25,3200,2499,203,302
25,3200,2500,203,302
25,3200,2501,203,302
25,3200,2502,203,302
25,3200,2503,203,302
25,3200,2504,203,302
25,3200,2505,203,302
25,3200,2506,203,302
25,3200,2507,203,302
25,3200,2508,203,303
25,3200,2509,204,303
25,3200,2510,204,303
25,3200,2511,204,303
25,3200,2512,204,303
25,3200,2513,204,303
25,3200,2514,204,303
25,3200,2515,204,303
25,3200,2516,204,303
25,3200,2517,204,304
25,3200,2518,204,304
25,3200,2519,204,304
25,3200,2520,204,304
25,3200,2521,205,304
25,3200,2522,205,304
25,3200,2523,205,304
25,3200,2524,205,304
25,3200,2525,205,304
25,3200,2526,205,305
25,3200,2527,205,305
25,3200,2528,205,305
25,3200,2529,205,305
25,3200,2530,205,305
25,3200,2531,205,305
25,3200,2532,206,305
25,3200,2533,206,305
25,3200,2534,206,305
25,3200,2535,206,306
25,3200,2536,206,306
25,3200,2537,206,306
25,3200,2538,206,306
25,3200,2539,206,306
25,3200,2540,206,306
25,3200,2541,206,306
25,3200,2542,206,306
25,3200,2543,207,306
25,3200,2544,207,307
25,3200,2545,207,307
25,3200,2546,207,307
25,3200,2547,207,307
25,3200,2548,207,307
25,3200,2549,207,307
25,3200,2550,207,307
25,3200,2551,207,307
25,3200,2552,207,307
25,3200,2553,207,308
25,3200,2554,208,308
25,3200,2555,208,308
25,3200,2556,208,308
25,3200,2557,208,308
25,3200,2558,208,308
25,3200,2559,208,308
25,3200,2560,208,308
25,3200,2561,208,308
25,3200,2562,208,309
25,3200,2563,208,309
25,3200,2564,208,309
25,3200,2565,209,309
25,3200,2566,209,309
25,3200,2567,209,309
25,3200,2568,209,309
25,3200,2569,209,309
25,3200,2570,209,309
25,3200,2571,209,310
25,3200,2572,209,310
25,3200,2573,209,310
25,3200,2574,209,310
25,3200,2575,209,310
25,3200,2576,210,310
25,3200,2577,210,310
25,3200,2578,210,310
25,3200,2579,210,310
25,3200,2580,210,311
25,3200,2581,210,311
25,3200,2582,210,311
25,3200,2583,210,311
25,3200,2584,210,311
25,3200,2585,210,311
25,3200,2586,210,311
25,3200,2587,210,311
25,3200,2588,211,311
25,3200,2589,211,312
25,3200,2590,211,312
25,3200,2591,211,312
25,3200,2592,211,312
25,3200,2593,211,312
25,3200,2594,211,312
25,3200,2595,211,312
25,3200,2596,211,312
25,3200,2597,211,312
25,3200,2598,211,313
25,3200,2599,212,313
25,3200,2600,212,313
25,3200,2601,212,313
25,3200,2602,212,313
25,3200,2603,212,313
25,3200,2604,212,313
25,3200,2605,212,313
25,3200,2606,212,313
25,3200,2607,212,314
25,3200,2608,212,314
25,3200,2609,212,314
25,3200,2610,213,314
25,3200,2611,213,314
25,3200,2612,213,314
25,3200,2613,213,314
25,3200,2614,213,314
25,3200,2615,213,314
25,3200,2616,213,315
25,3200,2617,213,315
25,3200,2618,213,315
25,3200,2619,213,315
25,3200,2620,213,315
25,3200,2621,214,315
25,3200,2622,214,315
25,3200,2623,214,315
25,3200,2624,214,315
25,3200,2625,214,316
25,3200,2626,214,316
25,3200,2627,214,316
25,3200,2628,214,316
25,3200,2629,214,316
25,3200,2630,214,316
25,3200,2631,214,316
25,3200,2632,215,316
25,3200,2633,215,316
25,3200,2634,215,317
25,3200,2635,215,317
25,3200,2636,215,317
25,3200,2637,215,317
25,3200,2638,215,317
25,3200,2639,215,317
25,3200,2640,215,317
25,3200,2641,215,317
25,3200,2642,215,317
25,3200,2643,216,318
25,3200,2644,216,318
25,3200,2645,216,318
25,3200,2646,216,318
25,3200,2647,216,318
25,3200,2648,216,318
25,3200,2649,216,318
25,3200,2650,216,318
25,3200,2651,216,318
25,3200,2652,216,319
25,3200,2653,216,319
25,3200,2654,217,319
25,3200,2655,217,319
25,3200,2656,217,319
25,3200,2657,217,319
25,3200,2658,217,319
25,3200,2659,217,319
25,3200,2660,217,319
25,3200,2661,217,320
25,3200,2662,217,320
25,3200,2663,217,320
25,3200,2664,217,320
25,3200,2665,217,320
25,3200,2666,218,320
25,3200,2667,218,320
25,3200,2668,218,320
25,3200,2669,218,320
25,3200,2670,218,321
25,3200,2671,218,321
25,3200,2672,218,321
25,3200,2673,218,321
25,3200,2674,218,321
25,3200,2675,218,321
25,3200,2676,218,321
25,3200,2677,219,321
25,3200,2678,219,321
25,3200,2679,219,322
25,3200,2680,219,322
25,3200,2681,219,322
25,3200,2682,219,322
25,3200,2683,219,322
25,3200,2684,219,322
25,3200,2685,219,322
25,3200,2686,219,322
25,3200,2687,219,322
25,3200,2688,220,323
25,3200,2689,220,323
25,3200,2690,220,323
25,3200,2691,220,323
25,3200,2692,220,323
25,3200,2693,220,323
25,3200,2694,220,323
25,3200,2695,220,323
25,3200,2696,220,323
25,3200,2697,220,323
25,3200,2698,220,324
25,3200,2699,221,324
25,3200,2700,221,324
25,3200,2701,221,324
25,3200,2702,221,324
25,3200,2703,221,324
25,3200,2704,221,324
25,3200,2705,221,324
25,3200,2706,221,324
25,3200,2707,221,325
25,3200,2708,221,325
25,3200,2709,221,325
25,3200,2710,222,325
25,3200,2711,222,325
25,3200,2712,222,325
25,3200,2713,222,325
25,3200,2714,222,325
25,3200,2715,222,325
25,3200,2716,222,326
25,3200,2717,222,326
25,3200,2718,222,326
25,3200,2719,222,326
25,3200,2720,222,326
25,3200,2721,223,326
25,3200,2722,223,326
25,3200,2723,223,326
25,3200,2724,223,326
25,3200,2725,223,327
25,3200,2726,223,327
25,3200,2727,223,327
25,3200,2728,223,327
25,3200,2729,223,327
25,3200,2730,223,327
25,3200,2731,223,327
25,3200,2732,224,327
25,3200,2733,224,327
25,3200,2734,224,328
25,3200,2735,224,328
25,3200,2736,224,328
25,3200,2737,224,328
25,3200,2738,224,328
25,3200,2739,224,328
25,3200,2740,224,328
25,3200,2741,224,328
25,3200,2742,224,328
25,3200,2743,224,329
25,3200,2744,225,329
25,3200,2745,225,329
25,3200,2746,225,329
25,3200,2747,225,329
25,3200,2748,225,329
25,3200,2749,225,329
25,3200,2750,225,329
25,3200,2751,225,329
25,3200,2752,225,330
25,3200,2753,225,330
25,3200,2754,225,330
25,3200,2755,226,330
25,3200,2756,226,330
25,3200,2757,226,330
25,3200,2758,226,330
25,3200,2759,226,330
25,3200,2760,226,330
25,3200,2761,226,331
25,3200,2762,226,331
25,3200,2763,226,331
25,3200,2764,226,331
25,3200,2765,226,331
25,3200,2766,227,331
25,3200,2767,227,331
25,3200,2768,227,331
25,3200,2769,227,331
25,3200,2770,227,332
25,3200,2771,227,332
25,3200,2772,227,332
25,3200,2773,227,332
25,3200,2774,227,332
25,3200,2775,227,332
25,3200,2776,227,332
25,3200,2777,228,332
25,3200,2778,228,332
25,3200,2779,228,333
25,3200,2780,228,333
25,3200,2781,228,333
25,3200,2782,228,333
25,3200,2783,228,333
25,3200,2784,228,333
25,3200,2785,228,333
25,3200,2786,228,333
25,3200,2787,228,333
25,3200,2788,229,334
25,3200,2789,229,334
25,3200,2790,229,334
25,3200,2791,229,334
25,3200,2792,229,334
25,3200,2793,229,334
25,3200,2794,229,334
25,3200,2795,229,334
25,3200,2796,229,334
25,3200,2797,229,335
25,3200,2798,229,335
25,3200,2799,230,335
25,3200,2800,230,335
25,3200,2801,230,335
25,3200,2802,230,335
25,3200,2803,230,335
25,3200,2804,230,335
25,3200,2805,230,335
25,3200,2806,230,336
25,3200,2807,230,336
25,3200,2808,230,336
25,3200,2809,230,336
25,3200,2810,231,336
25,3200,2811,231,336
25,3200,2812,231,336
25,3200,2813,231,336
25,3200,2814,231,336
25,3200,2815,231,337
25,3200,2816,231,337
25,3200,2817,231,337
25,3200,2818,231,337
25,3200,2819,231,337
25,3200,2820,231,337
25,3200,2821,232,337
25,3200,2822,232,337
25,3200,2823,232,337
25,3200,2824,232,338
25,3200,2825,232,338
25,3200,2826,232,338
25,3200,2827,232,338
25,3200,2828,232,338
25,3200,2829,232,338
25,3200,2830,232,338
25,3200,2831,232,338
25,3200,2832,232,338
25,3200,2833,233,339
25,3200,2834,233,339
25,3200,2835,233,339
25,3200,2836,233,339
25,3200,2837,233,339
25,3200,2838,233,339
25,3200,2839,233,339
25,3200,2840,233,339
25,3200,2841,233,339
25,3200,2842,233,339
25,3200,2843,233,340
25,3200,2844,234,340
25,3200,2845,234,340
25,3200,2846,234,340
25,3200,2847,234,340
25,3200,2848,234,340
25,3200,2849,234,340
25,3200,2850,234,340
25,3200,2851,234,340
25,3200,2852,234,341
25,3200,2853,234,341
25,3200,2854,234,341
25,3200,2855,235,341
25,3200,2856,235,341
25,3200,2857,235,341
25,3200,2858,235,341
25,3200,2859,235,341
25,3200,2860,235,341
25,3200,2861,235,342
25,3200,2862,235,342
25,3200,2863,235,342
25,3200,2864,235,342
25,3200,2865,235,342
25,3200,2866,236,342
25,3200,2867,236,342
25,3200,2868,236,342
25,3200,2869,236,342
25,3200,2870,236,343
25,3200,2871,236,343
25,3200,2872,236,343
25,3200,2873,236,343
25,3200,2874,236,343
25,3200,2875,236,343
25,3200,2876,236,343
25,3200,2877,237,343
25,3200,2878,237,343
25,3200,2879,237,344
25,3200,2880,237,344
25,3200,2881,237,344
25,3200,2882,237,344
25,3200,2883,237,344
25,3200,2884,237,344
25,3200,2885,237,344
25,3200,2886,237,344
25,3200,2887,237,344
25,3200,2888,238,345
25,3200,2889,238,345
25,3200,2890,238,345
25,3200,2891,238,345
25,3200,2892,238,345
25,3200,2893,238,345
25,3200,2894,238,345
25,3200,2895,238,345
25,3200,2896,238,345
25,3200,2897,238,346
25,3200,2898,238,346
25,3200,2899,239,346
25,3200,2900,239,346
25,3200,2901,239,346
25,3200,2902,239,346
25,3200,2903,239,346
25,3200,2904,239,346
25,3200,2905,239,346
25,3200,2906,239,347
25,3200,2907,239,347
25,3200,2908,239,347
25,3200,2909,239,347
25,3200,2910,240,347
25,3200,2911,240,347
25,3200,2912,240,347
25,3200,2913,240,347
25,3200,2914,240,347
25,3200,2915,240,348
25,3200,2916,240,348
25,3200,2917,240,348
25,3200,2918,240,348
25,3200,2919,240,348
25,3200,2920,240,348
25,3200,2921,241,348
25,3200,2922,241,348
25,3200,2923,241,348
25,3200,2924,241,349
25,3200,2925,241,349
25,3200,2926,241,349
25,3200,2927,241,349
25,3200,2928,241,349
25,3200,2929,241,349
25,3200,2930,241,349
25,3200,2931,241,349
25,3200,2932,242,349
25,3200,2933,242,350
25,3200,2934,242,350
25,3200,2935,242,350
25,3200,2936,242,350
25,3200,2937,242,350
25,3200,2938,242,350
25,3200,2939,242,350
25,3200,2940,242,350
25,3200,2941,242,350
25,3200,2942,242,351
25,3200,2943,242,351
25,3200,2944,243,351
25,3200,2945,243,351
25,3200,2946,243,351
25,3200,2947,243,351
25,3200,2948,243,351
25,3200,2949,243,351
25,3200,2950,243,351
25,3200,2951,243,352
25,3200,2952,243,352
25,3200,2953,243,352
25,3200,2954,243,352
25,3200,2955,244,352
25,3200,2956,244,352
25,3200,2957,244,352
25,3200,2958,244,352
25,3200,2959,244,352
25,3200,2960,244,352
25,3200,2961,244,353
25,3200,2962,244,353
25,3200,2963,244,353
25,3200,2964,244,353
25,3200,2965,244,353
25,3200,2966,245,353
25,3200,2967,245,353
25,3200,2968,245,353
25,3200,2969,245,353
25,3200,2970,245,354
25,3200,2971,245,354
25,3200,2972,245,354
25,3200,2973,245,354
25,3200,2974,245,354
25,3200,2975,245,354
25,3200,2976,245,354
25,3200,2977,246,354
25,3200,2978,246,354
25,3200,2979,246,355
25,3200,2980,246,355
25,3200,2981,246,355
25,3200,2982,246,355
25,3200,2983,246,355
25,3200,2984,246,355
25,3200,2985,246,355
25,3200,2986,246,355
25,3200,2987,246,355
25,3200,2988,247,356
25,3200,2989,247,356
25,3200,2990,247,356
25,3200,2991,247,356
25,3200,2992,247,356
25,3200,2993,247,356
25,3200,2994,247,356
25,3200,2995,247,356
25,3200,2996,247,356
25,3200,2997,247,357
25,3200,2998,247,357
25,3200,2999,248,357
25,3200,3000,248,357
25,3200,3001,248,357
25,3200,3002,248,357
25,3200,3003,248,357
25,3200,3004,248,357
25,3200,3005,248,357
25,3200,3006,248,358
25,3200,3007,248,358
25,3200,3008,248,358
25,3200,3009,248,358
25,3200,3010,249,358
25,3200,3011,249,358
25,3200,3012,249,358
25,3200,3013,249,358
25,3200,3014,249,358
25,3200,3015,249,359
25,3200,3016,249,359
25,3200,3017,249,359
25,3200,3018,249,359
25,3200,3019,249,359
25,3200,3020,249,359
25,3200,3021,250,359
25,3200,3022,250,359
25,3200,3023,250,359
25,3200,3024,250,360
25,3200,3025,250,360
25,3200,3026,250,360
25,3200,3027,250,360
25,3200,3028,250,360
25,3200,3029,250,360
25,3200,3030,250,360
25,3200,3031,250,360
25,3200,3032,251,360
25,3200,3033,251,361
25,3200,3034,251,361
25,3200,3035,251,361
25,3200,3036,251,361
25,3200,3037,251,361
25,3200,3038,251,361
25,3200,3039,251,361
25,3200,3040,251,361
25,3200,3041,251,361
25,3200,3042,251,362
25,3200,3043,252,362
25,3200,3044,252,362
25,3200,3045,252,362
25,3200,3046,252,362
25,3200,3047,252,362
25,3200,3048,252,362
25,3200,3049,252,362
25,3200,3050,252,362
25,3200,3051,252,362
25,3200,3052,252,363
25,3200,3053,252,363
25,3200,3054,253,363
25,3200,3055,253,363
25,3200,3056,253,363
25,3200,3057,253,363
25,3200,3058,253,363
25,3200,3059,253,363
25,3200,3060,253,363
25,3200,3061,253,364
25,3200,3062,253,364
25,3200,3063,253,364
25,3200,3064,253,364
25,3200,3065,254,364
25,3200,3066,254,364
25,3200,3067,254,364
25,3200,3068,254,364
25,3200,3069,254,364
25,3200,3070,254,365
25,3200,3071,254,365
25,3200,3072,254,365
25,3200,3073,254,365
25,3200,3074,254,365
25,3200,3075,254,365
25,3200,3076,254,365
25,3200,3077,255,365
25,3200,3078,255,365
25,3200,3079,255,366
25,3200,3080,255,366
25,3200,3081,255,366
25,3200,3082,255,366
25,3200,3083,255,366
25,3200,3084,255,366
25,3200,3085,255,366
25,3200,3086,255,366
25,3200,3087,255,366
25,3200,3088,256,367
25,3200,3089,256,367
25,3200,3090,256,367
25,3200,3091,256,367
25,3200,3092,256,367
25,3200,3093,256,367
25,3200,3094,256,367
25,3200,3095,256,367
25,3200,3096,256,367
25,3200,3097,256,368
25,3200,3098,256,368
25,3200,3099,257,368
25,3200,3100,257,368
25,3200,3101,257,368
25,3200,3102,257,368
25,3200,3103,257,368
25,3200,3104,257,368
25,3200,3105,257,368
25,3200,3106,257,369
25,3200,3107,257,369
25,3200,3108,257,369
25,3200,3109,257,369
25,3200,3110,258,369
25,3200,3111,258,369
25,3200,3112,258,369
25,3200,3113,258,369
25,3200,3114,258,369
25,3200,3115,258,370
25,3200,3116,258,370
25,3200,3117,258,370
25,3200,3118,258,370
25,3200,3119,258,370
25,3200,3120,258,370
25,3200,3121,259,370
25,3200,3122,259,370
25,3200,3123,259,370
25,3200,3124,259,371
25,3200,3125,259,371
25,3200,3126,259,371
25,3200,3127,259,371
25,3200,3128,259,371
25,3200,3129,259,371
25,3200,3130,259,371
25,3200,3131,259,371
25,3200,3132,260,371
25,3200,3133,260,372
25,3200,3134,260,372
25,3200,3135,260,372
25,3200,3136,260,372
25,3200,3137,260,372
25,3200,3138,260,372
25,3200,3139,260,372
25,3200,3140,260,372
25,3200,3141,260,372
25,3200,3142,260,372
25,3200,3143,261,373
25,3200,3144,261,373
25,3200,3145,261,373
25,3200,3146,261,373
25,3200,3147,261,373
25,3200,3148,261,373
25,3200,3149,261,373
25,3200,3150,261,373
25,3200,3151,261,373
25,3200,3152,261,374
25,3200,3153,261,374
25,3200,3154,262,374
25,3200,3155,262,374
25,3200,3156,262,374
25,3200,3157,262,374
25,3200,3158,262,374
25,3200,3159,262,374
25,3200,3160,262,374
25,3200,3161,262,375
25,3200,3162,262,375
25,3200,3163,262,375
25,3200,3164,262,375
25,3200,3165,263,375
25,3200,3166,263,375
25,3200,3167,263,375
25,3200,3168,263,375
25,3200,3169,263,375
25,3200,3170,263,376
25,3200,3171,263,376
25,3200,3172,263,376
25,3200,3173,263,376
25,3200,3174,263,376
25,3200,3175,263,376
25,3200,3176,264,376
25,3200,3177,264,376
25,3200,3178,264,376
25,3200,3179,264,377
25,3200,3180,264,377
25,3200,3181,264,377
25,3200,3182,264,377
25,3200,3183,264,377
25,3200,3184,264,377
25,3200,3185,264,377
25,3200,3186,264,377
25,3200,3187,265,377
25,3200,3188,265,378
25,3200,3189,265,378
25,3200,3190,265,378
25,3200,3191,265,378
25,3200,3192,265,378
25,3200,3193,265,378
25,3200,3194,265,378
25,3200,3195,265,378
25,3200,3196,265,378
25,3200,3197,265,379
25,3200,3198,266,379
25,3200,3199,266,379
25,3200,3200,266,379
50,50,1,,
50,50,2,,
50,50,3,,
50,50,4,,4
50,50,5,,4
50,50,6,,4
50,50,7,,5
50,50,8,,5
50,50,9,,5
50,50,10,,5
50,50,11,,5
50,50,12,,6
50,50,13,,6
50,50,14,,6
50,50,15,,6
50,50,16,,6
50,50,17,,7
50,50,18,,7
50,50,19,,7
50,50,20,,7
50,50,21,,7
50,50,22,,8
50,50,23,,8
50,50,24,,8
50,50,25,,8
50,50,26,,8
50,50,27,,8
50,50,28,,9
50,50,29,,9
50,50,30,,9
50,50,31,,9
50,50,32,0,9
50,50,33,0,9
50,50,34,0,10
50,50,35,0,10
50,50,36,0,10
50,50,37,0,10
50,50,38,0,10
50,50,39,0,10
50,50,40,0,11
50,50,41,0,11
50,50,42,0,11
50,50,43,0,11
50,50,44,0,11
50,50,45,0,11
50,50,46,0,12
50,50,47,0,12
50,50,48,0,12
50,50,49,0,12
50,50,50,0,12
50,100,1,,
50,100,2,,
50,100,3,,
50,100,4,,4
50,100,5,,4
50,100,6,,4
50,100,7,,5
50,100,8,,5
50,100,9,,5
50,100,10,,5
50,100,11,,5
50,100,12,,6
50,100,13,,6
50,100,14,,6
50,100,15,,6
50,100,16,,6
50,100,17,,7
50,100,18,,7
50,100,19,,7
50,100,20,,7
50,100,21,,7
50,100,22,,8
50,100,23,,8
50,100,24,,8
50,100,25,,8
50,100,26,,8
50,100,27,,8
50,100,28,,9
50,100,29,,9
50,100,30,,9
50,100,31,,9
50,100,32,0,9
50,100,33,0,9
50,100,34,0,10
50,100,35,0,10
50,100,36,0,10
50,100,37,0,10
50,100,38,0,10
50,100,39,0,10
50,100,40,0,11
50,100,41,0,11
50,100,42,0,11
50,100,43,0,11
50,100,44,0,11
50,100,45,0,11
50,100,46,0,12
50,100,47,0,12
50,100,48,0,12
50,100,49,0,12
50,100,50,0,12
50,100,51,0,12
50,100,52,0,13
50,100,53,0,13
50,100,54,0,13
50,100,55,1,13
50,100,56,1,13
50,100,57,1,13
50,100,58,1,14
50,100,59,1,14
50,100,60,1,14
50,100,61,1,14
50,100,62,1,14
50,100,63,1,14
50,100,64,1,14
50,100,65,1,15
50,100,66,1,15
50,100,67,1,15
50,100,68,1,15
50,100,69,1,15
50,100,70,1,15
50,100,71,1,16
50,100,72,1,16
50,100,73,1,16
50,100,74,2,16
50,100,75,2,16
50,100,76,2,16
50,100,77,2,16
50,100,78,2,17
50,100,79,2,17
50,100,80,2,17
50,100,81,2,17
50,100,82,2,17
50,100,83,2,17
50,100,84,2,18
50,100,85,2,18
50,100,86,2,18
50,100,87,2,18
50,100,88,2,18
50,100,89,2,18
50,100,90,2,18
50,100,91,2,19
50,100,92,3,19
50,100,93,3,19
50,100,94,3,19
50,100,95,3,19
50,100,96,3,19
50,100,97,3,19
50,100,98,3,20
50,100,99,3,20
50,100,100,3,20
50,200,1,,
50,200,2,,
50,200,3,,
50,200,4,,4
50,200,5,,4
50,200,6,,4
50,200,7,,5
50,200,8,,5
50,200,9,,5
50,200,10,,5
50,200,11,,5
50,200,12,,6
50,200,13,,6
50,200,14,,6
50,200,15,,6
50,200,16,,6
50,200,17,,7
50,200,18,,7
50,200,19,,7
50,200,20,,7
50,200,21,,7
50,200,22,,8
50,200,23,,8
50,200,24,,8
50,200,25,,8
50,200,26,,8
50,200,27,,8
50,200,28,,9
50,200,29,,9
50,200,30,,9
50,200,31,,9
50,200,32,0,9
50,200,33,0,9
50,200,34,0,10
50,200,35,0,10
50,200,36,0,10
50,200,37,0,10
50,200,38,0,10
50,200,39,0,10
50,200,40,0,11
50,200,41,0,11
50,200,42,0,11
50,200,43,0,11
50,200,44,0,11
50,200,45,0,11
50,200,46,0,12
50,200,47,0,12
50,200,48,0,12
50,200,49,0,12
50,200,50,0,12
50,200,51,0,12
50,200,52,0,13
50,200,53,0,13
50,200,54,0,13
50,200,55,1,13
50,200,56,1,13
50,200,57,1,13
50,200,58,1,14
50,200,59,1,14
50,200,60,1,14
50,200,61,1,14
50,200,62,1,14
50,200,63,1,14
50,200,64,1,14
50,200,65,1,15
50,200,66,1,15
50,200,67,1,15
50,200,68,1,15
50,200,69,1,15
50,200,70,1,15
50,200,71,1,16
50,200,72,1,16
50,200,73,1,16
50,200,74,2,16
50,200,75,2,16
50,200,76,2,16
50,200,77,2,16
50,200,78,2,17
50,200,79,2,17
50,200,80,2,17
50,200,81,2,17
50,200,82,2,17
50,200,83,2,17
50,200,84,2,18
50,200,85,2,18
50,200,86,2,18
50,200,87,2,18
50,200,88,2,18
50,200,89,2,18
50,200,90,2,18
50,200,91,2,19
50,200,92,3,19
50,200,93,3,19
50,200,94,3,19
50,200,95,3,19
50,200,96,3,19
50,200,97,3,19
50,200,98,3,20
50,200,99,3,20
50,200,100,3,20
50,200,101,3,20
50,200,102,3,20
50,200,103,3,20
50,200,104,3,20
50,200,105,3,21
50,200,106,3,21
50,200,107,3,21
50,200,108,3,21
50,200,109,4,21
50,200,110,4,21
50,200,111,4,21
50,200,112,4,22
50,200,113,4,22
50,200,114,4,22
50,200,115,4,22
50,200,116,4,22
50,200,117,4,22
50,200,118,4,22
50,200,119,4,23
50,200,120,4,23
50,200,121,4,23
50,200,122,4,23
50,200,123,4,23
50,200,124,4,23
50,200,125,5,23
50,200,126,5,24
50,200,127,5,24
50,200,128,5,24
50,200,129,5,24
50,200,130,5,24
50,200,131,5,24
50,200,132,5,24
50,200,133,5,25
50,200,134,5,25
50,200,135,5,25
50,200,136,5,25
50,200,137,5,25
50,200,138,5,25
50,200,139,5,25
50,200,140,5,26
50,200,141,6,26
50,200,142,6,26
50,200,143,6,26
50,200,144,6,26
50,200,145,6,26
50,200,146,6,26
50,200,147,6,27
50,200,148,6,27
50,200,149,6,27
50,200,150,6,27
50,200,151,6,27
50,200,152,6,27
50,200,153,6,27
50,200,154,6,27
50,200,155,6,28
50,200,156,7,28
50,200,157,7,28
50,200,158,7,28
50,200,159,7,28
50,200,160,7,28
50,200,161,7,28
50,200,162,7,29
50,200,163,7,29
50,200,164,7,29
50,200,165,7,29
50,200,166,7,29
50,200,167,7,29
50,200,168,7,29
50,200,169,7,30
50,200,170,7,30
50,200,171,8,30
50,200,172,8,30
50,200,173,8,30
50,200,174,8,30
50,200,175,8,30
50,200,176,8,30
50,200,177,8,31
50,200,178,8,31
50,200,179,8,31
50,200,180,8,31
50,200,181,8,31
50,200,182,8,31
50,200,183,8,31
50,200,184,8,32
50,200,185,8,32
50,200,186,9,32
50,200,187,9,32
50,200,188,9,32
50,200,189,9,32
50,200,190,9,32
50,200,191,9,33
50,200,192,9,33
50,200,193,9,33
50,200,194,9,33
50,200,195,9,33
50,200,196,9,33
50,200,197,9,33
50,200,198,9,33
50,200,199,9,34
50,200,200,10,34
50,400,1,,
50,400,2,,
50,400,3,,
50,400,4,,4
50,400,5,,4
50,400,6,,4
50,400,7,,5
50,400,8,,5
50,400,9,,5
50,400,10,,5
50,400,11,,5
50,400,12,,6
50,400,13,,6
50,400,14,,6
50,400,15,,6
50,400,16,,6
50,400,17,,7
50,400,18,,7
50,400,19,,7
50,400,20,,7
50,400,21,,7
50,400,22,,8
50,400,23,,8
50,400,24,,8
50,400,25,,8
50,400,26,,8
50,400,27,,8
50,400,28,,9
50,400,29,,9
50,400,30,,9
50,400,31,,9
50,400,32,0,9
50,400,33,0,9
50,400,34,0,10
50,400,35,0,10
50,400,36,0,10
50,400,37,0,10
50,400,38,0,10
50,400,39,0,10
50,400,40,0,11
50,400,41,0,11
50,400,42,0,11
50,400,43,0,11
50,400,44,0,11
50,400,45,0,11
50,400,46,0,12
50,400,47,0,12
50,400,48,0,12
50,400,49,0,12
50,400,50,0,12
50,400,51,0,12
50,400,52,0,13
50,400,53,0,13
50,400,54,0,13
50,400,55,1,13
50,400,56,1,13
50,400,57,1,13
50,400,58,1,14
50,400,59,1,14
50,400,60,1,14
50,400,61,1,14
50,400,62,1,14
50,400,63,1,14
50,400,64,1,14
50,400,65,1,15
50,400,66,1,15
50,400,67,1,15
50,400,68,1,15
50,400,69,1,15
50,400,70,1,15
50,400,71,1,16
50,400,72,1,16
50,400,73,1,16
50,400,74,2,16
50,400,75,2,16
50,400,76,2,16
50,400,77,2,16
50,400,78,2,17
50,400,79,2,17
50,400,80,2,17
50,400,81,2,17
50,400,82,2,17
50,400,83,2,17
50,400,84,2,18
50,400,85,2,18
50,400,86,2,18
50,400,87,2,18
50,400,88,2,18
50,400,89,2,18
50,400,90,2,18
50,400,91,2,19
50,400,92,3,19
50,400,93,3,19
50,400,94,3,19
50,400,95,3,19
50,400,96,3,19
50,400,97,3,19
50,400,98,3,20
50,400,99,3,20
50,400,100,3,20
50,400,101,3,20
50,400,102,3,20
50,400,103,3,20
50,400,104,3,20
50,400,105,3,21
50,400,106,3,21
50,400,107,3,21
50,400,108,3,21
50,400,109,4,21
50,400,110,4,21
50,400,111,4,21
50,400,112,4,22
50,400,113,4,22
50,400,114,4,22
50,400,115,4,22
50,400,116,4,22
50,400,117,4,22
50,400,118,4,22
50,400,119,4,23
50,400,120,4,23
50,400,121,4,23
50,400,122,4,23
50,400,123,4,23
50,400,124,4,23
50,400,125,5,23
50,400,126,5,24
50,400,127,5,24
50,400,128,5,24
50,400,129,5,24
50,400,130,5,24
50,400,131,5,24
50,400,132,5,24
50,400,133,5,25
50,400,134,5,25
50,400,135,5,25
50,400,136,5,25
50,400,137,5,25
50,400,138,5,25
50,400,139,5,25
50,400,140,5,26
50,400,141,6,26
50,400,142,6,26
50,400,143,6,26
50,400,144,6,26
50,400,145,6,26
50,400,146,6,26
50,400,147,6,27
50,400,148,6,27
50,400,149,6,27
50,400,150,6,27
50,400,151,6,27
50,400,152,6,27
50,400,153,6,27
50,400,154,6,27
50,400,155,6,28
50,400,156,7,28
50,400,157,7,28
50,400,158,7,28
50,400,159,7,28
50,400,160,7,28
50,400,161,7,28
50,400,162,7,29
50,400,163,7,29
50,400,164,7,29
50,400,165,7,29
50,400,166,7,29
50,400,167,7,29
50,400,168,7,29
50,400,169,7,30
50,400,170,7,30
50,400,171,8,30
50,400,172,8,30
50,400,173,8,30
50,400,174,8,30
50,400,175,8,30
50,400,176,8,30
50,400,177,8,31
50,400,178,8,31
50,400,179,8,31
50,400,180,8,31
50,400,181,8,31
50,400,182,8,31
50,400,183,8,31
50,400,184,8,32
50,400,185,8,32
50,400,186,9,32
50,400,187,9,32
50,400,188,9,32
50,400,189,9,32
50,400,190,9,32
50,400,191,9,33
50,400,192,9,33
50,400,193,9,33
50,400,194,9,33
50,400,195,9,33
50,400,196,9,33
50,400,197,9,33
50,400,198,9,33
50,400,199,9,34
50,400,200,10,34
50,400,201,10,34
50,400,202,10,34
50,400,203,10,34
50,400,204,10,34
50,400,205,10,34
50,400,206,10,35
50,400,207,10,35
50,400,208,10,35
50,400,209,10,35
50,400,210,10,35
50,400,211,10,35
50,400,212,10,35
50,400,213,10,35
50,400,214,11,36
50,400,215,11,36
50,400,216,11,36
50,400,217,11,36
50,400,218,11,36
50,400,219,11,36
50,400,220,11,36
50,400,221,11,37
50,400,222,11,37
50,400,223,11,37
50,400,224,11,37
50,400,225,11,37
50,400,226,11,37
50,400,227,11,37
50,400,228,11,37
50,400,229,12,38
50,400,230,12,38
50,400,231,12,38
50,400,232,12,38
50,400,233,12,38
50,400,234,12,38
50,400,235,12,38
50,400,236,12,38
50,400,237,12,39
50,400,238,12,39
50,400,239,12,39
50,400,240,12,39
50,400,241,12,39
50,400,242,12,39
50,400,243,13,39
50,400,244,13,40
50,400,245,13,40
50,400,246,13,40
50,400,247,13,40
50,400,248,13,40
50,400,249,13,40
50,400,250,13,40
50,400,251,13,40
50,400,252,13,41
50,400,253,13,41
50,400,254,13,41
50,400,255,13,41
50,400,256,13,41
50,400,257,14,41
50,400,258,14,41
50,400,259,14,41
50,400,260,14,42
50,400,261,14,42
50,400,262,14,42
50,400,263,14,42
50,400,264,14,42
50,400,265,14,42
50,400,266,14,42
50,400,267,14,43
50,400,268,14,43
50,400,269,14,43
50,400,270,15,43
50,400,271,15,43
50,400,272,15,43
50,400,273,15,43
50,400,274,15,43
50,400,275,15,44
50,400,276,15,44
50,400,277,15,44
50,400,278,15,44
50,400,279,15,44
50,400,280,15,44
50,400,281,15,44
50,400,282,15,44
50,400,283,15,45
50,400,284,16,45
50,400,285,16,45
50,400,286,16,45
50,400,287,16,45
50,400,288,16,45
50,400,289,16,45
50,400,290,16,45
50,400,291,16,46
50,400,292,16,46
50,400,293,16,46
50,400,294,16,46
50,400,295,16,46
50,400,296,16,46
50,400,297,17,46
50,400,298,17,46
50,400,299,17,47
50,400,300,17,47
50,400,301,17,47
50,400,302,17,47
50,400,303,17,47
50,400,304,17,47
50,400,305,17,47
50,400,306,17,48
50,400,307,17,48
50,400,308,17,48
50,400,309,17,48
50,400,310,17,48
50,400,311,18,48
50,400,312,18,48
50,400,313,18,48
50,400,314,18,49
50,400,315,18,49
50,400,316,18,49
50,400,317,18,49
50,400,318,18,49
50,400,319,18,49
50,400,320,18,49
50,400,321,18,49
50,400,322,18,50
50,400,323,18,50
50,400,324,19,50
50,400,325,19,50
50,400,326,19,50
50,400,327,19,50
50,400,328,19,50
50,400,329,19,50
50,400,330,19,51
50,400,331,19,51
50,400,332,19,51
50,400,333,19,51
50,400,334,19,51
50,400,335,19,51
50,400,336,19,51
50,400,337,19,51
50,400,338,20,52
50,400,339,20,52
50,400,340,20,52
50,400,341,20,52
50,400,342,20,52
50,400,343,20,52
50,400,344,20,52
50,400,345,20,52
50,400,346,20,53
50,400,347,20,53
50,400,348,20,53
50,400,349,20,53
50,400,350,20,53
50,400,351,21,53
50,400,352,21,53
50,400,353,21,53
50,400,354,21,54
50,400,355,21,54
50,400,356,21,54
50,400,357,21,54
50,400,358,21,54
50,400,359,21,54
50,400,360,21,54
50,400,361,21,54
50,400,362,21,55
50,400,363,21,55
50,400,364,22,55
50,400,365,22,55
50,400,366,22,55
50,400,367,22,55
50,400,368,22,55
50,400,369,22,55
50,400,370,22,56
50,400,371,22,56
50,400,372,22,56
50,400,373,22,56
50,400,374,22,56
50,400,375,22,56
50,400,376,22,56
50,400,377,23,56
50,400,378,23,57
50,400,379,23,57
50,400,380,23,57
50,400,381,23,57
50,400,382,23,57
50,400,383,23,57
50,400,384,23,57
50,400,385,23,57
50,400,386,23,58
50,400,387,23,58
50,400,388,23,58
50,400,389,23,58
50,400,390,24,58
50,400,391,24,58
50,400,392,24,58
50,400,393,24,58
50,400,394,24,59
50,400,395,24,59
50,400,396,24,59
50,400,397,24,59
50,400,398,24,59
50,400,399,24,59
50,400,400,24,59
50,800,1,,
50,800,2,,
50,800,3,,
50,800,4,,4
50,800,5,,4
50,800,6,,4
50,800,7,,5
50,800,8,,5
50,800,9,,5
50,800,10,,5
50,800,11,,5
50,800,12,,6
50,800,13,,6
50,800,14,,6
50,800,15,,6
50,800,16,,6
50,800,17,,7
50,800,18,,7
50,800,19,,7
50,800,20,,7
50,800,21,,7
50,800,22,,8
50,800,23,,8
50,800,24,,8
50,800,25,,8
50,800,26,,8
50,800,27,,8
50,800,28,,9
50,800,29,,9
50,800,30,,9
50,800,31,,9
50,800,32,0,9
50,800,33,0,9
50,800,34,0,10
50,800,35,0,10
50,800,36,0,10
50,800,37,0,10
50,800,38,0,10
50,800,39,0,10
50,800,40,0,11
50,800,41,0,11
50,800,42,0,11
50,800,43,0,11
50,800,44,0,11
50,800,45,0,11
50,800,46,0,12
50,800,47,0,12
50,800,48,0,12
50,800,49,0,12
50,800,50,0,12
50,800,51,0,12
50,800,52,0,13
50,800,53,0,13
50,800,54,0,13
50,800,55,1,13
50,800,56,1,13
50,800,57,1,13
50,800,58,1,14
50,800,59,1,14
50,800,60,1,14
50,800,61,1,14
50,800,62,1,14
50,800,63,1,14
50,800,64,1,14
50,800,65,1,15
50,800,66,1,15
50,800,67,1,15
50,800,68,1,15
50,800,69,1,15
50,800,70,1,15
50,800,71,1,16
50,800,72,1,16
50,800,73,1,16
50,800,74,2,16
50,800,75,2,16
50,800,76,2,16
50,800,77,2,16
50,800,78,2,17
50,800,79,2,17
50,800,80,2,17
50,800,81,2,17
50,800,82,2,17
50,800,83,2,17
50,800,84,2,18
50,800,85,2,18
50,800,86,2,18
50,800,87,2,18
50,800,88,2,18
50,800,89,2,18
50,800,90,2,18
50,800,91,2,19
50,800,92,3,19
50,800,93,3,19
50,800,94,3,19
50,800,95,3,19
50,800,96,3,19
50,800,97,3,19
50,800,98,3,20
50,800,99,3,20
50,800,100,3,20
50,800,101,3,20
50,800,102,3,20
50,800,103,3,20
50,800,104,3,20
50,800,105,3,21
50,800,106,3,21
50,800,107,3,21
50,800,108,3,21
50,800,109,4,21
50,800,110,4,21
50,800,111,4,21
50,800,112,4,22
50,800,113,4,22
50,800,114,4,22
50,800,115,4,22
50,800,116,4,22
50,800,117,4,22
50,800,118,4,22
50,800,119,4,23
50,800,120,4,23
50,800,121,4,23
50,800,122,4,23
50,800,123,4,23
50,800,124,4,23
50,800,125,5,23
50,800,126,5,24
50,800,127,5,24
50,800,128,5,24
50,800,129,5,24
50,800,130,5,24
50,800,131,5,24
50,800,132,5,24
50,800,133,5,25
50,800,134,5,25
50,800,135,5,25
50,800,136,5,25
50,800,137,5,25
50,800,138,5,25
50,800,139,5,25
50,800,140,5,26
50,800,141,6,26
50,800,142,6,26
50,800,143,6,26
50,800,144,6,26
50,800,145,6,26
50,800,146,6,26
50,800,147,6,27
50,800,148,6,27
50,800,149,6,27
50,800,150,6,27
50,800,151,6,27
50,800,152,6,27
50,800,153,6,27
50,800,154,6,27
50,800,155,6,28
50,800,156,7,28
50,800,157,7,28
50,800,158,7,28
50,800,159,7,28
50,800,160,7,28
50,800,161,7,28
50,800,162,7,29
50,800,163,7,29
50,800,164,7,29
50,800,165,7,29
50,800,166,7,29
50,800,167,7,29
50,800,168,7,29
50,800,169,7,30
50,800,170,7,30
50,800,171,8,30
50,800,172,8,30
50,800,173,8,30
50,800,174,8,30
50,800,175,8,30
50,800,176,8,30
50,800,177,8,31
50,800,178,8,31
50,800,179,8,31
50,800,180,8,31
50,800,181,8,31
50,800,182,8,31
50,800,183,8,31
50,800,184,8,32
50,800,185,8,32
50,800,186,9,32
50,800,187,9,32
50,800,188,9,32
50,800,189,9,32
50,800,190,9,32
50,800,191,9,33
50,800,192,9,33
50,800,193,9,33
50,800,194,9,33
50,800,195,9,33
50,800,196,9,33
50,800,197,9,33
50,800,198,9,33
50,800,199,9,34
50,800,200,10,34
50,800,201,10,34
50,800,202,10,34
50,800,203,10,34
50,800,204,10,34
50,800,205,10,34
50,800,206,10,35
50,800,207,10,35
50,800,208,10,35
50,800,209,10,35
50,800,210,10,35
50,800,211,10,35
50,800,212,10,35
50,800,213,10,35
50,800,214,11,36
50,800,215,11,36
50,800,216,11,36
50,800,217,11,36
50,800,218,11,36
50,800,219,11,36
50,800,220,11,36
50,800,221,11,37
50,800,222,11,37
50,800,223,11,37
50,800,224,11,37
50,800,225,11,37
50,800,226,11,37
50,800,227,11,37
50,800,228,11,37
50,800,229,12,38
50,800,230,12,38
50,800,231,12,38
50,800,232,12,38
50,800,233,12,38
50,800,234,12,38
50,800,235,12,38
50,800,236,12,38
50,800,237,12,39
50,800,238,12,39
50,800,239,12,39
50,800,240,12,39
50,800,241,12,39
50,800,242,12,39
50,800,243,13,39
50,800,244,13,40
50,800,245,13,40
50,800,246,13,40
50,800,247,13,40
50,800,248,13,40
50,800,249,13,40
50,800,250,13,40
50,800,251,13,40
50,800,252,13,41
50,800,253,13,41
50,800,254,13,41
50,800,255,13,41
50,800,256,13,41
50,800,257,14,41
50,800,258,14,41
50,800,259,14,41
50,800,260,14,42
50,800,261,14,42
50,800,262,14,42
50,800,263,14,42
50,800,264,14,42
50,800,265,14,42
50,800,266,14,42
50,800,267,14,43
50,800,268,14,43
50,800,269,14,43
50,800,270,15,43
50,800,271,15,43
50,800,272,15,43
50,800,273,15,43
50,800,274,15,43
50,800,275,15,44
50,800,276,15,44
50,800,277,15,44
50,800,278,15,44
50,800,279,15,44
50,800,280,15,44
50,800,281,15,44
50,800,282,15,44
50,800,283,15,45
50,800,284,16,45
50,800,285,16,45
50,800,286,16,45
50,800,287,16,45
50,800,288,16,45
50,800,289,16,45
50,800,290,16,45
50,800,291,16,46
50,800,292,16,46
50,800,293,16,46
50,800,294,16,46
50,800,295,16,46
50,800,296,16,46
50,800,297,17,46
50,800,298,17,46
50,800,299,17,47
50,800,300,17,47
50,800,301,17,47
50,800,302,17,47
50,800,303,17,47
50,800,304,17,47
50,800,305,17,47
50,800,306,17,48
50,800,307,17,48
50,800,308,17,48
50,800,309,17,48
50,800,310,17,48
50,800,311,18,48
50,800,312,18,48
50,800,313,18,48
50,800,314,18,49
50,800,315,18,49
50,800,316,18,49
50,800,317,18,49
50,800,318,18,49
50,800,319,18,49
50,800,320,18,49
50,800,321,18,49
50,800,322,18,50
50,800,323,18,50
50,800,324,19,50
50,800,325,19,50
50,800,326,19,50
50,800,327,19,50
50,800,328,19,50
50,800,329,19,50
50,800,330,19,51
50,800,331,19,51
50,800,332,19,51
50,800,333,19,51
50,800,334,19,51
50,800,335,19,51
50,800,336,19,51
50,800,337,19,51
50,800,338,20,52
50,800,339,20,52
50,800,340,20,52
50,800,341,20,52
50,800,342,20,52
50,800,343,20,52
50,800,344,20,52
50,800,345,20,52
50,800,346,20,53
50,800,347,20,53
50,800,348,20,53
50,800,349,20,53
50,800,350,20,53
50,800,351,21,53
50,800,352,21,53
50,800,353,21,53
50,800,354,21,54
50,800,355,21,54
50,800,356,21,54
50,800,357,21,54
50,800,358,21,54
50,800,359,21,54
50,800,360,21,54
50,800,361,21,54
50,800,362,21,55
50,800,363,21,55
50,800,364,22,55
50,800,365,22,55
50,800,366,22,55
50,800,367,22,55
50,800,368,22,55
50,800,369,22,55
50,800,370,22,56
50,800,371,22,56
50,800,372,22,56
50,800,373,22,56
50,800,374,22,56
50,800,375,22,56
50,800,376,22,56
50,800,377,23,56
50,800,378,23,57
50,800,379,23,57
50,800,380,23,57
50,800,381,23,57
50,800,382,23,57
50,800,383,23,57
50,800,384,23,57
50,800,385,23,57
50,800,386,23,58
50,800,387,23,58
50,800,388,23,58
50,800,389,23,58
50,800,390,24,58
50,800,391,24,58
50,800,392,24,58
50,800,393,24,58
50,800,394,24,59
50,800,395,24,59
50,800,396,24,59
50,800,397,24,59
50,800,398,24,59
50,800,399,24,59
50,800,400,24,59
50,800,401,24,59
50,800,402,24,60
50,800,403,25,60
50,800,404,25,60
50,800,405,25,60
50,800,406,25,60
50,800,407,25,60
50,800,408,25,60
50,800,409,25,60
50,800,410,25,61
50,800,411,25,61
50,800,412,25,61
50,800,413,25,61
50,800,414,25,61
50,800,415,25,61
50,800,416,26,61
50,800,417,26,61
50,800,418,26,62
50,800,419,26,62
50,800,420,26,62
50,800,421,26,62
50,800,422,26,62
50,800,423,26,62
50,800,424,26,62
50,800,425,26,62
50,800,426,26,63
50,800,427,26,63
50,800,428,26,63
50,800,429,27,63
50,800,430,27,63
50,800,431,27,63
50,800,432,27,63
50,800,433,27,63
50,800,434,27,64
50,800,435,27,64
50,800,436,27,64
50,800,437,27,64
50,800,438,27,64
50,800,439,27,64
50,800,440,27,64
50,800,441,27,64
50,800,442,28,65
50,800,443,28,65
50,800,444,28,65
50,800,445,28,65
50,800,446,28,65
50,800,447,28,65
50,800,448,28,65
50,800,449,28,65
50,800,450,28,66
50,800,451,28,66
50,800,452,28,66
50,800,453,28,66
50,800,454,29,66
50,800,455,29,66
50,800,456,29,66
50,800,457,29,66
50,800,458,29,67
50,800,459,29,67
50,800,460,29,67
50,800,461,29,67
50,800,462,29,67
50,800,463,29,67
50,800,464,29,67
50,800,465,29,67
50,800,466,29,68
50,800,467,30,68
50,800,468,30,68
50,800,469,30,68
50,800,470,30,68
50,800,471,30,68
50,800,472,30,68
50,800,473,30,68
50,800,474,30,68
50,800,475,30,69
50,800,476,30,69
50,800,477,30,69
50,800,478,30,69
50,800,479,30,69
50,800,480,31,69
50,800,481,31,69
50,800,482,31,69
50,800,483,31,70
50,800,484,31,70
50,800,485,31,70
50,800,486,31,70
50,800,487,31,70
50,800,488,31,70
50,800,489,31,70
50,800,490,31,70
50,800,491,31,71
50,800,492,32,71
50,800,493,32,71
50,800,494,32,71
50,800,495,32,71
50,800,496,32,71
50,800,497,32,71
50,800,498,32,71
50,800,499,32,72
50,800,500,32,72
50,800,501,32,72
50,800,502,32,72
50,800,503,32,72
50,800,504,32,72
50,800,505,33,72
50,800,506,33,72
50,800,507,33,73
50,800,508,33,73
50,800,509,33,73
50,800,510,33,73
50,800,511,33,73
50,800,512,33,73
50,800,513,33,73
50,800,514,33,73
50,800,515,33,73
50,800,516,33,74
50,800,517,33,74
50,800,518,34,74
50,800,519,34,74
50,800,520,34,74
50,800,521,34,74
50,800,522,34,74
50,800,523,34,74
50,800,524,34,75
50,800,525,34,75
50,800,526,34,75
50,800,527,34,75
50,800,528,34,75
50,800,529,34,75
50,800,530,35,75
50,800,531,35,75
50,800,532,35,76
50,800,533,35,76
50,800,534,35,76
50,800,535,35,76
50,800,536,35,76
50,800,537,35,76
50,800,538,35,76
50,800,539,35,76
50,800,540,35,77
50,800,541,35,77
50,800,542,35,77
50,800,543,36,77
50,800,544,36,77
50,800,545,36,77
50,800,546,36,77
50,800,547,36,77
50,800,548,36,77
50,800,549,36,78
50,800,550,36,78
50,800,551,36,78
50,800,552,36,78
50,800,553,36,78
50,800,554,36,78
50,800,555,37,78
50,800,556,37,78
50,800,557,37,79
50,800,558,37,79
50,800,559,37,79
50,800,560,37,79
50,800,561,37,79
50,800,562,37,79
50,800,563,37,79
50,800,564,37,79
50,800,565,37,80
50,800,566,37,80
50,800,567,37,80
50,800,568,38,80
50,800,569,38,80
50,800,570,38,80
50,800,571,38,80
50,800,572,38,80
50,800,573,38,81
50,800,574,38,81
50,800,575,38,81
50,800,576,38,81
50,800,577,38,81
50,800,578,38,81
50,800,579,38,81
50,800,580,39,81
50,800,581,39,81
50,800,582,39,82
50,800,583,39,82
50,800,584,39,82
50,800,585,39,82
50,800,586,39,82
50,800,587,39,82
50,800,588,39,82
50,800,589,39,82
50,800,590,39,83
50,800,591,39,83
50,800,592,40,83
50,800,593,40,83
50,800,594,40,83
50,800,595,40,83
50,800,596,40,83
50,800,597,40,83
50,800,598,40,84
50,800,599,40,84
50,800,600,40,84
50,800,601,40,84
50,800,602,40,84
50,800,603,40,84
50,800,604,40,84
50,800,605,41,84
50,800,606,41,84
50,800,607,41,85
50,800,608,41,85
50,800,609,41,85
50,800,610,41,85
50,800,611,41,85
50,800,612,41,85
50,800,613,41,85
50,800,614,41,85
50,800,615,41,86
50,800,616,41,86
50,800,617,42,86
50,800,618,42,86
50,800,619,42,86
50,800,620,42,86
50,800,621,42,86
50,800,622,42,86
50,800,623,42,87
50,800,624,42,87
50,800,625,42,87
50,800,626,42,87
50,800,627,42,87
50,800,628,42,87
50,800,629,43,87
50,800,630,43,87
50,800,631,43,87
50,800,632,43,88
50,800,633,43,88
50,800,634,43,88
50,800,635,43,88
50,800,636,43,88
50,800,637,43,88
50,800,638,43,88
50,800,639,43,88
50,800,640,43,89
50,800,641,43,89
50,800,642,44,89
50,800,643,44,89
50,800,644,44,89
50,800,645,44,89
50,800,646,44,89
50,800,647,44,89
50,800,648,44,90
50,800,649,44,90
50,800,650,44,90
50,800,651,44,90
50,800,652,44,90
50,800,653,44,90
50,800,654,45,90
50,800,655,45,90
50,800,656,45,90
50,800,657,45,91
50,800,658,45,91
50,800,659,45,91
50,800,660,45,91
50,800,661,45,91
50,800,662,45,91
50,800,663,45,91
50,800,664,45,91
50,800,665,45,92
50,800,666,46,92
50,800,667,46,92
50,800,668,46,92
50,800,669,46,92
50,800,670,46,92
50,800,671,46,92
50,800,672,46,92
50,800,673,46,93
50,800,674,46,93
50,800,675,46,93
50,800,676,46,93
50,800,677,46,93
50,800,678,47,93
50,800,679,47,93
50,800,680,47,93
50,800,681,47,93
50,800,682,47,94
50,800,683,47,94
50,800,684,47,94
50,800,685,47,94
50,800,686,47,94
50,800,687,47,94
50,800,688,47,94
50,800,689,47,94
50,800,690,47,95
50,800,691,48,95
50,800,692,48,95
50,800,693,48,95
50,800,694,48,95
50,800,695,48,95
50,800,696,48,95
50,800,697,48,95
50,800,698,48,95
50,800,699,48,96
50,800,700,48,96
50,800,701,48,96
50,800,702,48,96
50,800,703,49,96
50,800,704,49,96
50,800,705,49,96
50,800,706,49,96
50,800,707,49,97
50,800,708,49,97
50,800,709,49,97
50,800,710,49,97
50,800,711,49,97
50,800,712,49,97
50,800,713,49,97
50,800,714,49,97
50,800,715,50,98
50,800,716,50,98
50,800,717,50,98
50,800,718,50,98
50,800,719,50,98
50,800,720,50,98
50,800,721,50,98
50,800,722,50,98
50,800,723,50,98
50,800,724,50,99
50,800,725,50,99
50,800,726,50,99
50,800,727,51,99
50,800,728,51,99
50,800,729,51,99
50,800,730,51,99
50,800,731,51,99
50,800,732,51,100
50,800,733,51,100
50,800,734,51,100
50,800,735,51,100
50,800,736,51,100
50,800,737,51,100
50,800,738,51,100
50,800,739,52,100
50,800,740,52,100
50,800,741,52,101
50,800,742,52,101
50,800,743,52,101
50,800,744,52,101
50,800,745,52,101
50,800,746,52,101
50,800,747,52,101
50,800,748,52,101
50,800,749,52,102
50,800,750,52,102
50,800,751,53,102
50,800,752,53,102
50,800,753,53,102
50,800,754,53,102
50,800,755,53,102
50,800,756,53,102
50,800,757,53,102
50,800,758,53,103
50,800,759,53,103
50,800,760,53,103
50,800,761,53,103
50,800,762,53,103
50,800,763,54,103
50,800,764,54,103
50,800,765,54,103
50,800,766,54,104
50,800,767,54,104
50,800,768,54,104
50,800,769,54,104
50,800,770,54,104
50,800,771,54,104
50,800,772,54,104
50,800,773,54,104
50,800,774,54,104
50,800,775,55,105
50,800,776,55,105
50,800,777,55,105
50,800,778,55,105
50,800,779,55,105
50,800,780,55,105
50,800,781,55,105
50,800,782,55,105
50,800,783,55,106
50,800,784,55,106
50,800,785,55,106
50,800,786,55,106
50,800,787,55,106
50,800,788,56,106
50,800,789,56,106
50,800,790,56,106
50,800,791,56,106
50,800,792,56,107
50,800,793,56,107
50,800,794,56,107
50,800,795,56,107
50,800,796,56,107
50,800,797,56,107
50,800,798,56,107
50,800,799,56,107
50,800,800,57,108
50,1600,1,,
50,1600,2,,
50,1600,3,,
50,1600,4,,4
50,1600,5,,4
50,1600,6,,4
50,1600,7,,5
50,1600,8,,5
50,1600,9,,5
50,1600,10,,5
50,1600,11,,5
50,1600,12,,6
50,1600,13,,6
50,1600,14,,6
50,1600,15,,6
50,1600,16,,6
50,1600,17,,7
50,1600,18,,7
50,1600,19,,7
50,1600,20,,7
50,1600,21,,7
50,1600,22,,8
50,1600,23,,8
50,1600,24,,8
50,1600,25,,8
50,1600,26,,8
50,1600,27,,8
50,1600,28,,9
50,1600,29,,9
50,1600,30,,9
50,1600,31,,9
50,1600,32,0,9
50,1600,33,0,9
50,1600,34,0,10
50,1600,35,0,10
50,1600,36,0,10
50,1600,37,0,10
50,1600,38,0,10
50,1600,39,0,10
50,1600,40,0,11
50,1600,41,0,11
50,1600,42,0,11
50,1600,43,0,11
50,1600,44,0,11
50,1600,45,0,11
50,1600,46,0,12
50,1600,47,0,12
50,1600,48,0,12
50,1600,49,0,12
50,1600,50,0,12
50,1600,51,0,12
50,1600,52,0,13
50,1600,53,0,13
50,1600,54,0,13
50,1600,55,1,13
50,1600,56,1,13
50,1600,57,1,13
50,1600,58,1,14
50,1600,59,1,14
50,1600,60,1,14
50,1600,61,1,14
50,1600,62,1,14
50,1600,63,1,14
50,1600,64,1,14
50,1600,65,1,15
50,1600,66,1,15
50,1600,67,1,15
50,1600,68,1,15
50,1600,69,1,15
50,1600,70,1,15
50,1600,71,1,16
50,1600,72,1,16
50,1600,73,1,16
50,1600,74,2,16
50,1600,75,2,16
50,1600,76,2,16
50,1600,77,2,16
50,1600,78,2,17
50,1600,79,2,17
50,1600,80,2,17
50,1600,81,2,17
50,1600,82,2,17
50,1600,83,2,17
50,1600,84,2,18
50,1600,85,2,18
50,1600,86,2,18
50,1600,87,2,18
50,1600,88,2,18
50,1600,89,2,18
50,1600,90,2,18
50,1600,91,2,19
50,1600,92,3,19
50,1600,93,3,19
50,1600,94,3,19
50,1600,95,3,19
50,1600,96,3,19
50,1600,97,3,19
50,1600,98,3,20
50,1600,99,3,20
50,1600,100,3,20
50,1600,101,3,20
50,1600,102,3,20
50,1600,103,3,20
50,1600,104,3,20
50,1600,105,3,21
50,1600,106,3,21
50,1600,107,3,21
50,1600,108,3,21
50,1600,109,4,21
50,1600,110,4,21
50,1600,111,4,21
50,1600,112,4,22
50,1600,113,4,22
50,1600,114,4,22
50,1600,115,4,22
50,1600,116,4,22
50,1600,117,4,22
50,1600,118,4,22
50,1600,119,4,23
50,1600,120,4,23
50,1600,121,4,23
50,1600,122,4,23
50,1600,123,4,23
50,1600,124,4,23
50,1600,125,5,23
50,1600,126,5,24
50,1600,127,5,24
50,1600,128,5,24
50,1600,129,5,24
50,1600,130,5,24
50,1600,131,5,24
50,1600,132,5,24
50,1600,133,5,25
50,1600,134,5,25
50,1600,135,5,25
50,1600,136,5,25
50,1600,137,5,25
50,1600,138,5,25
50,1600,139,5,25
50,1600,140,5,26
50,1600,141,6,26
50,1600,142,6,26
50,1600,143,6,26
50,1600,144,6,26
50,1600,145,6,26
50,1600,146,6,26
50,1600,147,6,27
50,1600,148,6,27
50,1600,149,6,27
50,1600,150,6,27
50,1600,151,6,27
50,1600,152,6,27
50,1600,153,6,27
50,1600,154,6,27
50,1600,155,6,28
50,1600,156,7,28
50,1600,157,7,28
50,1600,158,7,28
50,1600,159,7,28
50,1600,160,7,28
50,1600,161,7,28
50,1600,162,7,29
50,1600,163,7,29
50,1600,164,7,29
50,1600,165,7,29
50,1600,166,7,29
50,1600,167,7,29
50,1600,168,7,29
50,1600,169,7,30
50,1600,170,7,30
50,1600,171,8,30
50,1600,172,8,30
50,1600,173,8,30
50,1600,174,8,30
50,1600,175,8,30
50,1600,176,8,30
50,1600,177,8,31
50,1600,178,8,31
50,1600,179,8,31
50,1600,180,8,31
50,1600,181,8,31
50,1600,182,8,31
50,1600,183,8,31
50,1600,184,8,32
50,1600,185,8,32
50,1600,186,9,32
50,1600,187,9,32
50,1600,188,9,32
50,1600,189,9,32
50,1600,190,9,32
50,1600,191,9,33
50,1600,192,9,33
50,1600,193,9,33
50,1600,194,9,33
50,1600,195,9,33
50,1600,196,9,33
50,1600,197,9,33
50,1600,198,9,33
50,1600,199,9,34
50,1600,200,10,34
50,1600,201,10,34
50,1600,202,10,34
50,1600,203,10,34
50,1600,204,10,34
50,1600,205,10,34
50,1600,206,10,35
50,1600,207,10,35
50,1600,208,10,35
50,1600,209,10,35
50,1600,210,10,35
50,1600,211,10,35
50,1600,212,10,35
50,1600,213,10,35
50,1600,214,11,36
50,1600,215,11,36
50,1600,216,11,36
50,1600,217,11,36
50,1600,218,11,36
50,1600,219,11,36
50,1600,220,11,36
50,1600,221,11,37
50,1600,222,11,37
50,1600,223,11,37
50,1600,224,11,37
50,1600,225,11,37
50,1600,226,11,37
50,1600,227,11,37
50,1600,228,11,37
50,1600,229,12,38
50,1600,230,12,38
50,1600,231,12,38
50,1600,232,12,38
50,1600,233,12,38
50,1600,234,12,38
50,1600,235,12,38
50,1600,236,12,38
50,1600,237,12,39
50,1600,238,12,39
50,1600,239,12,39
50,1600,240,12,39
50,1600,241,12,39
50,1600,242,12,39
50,1600,243,13,39
50,1600,244,13,40
50,1600,245,13,40
50,1600,246,13,40
50,1600,247,13,40
50,1600,248,13,40
50,1600,249,13,40
50,1600,250,13,40
50,1600,251,13,40
50,1600,252,13,41
50,1600,253,13,41
50,1600,254,13,41
50,1600,255,13,41
50,1600,256,13,41
50,1600,257,14,41
50,1600,258,14,41
50,1600,259,14,41
50,1600,260,14,42
50,1600,261,14,42
50,1600,262,14,42
50,1600,263,14,42
50,1600,264,14,42
50,1600,265,14,42
50,1600,266,14,42
50,1600,267,14,43
50,1600,268,14,43
50,1600,269,14,43
50,1600,270,15,43
50,1600,271,15,43
50,1600,272,15,43
50,1600,273,15,43
50,1600,274,15,43
50,1600,275,15,44
50,1600,276,15,44
50,1600,277,15,44
50,1600,278,15,44
50,1600,279,15,44
50,1600,280,15,44
50,1600,281,15,44
50,1600,282,15,44
50,1600,283,15,45
50,1600,284,16,45
50,1600,285,16,45
50,1600,286,16,45
50,1600,287,16,45
50,1600,288,16,45
50,1600,289,16,45
50,1600,290,16,45
50,1600,291,16,46
50,1600,292,16,46
50,1600,293,16,46
50,1600,294,16,46
50,1600,295,16,46
50,1600,296,16,46
50,1600,297,17,46
50,1600,298,17,46
50,1600,299,17,47
50,1600,300,17,47
50,1600,301,17,47
50,1600,302,17,47
50,1600,303,17,47
50,1600,304,17,47
50,1600,305,17,47
50,1600,306,17,48
50,1600,307,17,48
50,1600,308,17,48
50,1600,309,17,48
50,1600,310,17,48
50,1600,311,18,48
50,1600,312,18,48
50,1600,313,18,48
50,1600,314,18,49
50,1600,315,18,49
50,1600,316,18,49
50,1600,317,18,49
50,1600,318,18,49
50,1600,319,18,49
50,1600,320,18,49
50,1600,321,18,49
50,1600,322,18,50
50,1600,323,18,50
50,1600,324,19,50
50,1600,325,19,50
50,1600,326,19,50
50,1600,327,19,50
50,1600,328,19,50
50,1600,329,19,50
50,1600,330,19,51
50,1600,331,19,51
50,1600,332,19,51
50,1600,333,19,51
50,1600,334,19,51
50,1600,335,19,51
50,1600,336,19,51
50,1600,337,19,51
50,1600,338,20,52
50,1600,339,20,52
50,1600,340,20,52
50,1600,341,20,52
50,1600,342,20,52
50,1600,343,20,52
50,1600,344,20,52
50,1600,345,20,52
50,1600,346,20,53
50,1600,347,20,53
50,1600,348,20,53
50,1600,349,20,53
50,1600,350,20,53
50,1600,351,21,53
50,1600,352,21,53
50,1600,353,21,53
50,1600,354,21,54
50,1600,355,21,54
50,1600,356,21,54
50,1600,357,21,54
50,1600,358,21,54
50,1600,359,21,54
50,1600,360,21,54
50,1600,361,21,54
50,1600,362,21,55
50,1600,363,21,55
50,1600,364,22,55
50,1600,365,22,55
50,1600,366,22,55
50,1600,367,22,55
50,1600,368,22,55
50,1600,369,22,55
50,1600,370,22,56
50,1600,371,22,56
50,1600,372,22,56
50,1600,373,22,56
50,1600,374,22,56
50,1600,375,22,56
50,1600,376,22,56
50,1600,377,23,56
50,1600,378,23,57
50,1600,379,23,57
50,1600,380,23,57
50,1600,381,23,57
50,1600,382,23,57
50,1600,383,23,57
50,1600,384,23,57
50,1600,385,23,57
50,1600,386,23,58
50,1600,387,23,58
50,1600,388,23,58
50,1600,389,23,58
50,1600,390,24,58
50,1600,391,24,58
50,1600,392,24,58
50,1600,393,24,58
50,1600,394,24,59
50,1600,395,24,59
50,1600,396,24,59
50,1600,397,24,59
50,1600,398,24,59
50,1600,399,24,59
50,1600,400,24,59
50,1600,401,24,59
50,1600,402,24,60
50,1600,403,25,60
50,1600,404,25,60
50,1600,405,25,60
50,1600,406,25,60
50,1600,407,25,60
50,1600,408,25,60
50,1600,409,25,60
50,1600,410,25,61
50,1600,411,25,61
50,1600,412,25,61
50,1600,413,25,61
50,1600,414,25,61
50,1600,415,25,61
50,1600,416,26,61
50,1600,417,26,61
50,1600,418,26,62
50,1600,419,26,62
50,1600,420,26,62
50,1600,421,26,62
50,1600,422,26,62
50,1600,423,26,62
50,1600,424,26,62
50,1600,425,26,62
50,1600,426,26,63
50,1600,427,26,63
50,1600,428,26,63
50,1600,429,27,63
50,1600,430,27,63
50,1600,431,27,63
50,1600,432,27,63
50,1600,433,27,63
50,1600,434,27,64
50,1600,435,27,64
50,1600,436,27,64
50,1600,437,27,64
50,1600,438,27,64
50,1600,439,27,64
50,1600,440,27,64
50,1600,441,27,64
50,1600,442,28,65
50,1600,443,28,65
50,1600,444,28,65
50,1600,445,28,65
50,1600,446,28,65
50,1600,447,28,65
50,1600,448,28,65
50,1600,449,28,65
50,1600,450,28,66
50,1600,451,28,66
50,1600,452,28,66
50,1600,453,28,66
50,1600,454,29,66
50,1600,455,29,66
50,1600,456,29,66
50,1600,457,29,66
50,1600,458,29,67
50,1600,459,29,67
50,1600,460,29,67
50,1600,461,29,67
50,1600,462,29,67
50,1600,463,29,67
50,1600,464,29,67
50,1600,465,29,67
50,1600,466,29,68
50,1600,467,30,68
50,1600,468,30,68
50,1600,469,30,68
50,1600,470,30,68
50,1600,471,30,68
50,1600,472,30,68
50,1600,473,30,68
50,1600,474,30,68
50,1600,475,30,69
50,1600,476,30,69
50,1600,477,30,69
50,1600,478,30,69
50,1600,479,30,69
50,1600,480,31,69
50,1600,481,31,69
50,1600,482,31,69
50,1600,483,31,70
50,1600,484,31,70
50,1600,485,31,70
50,1600,486,31,70
50,1600,487,31,70
50,1600,488,31,70
50,1600,489,31,70
50,1600,490,31,70
50,1600,491,31,71
50,1600,492,32,71
50,1600,493,32,71
50,1600,494,32,71
50,1600,495,32,71
50,1600,496,32,71
50,1600,497,32,71
50,1600,498,32,71
50,1600,499,32,72
50,1600,500,32,72
50,1600,501,32,72
50,1600,502,32,72
50,1600,503,32,72
50,1600,504,32,72
50,1600,505,33,72
50,1600,506,33,72
50,1600,507,33,73
50,1600,508,33,73
50,1600,509,33,73
50,1600,510,33,73
50,1600,511,33,73
50,1600,512,33,73
50,1600,513,33,73
50,1600,514,33,73
50,1600,515,33,73
50,1600,516,33,74
50,1600,517,33,74
50,1600,518,34,74
50,1600,519,34,74
50,1600,520,34,74
50,1600,521,34,74
50,1600,522,34,74
50,1600,523,34,74
50,1600,524,34,75
50,1600,525,34,75
50,1600,526,34,75
50,1600,527,34,75
50,1600,528,34,75
50,1600,529,34,75
50,1600,530,35,75
50,1600,531,35,75
50,1600,532,35,76
50,1600,533,35,76
50,1600,534,35,76
50,1600,535,35,76
50,1600,536,35,76
50,1600,537,35,76
50,1600,538,35,76
50,1600,539,35,76
50,1600,540,35,77
50,1600,541,35,77
50,1600,542,35,77
50,1600,543,36,77
50,1600,544,36,77
50,1600,545,36,77
50,1600,546,36,77
50,1600,547,36,77
50,1600,548,36,77
50,1600,549,36,78
50,1600,550,36,78
50,1600,551,36,78
50,1600,552,36,78
50,1600,553,36,78
50,1600,554,36,78
50,1600,555,37,78
50,1600,556,37,78
50,1600,557,37,79
50,1600,558,37,79
50,1600,559,37,79
50,1600,560,37,79
50,1600,561,37,79
50,1600,562,37,79
50,1600,563,37,79
50,1600,564,37,79
50,1600,565,37,80
50,1600,566,37,80
50,1600,567,37,80
50,1600,568,38,80
50,1600,569,38,80
50,1600,570,38,80
50,1600,571,38,80
50,1600,572,38,80
50,1600,573,38,81
50,1600,574,38,81
50,1600,575,38,81
50,1600,576,38,81
50,1600,577,38,81
50,1600,578,38,81
50,1600,579,38,81
50,1600,580,39,81
50,1600,581,39,81
50,1600,582,39,82
50,1600,583,39,82
50,1600,584,39,82
50,1600,585,39,82
50,1600,586,39,82
50,1600,587,39,82
50,1600,588,39,82
50,1600,589,39,82
50,1600,590,39,83
50,1600,591,39,83
50,1600,592,40,83
50,1600,593,40,83
50,1600,594,40,83
50,1600,595,40,83
50,1600,596,40,83
50,1600,597,40,83
50,1600,598,40,84
50,1600,599,40,84
50,1600,600,40,84
50,1600,601,40,84
50,1600,602,40,84
50,1600,603,40,84
50,1600,604,40,84
50,1600,605,41,84
50,1600,606,41,84
50,1600,607,41,85
50,1600,608,41,85
50,1600,609,41,85
50,1600,610,41,85
50,1600,611,41,85
50,1600,612,41,85
50,1600,613,41,85
50,1600,614,41,85
50,1600,615,41,86
50,1600,616,41,86
50,1600,617,42,86
50,1600,618,42,86
50,1600,619,42,86
50,1600,620,42,86
50,1600,621,42,86
50,1600,622,42,86
50,1600,623,42,87
50,1600,624,42,87
50,1600,625,42,87
50,1600,626,42,87
50,1600,627,42,87
50,1600,628,42,87
50,1600,629,43,87
50,1600,630,43,87
50,1600,631,43,87
50,1600,632,43,88
50,1600,633,43,88
50,1600,634,43,88
50,1600,635,43,88
50,1600,636,43,88
50,1600,637,43,88
50,1600,638,43,88
50,1600,639,43,88
50,1600,640,43,89
50,1600,641,43,89
50,1600,642,44,89
50,1600,643,44,89
50,1600,644,44,89
50,1600,645,44,89
50,1600,646,44,89
50,1600,647,44,89
50,1600,648,44,90
50,1600,649,44,90
50,1600,650,44,90
50,1600,651,44,90
50,1600,652,44,90
50,1600,653,44,90
50,1600,654,45,90
50,1600,655,45,90
50,1600,656,45,90
50,1600,657,45,91
50,1600,658,45,91
50,1600,659,45,91
50,1600,660,45,91
50,1600,661,45,91
50,1600,662,45,91
50,1600,663,45,91
50,1600,664,45,91
50,1600,665,45,92
50,1600,666,46,92
50,1600,667,46,92
50,1600,668,46,92
50,1600,669,46,92
50,1600,670,46,92
50,1600,671,46,92
50,1600,672,46,92
50,1600,673,46,93
50,1600,674,46,93
50,1600,675,46,93
50,1600,676,46,93
50,1600,677,46,93
50,1600,678,47,93
50,1600,679,47,93
50,1600,680,47,93
50,1600,681,47,93
50,1600,682,47,94
50,1600,683,47,94
50,1600,684,47,94
50,1600,685,47,94
50,1600,686,47,94
50,1600,687,47,94
50,1600,688,47,94
50,1600,689,47,94
50,1600,690,47,95
50,1600,691,48,95
50,1600,692,48,95
50,1600,693,48,95
50,1600,694,48,95
50,1600,695,48,95
50,1600,696,48,95
50,1600,697,48,95
50,1600,698,48,95
50,1600,699,48,96
50,1600,700,48,96
50,1600,701,48,96
50,1600,702,48,96
50,1600,703,49,96
50,1600,704,49,96
50,1600,705,49,96
50,1600,706,49,96
50,1600,707,49,97
50,1600,708,49,97
50,1600,709,49,97
50,1600,710,49,97
50,1600,711,49,97
50,1600,712,49,97
50,1600,713,49,97
50,1600,714,49,97
50,1600,715,50,98
50,1600,716,50,98
50,1600,717,50,98
50,1600,718,50,98
50,1600,719,50,98
50,1600,720,50,98
50,1600,721,50,98
50,1600,722,50,98
50,1600,723,50,98
50,1600,724,50,99
50,1600,725,50,99
50,1600,726,50,99
50,1600,727,51,99
50,1600,728,51,99
50,1600,729,51,99
50,1600,730,51,99
50,1600,731,51,99
50,1600,732,51,100
50,1600,733,51,100
50,1600,734,51,100
50,1600,735,51,100
50,1600,736,51,100
50,1600,737,51,100
50,1600,738,51,100
50,1600,739,52,100
50,1600,740,52,100
50,1600,741,52,101
50,1600,742,52,101
50,1600,743,52,101
50,1600,744,52,101
50,1600,745,52,101
50,1600,746,52,101
50,1600,747,52,101
50,1600,748,52,101
50,1600,749,52,102
50,1600,750,52,102
50,1600,751,53,102
50,1600,752,53,102
50,1600,753,53,102
50,1600,754,53,102
50,1600,755,53,102
50,1600,756,53,102
50,1600,757,53,102
50,1600,758,53,103
50,1600,759,53,103
50,1600,760,53,103
50,1600,761,53,103
50,1600,762,53,103
50,1600,763,54,103
50,1600,764,54,103
50,1600,765,54,103
50,1600,766,54,104
50,1600,767,54,104
50,1600,768,54,104
50,1600,769,54,104
50,1600,770,54,104
50,1600,771,54,104
50,1600,772,54,104
50,1600,773,54,104
50,1600,774,54,104
50,1600,775,55,105
50,1600,776,55,105
50,1600,777,55,105
50,1600,778,55,105
50,1600,779,55,105
50,1600,780,55,105
50,1600,781,55,105
50,1600,782,55,105
50,1600,783,55,106
50,1600,784,55,106
50,1600,785,55,106
50,1600,786,55,106
50,1600,787,55,106
50,1600,788,56,106
50,1600,789,56,106
50,1600,790,56,106
50,1600,791,56,106
50,1600,792,56,107
50,1600,793,56,107
50,1600,794,56,107
50,1600,795,56,107
50,1600,796,56,107
50,1600,797,56,107
50,1600,798,56,107
50,1600,799,56,107
50,1600,800,57,108
50,1600,801,57,108
50,1600,802,57,108
50,1600,803,57,108
50,1600,804,57,108
50,1600,805,57,108
50,1600,806,57,108
50,1600,807,57,108
50,1600,808,57,109
50,1600,809,57,109
50,1600,810,57,109
50,1600,811,57,109
50,1600,812,58,109
50,1600,813,58,109
50,1600,814,58,109
50,1600,815,58,109
50,1600,816,58,109
50,1600,817,58,110
50,1600,818,58,110
50,1600,819,58,110
50,1600,820,58,110
50,1600,821,58,110
50,1600,822,58,110
50,1600,823,58,110
50,1600,824,59,110
50,1600,825,59,111
50,1600,826,59,111
50,1600,827,59,111
50,1600,828,59,111
50,1600,829,59,111
50,1600,830,59,111
50,1600,831,59,111
50,1600,832,59,111
50,1600,833,59,111
50,1600,834,59,112
50,1600,835,59,112
50,1600,836,60,112
50,1600,837,60,112
50,1600,838,60,112
50,1600,839,60,112
50,1600,840,60,112
50,1600,841,60,112
50,1600,842,60,112
50,1600,843,60,113
50,1600,844,60,113
50,1600,845,60,113
50,1600,846,60,113
50,1600,847,60,113
50,1600,848,61,113
50,1600,849,61,113
50,1600,850,61,113
50,1600,851,61,114
50,1600,852,61,114
50,1600,853,61,114
50,1600,854,61,114
50,1600,855,61,114
50,1600,856,61,114
50,1600,857,61,114
50,1600,858,61,114
50,1600,859,62,114
50,1600,860,62,115
50,1600,861,62,115
50,1600,862,62,115
50,1600,863,62,115
50,1600,864,62,115
50,1600,865,62,115
50,1600,866,62,115
50,1600,867,62,115
50,1600,868,62,116
50,1600,869,62,116
50,1600,870,62,116
50,1600,871,63,116
50,1600,872,63,116
50,1600,873,63,116
50,1600,874,63,116
50,1600,875,63,116
50,1600,876,63,116
50,1600,877,63,117
50,1600,878,63,117
50,1600,879,63,117
50,1600,880,63,117
50,1600,881,63,117
50,1600,882,63,117
50,1600,883,64,117
50,1600,884,64,117
50,1600,885,64,118
50,1600,886,64,118
50,1600,887,64,118
50,1600,888,64,118
50,1600,889,64,118
50,1600,890,64,118
50,1600,891,64,118
50,1600,892,64,118
50,1600,893,64,118
50,1600,894,64,119
50,1600,895,65,119
50,1600,896,65,119
50,1600,897,65,119
50,1600,898,65,119
50,1600,899,65,119
50,1600,900,65,119
50,1600,901,65,119
50,1600,902,65,120
50,1600,903,65,120
50,1600,904,65,120
50,1600,905,65,120
50,1600,906,65,120
50,1600,907,66,120
50,1600,908,66,120
50,1600,909,66,120
50,1600,910,66,120
50,1600,911,66,121
50,1600,912,66,121
50,1600,913,66,121
50,1600,914,66,121
50,1600,915,66,121
50,1600,916,66,121
50,1600,917,66,121
50,1600,918,66,121
50,1600,919,67,122
50,1600,920,67,122
50,1600,921,67,122
50,1600,922,67,122
50,1600,923,67,122
50,1600,924,67,122
50,1600,925,67,122
50,1600,926,67,122
50,1600,927,67,122
50,1600,928,67,123
50,1600,929,67,123
50,1600,930,67,123
50,1600,931,68,123
50,1600,932,68,123
50,1600,933,68,123
50,1600,934,68,123
50,1600,935,68,123
50,1600,936,68,123
50,1600,937,68,124
50,1600,938,68,124
50,1600,939,68,124
50,1600,940,68,124
50,1600,941,68,124
50,1600,942,68,124
50,1600,943,69,124
50,1600,944,69,124
50,1600,945,69,125
50,1600,946,69,125
50,1600,947,69,125
50,1600,948,69,125
50,1600,949,69,125
50,1600,950,69,125
50,1600,951,69,125
50,1600,952,69,125
50,1600,953,69,125
50,1600,954,69,126
50,1600,955,70,126
50,1600,956,70,126
50,1600,957,70,126
50,1600,958,70,126
50,1600,959,70,126
50,1600,960,70,126
50,1600,961,70,126
50,1600,962,70,127
50,1600,963,70,127
50,1600,964,70,127
50,1600,965,70,127
50,1600,966,71,127
50,1600,967,71,127
50,1600,968,71,127
50,1600,969,71,127
50,1600,970,71,127
50,1600,971,71,128
50,1600,972,71,128
50,1600,973,71,128
50,1600,974,71,128
50,1600,975,71,128
50,1600,976,71,128
50,1600,977,71,128
50,1600,978,72,128
50,1600,979,72,128
50,1600,980,72,129
50,1600,981,72,129
50,1600,982,72,129
50,1600,983,72,129
50,1600,984,72,129
50,1600,985,72,129
50,1600,986,72,129
50,1600,987,72,129
50,1600,988,72,130
50,1600,989,72,130
50,1600,990,73,130
50,1600,991,73,130
50,1600,992,73,130
50,1600,993,73,130
50,1600,994,73,130
50,1600,995,73,130
50,1600,996,73,130
50,1600,997,73,131
50,1600,998,73,131
50,1600,999,73,131
50,1600,1000,73,131
50,1600,1001,73,131
50,1600,1002,74,131
50,1600,1003,74,131
50,1600,1004,74,131
50,1600,1005,74,132
50,1600,1006,74,132
50,1600,1007,74,132
50,1600,1008,74,132
50,1600,1009,74,132
50,1600,1010,74,132
50,1600,1011,74,132
50,1600,1012,74,132
50,1600,1013,74,132
50,1600,1014,75,133
50,1600,1015,75,133
50,1600,1016,75,133
50,1600,1017,75,133
50,1600,1018,75,133
50,1600,1019,75,133
50,1600,1020,75,133
50,1600,1021,75,133
50,1600,1022,75,133
50,1600,1023,75,134
50,1600,1024,75,134
50,1600,1025,76,134
50,1600,1026,76,134
50,1600,1027,76,134
50,1600,1028,76,134
50,1600,1029,76,134
50,1600,1030,76,134
50,1600,1031,76,135
50,1600,1032,76,135
50,1600,1033,76,135
50,1600,1034,76,135
50,1600,1035,76,135
50,1600,1036,76,135
50,1600,1037,77,135
50,1600,1038,77,135
50,1600,1039,77,135
50,1600,1040,77,136
50,1600,1041,77,136
50,1600,1042,77,136
50,1600,1043,77,136
50,1600,1044,77,136
50,1600,1045,77,136
50,1600,1046,77,136
50,1600,1047,77,136
50,1600,1048,77,136
50,1600,1049,78,137
50,1600,1050,78,137
50,1600,1051,78,137
50,1600,1052,78,137
50,1600,1053,78,137
50,1600,1054,78,137
50,1600,1055,78,137
50,1600,1056,78,137
50,1600,1057,78,138
50,1600,1058,78,138
50,1600,1059,78,138
50,1600,1060,78,138
50,1600,1061,79,138
50,1600,1062,79,138
50,1600,1063,79,138
50,1600,1064,79,138
50,1600,1065,79,138
50,1600,1066,79,139
50,1600,1067,79,139
50,1600,1068,79,139
50,1600,1069,79,139
50,1600,1070,79,139
50,1600,1071,79,139
50,1600,1072,80,139
50,1600,1073,80,139
50,1600,1074,80,139
50,1600,1075,80,140
50,1600,1076,80,140
50,1600,1077,80,140
50,1600,1078,80,140
50,1600,1079,80,140
50,1600,1080,80,140
50,1600,1081,80,140
50,1600,1082,80,140
50,1600,1083,80,141
50,1600,1084,81,141
50,1600,1085,81,141
50,1600,1086,81,141
50,1600,1087,81,141
50,1600,1088,81,141
50,1600,1089,81,141
50,1600,1090,81,141
50,1600,1091,81,141
50,1600,1092,81,142
50,1600,1093,81,142
50,1600,1094,81,142
50,1600,1095,81,142
50,1600,1096,82,142
50,1600,1097,82,142
50,1600,1098,82,142
50,1600,1099,82,142
50,1600,1100,82,143
50,1600,1101,82,143
50,1600,1102,82,143
50,1600,1103,82,143
50,1600,1104,82,143
50,1600,1105,82,143
50,1600,1106,82,143
50,1600,1107,82,143
50,1600,1108,83,143
50,1600,1109,83,144
50,1600,1110,83,144
50,1600,1111,83,144
50,1600,1112,83,144
50,1600,1113,83,144
50,1600,1114,83,144
50,1600,1115,83,144
50,1600,1116,83,144
50,1600,1117,83,144
50,1600,1118,83,145
50,1600,1119,84,145
50,1600,1120,84,145
50,1600,1121,84,145
50,1600,1122,84,145
50,1600,1123,84,145
50,1600,1124,84,145
50,1600,1125,84,145
50,1600,1126,84,145
50,1600,1127,84,146
50,1600,1128,84,146
50,1600,1129,84,146
50,1600,1130,84,146
50,1600,1131,85,146
50,1600,1132,85,146
50,1600,1133,85,146
50,1600,1134,85,146
50,1600,1135,85,147
50,1600,1136,85,147
50,1600,1137,85,147
50,1600,1138,85,147
50,1600,1139,85,147
50,1600,1140,85,147
50,1600,1141,85,147
50,1600,1142,85,147
50,1600,1143,86,147
50,1600,1144,86,148
50,1600,1145,86,148
50,1600,1146,86,148
50,1600,1147,86,148
50,1600,1148,86,148
50,1600,1149,86,148
50,1600,1150,86,148
50,1600,1151,86,148
50,1600,1152,86,148
50,1600,1153,86,149
50,1600,1154,87,149
50,1600,1155,87,149
50,1600,1156,87,149
50,1600,1157,87,149
50,1600,1158,87,149
50,1600,1159,87,149
50,1600,1160,87,149
50,1600,1161,87,150
50,1600,1162,87,150
50,1600,1163,87,150
50,1600,1164,87,150
50,1600,1165,87,150
50,1600,1166,88,150
50,1600,1167,88,150
50,1600,1168,88,150
50,1600,1169,88,150
50,1600,1170,88,151
50,1600,1171,88,151
50,1600,1172,88,151
50,1600,1173,88,151
50,1600,1174,88,151
50,1600,1175,88,151
50,1600,1176,88,151
50,1600,1177,88,151
50,1600,1178,89,151
50,1600,1179,89,152
50,1600,1180,89,152
50,1600,1181,89,152
50,1600,1182,89,152
50,1600,1183,89,152
50,1600,1184,89,152
50,1600,1185,89,152
50,1600,1186,89,152
50,1600,1187,89,153
50,1600,1188,89,153
50,1600,1189,90,153
50,1600,1190,90,153
50,1600,1191,90,153
50,1600,1192,90,153
50,1600,1193,90,153
50,1600,1194,90,153
50,1600,1195,90,153
50,1600,1196,90,154
50,1600,1197,90,154
50,1600,1198,90,154
50,1600,1199,90,154
50,1600,1200,90,154
50,1600,1201,91,154
50,1600,1202,91,154
50,1600,1203,91,154
50,1600,1204,91,154
50,1600,1205,91,155
50,1600,1206,91,155
50,1600,1207,91,155
50,1600,1208,91,155
50,1600,1209,91,155
50,1600,1210,91,155
50,1600,1211,91,155
50,1600,1212,91,155
50,1600,1213,92,155
50,1600,1214,92,156
50,1600,1215,92,156
50,1600,1216,92,156
50,1600,1217,92,156
50,1600,1218,92,156
50,1600,1219,92,156
50,1600,1220,92,156
50,1600,1221,92,156
50,1600,1222,92,157
50,1600,1223,92,157
50,1600,1224,93,157
50,1600,1225,93,157
50,1600,1226,93,157
50,1600,1227,93,157
50,1600,1228,93,157
50,1600,1229,93,157
50,1600,1230,93,157
50,1600,1231,93,158
50,1600,1232,93,158
50,1600,1233,93,158
50,1600,1234,93,158
50,1600,1235,93,158
50,1600,1236,94,158
50,1600,1237,94,158
50,1600,1238,94,158
50,1600,1239,94,158
50,1600,1240,94,159
50,1600,1241,94,159
50,1600,1242,94,159
50,1600,1243,94,159
50,1600,1244,94,159
50,1600,1245,94,159
50,1600,1246,94,159
50,1600,1247,95,159
50,1600,1248,95,160
50,1600,1249,95,160
50,1600,1250,95,160
50,1600,1251,95,160
50,1600,1252,95,160
50,1600,1253,95,160
50,1600,1254,95,160
50,1600,1255,95,160
50,1600,1256,95,160
50,1600,1257,95,161
50,1600,1258,95,161
50,1600,1259,96,161
50,1600,1260,96,161
50,1600,1261,96,161
50,1600,1262,96,161
50,1600,1263,96,161
50,1600,1264,96,161
50,1600,1265,96,161
50,1600,1266,96,162
50,1600,1267,96,162
50,1600,1268,96,162
50,1600,1269,96,162
50,1600,1270,96,162
50,1600,1271,97,162
50,1600,1272,97,162
50,1600,1273,97,162
50,1600,1274,97,162
50,1600,1275,97,163
50,1600,1276,97,163
50,1600,1277,97,163
50,1600,1278,97,163
50,1600,1279,97,163
50,1600,1280,97,163
50,1600,1281,97,163
50,1600,1282,98,163
50,1600,1283,98,164
50,1600,1284,98,164
50,1600,1285,98,164
50,1600,1286,98,164
50,1600,1287,98,164
50,1600,1288,98,164
50,1600,1289,98,164
50,1600,1290,98,164
50,1600,1291,98,164
50,1600,1292,98,165
50,1600,1293,98,165
50,1600,1294,99,165
50,1600,1295,99,165
50,1600,1296,99,165
50,1600,1297,99,165
50,1600,1298,99,165
50,1600,1299,99,165
50,1600,1300,99,165
50,1600,1301,99,166
50,1600,1302,99,166
50,1600,1303,99,166
50,1600,1304,99,166
50,1600,1305,100,166
50,1600,1306,100,166
50,1600,1307,100,166
50,1600,1308,100,166
50,1600,1309,100,166
50,1600,1310,100,167
50,1600,1311,100,167
50,1600,1312,100,167
50,1600,1313,100,167
50,1600,1314,100,167
50,1600,1315,100,167
50,1600,1316,100,167
50,1600,1317,101,167
50,1600,1318,101,168
50,1600,1319,101,168
50,1600,1320,101,168
50,1600,1321,101,168
50,1600,1322,101,168
50,1600,1323,101,168
50,1600,1324,101,168
50,1600,1325,101,168
50,1600,1326,101,168
50,1600,1327,101,169
50,1600,1328,102,169
50,1600,1329,102,169
50,1600,1330,102,169
50,1600,1331,102,169
50,1600,1332,102,169
50,1600,1333,102,169
50,1600,1334,102,169
50,1600,1335,102,169
50,1600,1336,102,170
50,1600,1337,102,170
50,1600,1338,102,170
50,1600,1339,102,170
50,1600,1340,103,170
50,1600,1341,103,170
50,1600,1342,103,170
50,1600,1343,103,170
50,1600,1344,103,170
50,1600,1345,103,171
50,1600,1346,103,171
50,1600,1347,103,171
50,1600,1348,103,171
50,1600,1349,103,171
50,1600,1350,103,171
50,1600,1351,103,171
50,1600,1352,104,171
50,1600,1353,104,172
50,1600,1354,104,172
50,1600,1355,104,172
50,1600,1356,104,172
50,1600,1357,104,172
50,1600,1358,104,172
50,1600,1359,104,172
50,1600,1360,104,172
50,1600,1361,104,172
50,1600,1362,104,173
50,1600,1363,105,173
50,1600,1364,105,173
50,1600,1365,105,173
50,1600,1366,105,173
50,1600,1367,105,173
50,1600,1368,105,173
50,1600,1369,105,173
50,1600,1370,105,173
50,1600,1371,105,174
50,1600,1372,105,174
50,1600,1373,105,174
50,1600,1374,105,174
50,1600,1375,106,174
50,1600,1376,106,174
50,1600,1377,106,174
50,1600,1378,106,174
50,1600,1379,106,174
50,1600,1380,106,175
50,1600,1381,106,175
50,1600,1382,106,175
50,1600,1383,106,175
50,1600,1384,106,175
50,1600,1385,106,175
50,1600,1386,107,175
50,1600,1387,107,175
50,1600,1388,107,175
50,1600,1389,107,176
50,1600,1390,107,176
50,1600,1391,107,176
50,1600,1392,107,176
50,1600,1393,107,176
50,1600,1394,107,176
50,1600,1395,107,176
50,1600,1396,107,176
50,1600,1397,107,177
50,1600,1398,108,177
50,1600,1399,108,177
50,1600,1400,108,177
50,1600,1401,108,177
50,1600,1402,108,177
50,1600,1403,108,177
50,1600,1404,108,177
50,1600,1405,108,177
50,1600,1406,108,178
50,1600,1407,108,178
50,1600,1408,108,178
50,1600,1409,109,178
50,1600,1410,109,178
50,1600,1411,109,178
50,1600,1412,109,178
50,1600,1413,109,178
50,1600,1414,109,178
50,1600,1415,109,179
50,1600,1416,109,179
50,1600,1417,109,179
50,1600,1418,109,179
50,1600,1419,109,179
50,1600,1420,109,179
50,1600,1421,110,179
50,1600,1422,110,179
50,1600,1423,110,179
50,1600,1424,110,180
50,1600,1425,110,180
50,1600,1426,110,180
50,1600,1427,110,180
50,1600,1428,110,180
50,1600,1429,110,180
50,1600,1430,110,180
50,1600,1431,110,180
50,1600,1432,111,180
50,1600,1433,111,181
50,1600,1434,111,181
50,1600,1435,111,181
50,1600,1436,111,181
50,1600,1437,111,181
50,1600,1438,111,181
50,1600,1439,111,181
50,1600,1440,111,181
50,1600,1441,111,182
50,1600,1442,111,182
50,1600,1443,111,182
50,1600,1444,112,182
50,1600,1445,112,182
50,1600,1446,112,182
50,1600,1447,112,182
50,1600,1448,112,182
50,1600,1449,112,182
50,1600,1450,112,183
50,1600,1451,112,183
50,1600,1452,112,183
50,1600,1453,112,183
50,1600,1454,112,183
50,1600,1455,113,183
50,1600,1456,113,183
50,1600,1457,113,183
50,1600,1458,113,183
50,1600,1459,113,184
50,1600,1460,113,184
50,1600,1461,113,184
50,1600,1462,113,184
50,1600,1463,113,184
50,1600,1464,113,184
50,1600,1465,113,184
50,1600,1466,113,184
50,1600,1467,114,184
50,1600,1468,114,185
50,1600,1469,114,185
50,1600,1470,114,185
50,1600,1471,114,185
50,1600,1472,114,185
50,1600,1473,114,185
50,1600,1474,114,185
50,1600,1475,114,185
50,1600,1476,114,185
50,1600,1477,114,186
50,1600,1478,115,186
50,1600,1479,115,186
50,1600,1480,115,186
50,1600,1481,115,186
50,1600,1482,115,186
50,1600,1483,115,186
50,1600,1484,115,186
50,1600,1485,115,187
50,1600,1486,115,187
50,1600,1487,115,187
50,1600,1488,115,187
50,1600,1489,116,187
50,1600,1490,116,187
50,1600,1491,116,187
50,1600,1492,116,187
50,1600,1493,116,187
50,1600,1494,116,188
50,1600,1495,116,188
50,1600,1496,116,188
50,1600,1497,116,188
50,1600,1498,116,188
50,1600,1499,116,188
50,1600,1500,116,188
50,1600,1501,117,188
50,1600,1502,117,188
50,1600,1503,117,189
50,1600,1504,117,189
50,1600,1505,117,189
50,1600,1506,117,189
50,1600,1507,117,189
50,1600,1508,117,189
50,1600,1509,117,189
50,1600,1510,117,189
50,1600,1511,117,189
50,1600,1512,118,190
50,1600,1513,118,190
50,1600,1514,118,190
50,1600,1515,118,190
50,1600,1516,118,190
50,1600,1517,118,190
50,1600,1518,118,190
50,1600,1519,118,190
50,1600,1520,118,190
50,1600,1521,118,191
50,1600,1522,118,191
50,1600,1523,118,191
50,1600,1524,119,191
50,1600,1525,119,191
50,1600,1526,119,191
50,1600,1527,119,191
50,1600,1528,119,191
50,1600,1529,119,191
50,1600,1530,119,192
50,1600,1531,119,192
50,1600,1532,119,192
50,1600,1533,119,192
50,1600,1534,119,192
50,1600,1535,120,192
50,1600,1536,120,192
50,1600,1537,120,192
50,1600,1538,120,193
50,1600,1539,120,193
50,1600,1540,120,193
50,1600,1541,120,193
50,1600,1542,120,193
50,1600,1543,120,193
50,1600,1544,120,193
50,1600,1545,120,193
50,1600,1546,120,193
50,1600,1547,121,194
50,1600,1548,121,194
50,1600,1549,121,194
50,1600,1550,121,194
50,1600,1551,121,194
50,1600,1552,121,194
50,1600,1553,121,194
50,1600,1554,121,194
50,1600,1555,121,194
50,1600,1556,121,195
50,1600,1557,121,195
50,1600,1558,122,195
50,1600,1559,122,195
50,1600,1560,122,195
50,1600,1561,122,195
50,1600,1562,122,195
50,1600,1563,122,195
50,1600,1564,122,195
50,1600,1565,122,196
50,1600,1566,122,196
50,1600,1567,122,196
50,1600,1568,122,196
50,1600,1569,122,196
50,1600,1570,123,196
50,1600,1571,123,196
50,1600,1572,123,196
50,1600,1573,123,196
50,1600,1574,123,197
50,1600,1575,123,197
50,1600,1576,123,197
50,1600,1577,123,197
50,1600,1578,123,197
50,1600,1579,123,197
50,1600,1580,123,197
50,1600,1581,124,197
50,1600,1582,124,197
50,1600,1583,124,198
50,1600,1584,124,198
50,1600,1585,124,198
50,1600,1586,124,198
50,1600,1587,124,198
50,1600,1588,124,198
50,1600,1589,124,198
50,1600,1590,124,198
50,1600,1591,124,199
50,1600,1592,125,199
50,1600,1593,125,199
50,1600,1594,125,199
50,1600,1595,125,199
50,1600,1596,125,199
50,1600,1597,125,199
50,1600,1598,125,199
50,1600,1599,125,199
50,1600,1600,125,200
50,3200,1,,
50,3200,2,,
50,3200,3,,
50,3200,4,,4
50,3200,5,,4
50,3200,6,,4
50,3200,7,,5
50,3200,8,,5
50,3200,9,,5
50,3200,10,,5
50,3200,11,,5
50,3200,12,,6
50,3200,13,,6
50,3200,14,,6
50,3200,15,,6
50,3200,16,,6
50,3200,17,,7
50,3200,18,,7
50,3200,19,,7
50,3200,20,,7
50,3200,21,,7
50,3200,22,,8
50,3200,23,,8
50,3200,24,,8
50,3200,25,,8
50,3200,26,,8
50,3200,27,,8
50,3200,28,,9
50,3200,29,,9
50,3200,30,,9
50,3200,31,,9
50,3200,32,0,9
50,3200,33,0,9
50,3200,34,0,10
50,3200,35,0,10
50,3200,36,0,10
50,3200,37,0,10
50,3200,38,0,10
50,3200,39,0,10
50,3200,40,0,11
50,3200,41,0,11
50,3200,42,0,11
50,3200,43,0,11
50,3200,44,0,11
50,3200,45,0,11
50,3200,46,0,12
50,3200,47,0,12
50,3200,48,0,12
50,3200,49,0,12
50,3200,50,0,12
50,3200,51,0,12
50,3200,52,0,13
50,3200,53,0,13
50,3200,54,0,13
50,3200,55,1,13
50,3200,56,1,13
50,3200,57,1,13
50,3200,58,1,14
50,3200,59,1,14
50,3200,60,1,14
50,3200,61,1,14
50,3200,62,1,14
50,3200,63,1,14
50,3200,64,1,14
50,3200,65,1,15
50,3200,66,1,15
50,3200,67,1,15
50,3200,68,1,15
50,3200,69,1,15
50,3200,70,1,15
50,3200,71,1,16
50,3200,72,1,16
50,3200,73,1,16
50,3200,74,2,16
50,3200,75,2,16
50,3200,76,2,16
50,3200,77,2,16
50,3200,78,2,17
50,3200,79,2,17
50,3200,80,2,17
50,3200,81,2,17
50,3200,82,2,17
50,3200,83,2,17
50,3200,84,2,18
50,3200,85,2,18
50,3200,86,2,18
50,3200,87,2,18
50,3200,88,2,18
50,3200,89,2,18
50,3200,90,2,18
50,3200,91,2,19
50,3200,92,3,19
50,3200,93,3,19
50,3200,94,3,19
50,3200,95,3,19
50,3200,96,3,19
50,3200,97,3,19
50,3200,98,3,20
50,3200,99,3,20
50,3200,100,3,20
50,3200,101,3,20
50,3200,102,3,20
50,3200,103,3,20
50,3200,104,3,20
50,3200,105,3,21
50,3200,106,3,21
50,3200,107,3,21
50,3200,108,3,21
50,3200,109,4,21
50,3200,110,4,21
50,3200,111,4,21
50,3200,112,4,22
50,3200,113,4,22
50,3200,114,4,22
50,3200,115,4,22
50,3200,116,4,22
50,3200,117,4,22
50,3200,118,4,22
50,3200,119,4,23
50,3200,120,4,23
50,3200,121,4,23
50,3200,122,4,23
50,3200,123,4,23
50,3200,124,4,23
50,3200,125,5,23
50,3200,126,5,24
50,3200,127,5,24
50,3200,128,5,24
50,3200,129,5,24
50,3200,130,5,24
50,3200,131,5,24
50,3200,132,5,24
50,3200,133,5,25
50,3200,134,5,25
50,3200,135,5,25
50,3200,136,5,25
50,3200,137,5,25
50,3200,138,5,25
50,3200,139,5,25
50,3200,140,5,26
50,3200,141,6,26
50,3200,142,6,26
50,3200,143,6,26
50,3200,144,6,26
50,3200,145,6,26
50,3200,146,6,26
50,3200,147,6,27
50,3200,148,6,27
50,3200,149,6,27
50,3200,150,6,27
50,3200,151,6,27
50,3200,152,6,27
50,3200,153,6,27
50,3200,154,6,27
50,3200,155,6,28
50,3200,156,7,28
50,3200,157,7,28
50,3200,158,7,28
50,3200,159,7,28
50,3200,160,7,28
50,3200,161,7,28
50,3200,162,7,29
50,3200,163,7,29
50,3200,164,7,29
50,3200,165,7,29
50,3200,166,7,29
50,3200,167,7,29
50,3200,168,7,29
50,3200,169,7,30
50,3200,170,7,30
50,3200,171,8,30
50,3200,172,8,30
50,3200,173,8,30
50,3200,174,8,30
50,3200,175,8,30
50,3200,176,8,30
50,3200,177,8,31
50,3200,178,8,31
50,3200,179,8,31
50,3200,180,8,31
50,3200,181,8,31
50,3200,182,8,31
50,3200,183,8,31
50,3200,184,8,32
50,3200,185,8,32
50,3200,186,9,32
50,3200,187,9,32
50,3200,188,9,32
50,3200,189,9,32
50,3200,190,9,32
50,3200,191,9,33
50,3200,192,9,33
50,3200,193,9,33
50,3200,194,9,33
50,3200,195,9,33
50,3200,196,9,33
50,3200,197,9,33
50,3200,198,9,33
50,3200,199,9,34
50,3200,200,10,34
50,3200,201,10,34
50,3200,202,10,34
50,3200,203,10,34
50,3200,204,10,34
50,3200,205,10,34
50,3200,206,10,35
50,3200,207,10,35
50,3200,208,10,35
50,3200,209,10,35
50,3200,210,10,35
50,3200,211,10,35
50,3200,212,10,35
50,3200,213,10,35
50,3200,214,11,36
50,3200,215,11,36
50,3200,216,11,36
50,3200,217,11,36
50,3200,218,11,36
50,3200,219,11,36
50,3200,220,11,36
50,3200,221,11,37
50,3200,222,11,37
50,3200,223,11,37
50,3200,224,11,37
50,3200,225,11,37
50,3200,226,11,37
50,3200,227,11,37
50,3200,228,11,37
50,3200,229,12,38
50,3200,230,12,38
50,3200,231,12,38
50,3200,232,12,38
50,3200,233,12,38
50,3200,234,12,38
50,3200,235,12,38
50,3200,236,12,38
50,3200,237,12,39
50,3200,238,12,39
50,3200,239,12,39
50,3200,240,12,39
50,3200,241,12,39
50,3200,242,12,39
50,3200,243,13,39
50,3200,244,13,40
50,3200,245,13,40
50,3200,246,13,40
50,3200,247,13,40
50,3200,248,13,40
50,3200,249,13,40
50,3200,250,13,40
50,3200,251,13,40
50,3200,252,13,41
50,3200,253,13,41
50,3200,254,13,41
50,3200,255,13,41
50,3200,256,13,41
50,3200,257,14,41
50,3200,258,14,41
50,3200,259,14,41
50,3200,260,14,42
50,3200,261,14,42
50,3200,262,14,42
50,3200,263,14,42
50,3200,264,14,42
50,3200,265,14,42
50,3200,266,14,42
50,3200,267,14,43
50,3200,268,14,43
50,3200,269,14,43
50,3200,270,15,43
50,3200,271,15,43
50,3200,272,15,43
50,3200,273,15,43
50,3200,274,15,43
50,3200,275,15,44
50,3200,276,15,44
50,3200,277,15,44
50,3200,278,15,44
50,3200,279,15,44
50,3200,280,15,44
50,3200,281,15,44
50,3200,282,15,44
50,3200,283,15,45
50,3200,284,16,45
50,3200,285,16,45
50,3200,286,16,45
50,3200,287,16,45
50,3200,288,16,45
50,3200,289,16,45
50,3200,290,16,45
50,3200,291,16,46
50,3200,292,16,46
50,3200,293,16,46
50,3200,294,16,46
50,3200,295,16,46
50,3200,296,16,46
50,3200,297,17,46
50,3200,298,17,46
50,3200,299,17,47
50,3200,300,17,47
50,3200,301,17,47
50,3200,302,17,47
50,3200,303,17,47
50,3200,304,17,47
50,3200,305,17,47
50,3200,306,17,48
50,3200,307,17,48
50,3200,308,17,48
50,3200,309,17,48
50,3200,310,17,48
50,3200,311,18,48
50,3200,312,18,48
50,3200,313,18,48
50,3200,314,18,49
50,3200,315,18,49
50,3200,316,18,49
50,3200,317,18,49
50,3200,318,18,49
50,3200,319,18,49
50,3200,320,18,49
50,3200,321,18,49
50,3200,322,18,50
50,3200,323,18,50
50,3200,324,19,50
50,3200,325,19,50
50,3200,326,19,50
50,3200,327,19,50
50,3200,328,19,50
50,3200,329,19,50
50,3200,330,19,51
50,3200,331,19,51
50,3200,332,19,51
50,3200,333,19,51
50,3200,334,19,51
50,3200,335,19,51
50,3200,336,19,51
50,3200,337,19,51
50,3200,338,20,52
50,3200,339,20,52
50,3200,340,20,52
50,3200,341,20,52
50,3200,342,20,52
50,3200,343,20,52
50,3200,344,20,52
50,3200,345,20,52
50,3200,346,20,53
50,3200,347,20,53
50,3200,348,20,53
50,3200,349,20,53
50,3200,350,20,53
50,3200,351,21,53
50,3200,352,21,53
50,3200,353,21,53
50,3200,354,21,54
50,3200,355,21,54
50,3200,356,21,54
50,3200,357,21,54
50,3200,358,21,54
50,3200,359,21,54
50,3200,360,21,54
50,3200,361,21,54
50,3200,362,21,55
50,3200,363,21,55
50,3200,364,22,55
50,3200,365,22,55
50,3200,366,22,55
50,3200,367,22,55
50,3200,368,22,55
50,3200,369,22,55
50,3200,370,22,56
50,3200,371,22,56
50,3200,372,22,56
50,3200,373,22,56
50,3200,374,22,56
50,3200,375,22,56
50,3200,376,22,56
50,3200,377,23,56
50,3200,378,23,57
50,3200,379,23,57
50,3200,380,23,57
50,3200,381,23,57
50,3200,382,23,57
50,3200,383,23,57
50,3200,384,23,57
50,3200,385,23,57
50,3200,386,23,58
50,3200,387,23,58
50,3200,388,23,58
50,3200,389,23,58
50,3200,390,24,58
50,3200,391,24,58
50,3200,392,24,58
50,3200,393,24,58
50,3200,394,24,59
50,3200,395,24,59
50,3200,396,24,59
50,3200,397,24,59
50,3200,398,24,59
50,3200,399,24,59
50,3200,400,24,59
50,3200,401,24,59
50,3200,402,24,60
50,3200,403,25,60
50,3200,404,25,60
50,3200,405,25,60
50,3200,406,25,60
50,3200,407,25,60
50,3200,408,25,60
50,3200,409,25,60
50,3200,410,25,61
50,3200,411,25,61
50,3200,412,25,61
50,3200,413,25,61
50,3200,414,25,61
50,3200,415,25,61
50,3200,416,26,61
50,3200,417,26,61
50,3200,418,26,62
50,3200,419,26,62
50,3200,420,26,62
50,3200,421,26,62
50,3200,422,26,62
50,3200,423,26,62
50,3200,424,26,62
50,3200,425,26,62
50,3200,426,26,63
50,3200,427,26,63
50,3200,428,26,63
50,3200,429,27,63
50,3200,430,27,63
50,3200,431,27,63
50,3200,432,27,63
50,3200,433,27,63
50,3200,434,27,64
50,3200,435,27,64
50,3200,436,27,64
50,3200,437,27,64
50,3200,438,27,64
50,3200,439,27,64
50,3200,440,27,64
50,3200,441,27,64
50,3200,442,28,65
50,3200,443,28,65
50,3200,444,28,65
50,3200,445,28,65
50,3200,446,28,65
50,3200,447,28,65
50,3200,448,28,65
50,3200,449,28,65
50,3200,450,28,66
50,3200,451,28,66
50,3200,452,28,66
50,3200,453,28,66
50,3200,454,29,66
50,3200,455,29,66
50,3200,456,29,66
50,3200,457,29,66
50,3200,458,29,67
50,3200,459,29,67
50,3200,460,29,67
50,3200,461,29,67
50,3200,462,29,67
50,3200,463,29,67
50,3200,464,29,67
50,3200,465,29,67
50,3200,466,29,68
50,3200,467,30,68
50,3200,468,30,68
50,3200,469,30,68
50,3200,470,30,68
50,3200,471,30,68
50,3200,472,30,68
50,3200,473,30,68
50,3200,474,30,68
50,3200,475,30,69
50,3200,476,30,69
50,3200,477,30,69
50,3200,478,30,69
50,3200,479,30,69
50,3200,480,31,69
50,3200,481,31,69
50,3200,482,31,69
50,3200,483,31,70
50,3200,484,31,70
50,3200,485,31,70
50,3200,486,31,70
50,3200,487,31,70
50,3200,488,31,70
50,3200,489,31,70
50,3200,490,31,70
50,3200,491,31,71
50,3200,492,32,71
50,3200,493,32,71
50,3200,494,32,71
50,3200,495,32,71
50,3200,496,32,71
50,3200,497,32,71
50,3200,498,32,71
50,3200,499,32,72
50,3200,500,32,72
50,3200,501,32,72
50,3200,502,32,72
50,3200,503,32,72
50,3200,504,32,72
50,3200,505,33,72
50,3200,506,33,72
50,3200,507,33,73
50,3200,508,33,73
50,3200,509,33,73
50,3200,510,33,73
50,3200,511,33,73
50,3200,512,33,73
50,3200,513,33,73
50,3200,514,33,73
50,3200,515,33,73
50,3200,516,33,74
50,3200,517,33,74
50,3200,518,34,74
50,3200,519,34,74
50,3200,520,34,74
50,3200,521,34,74
50,3200,522,34,74
50,3200,523,34,74
50,3200,524,34,75
50,3200,525,34,75
50,3200,526,34,75
50,3200,527,34,75
50,3200,528,34,75
50,3200,529,34,75
50,3200,530,35,75
50,3200,531,35,75
50,3200,532,35,76
50,3200,533,35,76
50,3200,534,35,76
50,3200,535,35,76
50,3200,536,35,76
50,3200,537,35,76
50,3200,538,35,76
50,3200,539,35,76
50,3200,540,35,77
50,3200,541,35,77
50,3200,542,35,77
50,3200,543,36,77
50,3200,544,36,77
50,3200,545,36,77
50,3200,546,36,77
50,3200,547,36,77
50,3200,548,36,77
50,3200,549,36,78
50,3200,550,36,78
50,3200,551,36,78
50,3200,552,36,78
50,3200,553,36,78
50,3200,554,36,78
50,3200,555,37,78
50,3200,556,37,78
50,3200,557,37,79
50,3200,558,37,79
50,3200,559,37,79
50,3200,560,37,79
50,3200,561,37,79
50,3200,562,37,79
50,3200,563,37,79
50,3200,564,37,79
50,3200,565,37,80
50,3200,566,37,80
50,3200,567,37,80
50,3200,568,38,80
50,3200,569,38,80
50,3200,570,38,80
50,3200,571,38,80
50,3200,572,38,80
50,3200,573,38,81
50,3200,574,38,81
50,3200,575,38,81
50,3200,576,38,81
50,3200,577,38,81
50,3200,578,38,81
50,3200,579,38,81
50,3200,580,39,81
50,3200,581,39,81
50,3200,582,39,82
50,3200,583,39,82
50,3200,584,39,82
50,3200,585,39,82
50,3200,586,39,82
50,3200,587,39,82
50,3200,588,39,82
50,3200,589,39,82
50,3200,590,39,83
50,3200,591,39,83
50,3200,592,40,83
50,3200,593,40,83
50,3200,594,40,83
50,3200,595,40,83
50,3200,596,40,83
50,3200,597,40,83
50,3200,598,40,84
50,3200,599,40,84
50,3200,600,40,84
50,3200,601,40,84
50,3200,602,40,84
50,3200,603,40,84
50,3200,604,40,84
50,3200,605,41,84
50,3200,606,41,84
50,3200,607,41,85
50,3200,608,41,85
50,3200,609,41,85
50,3200,610,41,85
50,3200,611,41,85
50,3200,612,41,85
50,3200,613,41,85
50,3200,614,41,85
50,3200,615,41,86
50,3200,616,41,86
50,3200,617,42,86
50,3200,618,42,86
50,3200,619,42,86
50,3200,620,42,86
50,3200,621,42,86
50,3200,622,42,86
50,3200,623,42,87
50,3200,624,42,87
50,3200,625,42,87
50,3200,626,42,87
50,3200,627,42,87
50,3200,628,42,87
50,3200,629,43,87
50,3200,630,43,87
50,3200,631,43,87
50,3200,632,43,88
50,3200,633,43,88
50,3200,634,43,88
50,3200,635,43,88
50,3200,636,43,88
50,3200,637,43,88
50,3200,638,43,88
50,3200,639,43,88
50,3200,640,43,89
50,3200,641,43,89
50,3200,642,44,89
50,3200,643,44,89
50,3200,644,44,89
50,3200,645,44,89
50,3200,646,44,89
50,3200,647,44,89
50,3200,648,44,90
50,3200,649,44,90
50,3200,650,44,90
50,3200,651,44,90
50,3200,652,44,90
50,3200,653,44,90
50,3200,654,45,90
50,3200,655,45,90
50,3200,656,45,90
50,3200,657,45,91
50,3200,658,45,91
50,3200,659,45,91
50,3200,660,45,91
50,3200,661,45,91
50,3200,662,45,91
50,3200,663,45,91
50,3200,664,45,91
50,3200,665,45,92
50,3200,666,46,92
50,3200,667,46,92
50,3200,668,46,92
50,3200,669,46,92
50,3200,670,46,92
50,3200,671,46,92
50,3200,672,46,92
50,3200,673,46,93
50,3200,674,46,93
50,3200,675,46,93
50,3200,676,46,93
50,3200,677,46,93
50,3200,678,47,93
50,3200,679,47,93
50,3200,680,47,93
50,3200,681,47,93
50,3200,682,47,94
50,3200,683,47,94
50,3200,684,47,94
50,3200,685,47,94
50,3200,686,47,94
50,3200,687,47,94
50,3200,688,47,94
50,3200,689,47,94
50,3200,690,47,95
50,3200,691,48,95
50,3200,692,48,95
50,3200,693,48,95
50,3200,694,48,95
50,3200,695,48,95
50,3200,696,48,95
50,3200,697,48,95
50,3200,698,48,95
50,3200,699,48,96
50,3200,700,48,96
50,3200,701,48,96
50,3200,702,48,96
50,3200,703,49,96
50,3200,704,49,96
50,3200,705,49,96
50,3200,706,49,96
50,3200,707,49,97
50,3200,708,49,97
50,3200,709,49,97
50,3200,710,49,97
50,3200,711,49,97
50,3200,712,49,97
50,3200,713,49,97
50,3200,714,49,97
50,3200,715,50,98
50,3200,716,50,98
50,3200,717,50,98
50,3200,718,50,98
50,3200,719,50,98
50,3200,720,50,98
50,3200,721,50,98
50,3200,722,50,98
50,3200,723,50,98
50,3200,724,50,99
50,3200,725,50,99
50,3200,726,50,99
50,3200,727,51,99
50,3200,728,51,99
50,3200,729,51,99
50,3200,730,51,99
50,3200,731,51,99
50,3200,732,51,100
50,3200,733,51,100
50,3200,734,51,100
50,3200,735,51,100
50,3200,736,51,100
50,3200,737,51,100
50,3200,738,51,100
50,3200,739,52,100
50,3200,740,52,100
50,3200,741,52,101
50,3200,742,52,101
50,3200,743,52,101
50,3200,744,52,101
50,3200,745,52,101
50,3200,746,52,101
50,3200,747,52,101
50,3200,748,52,101
50,3200,749,52,102
50,3200,750,52,102
50,3200,751,53,102
50,3200,752,53,102
50,3200,753,53,102
50,3200,754,53,102
50,3200,755,53,102
50,3200,756,53,102
50,3200,757,53,102
50,3200,758,53,103
50,3200,759,53,103
50,3200,760,53,103
50,3200,761,53,103
50,3200,762,53,103
50,3200,763,54,103
50,3200,764,54,103
50,3200,765,54,103
50,3200,766,54,104
50,3200,767,54,104
50,3200,768,54,104
50,3200,769,54,104
50,3200,770,54,104
50,3200,771,54,104
50,3200,772,54,104
50,3200,773,54,104
50,3200,774,54,104
50,3200,775,55,105
50,3200,776,55,105
50,3200,777,55,105
50,3200,778,55,105
50,3200,779,55,105
50,3200,780,55,105
50,3200,781,55,105
50,3200,782,55,105
50,3200,783,55,106
50,3200,784,55,106
50,3200,785,55,106
50,3200,786,55,106
50,3200,787,55,106
50,3200,788,56,106
50,3200,789,56,106
50,3200,790,56,106
50,3200,791,56,106
50,3200,792,56,107
50,3200,793,56,107
50,3200,794,56,107
50,3200,795,56,107
50,3200,796,56,107
50,3200,797,56,107
50,3200,798,56,107
50,3200,799,56,107
50,3200,800,57,108
50,3200,801,57,108
50,3200,802,57,108
50,3200,803,57,108
50,3200,804,57,108
50,3200,805,57,108
50,3200,806,57,108
50,3200,807,57,108
50,3200,808,57,109
50,3200,809,57,109
50,3200,810,57,109
50,3200,811,57,109
50,3200,812,58,109
50,3200,813,58,109
50,3200,814,58,109
50,3200,815,58,109
50,3200,816,58,109
50,3200,817,58,110
50,3200,818,58,110
50,3200,819,58,110
50,3200,820,58,110
50,3200,821,58,110
50,3200,822,58,110
50,3200,823,58,110
50,3200,824,59,110
50,3200,825,59,111
50,3200,826,59,111
50,3200,827,59,111
50,3200,828,59,111
50,3200,829,59,111
50,3200,830,59,111
50,3200,831,59,111
50,3200,832,59,111
50,3200,833,59,111
50,3200,834,59,112
50,3200,835,59,112
50,3200,836,60,112
50,3200,837,60,112
50,3200,838,60,112
50,3200,839,60,112
50,3200,840,60,112
50,3200,841,60,112
50,3200,842,60,112
50,3200,843,60,113
50,3200,844,60,113
50,3200,845,60,113
50,3200,846,60,113
50,3200,847,60,113
50,3200,848,61,113
50,3200,849,61,113
50,3200,850,61,113
50,3200,851,61,114
50,3200,852,61,114
50,3200,853,61,114
50,3200,854,61,114
50,3200,855,61,114
50,3200,856,61,114
50,3200,857,61,114
50,3200,858,61,114
50,3200,859,62,114
50,3200,860,62,115
50,3200,861,62,115
50,3200,862,62,115
50,3200,863,62,115
50,3200,864,62,115
50,3200,865,62,115
50,3200,866,62,115
50,3200,867,62,115
50,3200,868,62,116
50,3200,869,62,116
50,3200,870,62,116
50,3200,871,63,116
50,3200,872,63,116
50,3200,873,63,116
50,3200,874,63,116
50,3200,875,63,116
50,3200,876,63,116
50,3200,877,63,117
50,3200,878,63,117
50,3200,879,63,117
50,3200,880,63,117
50,3200,881,63,117
50,3200,882,63,117
50,3200,883,64,117
50,3200,884,64,117
50,3200,885,64,118
50,3200,886,64,118
50,3200,887,64,118
50,3200,888,64,118
50,3200,889,64,118
50,3200,890,64,118
50,3200,891,64,118
50,3200,892,64,118
50,3200,893,64,118
50,3200,894,64,119
50,3200,895,65,119
50,3200,896,65,119
50,3200,897,65,119
50,3200,898,65,119
50,3200,899,65,119
50,3200,900,65,119
50,3200,901,65,119
50,3200,902,65,120
50,3200,903,65,120
50,3200,904,65,120
50,3200,905,65,120
50,3200,906,65,120
50,3200,907,66,120
50,3200,908,66,120
50,3200,909,66,120
50,3200,910,66,120
50,3200,911,66,121
50,3200,912,66,121
50,3200,913,66,121
50,3200,914,66,121
50,3200,915,66,121
50,3200,916,66,121
50,3200,917,66,121
50,3200,918,66,121
50,3200,919,67,122
50,3200,920,67,122
50,3200,921,67,122
50,3200,922,67,122
50,3200,923,67,122
50,3200,924,67,122
50,3200,925,67,122
50,3200,926,67,122
50,3200,927,67,122
50,3200,928,67,123
50,3200,929,67,123
50,3200,930,67,123
50,3200,931,68,123
50,3200,932,68,123
50,3200,933,68,123
50,3200,934,68,123
50,3200,935,68,123
50,3200,936,68,123
50,3200,937,68,124
50,3200,938,68,124
50,3200,939,68,124
50,3200,940,68,124
50,3200,941,68,124
50,3200,942,68,124
50,3200,943,69,124
50,3200,944,69,124
50,3200,945,69,125
50,3200,946,69,125
50,3200,947,69,125
50,3200,948,69,125
50,3200,949,69,125
50,3200,950,69,125
50,3200,951,69,125
50,3200,952,69,125
50,3200,953,69,125
50,3200,954,69,126
50,3200,955,70,126
50,3200,956,70,126
50,3200,957,70,126
50,3200,958,70,126
50,3200,959,70,126
50,3200,960,70,126
50,3200,961,70,126
50,3200,962,70,127
50,3200,963,70,127
50,3200,964,70,127
50,3200,965,70,127
50,3200,966,71,127
50,3200,967,71,127
50,3200,968,71,127
50,3200,969,71,127
50,3200,970,71,127
50,3200,971,71,128
50,3200,972,71,128
50,3200,973,71,128
50,3200,974,71,128
50,3200,975,71,128
50,3200,976,71,128
50,3200,977,71,128
50,3200,978,72,128
50,3200,979,72,128
50,3200,980,72,129
50,3200,981,72,129
50,3200,982,72,129
50,3200,983,72,129
50,3200,984,72,129
50,3200,985,72,129
50,3200,986,72,129
50,3200,987,72,129
50,3200,988,72,130
50,3200,989,72,130
50,3200,990,73,130
50,3200,991,73,130
50,3200,992,73,130
50,3200,993,73,130
50,3200,994,73,130
50,3200,995,73,130
50,3200,996,73,130
50,3200,997,73,131
50,3200,998,73,131
50,3200,999,73,131
50,3200,1000,73,131
50,3200,1001,73,131
50,3200,1002,74,131
50,3200,1003,74,131
50,3200,1004,74,131
50,3200,1005,74,132
50,3200,1006,74,132
50,3200,1007,74,132
50,3200,1008,74,132
50,3200,1009,74,132
50,3200,1010,74,132
50,3200,1011,74,132
50,3200,1012,74,132
50,3200,1013,74,132
50,3200,1014,75,133
50,3200,1015,75,133
50,3200,1016,75,133
50,3200,1017,75,133
50,3200,1018,75,133
50,3200,1019,75,133
50,3200,1020,75,133
50,3200,1021,75,133
50,3200,1022,75,133
50,3200,1023,75,134
50,3200,1024,75,134
50,3200,1025,76,134
50,3200,1026,76,134
50,3200,1027,76,134
50,3200,1028,76,134
50,3200,1029,76,134
50,3200,1030,76,134
50,3200,1031,76,135
50,3200,1032,76,135
50,3200,1033,76,135
50,3200,1034,76,135
50,3200,1035,76,135
50,3200,1036,76,135
50,3200,1037,77,135
50,3200,1038,77,135
50,3200,1039,77,135
50,3200,1040,77,136
50,3200,1041,77,136
50,3200,1042,77,136
50,3200,1043,77,136
50,3200,1044,77,136
50,3200,1045,77,136
50,3200,1046,77,136
50,3200,1047,77,136
50,3200,1048,77,136
50,3200,1049,78,137
50,3200,1050,78,137
50,3200,1051,78,137
50,3200,1052,78,137
50,3200,1053,78,137
50,3200,1054,78,137
50,3200,1055,78,137
50,3200,1056,78,137
50,3200,1057,78,138
50,3200,1058,78,138
50,3200,1059,78,138
50,3200,1060,78,138
50,3200,1061,79,138
50,3200,1062,79,138
50,3200,1063,79,138
50,3200,1064,79,138
50,3200,1065,79,138
50,3200,1066,79,139
50,3200,1067,79,139
50,3200,1068,79,139
50,3200,1069,79,139
50,3200,1070,79,139
50,3200,1071,79,139
50,3200,1072,80,139
50,3200,1073,80,139
50,3200,1074,80,139
50,3200,1075,80,140
50,3200,1076,80,140
50,3200,1077,80,140
50,3200,1078,80,140
50,3200,1079,80,140
50,3200,1080,80,140
50,3200,1081,80,140
50,3200,1082,80,140
50,3200,1083,80,141
50,3200,1084,81,141
50,3200,1085,81,141
50,3200,1086,81,141
50,3200,1087,81,141
50,3200,1088,81,141
50,3200,1089,81,141
50,3200,1090,81,141
50,3200,1091,81,141
50,3200,1092,81,142
50,3200,1093,81,142
50,3200,1094,81,142
50,3200,1095,81,142
50,3200,1096,82,142
50,3200,1097,82,142
50,3200,1098,82,142
50,3200,1099,82,142
50,3200,1100,82,143
50,3200,1101,82,143
50,3200,1102,82,143
50,3200,1103,82,143
50,3200,1104,82,143
50,3200,1105,82,143
50,3200,1106,82,143
50,3200,1107,82,143
50,3200,1108,83,143
50,3200,1109,83,144
50,3200,1110,83,144
50,3200,1111,83,144
50,3200,1112,83,144
50,3200,1113,83,144
50,3200,1114,83,144
50,3200,1115,83,144
50,3200,1116,83,144
50,3200,1117,83,144
50,3200,1118,83,145
50,3200,1119,84,145
50,3200,1120,84,145
50,3200,1121,84,145
50,3200,1122,84,145
50,3200,1123,84,145
50,3200,1124,84,145
50,3200,1125,84,145
50,3200,1126,84,145
50,3200,1127,84,146
50,3200,1128,84,146
50,3200,1129,84,146
50,3200,1130,84,146
50,3200,1131,85,146
50,3200,1132,85,146
50,3200,1133,85,146
50,3200,1134,85,146
50,3200,1135,85,147
50,3200,1136,85,147
50,3200,1137,85,147
50,3200,1138,85,147
50,3200,1139,85,147
50,3200,1140,85,147
50,3200,1141,85,147
50,3200,1142,85,147
50,3200,1143,86,147
50,3200,1144,86,148
50,3200,1145,86,148
50,3200,1146,86,148
50,3200,1147,86,148
50,3200,1148,86,148
50,3200,1149,86,148
50,3200,1150,86,148
50,3200,1151,86,148
50,3200,1152,86,148
50,3200,1153,86,149
50,3200,1154,87,149
50,3200,1155,87,149
50,3200,1156,87,149
50,3200,1157,87,149
50,3200,1158,87,149
50,3200,1159,87,149
50,3200,1160,87,149
50,3200,1161,87,150
50,3200,1162,87,150
50,3200,1163,87,150
50,3200,1164,87,150
50,3200,1165,87,150
50,3200,1166,88,150
50,3200,1167,88,150
50,3200,1168,88,150
50,3200,1169,88,150
50,3200,1170,88,151
50,3200,1171,88,151
50,3200,1172,88,151
50,3200,1173,88,151
50,3200,1174,88,151
50,3200,1175,88,151
50,3200,1176,88,151
50,3200,1177,88,151
50,3200,1178,89,151
50,3200,1179,89,152
50,3200,1180,89,152
50,3200,1181,89,152
50,3200,1182,89,152
50,3200,1183,89,152
50,3200,1184,89,152
50,3200,1185,89,152
50,3200,1186,89,152
50,3200,1187,89,153
50,3200,1188,89,153
50,3200,1189,90,153
50,3200,1190,90,153
50,3200,1191,90,153
50,3200,1192,90,153
50,3200,1193,90,153
50,3200,1194,90,153
50,3200,1195,90,153
50,3200,1196,90,154
50,3200,1197,90,154
50,3200,1198,90,154
50,3200,1199,90,154
50,3200,1200,90,154
50,3200,1201,91,154
50,3200,1202,91,154
50,3200,1203,91,154
50,3200,1204,91,154
50,3200,1205,91,155
50,3200,1206,91,155
50,3200,1207,91,155
50,3200,1208,91,155
50,3200,1209,91,155
50,3200,1210,91,155
50,3200,1211,91,155
50,3200,1212,91,155
50,3200,1213,92,155
50,3200,1214,92,156
50,3200,1215,92,156
50,3200,1216,92,156
50,3200,1217,92,156
50,3200,1218,92,156
50,3200,1219,92,156
50,3200,1220,92,156
50,3200,1221,92,156
50,3200,1222,92,157
50,3200,1223,92,157
50,3200,1224,93,157
50,3200,1225,93,157
50,3200,1226,93,157
50,3200,1227,93,157
50,3200,1228,93,157
50,3200,1229,93,157
50,3200,1230,93,157
50,3200,1231,93,158
50,3200,1232,93,158
50,3200,1233,93,158
50,3200,1234,93,158
50,3200,1235,93,158
50,3200,1236,94,158
50,3200,1237,94,158
50,3200,1238,94,158
50,3200,1239,94,158
50,3200,1240,94,159
50,3200,1241,94,159
50,3200,1242,94,159
50,3200,1243,94,159
50,3200,1244,94,159
50,3200,1245,94,159
50,3200,1246,94,159
50,3200,1247,95,159
50,3200,1248,95,160
50,3200,1249,95,160
50,3200,1250,95,160
50,3200,1251,95,160
50,3200,1252,95,160
50,3200,1253,95,160
50,3200,1254,95,160
50,3200,1255,95,160
50,3200,1256,95,160
50,3200,1257,95,161
50,3200,1258,95,161
50,3200,1259,96,161
50,3200,1260,96,161
50,3200,1261,96,161
50,3200,1262,96,161
50,3200,1263,96,161
50,3200,1264,96,161
50,3200,1265,96,161
50,3200,1266,96,162
50,3200,1267,96,162
50,3200,1268,96,162
50,3200,1269,96,162
50,3200,1270,96,162
50,3200,1271,97,162
50,3200,1272,97,162
50,3200,1273,97,162
50,3200,1274,97,162
50,3200,1275,97,163
50,3200,1276,97,163
50,3200,1277,97,163
50,3200,1278,97,163
50,3200,1279,97,163
50,3200,1280,97,163
50,3200,1281,97,163
50,3200,1282,98,163
50,3200,1283,98,164
50,3200,1284,98,164
50,3200,1285,98,164
50,3200,1286,98,164
50,3200,1287,98,164
50,3200,1288,98,164
50,3200,1289,98,164
50,3200,1290,98,164
50,3200,1291,98,164
50,3200,1292,98,165
50,3200,1293,98,165
50,3200,1294,99,165
50,3200,1295,99,165
50,3200,1296,99,165
50,3200,1297,99,165
50,3200,1298,99,165
50,3200,1299,99,165
50,3200,1300,99,165
50,3200,1301,99,166
50,3200,1302,99,166
50,3200,1303,99,166
50,3200,1304,99,166
50,3200,1305,100,166
50,3200,1306,100,166
50,3200,1307,100,166
50,3200,1308,100,166
50,3200,1309,100,166
50,3200,1310,100,167
50,3200,1311,100,167
50,3200,1312,100,167
50,3200,1313,100,167
50,3200,1314,100,167
50,3200,1315,100,167
50,3200,1316,100,167
50,3200,1317,101,167
50,3200,1318,101,168
50,3200,1319,101,168
50,3200,1320,101,168
50,3200,1321,101,168
50,3200,1322,101,168
50,3200,1323,101,168
50,3200,1324,101,168
50,3200,1325,101,168
50,3200,1326,101,168
50,3200,1327,101,169
50,3200,1328,102,169
50,3200,1329,102,169
50,3200,1330,102,169
50,3200,1331,102,169
50,3200,1332,102,169
50,3200,1333,102,169
50,3200,1334,102,169
50,3200,1335,102,169
50,3200,1336,102,170
50,3200,1337,102,170
50,3200,1338,102,170
50,3200,1339,102,170
50,3200,1340,103,170
50,3200,1341,103,170
50,3200,1342,103,170
50,3200,1343,103,170
50,3200,1344,103,170
50,3200,1345,103,171
50,3200,1346,103,171
50,3200,1347,103,171
50,3200,1348,103,171
50,3200,1349,103,171
50,3200,1350,103,171
50,3200,1351,103,171
50,3200,1352,104,171
50,3200,1353,104,172
50,3200,1354,104,172
50,3200,1355,104,172
50,3200,1356,104,172
50,3200,1357,104,172
50,3200,1358,104,172
50,3200,1359,104,172
50,3200,1360,104,172
50,3200,1361,104,172
50,3200,1362,104,173
50,3200,1363,105,173
50,3200,1364,105,173
50,3200,1365,105,173
50,3200,1366,105,173
50,3200,1367,105,173
50,3200,1368,105,173
50,3200,1369,105,173
50,3200,1370,105,173
50,3200,1371,105,174
50,3200,1372,105,174
50,3200,1373,105,174
50,3200,1374,105,174
50,3200,1375,106,174
50,3200,1376,106,174
50,3200,1377,106,174
50,3200,1378,106,174
50,3200,1379,106,174
50,3200,1380,106,175
50,3200,1381,106,175
50,3200,1382,106,175
50,3200,1383,106,175
50,3200,1384,106,175
50,3200,1385,106,175
50,3200,1386,107,175
50,3200,1387,107,175
50,3200,1388,107,175
50,3200,1389,107,176
50,3200,1390,107,176
50,3200,1391,107,176
50,3200,1392,107,176
50,3200,1393,107,176
50,3200,1394,107,176
50,3200,1395,107,176
50,3200,1396,107,176
50,3200,1397,107,177
50,3200,1398,108,177
50,3200,1399,108,177
50,3200,1400,108,177
50,3200,1401,108,177
50,3200,1402,108,177
50,3200,1403,108,177
50,3200,1404,108,177
50,3200,1405,108,177
50,3200,1406,108,178
50,3200,1407,108,178
50,3200,1408,108,178
50,3200,1409,109,178
50,3200,1410,109,178
50,3200,1411,109,178
50,3200,1412,109,178
50,3200,1413,109,178
50,3200,1414,109,178
50,3200,1415,109,179
50,3200,1416,109,179
50,3200,1417,109,179
50,3200,1418,109,179
50,3200,1419,109,179
50,3200,1420,109,179
50,3200,1421,110,179
50,3200,1422,110,179
50,3200,1423,110,179
50,3200,1424,110,180
50,3200,1425,110,180
50,3200,1426,110,180
50,3200,1427,110,180
50,3200,1428,110,180
50,3200,1429,110,180
50,3200,1430,110,180
50,3200,1431,110,180
50,3200,1432,111,180
50,3200,1433,111,181
50,3200,1434,111,181
50,3200,1435,111,181
50,3200,1436,111,181
50,3200,1437,111,181
50,3200,1438,111,181
50,3200,1439,111,181
50,3200,1440,111,181
50,3200,1441,111,182
50,3200,1442,111,182
50,3200,1443,111,182
50,3200,1444,112,182
50,3200,1445,112,182
50,3200,1446,112,182
50,3200,1447,112,182
50,3200,1448,112,182
50,3200,1449,112,182
50,3200,1450,112,183
50,3200,1451,112,183
50,3200,1452,112,183
50,3200,1453,112,183
50,3200,1454,112,183
50,3200,1455,113,183
50,3200,1456,113,183
50,3200,1457,113,183
50,3200,1458,113,183
50,3200,1459,113,184
50,3200,1460,113,184
50,3200,1461,113,184
50,3200,1462,113,184
50,3200,1463,113,184
50,3200,1464,113,184
50,3200,1465,113,184
50,3200,1466,113,184
50,3200,1467,114,184
50,3200,1468,114,185
50,3200,1469,114,185
50,3200,1470,114,185
50,3200,1471,114,185
50,3200,1472,114,185
50,3200,1473,114,185
50,3200,1474,114,185
50,3200,1475,114,185
50,3200,1476,114,185
50,3200,1477,114,186
50,3200,1478,115,186
50,3200,1479,115,186
50,3200,1480,115,186
50,3200,1481,115,186
50,3200,1482,115,186
50,3200,1483,115,186
50,3200,1484,115,186
50,3200,1485,115,187
50,3200,1486,115,187
50,3200,1487,115,187
50,3200,1488,115,187
50,3200,1489,116,187
50,3200,1490,116,187
50,3200,1491,116,187
50,3200,1492,116,187
50,3200,1493,116,187
50,3200,1494,116,188
50,3200,1495,116,188
50,3200,1496,116,188
50,3200,1497,116,188
50,3200,1498,116,188
50,3200,1499,116,188
50,3200,1500,116,188
50,3200,1501,117,188
50,3200,1502,117,188
50,3200,1503,117,189
50,3200,1504,117,189
50,3200,1505,117,189
50,3200,1506,117,189
50,3200,1507,117,189
50,3200,1508,117,189
50,3200,1509,117,189
50,3200,1510,117,189
50,3200,1511,117,189
50,3200,1512,118,190
50,3200,1513,118,190
50,3200,1514,118,190
50,3200,1515,118,190
50,3200,1516,118,190
50,3200,1517,118,190
50,3200,1518,118,190
50,3200,1519,118,190
50,3200,1520,118,190
50,3200,1521,118,191
50,3200,1522,118,191
50,3200,1523,118,191
50,3200,1524,119,191
50,3200,1525,119,191
50,3200,1526,119,191
50,3200,1527,119,191
50,3200,1528,119,191
50,3200,1529,119,191
50,3200,1530,119,192
50,3200,1531,119,192
50,3200,1532,119,192
50,3200,1533,119,192
50,3200,1534,119,192
50,3200,1535,120,192
50,3200,1536,120,192
50,3200,1537,120,192
50,3200,1538,120,193
50,3200,1539,120,193
50,3200,1540,120,193
50,3200,1541,120,193
50,3200,1542,120,193
50,3200,1543,120,193
50,3200,1544,120,193
50,3200,1545,120,193
50,3200,1546,120,193
50,3200,1547,121,194
50,3200,1548,121,194
50,3200,1549,121,194
50,3200,1550,121,194
50,3200,1551,121,194
50,3200,1552,121,194
50,3200,1553,121,194
50,3200,1554,121,194
50,3200,1555,121,194
50,3200,1556,121,195
50,3200,1557,121,195
50,3200,1558,122,195
50,3200,1559,122,195
50,3200,1560,122,195
50,3200,1561,122,195
50,3200,1562,122,195
50,3200,1563,122,195
50,3200,1564,122,195
50,3200,1565,122,196
50,3200,1566,122,196
50,3200,1567,122,196
50,3200,1568,122,196
50,3200,1569,122,196
50,3200,1570,123,196
50,3200,1571,123,196
50,3200,1572,123,196
50,3200,1573,123,196
50,3200,1574,123,197
50,3200,1575,123,197
50,3200,1576,123,197
50,3200,1577,123,197
50,3200,1578,123,197
50,3200,1579,123,197
50,3200,1580,123,197
50,3200,1581,124,197
50,3200,1582,124,197
50,3200,1583,124,198
50,3200,1584,124,198
50,3200,1585,124,198
50,3200,1586,124,198
50,3200,1587,124,198
50,3200,1588,124,198
50,3200,1589,124,198
50,3200,1590,124,198
50,3200,1591,124,199
50,3200,1592,125,199
50,3200,1593,125,199
50,3200,1594,125,199
50,3200,1595,125,199
50,3200,1596,125,199
50,3200,1597,125,199
50,3200,1598,125,199
50,3200,1599,125,199
50,3200,1600,125,200
50,3200,1601,125,200
50,3200,1602,125,200
50,3200,1603,125,200
50,3200,1604,126,200
50,3200,1605,126,200
50,3200,1606,126,200
50,3200,1607,126,200
50,3200,1608,126,200
50,3200,1609,126,201
50,3200,1610,126,201
50,3200,1611,126,201
50,3200,1612,126,201
50,3200,1613,126,201
50,3200,1614,126,201
50,3200,1615,127,201
50,3200,1616,127,201
50,3200,1617,127,201
50,3200,1618,127,202
50,3200,1619,127,202
50,3200,1620,127,202
50,3200,1621,127,202
50,3200,1622,127,202
50,3200,1623,127,202
50,3200,1624,127,202
50,3200,1625,127,202
50,3200,1626,127,202
50,3200,1627,128,203
50,3200,1628,128,203
50,3200,1629,128,203
50,3200,1630,128,203
50,3200,1631,128,203
50,3200,1632,128,203
50,3200,1633,128,203
50,3200,1634,128,203
50,3200,1635,128,203
50,3200,1636,128,204
50,3200,1637,128,204
50,3200,1638,129,204
50,3200,1639,129,204
50,3200,1640,129,204
50,3200,1641,129,204
50,3200,1642,129,204
50,3200,1643,129,204
50,3200,1644,129,204
50,3200,1645,129,205
50,3200,1646,129,205
50,3200,1647,129,205
50,3200,1648,129,205
50,3200,1649,130,205
50,3200,1650,130,205
50,3200,1651,130,205
50,3200,1652,130,205
50,3200,1653,130,205
50,3200,1654,130,206
50,3200,1655,130,206
50,3200,1656,130,206
50,3200,1657,130,206
50,3200,1658,130,206
50,3200,1659,130,206
50,3200,1660,130,206
50,3200,1661,131,206
50,3200,1662,131,207
50,3200,1663,131,207
50,3200,1664,131,207
50,3200,1665,131,207
50,3200,1666,131,207
50,3200,1667,131,207
50,3200,1668,131,207
50,3200,1669,131,207
50,3200,1670,131,207
50,3200,1671,131,208
50,3200,1672,132,208
50,3200,1673,132,208
50,3200,1674,132,208
50,3200,1675,132,208
50,3200,1676,132,208
50,3200,1677,132,208
50,3200,1678,132,208
50,3200,1679,132,208
50,3200,1680,132,209
50,3200,1681,132,209
50,3200,1682,132,209
50,3200,1683,132,209
50,3200,1684,133,209
50,3200,1685,133,209
50,3200,1686,133,209
50,3200,1687,133,209
50,3200,1688,133,209
50,3200,1689,133,210
50,3200,1690,133,210
50,3200,1691,133,210
50,3200,1692,133,210
50,3200,1693,133,210
50,3200,1694,133,210
50,3200,1695,134,210
50,3200,1696,134,210
50,3200,1697,134,210
50,3200,1698,134,211
50,3200,1699,134,211
50,3200,1700,134,211
50,3200,1701,134,211
50,3200,1702,134,211
50,3200,1703,134,211
50,3200,1704,134,211
50,3200,1705,134,211
50,3200,1706,135,211
50,3200,1707,135,212
50,3200,1708,135,212
50,3200,1709,135,212
50,3200,1710,135,212
50,3200,1711,135,212
50,3200,1712,135,212
50,3200,1713,135,212
50,3200,1714,135,212
50,3200,1715,135,212
50,3200,1716,135,213
50,3200,1717,135,213
50,3200,1718,136,213
50,3200,1719,136,213
50,3200,1720,136,213
50,3200,1721,136,213
50,3200,1722,136,213
50,3200,1723,136,213
50,3200,1724,136,213
50,3200,1725,136,214
50,3200,1726,136,214
50,3200,1727,136,214
50,3200,1728,136,214
50,3200,1729,137,214
50,3200,1730,137,214
50,3200,1731,137,214
50,3200,1732,137,214
50,3200,1733,137,215
50,3200,1734,137,215
50,3200,1735,137,215
50,3200,1736,137,215
50,3200,1737,137,215
50,3200,1738,137,215
50,3200,1739,137,215
50,3200,1740,138,215
50,3200,1741,138,215
50,3200,1742,138,216
50,3200,1743,138,216
50,3200,1744,138,216
50,3200,1745,138,216
50,3200,1746,138,216
50,3200,1747,138,216
50,3200,1748,138,216
50,3200,1749,138,216
50,3200,1750,138,216
50,3200,1751,138,217
50,3200,1752,139,217
50,3200,1753,139,217
50,3200,1754,139,217
50,3200,1755,139,217
50,3200,1756,139,217
50,3200,1757,139,217
50,3200,1758,139,217
50,3200,1759,139,217
50,3200,1760,139,218
50,3200,1761,139,218
50,3200,1762,139,218
50,3200,1763,140,218
50,3200,1764,140,218
50,3200,1765,140,218
50,3200,1766,140,218
50,3200,1767,140,218
50,3200,1768,140,218
50,3200,1769,140,219
50,3200,1770,140,219
50,3200,1771,140,219
50,3200,1772,140,219
50,3200,1773,140,219
50,3200,1774,141,219
50,3200,1775,141,219
50,3200,1776,141,219
50,3200,1777,141,219
50,3200,1778,141,220
50,3200,1779,141,220
50,3200,1780,141,220
50,3200,1781,141,220
50,3200,1782,141,220
50,3200,1783,141,220
50,3200,1784,141,220
50,3200,1785,141,220
50,3200,1786,142,220
50,3200,1787,142,221
50,3200,1788,142,221
50,3200,1789,142,221
50,3200,1790,142,221
50,3200,1791,142,221
50,3200,1792,142,221
50,3200,1793,142,221
50,3200,1794,142,221
50,3200,1795,142,221
50,3200,1796,142,222
50,3200,1797,143,222
50,3200,1798,143,222
50,3200,1799,143,222
50,3200,1800,143,222
50,3200,1801,143,222
50,3200,1802,143,222
50,3200,1803,143,222
50,3200,1804,143,222
50,3200,1805,143,223
50,3200,1806,143,223
50,3200,1807,143,223
50,3200,1808,144,223
50,3200,1809,144,223
50,3200,1810,144,223
50,3200,1811,144,223
50,3200,1812,144,223
50,3200,1813,144,223
50,3200,1814,144,224
50,3200,1815,144,224
50,3200,1816,144,224
50,3200,1817,144,224
50,3200,1818,144,224
50,3200,1819,144,224
50,3200,1820,145,224
50,3200,1821,145,224
50,3200,1822,145,225
50,3200,1823,145,225
50,3200,1824,145,225
50,3200,1825,145,225
50,3200,1826,145,225
50,3200,1827,145,225
50,3200,1828,145,225
50,3200,1829,145,225
50,3200,1830,145,225
50,3200,1831,146,226
50,3200,1832,146,226
50,3200,1833,146,226
50,3200,1834,146,226
50,3200,1835,146,226
50,3200,1836,146,226
50,3200,1837,146,226
50,3200,1838,146,226
50,3200,1839,146,226
50,3200,1840,146,227
50,3200,1841,146,227
50,3200,1842,147,227
50,3200,1843,147,227
50,3200,1844,147,227
50,3200,1845,147,227
50,3200,1846,147,227
50,3200,1847,147,227
50,3200,1848,147,227
50,3200,1849,147,228
50,3200,1850,147,228
50,3200,1851,147,228
50,3200,1852,147,228
50,3200,1853,147,228
50,3200,1854,148,228
50,3200,1855,148,228
50,3200,1856,148,228
50,3200,1857,148,228
50,3200,1858,148,229
50,3200,1859,148,229
50,3200,1860,148,229
50,3200,1861,148,229
50,3200,1862,148,229
50,3200,1863,148,229
50,3200,1864,148,229
50,3200,1865,149,229
50,3200,1866,149,229
50,3200,1867,149,230
50,3200,1868,149,230
50,3200,1869,149,230
50,3200,1870,149,230
50,3200,1871,149,230
50,3200,1872,149,230
50,3200,1873,149,230
50,3200,1874,149,230
50,3200,1875,149,230
50,3200,1876,150,231
50,3200,1877,150,231
50,3200,1878,150,231
50,3200,1879,150,231
50,3200,1880,150,231
50,3200,1881,150,231
50,3200,1882,150,231
50,3200,1883,150,231
50,3200,1884,150,231
50,3200,1885,150,232
50,3200,1886,150,232
50,3200,1887,151,232
50,3200,1888,151,232
50,3200,1889,151,232
50,3200,1890,151,232
50,3200,1891,151,232
50,3200,1892,151,232
50,3200,1893,151,232
50,3200,1894,151,233
50,3200,1895,151,233
50,3200,1896,151,233
50,3200,1897,151,233
50,3200,1898,151,233
50,3200,1899,152,233
50,3200,1900,152,233
50,3200,1901,152,233
50,3200,1902,152,233
50,3200,1903,152,234
50,3200,1904,152,234
50,3200,1905,152,234
50,3200,1906,152,234
50,3200,1907,152,234
50,3200,1908,152,234
50,3200,1909,152,234
50,3200,1910,153,234
50,3200,1911,153,234
50,3200,1912,153,235
50,3200,1913,153,235
50,3200,1914,153,235
50,3200,1915,153,235
50,3200,1916,153,235
50,3200,1917,153,235
50,3200,1918,153,235
50,3200,1919,153,235
50,3200,1920,153,235
50,3200,1921,154,236
50,3200,1922,154,236
50,3200,1923,154,236
50,3200,1924,154,236
50,3200,1925,154,236
50,3200,1926,154,236
50,3200,1927,154,236
50,3200,1928,154,236
50,3200,1929,154,236
50,3200,1930,154,237
50,3200,1931,154,237
50,3200,1932,154,237
50,3200,1933,155,237
50,3200,1934,155,237
50,3200,1935,155,237
50,3200,1936,155,237
50,3200,1937,155,237
50,3200,1938,155,237
50,3200,1939,155,238
50,3200,1940,155,238
50,3200,1941,155,238
50,3200,1942,155,238
50,3200,1943,155,238
50,3200,1944,156,238
50,3200,1945,156,238
50,3200,1946,156,238
50,3200,1947,156,239
50,3200,1948,156,239
50,3200,1949,156,239
50,3200,1950,156,239
50,3200,1951,156,239
50,3200,1952,156,239
50,3200,1953,156,239
50,3200,1954,156,239
50,3200,1955,157,239
50,3200,1956,157,240
50,3200,1957,157,240
50,3200,1958,157,240
50,3200,1959,157,240
50,3200,1960,157,240
50,3200,1961,157,240
50,3200,1962,157,240
50,3200,1963,157,240
50,3200,1964,157,240
50,3200,1965,157,241
50,3200,1966,158,241
50,3200,1967,158,241
50,3200,1968,158,241
50,3200,1969,158,241
50,3200,1970,158,241
50,3200,1971,158,241
50,3200,1972,158,241
50,3200,1973,158,241
50,3200,1974,158,242
50,3200,1975,158,242
50,3200,1976,158,242
50,3200,1977,158,242
50,3200,1978,159,242
50,3200,1979,159,242
50,3200,1980,159,242
50,3200,1981,159,242
50,3200,1982,159,242
50,3200,1983,159,243
50,3200,1984,159,243
50,3200,1985,159,243
50,3200,1986,159,243
50,3200,1987,159,243
50,3200,1988,159,243
50,3200,1989,160,243
50,3200,1990,160,243
50,3200,1991,160,243
50,3200,1992,160,244
50,3200,1993,160,244
50,3200,1994,160,244
50,3200,1995,160,244
50,3200,1996,160,244
50,3200,1997,160,244
50,3200,1998,160,244
50,3200,1999,160,244
50,3200,2000,161,244
50,3200,2001,161,245
50,3200,2002,161,245
50,3200,2003,161,245
50,3200,2004,161,245
50,3200,2005,161,245
50,3200,2006,161,245
50,3200,2007,161,245
50,3200,2008,161,245
50,3200,2009,161,245
50,3200,2010,161,246
50,3200,2011,162,246
50,3200,2012,162,246
50,3200,2013,162,246
50,3200,2014,162,246
50,3200,2015,162,246
50,3200,2016,162,246
50,3200,2017,162,246
50,3200,2018,162,246
50,3200,2019,162,247
50,3200,2020,162,247
50,3200,2021,162,247
50,3200,2022,162,247
50,3200,2023,163,247
50,3200,2024,163,247
50,3200,2025,163,247
50,3200,2026,163,247
50,3200,2027,163,247
50,3200,2028,163,248
50,3200,2029,163,248
50,3200,2030,163,248
50,3200,2031,163,248
50,3200,2032,163,248
50,3200,2033,163,248
50,3200,2034,164,248
50,3200,2035,164,248
50,3200,2036,164,248
50,3200,2037,164,249
50,3200,2038,164,249
50,3200,2039,164,249
50,3200,2040,164,249
50,3200,2041,164,249
50,3200,2042,164,249
50,3200,2043,164,249
50,3200,2044,164,249
50,3200,2045,165,249
50,3200,2046,165,250
50,3200,2047,165,250
50,3200,2048,165,250
50,3200,2049,165,250
50,3200,2050,165,250
50,3200,2051,165,250
50,3200,2052,165,250
50,3200,2053,165,250
50,3200,2054,165,250
50,3200,2055,165,251
50,3200,2056,166,251
50,3200,2057,166,251
50,3200,2058,166,251
50,3200,2059,166,251
50,3200,2060,166,251
50,3200,2061,166,251
50,3200,2062,166,251
50,3200,2063,166,251
50,3200,2064,166,252
50,3200,2065,166,252
50,3200,2066,166,252
50,3200,2067,166,252
50,3200,2068,167,252
50,3200,2069,167,252
50,3200,2070,167,252
50,3200,2071,167,252
50,3200,2072,167,252
50,3200,2073,167,253
50,3200,2074,167,253
50,3200,2075,167,253
50,3200,2076,167,253
50,3200,2077,167,253
50,3200,2078,167,253
50,3200,2079,168,253
50,3200,2080,168,253
50,3200,2081,168,253
50,3200,2082,168,254
50,3200,2083,168,254
50,3200,2084,168,254
50,3200,2085,168,254
50,3200,2086,168,254
50,3200,2087,168,254
50,3200,2088,168,254
50,3200,2089,168,254
50,3200,2090,169,254
50,3200,2091,169,255
50,3200,2092,169,255
50,3200,2093,169,255
50,3200,2094,169,255
50,3200,2095,169,255
50,3200,2096,169,255
50,3200,2097,169,255
50,3200,2098,169,255
50,3200,2099,169,255
50,3200,2100,169,256
50,3200,2101,170,256
50,3200,2102,170,256
50,3200,2103,170,256
50,3200,2104,170,256
50,3200,2105,170,256
50,3200,2106,170,256
50,3200,2107,170,256
50,3200,2108,170,256
50,3200,2109,170,257
50,3200,2110,170,257
50,3200,2111,170,257
50,3200,2112,170,257
50,3200,2113,171,257
50,3200,2114,171,257
50,3200,2115,171,257
50,3200,2116,171,257
50,3200,2117,171,257
50,3200,2118,171,258
50,3200,2119,171,258
50,3200,2120,171,258
50,3200,2121,171,258
50,3200,2122,171,258
50,3200,2123,171,258
50,3200,2124,172,258
50,3200,2125,172,258
50,3200,2126,172,258
50,3200,2127,172,259
50,3200,2128,172,259
50,3200,2129,172,259
50,3200,2130,172,259
50,3200,2131,172,259
50,3200,2132,172,259
50,3200,2133,172,259
50,3200,2134,172,259
50,3200,2135,173,259
50,3200,2136,173,260
50,3200,2137,173,260
50,3200,2138,173,260
50,3200,2139,173,260
50,3200,2140,173,260
50,3200,2141,173,260
50,3200,2142,173,260
50,3200,2143,173,260
50,3200,2144,173,260
50,3200,2145,173,261
50,3200,2146,174,261
50,3200,2147,174,261
50,3200,2148,174,261
50,3200,2149,174,261
50,3200,2150,174,261
50,3200,2151,174,261
50,3200,2152,174,261
50,3200,2153,174,261
50,3200,2154,174,262
50,3200,2155,174,262
50,3200,2156,174,262
50,3200,2157,175,262
50,3200,2158,175,262
50,3200,2159,175,262
50,3200,2160,175,262
50,3200,2161,175,262
50,3200,2162,175,262
50,3200,2163,175,263
50,3200,2164,175,263
50,3200,2165,175,263
50,3200,2166,175,263
50,3200,2167,175,263
50,3200,2168,175,263
50,3200,2169,176,263
50,3200,2170,176,263
50,3200,2171,176,263
50,3200,2172,176,264
50,3200,2173,176,264
50,3200,2174,176,264
50,3200,2175,176,264
50,3200,2176,176,264
50,3200,2177,176,264
50,3200,2178,176,264
50,3200,2179,176,264
50,3200,2180,177,264
50,3200,2181,177,265
50,3200,2182,177,265
50,3200,2183,177,265
50,3200,2184,177,265
50,3200,2185,177,265
50,3200,2186,177,265
50,3200,2187,177,265
50,3200,2188,177,265
50,3200,2189,177,265
50,3200,2190,177,266
50,3200,2191,178,266
50,3200,2192,178,266
50,3200,2193,178,266
50,3200,2194,178,266
50,3200,2195,178,266
50,3200,2196,178,266
50,3200,2197,178,266
50,3200,2198,178,266
50,3200,2199,178,267
50,3200,2200,178,267
50,3200,2201,178,267
50,3200,2202,179,267
50,3200,2203,179,267
50,3200,2204,179,267
50,3200,2205,179,267
50,3200,2206,179,267
50,3200,2207,179,267
50,3200,2208,179,268
50,3200,2209,179,268
50,3200,2210,179,268
50,3200,2211,179,268
50,3200,2212,179,268
50,3200,2213,180,268
50,3200,2214,180,268
50,3200,2215,180,268
50,3200,2216,180,268
50,3200,2217,180,269
50,3200,2218,180,269
50,3200,2219,180,269
50,3200,2220,180,269
50,3200,2221,180,269
50,3200,2222,180,269
50,3200,2223,180,269
50,3200,2224,180,269
50,3200,2225,181,269
50,3200,2226,181,270
50,3200,2227,181,270
50,3200,2228,181,270
50,3200,2229,181,270
50,3200,2230,181,270
50,3200,2231,181,270
50,3200,2232,181,270
50,3200,2233,181,270
50,3200,2234,181,270
50,3200,2235,181,271
50,3200,2236,182,271
50,3200,2237,182,271
50,3200,2238,182,271
50,3200,2239,182,271
50,3200,2240,182,271
50,3200,2241,182,271
50,3200,2242,182,271
50,3200,2243,182,271
50,3200,2244,182,272
50,3200,2245,182,272
50,3200,2246,182,272
50,3200,2247,183,272
50,3200,2248,183,272
50,3200,2249,183,272
50,3200,2250,183,272
50,3200,2251,183,272
50,3200,2252,183,272
50,3200,2253,183,273
50,3200,2254,183,273
50,3200,2255,183,273
50,3200,2256,183,273
50,3200,2257,183,273
50,3200,2258,184,273
50,3200,2259,184,273
50,3200,2260,184,273
50,3200,2261,184,273
50,3200,2262,184,274
50,3200,2263,184,274
50,3200,2264,184,274
50,3200,2265,184,274
50,3200,2266,184,274
50,3200,2267,184,274
50,3200,2268,184,274
50,3200,2269,185,274
50,3200,2270,185,274
50,3200,2271,185,275
50,3200,2272,185,275
50,3200,2273,185,275
50,3200,2274,185,275
50,3200,2275,185,275
50,3200,2276,185,275
50,3200,2277,185,275
50,3200,2278,185,275
50,3200,2279,185,275
50,3200,2280,185,276
50,3200,2281,186,276
50,3200,2282,186,276
50,3200,2283,186,276
50,3200,2284,186,276
50,3200,2285,186,276
50,3200,2286,186,276
50,3200,2287,186,276
50,3200,2288,186,276
50,3200,2289,186,277
50,3200,2290,186,277
50,3200,2291,186,277
50,3200,2292,187,277
50,3200,2293,187,277
50,3200,2294,187,277
50,3200,2295,187,277
50,3200,2296,187,277
50,3200,2297,187,277
50,3200,2298,187,278
50,3200,2299,187,278
50,3200,2300,187,278
50,3200,2301,187,278
50,3200,2302,187,278
50,3200,2303,188,278
50,3200,2304,188,278
50,3200,2305,188,278
50,3200,2306,188,278
50,3200,2307,188,279
50,3200,2308,188,279
50,3200,2309,188,279
50,3200,2310,188,279
50,3200,2311,188,279
50,3200,2312,188,279
50,3200,2313,188,279
50,3200,2314,189,279
50,3200,2315,189,279
50,3200,2316,189,280
50,3200,2317,189,280
50,3200,2318,189,280
50,3200,2319,189,280
50,3200,2320,189,280
50,3200,2321,189,280
50,3200,2322,189,280
50,3200,2323,189,280
50,3200,2324,189,280
50,3200,2325,190,281
50,3200,2326,190,281
50,3200,2327,190,281
50,3200,2328,190,281
50,3200,2329,190,281
50,3200,2330,190,281
50,3200,2331,190,281
50,3200,2332,190,281
50,3200,2333,190,281
50,3200,2334,190,282
50,3200,2335,190,282
50,3200,2336,191,282
50,3200,2337,191,282
50,3200,2338,191,282
50,3200,2339,191,282
50,3200,2340,191,282
50,3200,2341,191,282
50,3200,2342,191,282
50,3200,2343,191,283
50,3200,2344,191,283
50,3200,2345,191,283
50,3200,2346,191,283
50,3200,2347,191,283
50,3200,2348,192,283
50,3200,2349,192,283
50,3200,2350,192,283
50,3200,2351,192,283
50,3200,2352,192,284
50,3200,2353,192,284
50,3200,2354,192,284
50,3200,2355,192,284
50,3200,2356,192,284
50,3200,2357,192,284
50,3200,2358,192,284
50,3200,2359,193,284
50,3200,2360,193,284
50,3200,2361,193,285
50,3200,2362,193,285
50,3200,2363,193,285
50,3200,2364,193,285
50,3200,2365,193,285
50,3200,2366,193,285
50,3200,2367,193,285
50,3200,2368,193,285
50,3200,2369,193,285
50,3200,2370,194,286
50,3200,2371,194,286
50,3200,2372,194,286
50,3200,2373,194,286
50,3200,2374,194,286
50,3200,2375,194,286
50,3200,2376,194,286
50,3200,2377,194,286
50,3200,2378,194,286
50,3200,2379,194,287
50,3200,2380,194,287
50,3200,2381,195,287
50,3200,2382,195,287
50,3200,2383,195,287
50,3200,2384,195,287
50,3200,2385,195,287
50,3200,2386,195,287
50,3200,2387,195,287
50,3200,2388,195,288
50,3200,2389,195,288
50,3200,2390,195,288
50,3200,2391,195,288
50,3200,2392,196,288
50,3200,2393,196,288
50,3200,2394,196,288
50,3200,2395,196,288
50,3200,2396,196,288
50,3200,2397,196,289
50,3200,2398,196,289
50,3200,2399,196,289
50,3200,2400,196,289
50,3200,2401,196,289
50,3200,2402,196,289
50,3200,2403,197,289
50,3200,2404,197,289
50,3200,2405,197,289
50,3200,2406,197,290
50,3200,2407,197,290
50,3200,2408,197,290
50,3200,2409,197,290
50,3200,2410,197,290
50,3200,2411,197,290
50,3200,2412,197,290
50,3200,2413,197,290
50,3200,2414,197,290
50,3200,2415,198,291
50,3200,2416,198,291
50,3200,2417,198,291
50,3200,2418,198,291
50,3200,2419,198,291
50,3200,2420,198,291
50,3200,2421,198,291
50,3200,2422,198,291
50,3200,2423,198,291
50,3200,2424,198,292
50,3200,2425,198,292
50,3200,2426,199,292
50,3200,2427,199,292
50,3200,2428,199,292
50,3200,2429,199,292
50,3200,2430,199,292
50,3200,2431,199,292
50,3200,2432,199,292
50,3200,2433,199,293
50,3200,2434,199,293
50,3200,2435,199,293
50,3200,2436,199,293
50,3200,2437,200,293
50,3200,2438,200,293
50,3200,2439,200,293
50,3200,2440,200,293
50,3200,2441,200,293
50,3200,2442,200,294
50,3200,2443,200,294
50,3200,2444,200,294
50,3200,2445,200,294
50,3200,2446,200,294
50,3200,2447,200,294
50,3200,2448,201,294
50,3200,2449,201,294
50,3200,2450,201,294
50,3200,2451,201,295
50,3200,2452,201,295
50,3200,2453,201,295
50,3200,2454,201,295
50,3200,2455,201,295
50,3200,2456,201,295
50,3200,2457,201,295
50,3200,2458,201,295
50,3200,2459,202,295
50,3200,2460,202,296
50,3200,2461,202,296
50,3200,2462,202,296
50,3200,2463,202,296
50,3200,2464,202,296
50,3200,2465,202,296
50,3200,2466,202,296
50,3200,2467,202,296
50,3200,2468,202,296
50,3200,2469,202,297
50,3200,2470,203,297
50,3200,2471,203,297
50,3200,2472,203,297
50,3200,2473,203,297
50,3200,2474,203,297
50,3200,2475,203,297
50,3200,2476,203,297
50,3200,2477,203,297
50,3200,2478,203,298
50,3200,2479,203,298
50,3200,2480,203,298
50,3200,2481,204,298
50,3200,2482,204,298
50,3200,2483,204,298
50,3200,2484,204,298
50,3200,2485,204,298
50,3200,2486,204,298
50,3200,2487,204,299
50,3200,2488,204,299
50,3200,2489,204,299
50,3200,2490,204,299
50,3200,2491,204,299
50,3200,2492,205,299
50,3200,2493,205,299
50,3200,2494,205,299
50,3200,2495,205,299
50,3200,2496,205,300
50,3200,2497,205,300
50,3200,2498,205,300
50,3200,2499,205,300
50,3200,2500,205,300
50,3200,2501,205,300
50,3200,2502,205,300
50,3200,2503,205,300
50,3200,2504,206,300
50,3200,2505,206,301
50,3200,2506,206,301
50,3200,2507,206,301
50,3200,2508,206,301
50,3200,2509,206,301
50,3200,2510,206,301
50,3200,2511,206,301
50,3200,2512,206,301
50,3200,2513,206,301
50,3200,2514,206,302
50,3200,2515,207,302
50,3200,2516,207,302
50,3200,2517,207,302
50,3200,2518,207,302
50,3200,2519,207,302
50,3200,2520,207,302
50,3200,2521,207,302
50,3200,2522,207,302
50,3200,2523,207,302
50,3200,2524,207,303
50,3200,2525,207,303
50,3200,2526,208,303
50,3200,2527,208,303
50,3200,2528,208,303
50,3200,2529,208,303
50,3200,2530,208,303
50,3200,2531,208,303
50,3200,2532,208,303
50,3200,2533,208,304
50,3200,2534,208,304
50,3200,2535,208,304
50,3200,2536,208,304
50,3200,2537,209,304
50,3200,2538,209,304
50,3200,2539,209,304
50,3200,2540,209,304
50,3200,2541,209,304
50,3200,2542,209,305
50,3200,2543,209,305
50,3200,2544,209,305
50,3200,2545,209,305
50,3200,2546,209,305
50,3200,2547,209,305
50,3200,2548,210,305
50,3200,2549,210,305
50,3200,2550,210,305
50,3200,2551,210,306
50,3200,2552,210,306
50,3200,2553,210,306
50,3200,2554,210,306
50,3200,2555,210,306
50,3200,2556,210,306
50,3200,2557,210,306
50,3200,2558,210,306
50,3200,2559,211,306
50,3200,2560,211,307
50,3200,2561,211,307
50,3200,2562,211,307
50,3200,2563,211,307
50,3200,2564,211,307
50,3200,2565,211,307
50,3200,2566,211,307
50,3200,2567,211,307
50,3200,2568,211,307
50,3200,2569,211,308
50,3200,2570,212,308
50,3200,2571,212,308
50,3200,2572,212,308
50,3200,2573,212,308
50,3200,2574,212,308
50,3200,2575,212,308
50,3200,2576,212,308
50,3200,2577,212,308
50,3200,2578,212,309
50,3200,2579,212,309
50,3200,2580,212,309
50,3200,2581,213,309
50,3200,2582,213,309
50,3200,2583,213,309
50,3200,2584,213,309
50,3200,2585,213,309
50,3200,2586,213,309
50,3200,2587,213,310
50,3200,2588,213,310
50,3200,2589,213,310
50,3200,2590,213,310
50,3200,2591,213,310
50,3200,2592,214,310
50,3200,2593,214,310
50,3200,2594,214,310
50,3200,2595,214,310
50,3200,2596,214,311
50,3200,2597,214,311
50,3200,2598,214,311
50,3200,2599,214,311
50,3200,2600,214,311
50,3200,2601,214,311
50,3200,2602,214,311
50,3200,2603,214,311
50,3200,2604,215,311
50,3200,2605,215,312
50,3200,2606,215,312
50,3200,2607,215,312
50,3200,2608,215,312
50,3200,2609,215,312
50,3200,2610,215,312
50,3200,2611,215,312
50,3200,2612,215,312
50,3200,2613,215,312
50,3200,2614,215,313
50,3200,2615,216,313
50,3200,2616,216,313
50,3200,2617,216,313
50,3200,2618,216,313
50,3200,2619,216,313
50,3200,2620,216,313
50,3200,2621,216,313
50,3200,2622,216,313
50,3200,2623,216,314
50,3200,2624,216,314
50,3200,2625,216,314
50,3200,2626,217,314
50,3200,2627,217,314
50,3200,2628,217,314
50,3200,2629,217,314
50,3200,2630,217,314
50,3200,2631,217,314
50,3200,2632,217,315
50,3200,2633,217,315
50,3200,2634,217,315
50,3200,2635,217,315
50,3200,2636,217,315
50,3200,2637,218,315
50,3200,2638,218,315
50,3200,2639,218,315
50,3200,2640,218,315
50,3200,2641,218,316
50,3200,2642,218,316
50,3200,2643,218,316
50,3200,2644,218,316
50,3200,2645,218,316
50,3200,2646,218,316
50,3200,2647,218,316
50,3200,2648,219,316
50,3200,2649,219,316
50,3200,2650,219,317
50,3200,2651,219,317
50,3200,2652,219,317
50,3200,2653,219,317
50,3200,2654,219,317
50,3200,2655,219,317
50,3200,2656,219,317
50,3200,2657,219,317
50,3200,2658,219,317
50,3200,2659,220,318
50,3200,2660,220,318
50,3200,2661,220,318
50,3200,2662,220,318
50,3200,2663,220,318
50,3200,2664,220,318
50,3200,2665,220,318
50,3200,2666,220,318
50,3200,2667,220,318
50,3200,2668,220,318
50,3200,2669,220,319
50,3200,2670,221,319
50,3200,2671,221,319
50,3200,2672,221,319
50,3200,2673,221,319
50,3200,2674,221,319
50,3200,2675,221,319
50,3200,2676,221,319
50,3200,2677,221,319
50,3200,2678,221,320
50,3200,2679,221,320
50,3200,2680,221,320
50,3200,2681,222,320
50,3200,2682,222,320
50,3200,2683,222,320
50,3200,2684,222,320
50,3200,2685,222,320
50,3200,2686,222,320
50,3200,2687,222,321
50,3200,2688,222,321
50,3200,2689,222,321
50,3200,2690,222,321
50,3200,2691,222,321
50,3200,2692,223,321
50,3200,2693,223,321
50,3200,2694,223,321
50,3200,2695,223,321
50,3200,2696,223,322
50,3200,2697,223,322
50,3200,2698,223,322
50,3200,2699,223,322
50,3200,2700,223,322
50,3200,2701,223,322
50,3200,2702,223,322
50,3200,2703,224,322
50,3200,2704,224,322
50,3200,2705,224,323
50,3200,2706,224,323
50,3200,2707,224,323
50,3200,2708,224,323
50,3200,2709,224,323
50,3200,2710,224,323
50,3200,2711,224,323
50,3200,2712,224,323
50,3200,2713,224,323
50,3200,2714,225,324
50,3200,2715,225,324
50,3200,2716,225,324
50,3200,2717,225,324
50,3200,2718,225,324
50,3200,2719,225,324
50,3200,2720,225,324
50,3200,2721,225,324
50,3200,2722,225,324
50,3200,2723,225,325
50,3200,2724,225,325
50,3200,2725,226,325
50,3200,2726,226,325
50,3200,2727,226,325
50,3200,2728,226,325
50,3200,2729,226,325
50,3200,2730,226,325
50,3200,2731,226,325
50,3200,2732,226,326
50,3200,2733,226,326
50,3200,2734,226,326
50,3200,2735,226,326
50,3200,2736,226,326
50,3200,2737,227,326
50,3200,2738,227,326
50,3200,2739,227,326
50,3200,2740,227,326
50,3200,2741,227,327
50,3200,2742,227,327
50,3200,2743,227,327
50,3200,2744,227,327
50,3200,2745,227,327
50,3200,2746,227,327
50,3200,2747,227,327
50,3200,2748,228,327
50,3200,2749,228,327
50,3200,2750,228,328
50,3200,2751,228,328
50,3200,2752,228,328
50,3200,2753,228,328
50,3200,2754,228,328
50,3200,2755,228,328
50,3200,2756,228,328
50,3200,2757,228,328
50,3200,2758,228,328
50,3200,2759,229,329
50,3200,2760,229,329
50,3200,2761,229,329
50,3200,2762,229,329
50,3200,2763,229,329
50,3200,2764,229,329
50,3200,2765,229,329
50,3200,2766,229,329
50,3200,2767,229,329
50,3200,2768,229,330
50,3200,2769,229,330
50,3200,2770,230,330
50,3200,2771,230,330
50,3200,2772,230,330
50,3200,2773,230,330
50,3200,2774,230,330
50,3200,2775,230,330
50,3200,2776,230,330
50,3200,2777,230,330
50,3200,2778,230,331
50,3200,2779,230,331
50,3200,2780,230,331
50,3200,2781,231,331
50,3200,2782,231,331
50,3200,2783,231,331
50,3200,2784,231,331
50,3200,2785,231,331
50,3200,2786,231,331
50,3200,2787,231,332
50,3200,2788,231,332
50,3200,2789,231,332
50,3200,2790,231,332
50,3200,2791,231,332
50,3200,2792,232,332
50,3200,2793,232,332
50,3200,2794,232,332
50,3200,2795,232,332
50,3200,2796,232,333
50,3200,2797,232,333
50,3200,2798,232,333
50,3200,2799,232,333
50,3200,2800,232,333
50,3200,2801,232,333
50,3200,2802,232,333
50,3200,2803,233,333
50,3200,2804,233,333
50,3200,2805,233,334
50,3200,2806,233,334
50,3200,2807,233,334
50,3200,2808,233,334
50,3200,2809,233,334
50,3200,2810,233,334
50,3200,2811,233,334
50,3200,2812,233,334
50,3200,2813,233,334
50,3200,2814,234,335
50,3200,2815,234,335
50,3200,2816,234,335
50,3200,2817,234,335
50,3200,2818,234,335
50,3200,2819,234,335
50,3200,2820,234,335
50,3200,2821,234,335
50,3200,2822,234,335
50,3200,2823,234,336
50,3200,2824,234,336
50,3200,2825,235,336
50,3200,2826,235,336
50,3200,2827,235,336
50,3200,2828,235,336
50,3200,2829,235,336
50,3200,2830,235,336
50,3200,2831,235,336
50,3200,2832,235,337
50,3200,2833,235,337
50,3200,2834,235,337
50,3200,2835,235,337
50,3200,2836,236,337
50,3200,2837,236,337
50,3200,2838,236,337
50,3200,2839,236,337
50,3200,2840,236,337
50,3200,2841,236,338
50,3200,2842,236,338
50,3200,2843,236,338
50,3200,2844,236,338
50,3200,2845,236,338
50,3200,2846,236,338
50,3200,2847,237,338
50,3200,2848,237,338
50,3200,2849,237,338
50,3200,2850,237,339
50,3200,2851,237,339
50,3200,2852,237,339
50,3200,2853,237,339
50,3200,2854,237,339
50,3200,2855,237,339
50,3200,2856,237,339
50,3200,2857,237,339
50,3200,2858,238,339
50,3200,2859,238,340
50,3200,2860,238,340
50,3200,2861,238,340
50,3200,2862,238,340
50,3200,2863,238,340
50,3200,2864,238,340
50,3200,2865,238,340
50,3200,2866,238,340
50,3200,2867,238,340
50,3200,2868,238,341
50,3200,2869,239,341
50,3200,2870,239,341
50,3200,2871,239,341
50,3200,2872,239,341
50,3200,2873,239,341
50,3200,2874,239,341
50,3200,2875,239,341
50,3200,2876,239,341
50,3200,2877,239,341
50,3200,2878,239,342
50,3200,2879,239,342
50,3200,2880,240,342
50,3200,2881,240,342
50,3200,2882,240,342
50,3200,2883,240,342
50,3200,2884,240,342
50,3200,2885,240,342
50,3200,2886,240,342
50,3200,2887,240,343
50,3200,2888,240,343
50,3200,2889,240,343
50,3200,2890,240,343
50,3200,2891,241,343
50,3200,2892,241,343
50,3200,2893,241,343
50,3200,2894,241,343
50,3200,2895,241,343
50,3200,2896,241,344
50,3200,2897,241,344
50,3200,2898,241,344
50,3200,2899,241,344
50,3200,2900,241,344
50,3200,2901,241,344
50,3200,2902,242,344
50,3200,2903,242,344
50,3200,2904,242,344
50,3200,2905,242,345
50,3200,2906,242,345
50,3200,2907,242,345
50,3200,2908,242,345
50,3200,2909,242,345
50,3200,2910,242,345
50,3200,2911,242,345
50,3200,2912,242,345
50,3200,2913,243,345
50,3200,2914,243,346
50,3200,2915,243,346
50,3200,2916,243,346
50,3200,2917,243,346
50,3200,2918,243,346
50,3200,2919,243,346
50,3200,2920,243,346
50,3200,2921,243,346
50,3200,2922,243,346
50,3200,2923,243,347
50,3200,2924,244,347
50,3200,2925,244,347
50,3200,2926,244,347
50,3200,2927,244,347
50,3200,2928,244,347
50,3200,2929,244,347
50,3200,2930,244,347
50,3200,2931,244,347
50,3200,2932,244,348
50,3200,2933,244,348
50,3200,2934,244,348
50,3200,2935,244,348
50,3200,2936,245,348
50,3200,2937,245,348
50,3200,2938,245,348
50,3200,2939,245,348
50,3200,2940,245,348
50,3200,2941,245,349
50,3200,2942,245,349
50,3200,2943,245,349
50,3200,2944,245,349
50,3200,2945,245,349
50,3200,2946,245,349
50,3200,2947,246,349
50,3200,2948,246,349
50,3200,2949,246,349
50,3200,2950,246,350
50,3200,2951,246,350
50,3200,2952,246,350
50,3200,2953,246,350
50,3200,2954,246,350
50,3200,2955,246,350
50,3200,2956,246,350
50,3200,2957,246,350
50,3200,2958,247,350
50,3200,2959,247,350
50,3200,2960,247,351
50,3200,2961,247,351
50,3200,2962,247,351
50,3200,2963,247,351
50,3200,2964,247,351
50,3200,2965,247,351
50,3200,2966,247,351
50,3200,2967,247,351
50,3200,2968,247,351
50,3200,2969,248,352
50,3200,2970,248,352
50,3200,2971,248,352
50,3200,2972,248,352
50,3200,2973,248,352
50,3200,2974,248,352
50,3200,2975,248,352
50,3200,2976,248,352
50,3200,2977,248,352
50,3200,2978,248,353
50,3200,2979,248,353
50,3200,2980,249,353
50,3200,2981,249,353
50,3200,2982,249,353
50,3200,2983,249,353
50,3200,2984,249,353
50,3200,2985,249,353
50,3200,2986,249,353
50,3200,2987,249,354
50,3200,2988,249,354
50,3200,2989,249,354
50,3200,2990,249,354
50,3200,2991,250,354
50,3200,2992,250,354
50,3200,2993,250,354
50,3200,2994,250,354
50,3200,2995,250,354
50,3200,2996,250,355
50,3200,2997,250,355
50,3200,2998,250,355
50,3200,2999,250,355
50,3200,3000,250,355
50,3200,3001,250,355
50,3200,3002,251,355
50,3200,3003,251,355
50,3200,3004,251,355
50,3200,3005,251,356
50,3200,3006,251,356
50,3200,3007,251,356
50,3200,3008,251,356
50,3200,3009,251,356
50,3200,3010,251,356
50,3200,3011,251,356
50,3200,3012,251,356
50,3200,3013,252,356
50,3200,3014,252,357
50,3200,3015,252,357
50,3200,3016,252,357
50,3200,3017,252,357
50,3200,3018,252,357
50,3200,3019,252,357
50,3200,3020,252,357
50,3200,3021,252,357
50,3200,3022,252,357
50,3200,3023,252,358
50,3200,3024,253,358
50,3200,3025,253,358
50,3200,3026,253,358
50,3200,3027,253,358
50,3200,3028,253,358
50,3200,3029,253,358
50,3200,3030,253,358
50,3200,3031,253,358
50,3200,3032,253,359
50,3200,3033,253,359
50,3200,3034,253,359
50,3200,3035,254,359
50,3200,3036,254,359
50,3200,3037,254,359
50,3200,3038,254,359
50,3200,3039,254,359
50,3200,3040,254,359
50,3200,3041,254,359
50,3200,3042,254,360
50,3200,3043,254,360
50,3200,3044,254,360
50,3200,3045,254,360
50,3200,3046,255,360
50,3200,3047,255,360
50,3200,3048,255,360
50,3200,3049,255,360
50,3200,3050,255,360
50,3200,3051,255,361
50,3200,3052,255,361
50,3200,3053,255,361
50,3200,3054,255,361
50,3200,3055,255,361
50,3200,3056,255,361
50,3200,3057,256,361
50,3200,3058,256,361
50,3200,3059,256,361
50,3200,3060,256,362
50,3200,3061,256,362
50,3200,3062,256,362
50,3200,3063,256,362
50,3200,3064,256,362
50,3200,3065,256,362
50,3200,3066,256,362
50,3200,3067,256,362
50,3200,3068,257,362
50,3200,3069,257,363
50,3200,3070,257,363
50,3200,3071,257,363
50,3200,3072,257,363
50,3200,3073,257,363
50,3200,3074,257,363
50,3200,3075,257,363
50,3200,3076,257,363
50,3200,3077,257,363
50,3200,3078,257,364
50,3200,3079,258,364
50,3200,3080,258,364
50,3200,3081,258,364
50,3200,3082,258,364
50,3200,3083,258,364
50,3200,3084,258,364
50,3200,3085,258,364
50,3200,3086,258,364
50,3200,3087,258,365
50,3200,3088,258,365
50,3200,3089,258,365
50,3200,3090,259,365
50,3200,3091,259,365
50,3200,3092,259,365
50,3200,3093,259,365
50,3200,3094,259,365
50,3200,3095,259,365
50,3200,3096,259,366
50,3200,3097,259,366
50,3200,3098,259,366
50,3200,3099,259,366
50,3200,3100,259,366
50,3200,3101,260,366
50,3200,3102,260,366
50,3200,3103,260,366
50,3200,3104,260,366
50,3200,3105,260,367
50,3200,3106,260,367
50,3200,3107,260,367
50,3200,3108,260,367
50,3200,3109,260,367
50,3200,3110,260,367
50,3200,3111,260,367
50,3200,3112,261,367
50,3200,3113,261,367
50,3200,3114,261,367
50,3200,3115,261,368
50,3200,3116,261,368
50,3200,3117,261,368
50,3200,3118,261,368
50,3200,3119,261,368
50,3200,3120,261,368
50,3200,3121,261,368
50,3200,3122,261,368
50,3200,3123,262,368
50,3200,3124,262,369
50,3200,3125,262,369
50,3200,3126,262,369
50,3200,3127,262,369
50,3200,3128,262,369
50,3200,3129,262,369
50,3200,3130,262,369
50,3200,3131,262,369
50,3200,3132,262,369
50,3200,3133,262,370
50,3200,3134,263,370
50,3200,3135,263,370
50,3200,3136,263,370
50,3200,3137,263,370
50,3200,3138,263,370
50,3200,3139,263,370
50,3200,3140,263,370
50,3200,3141,263,370
50,3200,3142,263,371
50,3200,3143,263,371
50,3200,3144,263,371
50,3200,3145,264,371
50,3200,3146,264,371
50,3200,3147,264,371
50,3200,3148,264,371
50,3200,3149,264,371
50,3200,3150,264,371
50,3200,3151,264,372
50,3200,3152,264,372
50,3200,3153,264,372
50,3200,3154,264,372
50,3200,3155,264,372
50,3200,3156,265,372
50,3200,3157,265,372
50,3200,3158,265,372
50,3200,3159,265,372
50,3200,3160,265,373
50,3200,3161,265,373
50,3200,3162,265,373
50,3200,3163,265,373
50,3200,3164,265,373
50,3200,3165,265,373
50,3200,3166,265,373
50,3200,3167,266,373
50,3200,3168,266,373
50,3200,3169,266,374
50,3200,3170,266,374
50,3200,3171,266,374
50,3200,3172,266,374
50,3200,3173,266,374
50,3200,3174,266,374
50,3200,3175,266,374
50,3200,3176,266,374
50,3200,3177,266,374
50,3200,3178,267,374
50,3200,3179,267,375
50,3200,3180,267,375
50,3200,3181,267,375
50,3200,3182,267,375
50,3200,3183,267,375
50,3200,3184,267,375
50,3200,3185,267,375
50,3200,3186,267,375
50,3200,3187,267,375
50,3200,3188,267,376
50,3200,3189,268,376
50,3200,3190,268,376
50,3200,3191,268,376
50,3200,3192,268,376
50,3200,3193,268,376
50,3200,3194,268,376
50,3200,3195,268,376
50,3200,3196,268,376
50,3200,3197,268,377
50,3200,3198,268,377
50,3200,3199,268,377
50,3200,3200,269,377
100,100,1,,
100,100,2,,
100,100,3,,
100,100,4,,
100,100,5,,5
100,100,6,,5
100,100,7,,5
100,100,8,,5
100,100,9,,5
100,100,10,,6
100,100,11,,6
100,100,12,,6
100,100,13,,6
100,100,14,,6
100,100,15,,7
100,100,16,,7
100,100,17,,7
100,100,18,,7
100,100,19,,7
100,100,20,,7
100,100,21,,8
100,100,22,,8
100,100,23,,8
100,100,24,,8
100,100,25,,8
100,100,26,,8
100,100,27,,9
100,100,28,,9
100,100,29,,9
100,100,30,,9
100,100,31,,9
100,100,32,,9
100,100,33,,10
100,100,34,,10
100,100,35,,10
100,100,36,,10
100,100,37,,10
100,100,38,,10
100,100,39,0,11
100,100,40,0,11
100,100,41,0,11
100,100,42,0,11
100,100,43,0,11
100,100,44,0,11
100,100,45,0,12
100,100,46,0,12
100,100,47,0,12
100,100,48,0,12
100,100,49,0,12
100,100,50,0,12
100,100,51,0,13
100,100,52,0,13
100,100,53,0,13
100,100,54,0,13
100,100,55,0,13
100,100,56,0,13
100,100,57,0,13
100,100,58,1,14
100,100,59,1,14
100,100,60,1,14
100,100,61,1,14
100,100,62,1,14
100,100,63,1,14
100,100,64,1,14
100,100,65,1,15
100,100,66,1,15
100,100,67,1,15
100,100,68,1,15
100,100,69,1,15
100,100,70,1,15
100,100,71,1,16
100,100,72,1,16
100,100,73,1,16
100,100,74,1,16
100,100,75,2,16
100,100,76,2,16
100,100,77,2,16
100,100,78,2,17
100,100,79,2,17
100,100,80,2,17
100,100,81,2,17
100,100,82,2,17
100,100,83,2,17
100,100,84,2,17
100,100,85,2,18
100,100,86,2,18
100,100,87,2,18
100,100,88,2,18
100,100,89,2,18
100,100,90,2,18
100,100,91,3,18
100,100,92,3,19
100,100,93,3,19
100,100,94,3,19
100,100,95,3,19
100,100,96,3,19
100,100,97,3,19
100,100,98,3,19
100,100,99,3,20
100,100,100,3,20
100,200,1,,
100,200,2,,
100,200,3,,
100,200,4,,
100,200,5,,5
100,200,6,,5
100,200,7,,5
100,200,8,,5
100,200,9,,5
100,200,10,,6
100,200,11,,6
100,200,12,,6
100,200,13,,6
100,200,14,,6
100,200,15,,7
100,200,16,,7
100,200,17,,7
100,200,18,,7
100,200,19,,7
100,200,20,,7
100,200,21,,8
100,200,22,,8
100,200,23,,8
100,200,24,,8
100,200,25,,8
100,200,26,,8
100,200,27,,9
100,200,28,,9
100,200,29,,9
100,200,30,,9
100,200,31,,9
100,200,32,,9
100,200,33,,10
100,200,34,,10
100,200,35,,10
100,200,36,,10
100,200,37,,10
100,200,38,,10
100,200,39,0,11
100,200,40,0,11
100,200,41,0,11
100,200,42,0,11
100,200,43,0,11
100,200,44,0,11
100,200,45,0,12
100,200,46,0,12
100,200,47,0,12
100,200,48,0,12
100,200,49,0,12
100,200,50,0,12
100,200,51,0,13
100,200,52,0,13
100,200,53,0,13
100,200,54,0,13
100,200,55,0,13
100,200,56,0,13
100,200,57,0,13
100,200,58,1,14
100,200,59,1,14
100,200,60,1,14
100,200,61,1,14
100,200,62,1,14
100,200,63,1,14
100,200,64,1,14
100,200,65,1,15
100,200,66,1,15
100,200,67,1,15
100,200,68,1,15
100,200,69,1,15
100,200,70,1,15
100,200,71,1,16
100,200,72,1,16
100,200,73,1,16
100,200,74,1,16
100,200,75,2,16
100,200,76,2,16
100,200,77,2,16
100,200,78,2,17
100,200,79,2,17
100,200,80,2,17
100,200,81,2,17
100,200,82,2,17
100,200,83,2,17
100,200,84,2,17
100,200,85,2,18
100,200,86,2,18
100,200,87,2,18
100,200,88,2,18
100,200,89,2,18
100,200,90,2,18
100,200,91,3,18
100,200,92,3,19
100,200,93,3,19
100,200,94,3,19
100,200,95,3,19
100,200,96,3,19
100,200,97,3,19
100,200,98,3,19
100,200,99,3,20
100,200,100,3,20
100,200,101,3,20
100,200,102,3,20
100,200,103,3,20
100,200,104,3,20
100,200,105,3,20
100,200,106,3,21
100,200,107,4,21
100,200,108,4,21
100,200,109,4,21
100,200,110,4,21
100,200,111,4,21
100,200,112,4,21
100,200,113,4,22
100,200,114,4,22
100,200,115,4,22
100,200,116,4,22
100,200,117,4,22
100,200,118,4,22
100,200,119,4,22
100,200,120,4,23
100,200,121,4,23
100,200,122,4,23
100,200,123,5,23
100,200,124,5,23
100,200,125,5,23
100,200,126,5,23
100,200,127,5,24
100,200,128,5,24
100,200,129,5,24
100,200,130,5,24
100,200,131,5,24
100,200,132,5,24
100,200,133,5,24
100,200,134,5,25
100,200,135,5,25
100,200,136,5,25
100,200,137,5,25
100,200,138,6,25
100,200,139,6,25
100,200,140,6,25
100,200,141,6,25
100,200,142,6,26
100,200,143,6,26
100,200,144,6,26
100,200,145,6,26
100,200,146,6,26
100,200,147,6,26
100,200,148,6,26
100,200,149,6,27
100,200,150,6,27
100,200,151,6,27
100,200,152,7,27
100,200,153,7,27
100,200,154,7,27
100,200,155,7,27
100,200,156,7,27
100,200,157,7,28
100,200,158,7,28
100,200,159,7,28
100,200,160,7,28
100,200,161,7,28
100,200,162,7,28
100,200,163,7,28
100,200,164,7,29
100,200,165,7,29
100,200,166,7,29
100,200,167,8,29
100,200,168,8,29
100,200,169,8,29
100,200,170,8,29
100,200,171,8,30
100,200,172,8,30
100,200,173,8,30
100,200,174,8,30
100,200,175,8,30
100,200,176,8,30
100,200,177,8,30
100,200,178,8,30
100,200,179,8,31
100,200,180,8,31
100,200,181,9,31
100,200,182,9,31
100,200,183,9,31
100,200,184,9,31
100,200,185,9,31
100,200,186,9,32
100,200,187,9,32
100,200,188,9,32
100,200,189,9,32
100,200,190,9,32
100,200,191,9,32
100,200,192,9,32
100,200,193,9,32
100,200,194,9,33
100,200,195,10,33
100,200,196,10,33
100,200,197,10,33
100,200,198,10,33
100,200,199,10,33
100,200,200,10,33
100,400,1,,
100,400,2,,
100,400,3,,
100,400,4,,
100,400,5,,5
100,400,6,,5
100,400,7,,5
100,400,8,,5
100,400,9,,5
100,400,10,,6
100,400,11,,6
100,400,12,,6
100,400,13,,6
100,400,14,,6
100,400,15,,7
100,400,16,,7
100,400,17,,7
100,400,18,,7
100,400,19,,7
100,400,20,,7
100,400,21,,8
100,400,22,,8
100,400,23,,8
100,400,24,,8
100,400,25,,8
100,400,26,,8
100,400,27,,9
100,400,28,,9
100,400,29,,9
100,400,30,,9
100,400,31,,9
100,400,32,,9
100,400,33,,10
100,400,34,,10
100,400,35,,10
100,400,36,,10
100,400,37,,10
100,400,38,,10
100,400,39,0,11
100,400,40,0,11
100,400,41,0,11
100,400,42,0,11
100,400,43,0,11
100,400,44,0,11
100,400,45,0,12
100,400,46,0,12
100,400,47,0,12
100,400,48,0,12
100,400,49,0,12
100,400,50,0,12
100,400,51,0,13
100,400,52,0,13
100,400,53,0,13
100,400,54,0,13
100,400,55,0,13
100,400,56,0,13
100,400,57,0,13
100,400,58,1,14
100,400,59,1,14
100,400,60,1,14
100,400,61,1,14
100,400,62,1,14
100,400,63,1,14
100,400,64,1,14
100,400,65,1,15
100,400,66,1,15
100,400,67,1,15
100,400,68,1,15
100,400,69,1,15
100,400,70,1,15
100,400,71,1,16
100,400,72,1,16
100,400,73,1,16
100,400,74,1,16
100,400,75,2,16
100,400,76,2,16
100,400,77,2,16
100,400,78,2,17
100,400,79,2,17
100,400,80,2,17
100,400,81,2,17
100,400,82,2,17
100,400,83,2,17
100,400,84,2,17
100,400,85,2,18
100,400,86,2,18
100,400,87,2,18
100,400,88,2,18
100,400,89,2,18
100,400,90,2,18
100,400,91,3,18
100,400,92,3,19
100,400,93,3,19
100,400,94,3,19
100,400,95,3,19
100,400,96,3,19
100,400,97,3,19
100,400,98,3,19
100,400,99,3,20
100,400,100,3,20
100,400,101,3,20
100,400,102,3,20
100,400,103,3,20
100,400,104,3,20
100,400,105,3,20
100,400,106,3,21
100,400,107,4,21
100,400,108,4,21
100,400,109,4,21
100,400,110,4,21
100,400,111,4,21
100,400,112,4,21
100,400,113,4,22
100,400,114,4,22
100,400,115,4,22
100,400,116,4,22
100,400,117,4,22
100,400,118,4,22
100,400,119,4,22
100,400,120,4,23
100,400,121,4,23
100,400,122,4,23
100,400,123,5,23
100,400,124,5,23
100,400,125,5,23
100,400,126,5,23
100,400,127,5,24
100,400,128,5,24
100,400,129,5,24
100,400,130,5,24
100,400,131,5,24
100,400,132,5,24
100,400,133,5,24
100,400,134,5,25
100,400,135,5,25
100,400,136,5,25
100,400,137,5,25
100,400,138,6,25
100,400,139,6,25
100,400,140,6,25
100,400,141,6,25
100,400,142,6,26
100,400,143,6,26
100,400,144,6,26
100,400,145,6,26
100,400,146,6,26
100,400,147,6,26
100,400,148,6,26
100,400,149,6,27
100,400,150,6,27
100,400,151,6,27
100,400,152,7,27
100,400,153,7,27
100,400,154,7,27
100,400,155,7,27
100,400,156,7,27
100,400,157,7,28
100,400,158,7,28
100,400,159,7,28
100,400,160,7,28
100,400,161,7,28
100,400,162,7,28
100,400,163,7,28
100,400,164,7,29
100,400,165,7,29
100,400,166,7,29
100,400,167,8,29
100,400,168,8,29
100,400,169,8,29
100,400,170,8,29
100,400,171,8,30
100,400,172,8,30
100,400,173,8,30
100,400,174,8,30
100,400,175,8,30
100,400,176,8,30
100,400,177,8,30
100,400,178,8,30
100,400,179,8,31
100,400,180,8,31
100,400,181,9,31
100,400,182,9,31
100,400,183,9,31
100,400,184,9,31
100,400,185,9,31
100,400,186,9,32
100,400,187,9,32
100,400,188,9,32
100,400,189,9,32
100,400,190,9,32
100,400,191,9,32
100,400,192,9,32
100,400,193,9,32
100,400,194,9,33
100,400,195,10,33
100,400,196,10,33
100,400,197,10,33
100,400,198,10,33
100,400,199,10,33
100,400,200,10,33
100,400,201,10,33
100,400,202,10,34
100,400,203,10,34
100,400,204,10,34
100,400,205,10,34
100,400,206,10,34
100,400,207,10,34
100,400,208,10,34
100,400,209,11,35
100,400,210,11,35
100,400,211,11,35
100,400,212,11,35
100,400,213,11,35
100,400,214,11,35
100,400,215,11,35
100,400,216,11,35
100,400,217,11,36
100,400,218,11,36
100,400,219,11,36
100,400,220,11,36
100,400,221,11,36
100,400,222,11,36
100,400,223,12,36
100,400,224,12,37
100,400,225,12,37
100,400,226,12,37
100,400,227,12,37
100,400,228,12,37
100,400,229,12,37
100,400,230,12,37
100,400,231,12,37
100,400,232,12,38
100,400,233,12,38
100,400,234,12,38
100,400,235,12,38
100,400,236,12,38
100,400,237,13,38
100,400,238,13,38
100,400,239,13,38
100,400,240,13,39
100,400,241,13,39
100,400,242,13,39
100,400,243,13,39
100,400,244,13,39
100,400,245,13,39
100,400,246,13,39
100,400,247,13,39
100,400,248,13,40
100,400,249,13,40
100,400,250,14,40
100,400,251,14,40
100,400,252,14,40
100,400,253,14,40
100,400,254,14,40
100,400,255,14,41
100,400,256,14,41
100,400,257,14,41
100,400,258,14,41
100,400,259,14,41
100,400,260,14,41
100,400,261,14,41
100,400,262,14,41
100,400,263,14,42
100,400,264,15,42
100,400,265,15,42
100,400,266,15,42
100,400,267,15,42
100,400,268,15,42
100,400,269,15,42
100,400,270,15,42
100,400,271,15,43
100,400,272,15,43
100,400,273,15,43
100,400,274,15,43
100,400,275,15,43
100,400,276,15,43
100,400,277,16,43
100,400,278,16,43
100,400,279,16,44
100,400,280,16,44
100,400,281,16,44
100,400,282,16,44
100,400,283,16,44
100,400,284,16,44
100,400,285,16,44
100,400,286,16,44
100,400,287,16,45
100,400,288,16,45
100,400,289,16,45
100,400,290,17,45
100,400,291,17,45
100,400,292,17,45
100,400,293,17,45
100,400,294,17,45
100,400,295,17,46
100,400,296,17,46
100,400,297,17,46
100,400,298,17,46
100,400,299,17,46
100,400,300,17,46
100,400,301,17,46
100,400,302,17,47
100,400,303,18,47
100,400,304,18,47
100,400,305,18,47
100,400,306,18,47
100,400,307,18,47
100,400,308,18,47
100,400,309,18,47
100,400,310,18,48
100,400,311,18,48
100,400,312,18,48
100,400,313,18,48
100,400,314,18,48
100,400,315,18,48
100,400,316,18,48
100,400,317,19,48
100,400,318,19,49
100,400,319,19,49
100,400,320,19,49
100,400,321,19,49
100,400,322,19,49
100,400,323,19,49
100,400,324,19,49
100,400,325,19,49
100,400,326,19,50
100,400,327,19,50
100,400,328,19,50
100,400,329,19,50
100,400,330,20,50
100,400,331,20,50
100,400,332,20,50
100,400,333,20,50
100,400,334,20,51
100,400,335,20,51
100,400,336,20,51
100,400,337,20,51
100,400,338,20,51
100,400,339,20,51
100,400,340,20,51
100,400,341,20,51
100,400,342,20,52
100,400,343,21,52
100,400,344,21,52
100,400,345,21,52
100,400,346,21,52
100,400,347,21,52
100,400,348,21,52
100,400,349,21,52
100,400,350,21,53
100,400,351,21,53
100,400,352,21,53
100,400,353,21,53
100,400,354,21,53
100,400,355,22,53
100,400,356,22,53
100,400,357,22,53
100,400,358,22,54
100,400,359,22,54
100,400,360,22,54
100,400,361,22,54
100,400,362,22,54
100,400,363,22,54
100,400,364,22,54
100,400,365,22,54
100,400,366,22,55
100,400,367,22,55
100,400,368,23,55
100,400,369,23,55
100,400,370,23,55
100,400,371,23,55
100,400,372,23,55
100,400,373,23,55
100,400,374,23,56
100,400,375,23,56
100,400,376,23,56
100,400,377,23,56
100,400,378,23,56
100,400,379,23,56
100,400,380,23,56
100,400,381,24,56
100,400,382,24,57
100,400,383,24,57
100,400,384,24,57
100,400,385,24,57
100,400,386,24,57
100,400,387,24,57
100,400,388,24,57
100,400,389,24,57
100,400,390,24,58
100,400,391,24,58
100,400,392,24,58
100,400,393,24,58
100,400,394,25,58
100,400,395,25,58
100,400,396,25,58
100,400,397,25,58
100,400,398,25,58
100,400,399,25,59
100,400,400,25,59
100,800,1,,
100,800,2,,
100,800,3,,
100,800,4,,
100,800,5,,5
100,800,6,,5
100,800,7,,5
100,800,8,,5
100,800,9,,5
100,800,10,,6
100,800,11,,6
100,800,12,,6
100,800,13,,6
100,800,14,,6
100,800,15,,7
100,800,16,,7
100,800,17,,7
100,800,18,,7
100,800,19,,7
100,800,20,,7
100,800,21,,8
100,800,22,,8
100,800,23,,8
100,800,24,,8
100,800,25,,8
100,800,26,,8
100,800,27,,9
100,800,28,,9
100,800,29,,9
100,800,30,,9
100,800,31,,9
100,800,32,,9
100,800,33,,10
100,800,34,,10
100,800,35,,10
100,800,36,,10
100,800,37,,10
100,800,38,,10
100,800,39,0,11
100,800,40,0,11
100,800,41,0,11
100,800,42,0,11
100,800,43,0,11
100,800,44,0,11
100,800,45,0,12
100,800,46,0,12
100,800,47,0,12
100,800,48,0,12
100,800,49,0,12
100,800,50,0,12
100,800,51,0,13
100,800,52,0,13
100,800,53,0,13
100,800,54,0,13
100,800,55,0,13
100,800,56,0,13
100,800,57,0,13
100,800,58,1,14
100,800,59,1,14
100,800,60,1,14
100,800,61,1,14
100,800,62,1,14
100,800,63,1,14
100,800,64,1,14
100,800,65,1,15
100,800,66,1,15
100,800,67,1,15
100,800,68,1,15
100,800,69,1,15
100,800,70,1,15
100,800,71,1,16
100,800,72,1,16
100,800,73,1,16
100,800,74,1,16
100,800,75,2,16
100,800,76,2,16
100,800,77,2,16
100,800,78,2,17
100,800,79,2,17
100,800,80,2,17
100,800,81,2,17
100,800,82,2,17
100,800,83,2,17
100,800,84,2,17
100,800,85,2,18
100,800,86,2,18
100,800,87,2,18
100,800,88,2,18
100,800,89,2,18
100,800,90,2,18
100,800,91,3,18
100,800,92,3,19
100,800,93,3,19
100,800,94,3,19
100,800,95,3,19
100,800,96,3,19
100,800,97,3,19
100,800,98,3,19
100,800,99,3,20
100,800,100,3,20
100,800,101,3,20
100,800,102,3,20
100,800,103,3,20
100,800,104,3,20
100,800,105,3,20
100,800,106,3,21
100,800,107,4,21
100,800,108,4,21
100,800,109,4,21
100,800,110,4,21
100,800,111,4,21
100,800,112,4,21
100,800,113,4,22
100,800,114,4,22
100,800,115,4,22
100,800,116,4,22
100,800,117,4,22
100,800,118,4,22
100,800,119,4,22
100,800,120,4,23
100,800,121,4,23
100,800,122,4,23
100,800,123,5,23
100,800,124,5,23
100,800,125,5,23
100,800,126,5,23
100,800,127,5,24
100,800,128,5,24
100,800,129,5,24
100,800,130,5,24
100,800,131,5,24
100,800,132,5,24
100,800,133,5,24
100,800,134,5,25
100,800,135,5,25
100,800,136,5,25
100,800,137,5,25
100,800,138,6,25
100,800,139,6,25
100,800,140,6,25
100,800,141,6,25
100,800,142,6,26
100,800,143,6,26
100,800,144,6,26
100,800,145,6,26
100,800,146,6,26
100,800,147,6,26
100,800,148,6,26
100,800,149,6,27
100,800,150,6,27
100,800,151,6,27
100,800,152,7,27
100,800,153,7,27
100,800,154,7,27
100,800,155,7,27
100,800,156,7,27
100,800,157,7,28
100,800,158,7,28
100,800,159,7,28
100,800,160,7,28
100,800,161,7,28
100,800,162,7,28
100,800,163,7,28
100,800,164,7,29
100,800,165,7,29
100,800,166,7,29
100,800,167,8,29
100,800,168,8,29
100,800,169,8,29
100,800,170,8,29
100,800,171,8,30
100,800,172,8,30
100,800,173,8,30
100,800,174,8,30
100,800,175,8,30
100,800,176,8,30
100,800,177,8,30
100,800,178,8,30
100,800,179,8,31
100,800,180,8,31
100,800,181,9,31
100,800,182,9,31
100,800,183,9,31
100,800,184,9,31
100,800,185,9,31
100,800,186,9,32
100,800,187,9,32
100,800,188,9,32
100,800,189,9,32
100,800,190,9,32
100,800,191,9,32
100,800,192,9,32
100,800,193,9,32
100,800,194,9,33
100,800,195,10,33
100,800,196,10,33
100,800,197,10,33
100,800,198,10,33
100,800,199,10,33
100,800,200,10,33
100,800,201,10,33
100,800,202,10,34
100,800,203,10,34
100,800,204,10,34
100,800,205,10,34
100,800,206,10,34
100,800,207,10,34
100,800,208,10,34
100,800,209,11,35
100,800,210,11,35
100,800,211,11,35
100,800,212,11,35
100,800,213,11,35
100,800,214,11,35
100,800,215,11,35
100,800,216,11,35
100,800,217,11,36
100,800,218,11,36
100,800,219,11,36
100,800,220,11,36
100,800,221,11,36
100,800,222,11,36
100,800,223,12,36
100,800,224,12,37
100,800,225,12,37
100,800,226,12,37
100,800,227,12,37
100,800,228,12,37
100,800,229,12,37
100,800,230,12,37
100,800,231,12,37
100,800,232,12,38
100,800,233,12,38
100,800,234,12,38
100,800,235,12,38
100,800,236,12,38
100,800,237,13,38
100,800,238,13,38
100,800,239,13,38
100,800,240,13,39
100,800,241,13,39
100,800,242,13,39
100,800,243,13,39
100,800,244,13,39
100,800,245,13,39
100,800,246,13,39
100,800,247,13,39
100,800,248,13,40
100,800,249,13,40
100,800,250,14,40
100,800,251,14,40
100,800,252,14,40
100,800,253,14,40
100,800,254,14,40
100,800,255,14,41
100,800,256,14,41
100,800,257,14,41
100,800,258,14,41
100,800,259,14,41
100,800,260,14,41
100,800,261,14,41
100,800,262,14,41
100,800,263,14,42
100,800,264,15,42
100,800,265,15,42
100,800,266,15,42
100,800,267,15,42
100,800,268,15,42
100,800,269,15,42
100,800,270,15,42
100,800,271,15,43
100,800,272,15,43
100,800,273,15,43
100,800,274,15,43
100,800,275,15,43
100,800,276,15,43
100,800,277,16,43
100,800,278,16,43
100,800,279,16,44
100,800,280,16,44
100,800,281,16,44
100,800,282,16,44
100,800,283,16,44
100,800,284,16,44
100,800,285,16,44
100,800,286,16,44
100,800,287,16,45
100,800,288,16,45
100,800,289,16,45
100,800,290,17,45
100,800,291,17,45
100,800,292,17,45
100,800,293,17,45
100,800,294,17,45
100,800,295,17,46
100,800,296,17,46
100,800,297,17,46
100,800,298,17,46
100,800,299,17,46
100,800,300,17,46
100,800,301,17,46
100,800,302,17,47
100,800,303,18,47
100,800,304,18,47
100,800,305,18,47
100,800,306,18,47
100,800,307,18,47
100,800,308,18,47
100,800,309,18,47
100,800,310,18,48
100,800,311,18,48
100,800,312,18,48
100,800,313,18,48
100,800,314,18,48
100,800,315,18,48
100,800,316,18,48
100,800,317,19,48
100,800,318,19,49
100,800,319,19,49
100,800,320,19,49
100,800,321,19,49
100,800,322,19,49
100,800,323,19,49
100,800,324,19,49
100,800,325,19,49
100,800,326,19,50
100,800,327,19,50
100,800,328,19,50
100,800,329,19,50
100,800,330,20,50
100,800,331,20,50
100,800,332,20,50
100,800,333,20,50
100,800,334,20,51
100,800,335,20,51
100,800,336,20,51
100,800,337,20,51
100,800,338,20,51
100,800,339,20,51
100,800,340,20,51
100,800,341,20,51
100,800,342,20,52
100,800,343,21,52
100,800,344,21,52
100,800,345,21,52
100,800,346,21,52
100,800,347,21,52
100,800,348,21,52
100,800,349,21,52
100,800,350,21,53
100,800,351,21,53
100,800,352,21,53
100,800,353,21,53
100,800,354,21,53
100,800,355,22,53
100,800,356,22,53
100,800,357,22,53
100,800,358,22,54
100,800,359,22,54
100,800,360,22,54
100,800,361,22,54
100,800,362,22,54
100,800,363,22,54
100,800,364,22,54
100,800,365,22,54
100,800,366,22,55
100,800,367,22,55
100,800,368,23,55
100,800,369,23,55
100,800,370,23,55
100,800,371,23,55
100,800,372,23,55
100,800,373,23,55
100,800,374,23,56
100,800,375,23,56
100,800,376,23,56
100,800,377,23,56
100,800,378,23,56
100,800,379,23,56
100,800,380,23,56
100,800,381,24,56
100,800,382,24,57
100,800,383,24,57
100,800,384,24,57
100,800,385,24,57
100,800,386,24,57
100,800,387,24,57
100,800,388,24,57
100,800,389,24,57
100,800,390,24,58
100,800,391,24,58
100,800,392,24,58
100,800,393,24,58
100,800,394,25,58
100,800,395,25,58
100,800,396,25,58
100,800,397,25,58
100,800,398,25,58
100,800,399,25,59
100,800,400,25,59
100,800,401,25,59
100,800,402,25,59
100,800,403,25,59
100,800,404,25,59
100,800,405,25,59
100,800,406,25,59
100,800,407,26,60
100,800,408,26,60
100,800,409,26,60
100,800,410,26,60
100,800,411,26,60
100,800,412,26,60
100,800,413,26,60
100,800,414,26,60
100,800,415,26,61
100,800,416,26,61
100,800,417,26,61
100,800,418,26,61
100,800,419,27,61
100,800,420,27,61
100,800,421,27,61
100,800,422,27,61
100,800,423,27,62
100,800,424,27,62
100,800,425,27,62
100,800,426,27,62
100,800,427,27,62
100,800,428,27,62
100,800,429,27,62
100,800,430,27,62
100,800,431,27,63
100,800,432,28,63
100,800,433,28,63
100,800,434,28,63
100,800,435,28,63
100,800,436,28,63
100,800,437,28,63
100,800,438,28,63
100,800,439,28,64
100,800,440,28,64
100,800,441,28,64
100,800,442,28,64
100,800,443,28,64
100,800,444,28,64
100,800,445,29,64
100,800,446,29,64
100,800,447,29,65
100,800,448,29,65
100,800,449,29,65
100,800,450,29,65
100,800,451,29,65
100,800,452,29,65
100,800,453,29,65
100,800,454,29,65
100,800,455,29,65
100,800,456,29,66
100,800,457,30,66
100,800,458,30,66
100,800,459,30,66
100,800,460,30,66
100,800,461,30,66
100,800,462,30,66
100,800,463,30,66
100,800,464,30,67
100,800,465,30,67
100,800,466,30,67
100,800,467,30,67
100,800,468,30,67
100,800,469,30,67
100,800,470,31,67
100,800,471,31,67
100,800,472,31,68
100,800,473,31,68
100,800,474,31,68
100,800,475,31,68
100,800,476,31,68
100,800,477,31,68
100,800,478,31,68
100,800,479,31,68
100,800,480,31,69
100,800,481,31,69
100,800,482,32,69
100,800,483,32,69
100,800,484,32,69
100,800,485,32,69
100,800,486,32,69
100,800,487,32,69
100,800,488,32,70
100,800,489,32,70
100,800,490,32,70
100,800,491,32,70
100,800,492,32,70
100,800,493,32,70
100,800,494,32,70
100,800,495,33,70
100,800,496,33,70
100,800,497,33,71
100,800,498,33,71
100,800,499,33,71
100,800,500,33,71
100,800,501,33,71
100,800,502,33,71
100,800,503,33,71
100,800,504,33,71
100,800,505,33,72
100,800,506,33,72
100,800,507,34,72
100,800,508,34,72
100,800,509,34,72
100,800,510,34,72
100,800,511,34,72
100,800,512,34,72
100,800,513,34,73
100,800,514,34,73
100,800,515,34,73
100,800,516,34,73
100,800,517,34,73
100,800,518,34,73
100,800,519,35,73
100,800,520,35,73
100,800,521,35,74
100,800,522,35,74
100,800,523,35,74
100,800,524,35,74
100,800,525,35,74
100,800,526,35,74
100,800,527,35,74
100,800,528,35,74
100,800,529,35,74
100,800,530,35,75
100,800,531,35,75
100,800,532,36,75
100,800,533,36,75
100,800,534,36,75
100,800,535,36,75
100,800,536,36,75
100,800,537,36,75
100,800,538,36,76
100,800,539,36,76
100,800,540,36,76
100,800,541,36,76
100,800,542,36,76
100,800,543,36,76
100,800,544,37,76
100,800,545,37,76
100,800,546,37,77
100,800,547,37,77
100,800,548,37,77
100,800,549,37,77
100,800,550,37,77
100,800,551,37,77
100,800,552,37,77
100,800,553,37,77
100,800,554,37,77
100,800,555,37,78
100,800,556,38,78
100,800,557,38,78
100,800,558,38,78
100,800,559,38,78
100,800,560,38,78
100,800,561,38,78
100,800,562,38,78
100,800,563,38,79
100,800,564,38,79
100,800,565,38,79
100,800,566,38,79
100,800,567,38,79
100,800,568,38,79
100,800,569,39,79
100,800,570,39,79
100,800,571,39,80
100,800,572,39,80
100,800,573,39,80
100,800,574,39,80
100,800,575,39,80
100,800,576,39,80
100,800,577,39,80
100,800,578,39,80
100,800,579,39,80
100,800,580,39,81
100,800,581,40,81
100,800,582,40,81
100,800,583,40,81
100,800,584,40,81
100,800,585,40,81
100,800,586,40,81
100,800,587,40,81
100,800,588,40,82
100,800,589,40,82
100,800,590,40,82
100,800,591,40,82
100,800,592,40,82
100,800,593,41,82
100,800,594,41,82
100,800,595,41,82
100,800,596,41,83
100,800,597,41,83
100,800,598,41,83
100,800,599,41,83
100,800,600,41,83
100,800,601,41,83
100,800,602,41,83
100,800,603,41,83
100,800,604,41,83
100,800,605,42,84
100,800,606,42,84
100,800,607,42,84
100,800,608,42,84
100,800,609,42,84
100,800,610,42,84
100,800,611,42,84
100,800,612,42,84
100,800,613,42,85
100,800,614,42,85
100,800,615,42,85
100,800,616,42,85
100,800,617,42,85
100,800,618,43,85
100,800,619,43,85
100,800,620,43,85
100,800,621,43,86
100,800,622,43,86
100,800,623,43,86
100,800,624,43,86
100,800,625,43,86
100,800,626,43,86
100,800,627,43,86
100,800,628,43,86
100,800,629,43,86
100,800,630,44,87
100,800,631,44,87
100,800,632,44,87
100,800,633,44,87
100,800,634,44,87
100,800,635,44,87
100,800,636,44,87
100,800,637,44,87
100,800,638,44,88
100,800,639,44,88
100,800,640,44,88
100,800,641,44,88
100,800,642,45,88
100,800,643,45,88
100,800,644,45,88
100,800,645,45,88
100,800,646,45,88
100,800,647,45,89
100,800,648,45,89
100,800,649,45,89
100,800,650,45,89
100,800,651,45,89
100,800,652,45,89
100,800,653,45,89
100,800,654,46,89
100,800,655,46,90
100,800,656,46,90
100,800,657,46,90
100,800,658,46,90
100,800,659,46,90
100,800,660,46,90
100,800,661,46,90
100,800,662,46,90
100,800,663,46,90
100,800,664,46,91
100,800,665,46,91
100,800,666,47,91
100,800,667,47,91
100,800,668,47,91
100,800,669,47,91
100,800,670,47,91
100,800,671,47,91
100,800,672,47,92
100,800,673,47,92
100,800,674,47,92
100,800,675,47,92
100,800,676,47,92
100,800,677,47,92
100,800,678,48,92
100,800,679,48,92
100,800,680,48,93
100,800,681,48,93
100,800,682,48,93
100,800,683,48,93
100,800,684,48,93
100,800,685,48,93
100,800,686,48,93
100,800,687,48,93
100,800,688,48,93
100,800,689,48,94
100,800,690,49,94
100,800,691,49,94
100,800,692,49,94
100,800,693,49,94
100,800,694,49,94
100,800,695,49,94
100,800,696,49,94
100,800,697,49,95
100,800,698,49,95
100,800,699,49,95
100,800,700,49,95
100,800,701,49,95
100,800,702,50,95
100,800,703,50,95
100,800,704,50,95
100,800,705,50,95
100,800,706,50,96
100,800,707,50,96
100,800,708,50,96
100,800,709,50,96
100,800,710,50,96
100,800,711,50,96
100,800,712,50,96
100,800,713,50,96
100,800,714,51,97
100,800,715,51,97
100,800,716,51,97
100,800,717,51,97
100,800,718,51,97
100,800,719,51,97
100,800,720,51,97
100,800,721,51,97
100,800,722,51,97
100,800,723,51,98
100,800,724,51,98
100,800,725,51,98
100,800,726,52,98
100,800,727,52,98
100,800,728,52,98
100,800,729,52,98
100,800,730,52,98
100,800,731,52,99
100,800,732,52,99
100,800,733,52,99
100,800,734,52,99
100,800,735,52,99
100,800,736,52,99
100,800,737,52,99
100,800,738,53,99
100,800,739,53,99
100,800,740,53,100
100,800,741,53,100
100,800,742,53,100
100,800,743,53,100
100,800,744,53,100
100,800,745,53,100
100,800,746,53,100
100,800,747,53,100
100,800,748,53,101
100,800,749,53,101
100,800,750,54,101
100,800,751,54,101
100,800,752,54,101
100,800,753,54,101
100,800,754,54,101
100,800,755,54,101
100,800,756,54,101
100,800,757,54,102
100,800,758,54,102
100,800,759,54,102
100,800,760,54,102
100,800,761,54,102
100,800,762,55,102
100,800,763,55,102
100,800,764,55,102
100,800,765,55,103
100,800,766,55,103
100,800,767,55,103
100,800,768,55,103
100,800,769,55,103
100,800,770,55,103
100,800,771,55,103
100,800,772,55,103
100,800,773,55,103
100,800,774,56,104
100,800,775,56,104
100,800,776,56,104
100,800,777,56,104
100,800,778,56,104
100,800,779,56,104
100,800,780,56,104
100,800,781,56,104
100,800,782,56,105
100,800,783,56,105
100,800,784,56,105
100,800,785,56,105
100,800,786,57,105
100,800,787,57,105
100,800,788,57,105
100,800,789,57,105
100,800,790,57,105
100,800,791,57,106
100,800,792,57,106
100,800,793,57,106
100,800,794,57,106
100,800,795,57,106
100,800,796,57,106
100,800,797,57,106
100,800,798,58,106
100,800,799,58,107
100,800,800,58,107
100,1600,1,,
100,1600,2,,
100,1600,3,,
100,1600,4,,
100,1600,5,,5
100,1600,6,,5
100,1600,7,,5
100,1600,8,,5
100,1600,9,,5
100,1600,10,,6
100,1600,11,,6
100,1600,12,,6
100,1600,13,,6
100,1600,14,,6
100,1600,15,,7
100,1600,16,,7
100,1600,17,,7
100,1600,18,,7
100,1600,19,,7
100,1600,20,,7
100,1600,21,,8
100,1600,22,,8
100,1600,23,,8
100,1600,24,,8
100,1600,25,,8
100,1600,26,,8
100,1600,27,,9
100,1600,28,,9
100,1600,29,,9
100,1600,30,,9
100,1600,31,,9
100,1600,32,,9
100,1600,33,,10
100,1600,34,,10
100,1600,35,,10
100,1600,36,,10
100,1600,37,,10
100,1600,38,,10
100,1600,39,0,11
100,1600,40,0,11
100,1600,41,0,11
100,1600,42,0,11
100,1600,43,0,11
100,1600,44,0,11
100,1600,45,0,12
100,1600,46,0,12
100,1600,47,0,12
100,1600,48,0,12
100,1600,49,0,12
100,1600,50,0,12
100,1600,51,0,13
100,1600,52,0,13
100,1600,53,0,13
100,1600,54,0,13
100,1600,55,0,13
100,1600,56,0,13
100,1600,57,0,13
100,1600,58,1,14
100,1600,59,1,14
100,1600,60,1,14
100,1600,61,1,14
100,1600,62,1,14
100,1600,63,1,14
100,1600,64,1,14
100,1600,65,1,15
100,1600,66,1,15
100,1600,67,1,15
100,1600,68,1,15
100,1600,69,1,15
100,1600,70,1,15
100,1600,71,1,16
100,1600,72,1,16
100,1600,73,1,16
100,1600,74,1,16
100,1600,75,2,16
100,1600,76,2,16
100,1600,77,2,16
100,1600,78,2,17
100,1600,79,2,17
100,1600,80,2,17
100,1600,81,2,17
100,1600,82,2,17
100,1600,83,2,17
100,1600,84,2,17
100,1600,85,2,18
100,1600,86,2,18
100,1600,87,2,18
100,1600,88,2,18
100,1600,89,2,18
100,1600,90,2,18
100,1600,91,3,18
100,1600,92,3,19
100,1600,93,3,19
100,1600,94,3,19
100,1600,95,3,19
100,1600,96,3,19
100,1600,97,3,19
100,1600,98,3,19
100,1600,99,3,20
100,1600,100,3,20
100,1600,101,3,20
100,1600,102,3,20
100,1600,103,3,20
100,1600,104,3,20
100,1600,105,3,20
100,1600,106,3,21
100,1600,107,4,21
100,1600,108,4,21
100,1600,109,4,21
100,1600,110,4,21
100,1600,111,4,21
100,1600,112,4,21
100,1600,113,4,22
100,1600,114,4,22
100,1600,115,4,22
100,1600,116,4,22
100,1600,117,4,22
100,1600,118,4,22
100,1600,119,4,22
100,1600,120,4,23
100,1600,121,4,23
100,1600,122,4,23
100,1600,123,5,23
100,1600,124,5,23
100,1600,125,5,23
100,1600,126,5,23
100,1600,127,5,24
100,1600,128,5,24
100,1600,129,5,24
100,1600,130,5,24
100,1600,131,5,24
100,1600,132,5,24
100,1600,133,5,24
100,1600,134,5,25
100,1600,135,5,25
100,1600,136,5,25
100,1600,137,5,25
100,1600,138,6,25
100,1600,139,6,25
100,1600,140,6,25
100,1600,141,6,25
100,1600,142,6,26
100,1600,143,6,26
100,1600,144,6,26
100,1600,145,6,26
100,1600,146,6,26
100,1600,147,6,26
100,1600,148,6,26
100,1600,149,6,27
100,1600,150,6,27
100,1600,151,6,27
100,1600,152,7,27
100,1600,153,7,27
100,1600,154,7,27
100,1600,155,7,27
100,1600,156,7,27
100,1600,157,7,28
100,1600,158,7,28
100,1600,159,7,28
100,1600,160,7,28
100,1600,161,7,28
100,1600,162,7,28
100,1600,163,7,28
100,1600,164,7,29
100,1600,165,7,29
100,1600,166,7,29
100,1600,167,8,29
100,1600,168,8,29
100,1600,169,8,29
100,1600,170,8,29
100,1600,171,8,30
100,1600,172,8,30
100,1600,173,8,30
100,1600,174,8,30
100,1600,175,8,30
100,1600,176,8,30
100,1600,177,8,30
100,1600,178,8,30
100,1600,179,8,31
100,1600,180,8,31
100,1600,181,9,31
100,1600,182,9,31
100,1600,183,9,31
100,1600,184,9,31
100,1600,185,9,31
100,1600,186,9,32
100,1600,187,9,32
100,1600,188,9,32
100,1600,189,9,32
100,1600,190,9,32
100,1600,191,9,32
100,1600,192,9,32
100,1600,193,9,32
100,1600,194,9,33
100,1600,195,10,33
100,1600,196,10,33
100,1600,197,10,33
100,1600,198,10,33
100,1600,199,10,33
100,1600,200,10,33
100,1600,201,10,33
100,1600,202,10,34
100,1600,203,10,34
100,1600,204,10,34
100,1600,205,10,34
100,1600,206,10,34
100,1600,207,10,34
100,1600,208,10,34
100,1600,209,11,35
100,1600,210,11,35
100,1600,211,11,35
100,1600,212,11,35
100,1600,213,11,35
100,1600,214,11,35
100,1600,215,11,35
100,1600,216,11,35
100,1600,217,11,36
100,1600,218,11,36
100,1600,219,11,36
100,1600,220,11,36
100,1600,221,11,36
100,1600,222,11,36
100,1600,223,12,36
100,1600,224,12,37
100,1600,225,12,37
100,1600,226,12,37
100,1600,227,12,37
100,1600,228,12,37
100,1600,229,12,37
100,1600,230,12,37
100,1600,231,12,37
100,1600,232,12,38
100,1600,233,12,38
100,1600,234,12,38
100,1600,235,12,38
100,1600,236,12,38
100,1600,237,13,38
100,1600,238,13,38
100,1600,239,13,38
100,1600,240,13,39
100,1600,241,13,39
100,1600,242,13,39
100,1600,243,13,39
100,1600,244,13,39
100,1600,245,13,39
100,1600,246,13,39
100,1600,247,13,39
100,1600,248,13,40
100,1600,249,13,40
100,1600,250,14,40
100,1600,251,14,40
100,1600,252,14,40
100,1600,253,14,40
100,1600,254,14,40
100,1600,255,14,41
100,1600,256,14,41
100,1600,257,14,41
100,1600,258,14,41
100,1600,259,14,41
100,1600,260,14,41
100,1600,261,14,41
100,1600,262,14,41
100,1600,263,14,42
100,1600,264,15,42
100,1600,265,15,42
100,1600,266,15,42
100,1600,267,15,42
100,1600,268,15,42
100,1600,269,15,42
100,1600,270,15,42
100,1600,271,15,43
100,1600,272,15,43
100,1600,273,15,43
100,1600,274,15,43
100,1600,275,15,43
100,1600,276,15,43
100,1600,277,16,43
100,1600,278,16,43
100,1600,279,16,44
100,1600,280,16,44
100,1600,281,16,44
100,1600,282,16,44
100,1600,283,16,44
100,1600,284,16,44
100,1600,285,16,44
100,1600,286,16,44
100,1600,287,16,45
100,1600,288,16,45
100,1600,289,16,45
100,1600,290,17,45
100,1600,291,17,45
100,1600,292,17,45
100,1600,293,17,45
100,1600,294,17,45
100,1600,295,17,46
100,1600,296,17,46
100,1600,297,17,46
100,1600,298,17,46
100,1600,299,17,46
100,1600,300,17,46
100,1600,301,17,46
100,1600,302,17,47
100,1600,303,18,47
100,1600,304,18,47
100,1600,305,18,47
100,1600,306,18,47
100,1600,307,18,47
100,1600,308,18,47
100,1600,309,18,47
100,1600,310,18,48
100,1600,311,18,48
100,1600,312,18,48
100,1600,313,18,48
100,1600,314,18,48
100,1600,315,18,48
100,1600,316,18,48
100,1600,317,19,48
100,1600,318,19,49
100,1600,319,19,49
100,1600,320,19,49
100,1600,321,19,49
100,1600,322,19,49
100,1600,323,19,49
100,1600,324,19,49
100,1600,325,19,49
100,1600,326,19,50
100,1600,327,19,50
100,1600,328,19,50
100,1600,329,19,50
100,1600,330,20,50
100,1600,331,20,50
100,1600,332,20,50
100,1600,333,20,50
100,1600,334,20,51
100,1600,335,20,51
100,1600,336,20,51
100,1600,337,20,51
100,1600,338,20,51
100,1600,339,20,51
100,1600,340,20,51
100,1600,341,20,51
100,1600,342,20,52
100,1600,343,21,52
100,1600,344,21,52
100,1600,345,21,52
100,1600,346,21,52
100,1600,347,21,52
100,1600,348,21,52
100,1600,349,21,52
100,1600,350,21,53
100,1600,351,21,53
100,1600,352,21,53
100,1600,353,21,53
100,1600,354,21,53
100,1600,355,22,53
100,1600,356,22,53
100,1600,357,22,53
100,1600,358,22,54
100,1600,359,22,54
100,1600,360,22,54
100,1600,361,22,54
100,1600,362,22,54
100,1600,363,22,54
100,1600,364,22,54
100,1600,365,22,54
100,1600,366,22,55
100,1600,367,22,55
100,1600,368,23,55
100,1600,369,23,55
100,1600,370,23,55
100,1600,371,23,55
100,1600,372,23,55
100,1600,373,23,55
100,1600,374,23,56
100,1600,375,23,56
100,1600,376,23,56
100,1600,377,23,56
100,1600,378,23,56
100,1600,379,23,56
100,1600,380,23,56
100,1600,381,24,56
100,1600,382,24,57
100,1600,383,24,57
100,1600,384,24,57
100,1600,385,24,57
100,1600,386,24,57
100,1600,387,24,57
100,1600,388,24,57
100,1600,389,24,57
100,1600,390,24,58
100,1600,391,24,58
100,1600,392,24,58
100,1600,393,24,58
100,1600,394,25,58
100,1600,395,25,58
100,1600,396,25,58
100,1600,397,25,58
100,1600,398,25,58
100,1600,399,25,59
100,1600,400,25,59
100,1600,401,25,59
100,1600,402,25,59
100,1600,403,25,59
100,1600,404,25,59
100,1600,405,25,59
100,1600,406,25,59
100,1600,407,26,60
100,1600,408,26,60
100,1600,409,26,60
100,1600,410,26,60
100,1600,411,26,60
100,1600,412,26,60
100,1600,413,26,60
100,1600,414,26,60
100,1600,415,26,61
100,1600,416,26,61
100,1600,417,26,61
100,1600,418,26,61
100,1600,419,27,61
100,1600,420,27,61
100,1600,421,27,61
100,1600,422,27,61
100,1600,423,27,62
100,1600,424,27,62
100,1600,425,27,62
100,1600,426,27,62
100,1600,427,27,62
100,1600,428,27,62
100,1600,429,27,62
100,1600,430,27,62
100,1600,431,27,63
100,1600,432,28,63
100,1600,433,28,63
100,1600,434,28,63
100,1600,435,28,63
100,1600,436,28,63
100,1600,437,28,63
100,1600,438,28,63
100,1600,439,28,64
100,1600,440,28,64
100,1600,441,28,64
100,1600,442,28,64
100,1600,443,28,64
100,1600,444,28,64
100,1600,445,29,64
100,1600,446,29,64
100,1600,447,29,65
100,1600,448,29,65
100,1600,449,29,65
100,1600,450,29,65
100,1600,451,29,65
100,1600,452,29,65
100,1600,453,29,65
100,1600,454,29,65
100,1600,455,29,65
100,1600,456,29,66
100,1600,457,30,66
100,1600,458,30,66
100,1600,459,30,66
100,1600,460,30,66
100,1600,461,30,66
100,1600,462,30,66
100,1600,463,30,66
100,1600,464,30,67
100,1600,465,30,67
100,1600,466,30,67
100,1600,467,30,67
100,1600,468,30,67
100,1600,469,30,67
100,1600,470,31,67
100,1600,471,31,67
100,1600,472,31,68
100,1600,473,31,68
100,1600,474,31,68
100,1600,475,31,68
100,1600,476,31,68
100,1600,477,31,68
100,1600,478,31,68
100,1600,479,31,68
100,1600,480,31,69
100,1600,481,31,69
100,1600,482,32,69
100,1600,483,32,69
100,1600,484,32,69
100,1600,485,32,69
100,1600,486,32,69
100,1600,487,32,69
100,1600,488,32,70
100,1600,489,32,70
100,1600,490,32,70
100,1600,491,32,70
100,1600,492,32,70
100,1600,493,32,70
100,1600,494,32,70
100,1600,495,33,70
100,1600,496,33,70
100,1600,497,33,71
100,1600,498,33,71
100,1600,499,33,71
100,1600,500,33,71
100,1600,501,33,71
100,1600,502,33,71
100,1600,503,33,71
100,1600,504,33,71
100,1600,505,33,72
100,1600,506,33,72
100,1600,507,34,72
100,1600,508,34,72
100,1600,509,34,72
100,1600,510,34,72
100,1600,511,34,72
100,1600,512,34,72
100,1600,513,34,73
100,1600,514,34,73
100,1600,515,34,73
100,1600,516,34,73
100,1600,517,34,73
100,1600,518,34,73
100,1600,519,35,73
100,1600,520,35,73
100,1600,521,35,74
100,1600,522,35,74
100,1600,523,35,74
100,1600,524,35,74
100,1600,525,35,74
100,1600,526,35,74
100,1600,527,35,74
100,1600,528,35,74
100,1600,529,35,74
100,1600,530,35,75
100,1600,531,35,75
100,1600,532,36,75
100,1600,533,36,75
100,1600,534,36,75
100,1600,535,36,75
100,1600,536,36,75
100,1600,537,36,75
100,1600,538,36,76
100,1600,539,36,76
100,1600,540,36,76
100,1600,541,36,76
100,1600,542,36,76
100,1600,543,36,76
100,1600,544,37,76
100,1600,545,37,76
100,1600,546,37,77
100,1600,547,37,77
100,1600,548,37,77
100,1600,549,37,77
100,1600,550,37,77
100,1600,551,37,77
100,1600,552,37,77
100,1600,553,37,77
100,1600,554,37,77
100,1600,555,37,78
100,1600,556,38,78
100,1600,557,38,78
100,1600,558,38,78
100,1600,559,38,78
100,1600,560,38,78
100,1600,561,38,78
100,1600,562,38,78
100,1600,563,38,79
100,1600,564,38,79
100,1600,565,38,79
100,1600,566,38,79
100,1600,567,38,79
100,1600,568,38,79
100,1600,569,39,79
100,1600,570,39,79
100,1600,571,39,80
100,1600,572,39,80
100,1600,573,39,80
100,1600,574,39,80
100,1600,575,39,80
100,1600,576,39,80
100,1600,577,39,80
100,1600,578,39,80
100,1600,579,39,80
100,1600,580,39,81
100,1600,581,40,81
100,1600,582,40,81
100,1600,583,40,81
100,1600,584,40,81
100,1600,585,40,81
100,1600,586,40,81
100,1600,587,40,81
100,1600,588,40,82
100,1600,589,40,82
100,1600,590,40,82
100,1600,591,40,82
100,1600,592,40,82
100,1600,593,41,82
100,1600,594,41,82
100,1600,595,41,82
100,1600,596,41,83
100,1600,597,41,83
100,1600,598,41,83
100,1600,599,41,83
100,1600,600,41,83
100,1600,601,41,83
100,1600,602,41,83
100,1600,603,41,83
100,1600,604,41,83
100,1600,605,42,84
100,1600,606,42,84
100,1600,607,42,84
100,1600,608,42,84
100,1600,609,42,84
100,1600,610,42,84
100,1600,611,42,84
100,1600,612,42,84
100,1600,613,42,85
100,1600,614,42,85
100,1600,615,42,85
100,1600,616,42,85
100,1600,617,42,85
100,1600,618,43,85
100,1600,619,43,85
100,1600,620,43,85
100,1600,621,43,86
100,1600,622,43,86
100,1600,623,43,86
100,1600,624,43,86
100,1600,625,43,86
100,1600,626,43,86
100,1600,627,43,86
100,1600,628,43,86
100,1600,629,43,86
100,1600,630,44,87
100,1600,631,44,87
100,1600,632,44,87
100,1600,633,44,87
100,1600,634,44,87
100,1600,635,44,87
100,1600,636,44,87
100,1600,637,44,87
100,1600,638,44,88
100,1600,639,44,88
100,1600,640,44,88
100,1600,641,44,88
100,1600,642,45,88
100,1600,643,45,88
100,1600,644,45,88
100,1600,645,45,88
100,1600,646,45,88
100,1600,647,45,89
100,1600,648,45,89
100,1600,649,45,89
100,1600,650,45,89
100,1600,651,45,89
100,1600,652,45,89
100,1600,653,45,89
100,1600,654,46,89
100,1600,655,46,90
100,1600,656,46,90
100,1600,657,46,90
100,1600,658,46,90
100,1600,659,46,90
100,1600,660,46,90
100,1600,661,46,90
100,1600,662,46,90
100,1600,663,46,90
100,1600,664,46,91
100,1600,665,46,91
100,1600,666,47,91
100,1600,667,47,91
100,1600,668,47,91
100,1600,669,47,91
100,1600,670,47,91
100,1600,671,47,91
100,1600,672,47,92
100,1600,673,47,92
100,1600,674,47,92
100,1600,675,47,92
100,1600,676,47,92
100,1600,677,47,92
100,1600,678,48,92
100,1600,679,48,92
100,1600,680,48,93
100,1600,681,48,93
100,1600,682,48,93
100,1600,683,48,93
100,1600,684,48,93
100,1600,685,48,93
100,1600,686,48,93
100,1600,687,48,93
100,1600,688,48,93
100,1600,689,48,94
100,1600,690,49,94
100,1600,691,49,94
100,1600,692,49,94
100,1600,693,49,94
100,1600,694,49,94
100,1600,695,49,94
100,1600,696,49,94
100,1600,697,49,95
100,1600,698,49,95
100,1600,699,49,95
100,1600,700,49,95
100,1600,701,49,95
100,1600,702,50,95
100,1600,703,50,95
100,1600,704,50,95
100,1600,705,50,95
100,1600,706,50,96
100,1600,707,50,96
100,1600,708,50,96
100,1600,709,50,96
100,1600,710,50,96
100,1600,711,50,96
100,1600,712,50,96
100,1600,713,50,96
100,1600,714,51,97
100,1600,715,51,97
100,1600,716,51,97
100,1600,717,51,97
100,1600,718,51,97
100,1600,719,51,97
100,1600,720,51,97
100,1600,721,51,97
100,1600,722,51,97
100,1600,723,51,98
100,1600,724,51,98
100,1600,725,51,98
100,1600,726,52,98
100,1600,727,52,98
100,1600,728,52,98
100,1600,729,52,98
100,1600,730,52,98
100,1600,731,52,99
100,1600,732,52,99
100,1600,733,52,99
100,1600,734,52,99
100,1600,735,52,99
100,1600,736,52,99
100,1600,737,52,99
100,1600,738,53,99
100,1600,739,53,99
100,1600,740,53,100
100,1600,741,53,100
100,1600,742,53,100
100,1600,743,53,100
100,1600,744,53,100
100,1600,745,53,100
100,1600,746,53,100
100,1600,747,53,100
100,1600,748,53,101
100,1600,749,53,101
100,1600,750,54,101
100,1600,751,54,101
100,1600,752,54,101
100,1600,753,54,101
100,1600,754,54,101
100,1600,755,54,101
100,1600,756,54,101
100,1600,757,54,102
100,1600,758,54,102
100,1600,759,54,102
100,1600,760,54,102
100,1600,761,54,102
100,1600,762,55,102
100,1600,763,55,102
100,1600,764,55,102
100,1600,765,55,103
100,1600,766,55,103
100,1600,767,55,103
100,1600,768,55,103
100,1600,769,55,103
100,1600,770,55,103
100,1600,771,55,103
100,1600,772,55,103
100,1600,773,55,103
100,1600,774,56,104
100,1600,775,56,104
100,1600,776,56,104
100,1600,777,56,104
100,1600,778,56,104
100,1600,779,56,104
100,1600,780,56,104
100,1600,781,56,104
100,1600,782,56,105
100,1600,783,56,105
100,1600,784,56,105
100,1600,785,56,105
100,1600,786,57,105
100,1600,787,57,105
100,1600,788,57,105
100,1600,789,57,105
100,1600,790,57,105
100,1600,791,57,106
100,1600,792,57,106
100,1600,793,57,106
100,1600,794,57,106
100,1600,795,57,106
100,1600,796,57,106
100,1600,797,57,106
100,1600,798,58,106
100,1600,799,58,107
100,1600,800,58,107
100,1600,801,58,107
100,1600,802,58,107
100,1600,803,58,107
100,1600,804,58,107
100,1600,805,58,107
100,1600,806,58,107
100,1600,807,58,107
100,1600,808,58,108
100,1600,809,58,108
100,1600,810,59,108
100,1600,811,59,108
100,1600,812,59,108
100,1600,813,59,108
100,1600,814,59,108
100,1600,815,59,108
100,1600,816,59,109
100,1600,817,59,109
100,1600,818,59,109
100,1600,819,59,109
100,1600,820,59,109
100,1600,821,59,109
100,1600,822,60,109
100,1600,823,60,109
100,1600,824,60,109
100,1600,825,60,110
100,1600,826,60,110
100,1600,827,60,110
100,1600,828,60,110
100,1600,829,60,110
100,1600,830,60,110
100,1600,831,60,110
100,1600,832,60,110
100,1600,833,61,111
100,1600,834,61,111
100,1600,835,61,111
100,1600,836,61,111
100,1600,837,61,111
100,1600,838,61,111
100,1600,839,61,111
100,1600,840,61,111
100,1600,841,61,111
100,1600,842,61,112
100,1600,843,61,112
100,1600,844,61,112
100,1600,845,62,112
100,1600,846,62,112
100,1600,847,62,112
100,1600,848,62,112
100,1600,849,62,112
100,1600,850,62,112
100,1600,851,62,113
100,1600,852,62,113
100,1600,853,62,113
100,1600,854,62,113
100,1600,855,62,113
100,1600,856,62,113
100,1600,857,63,113
100,1600,858,63,113
100,1600,859,63,114
100,1600,860,63,114
100,1600,861,63,114
100,1600,862,63,114
100,1600,863,63,114
100,1600,864,63,114
100,1600,865,63,114
100,1600,866,63,114
100,1600,867,63,114
100,1600,868,63,115
100,1600,869,64,115
100,1600,870,64,115
100,1600,871,64,115
100,1600,872,64,115
100,1600,873,64,115
100,1600,874,64,115
100,1600,875,64,115
100,1600,876,64,116
100,1600,877,64,116
100,1600,878,64,116
100,1600,879,64,116
100,1600,880,64,116
100,1600,881,65,116
100,1600,882,65,116
100,1600,883,65,116
100,1600,884,65,116
100,1600,885,65,117
100,1600,886,65,117
100,1600,887,65,117
100,1600,888,65,117
100,1600,889,65,117
100,1600,890,65,117
100,1600,891,65,117
100,1600,892,65,117
100,1600,893,66,118
100,1600,894,66,118
100,1600,895,66,118
100,1600,896,66,118
100,1600,897,66,118
100,1600,898,66,118
100,1600,899,66,118
100,1600,900,66,118
100,1600,901,66,118
100,1600,902,66,119
100,1600,903,66,119
100,1600,904,67,119
100,1600,905,67,119
100,1600,906,67,119
100,1600,907,67,119
100,1600,908,67,119
100,1600,909,67,119
100,1600,910,67,119
100,1600,911,67,120
100,1600,912,67,120
100,1600,913,67,120
100,1600,914,67,120
100,1600,915,67,120
100,1600,916,68,120
100,1600,917,68,120
100,1600,918,68,120
100,1600,919,68,121
100,1600,920,68,121
100,1600,921,68,121
100,1600,922,68,121
100,1600,923,68,121
100,1600,924,68,121
100,1600,925,68,121
100,1600,926,68,121
100,1600,927,68,121
100,1600,928,69,122
100,1600,929,69,122
100,1600,930,69,122
100,1600,931,69,122
100,1600,932,69,122
100,1600,933,69,122
100,1600,934,69,122
100,1600,935,69,122
100,1600,936,69,123
100,1600,937,69,123
100,1600,938,69,123
100,1600,939,69,123
100,1600,940,70,123
100,1600,941,70,123
100,1600,942,70,123
100,1600,943,70,123
100,1600,944,70,123
100,1600,945,70,124
100,1600,946,70,124
100,1600,947,70,124
100,1600,948,70,124
100,1600,949,70,124
100,1600,950,70,124
100,1600,951,71,124
100,1600,952,71,124
100,1600,953,71,124
100,1600,954,71,125
100,1600,955,71,125
100,1600,956,71,125
100,1600,957,71,125
100,1600,958,71,125
100,1600,959,71,125
100,1600,960,71,125
100,1600,961,71,125
100,1600,962,71,126
100,1600,963,72,126
100,1600,964,72,126
100,1600,965,72,126
100,1600,966,72,126
100,1600,967,72,126
100,1600,968,72,126
100,1600,969,72,126
100,1600,970,72,126
100,1600,971,72,127
100,1600,972,72,127
100,1600,973,72,127
100,1600,974,72,127
100,1600,975,73,127
100,1600,976,73,127
100,1600,977,73,127
100,1600,978,73,127
100,1600,979,73,127
100,1600,980,73,128
100,1600,981,73,128
100,1600,982,73,128
100,1600,983,73,128
100,1600,984,73,128
100,1600,985,73,128
100,1600,986,73,128
100,1600,987,74,128
100,1600,988,74,129
100,1600,989,74,129
100,1600,990,74,129
100,1600,991,74,129
100,1600,992,74,129
100,1600,993,74,129
100,1600,994,74,129
100,1600,995,74,129
100,1600,996,74,129
100,1600,997,74,130
100,1600,998,75,130
100,1600,999,75,130
100,1600,1000,75,130
100,1600,1001,75,130
100,1600,1002,75,130
100,1600,1003,75,130
100,1600,1004,75,130
100,1600,1005,75,130
100,1600,1006,75,131
100,1600,1007,75,131
100,1600,1008,75,131
100,1600,1009,75,131
100,1600,1010,76,131
100,1600,1011,76,131
100,1600,1012,76,131
100,1600,1013,76,131
100,1600,1014,76,132
100,1600,1015,76,132
100,1600,1016,76,132
100,1600,1017,76,132
100,1600,1018,76,132
100,1600,1019,76,132
100,1600,1020,76,132
100,1600,1021,76,132
100,1600,1022,77,132
100,1600,1023,77,133
100,1600,1024,77,133
100,1600,1025,77,133
100,1600,1026,77,133
100,1600,1027,77,133
100,1600,1028,77,133
100,1600,1029,77,133
100,1600,1030,77,133
100,1600,1031,77,133
100,1600,1032,77,134
100,1600,1033,78,134
100,1600,1034,78,134
100,1600,1035,78,134
100,1600,1036,78,134
100,1600,1037,78,134
100,1600,1038,78,134
100,1600,1039,78,134
100,1600,1040,78,135
100,1600,1041,78,135
100,1600,1042,78,135
100,1600,1043,78,135
100,1600,1044,78,135
100,1600,1045,79,135
100,1600,1046,79,135
100,1600,1047,79,135
100,1600,1048,79,135
100,1600,1049,79,136
100,1600,1050,79,136
100,1600,1051,79,136
100,1600,1052,79,136
100,1600,1053,79,136
100,1600,1054,79,136
100,1600,1055,79,136
100,1600,1056,79,136
100,1600,1057,80,136
100,1600,1058,80,137
100,1600,1059,80,137
100,1600,1060,80,137
100,1600,1061,80,137
100,1600,1062,80,137
100,1600,1063,80,137
100,1600,1064,80,137
100,1600,1065,80,137
100,1600,1066,80,138
100,1600,1067,80,138
100,1600,1068,81,138
100,1600,1069,81,138
100,1600,1070,81,138
100,1600,1071,81,138
100,1600,1072,81,138
100,1600,1073,81,138
100,1600,1074,81,138
100,1600,1075,81,139
100,1600,1076,81,139
100,1600,1077,81,139
100,1600,1078,81,139
100,1600,1079,81,139
100,1600,1080,82,139
100,1600,1081,82,139
100,1600,1082,82,139
100,1600,1083,82,139
100,1600,1084,82,140
100,1600,1085,82,140
100,1600,1086,82,140
100,1600,1087,82,140
100,1600,1088,82,140
100,1600,1089,82,140
100,1600,1090,82,140
100,1600,1091,82,140
100,1600,1092,83,141
100,1600,1093,83,141
100,1600,1094,83,141
100,1600,1095,83,141
100,1600,1096,83,141
100,1600,1097,83,141
100,1600,1098,83,141
100,1600,1099,83,141
100,1600,1100,83,141
100,1600,1101,83,142
100,1600,1102,83,142
100,1600,1103,84,142
100,1600,1104,84,142
100,1600,1105,84,142
100,1600,1106,84,142
100,1600,1107,84,142
100,1600,1108,84,142
100,1600,1109,84,142
100,1600,1110,84,143
100,1600,1111,84,143
100,1600,1112,84,143
100,1600,1113,84,143
100,1600,1114,84,143
100,1600,1115,85,143
100,1600,1116,85,143
100,1600,1117,85,143
100,1600,1118,85,143
100,1600,1119,85,144
100,1600,1120,85,144
100,1600,1121,85,144
100,1600,1122,85,144
100,1600,1123,85,144
100,1600,1124,85,144
100,1600,1125,85,144
100,1600,1126,86,144
100,1600,1127,86,145
100,1600,1128,86,145
100,1600,1129,86,145
100,1600,1130,86,145
100,1600,1131,86,145
100,1600,1132,86,145
100,1600,1133,86,145
100,1600,1134,86,145
100,1600,1135,86,145
100,1600,1136,86,146
100,1600,1137,86,146
100,1600,1138,87,146
100,1600,1139,87,146
100,1600,1140,87,146
100,1600,1141,87,146
100,1600,1142,87,146
100,1600,1143,87,146
100,1600,1144,87,146
100,1600,1145,87,147
100,1600,1146,87,147
100,1600,1147,87,147
100,1600,1148,87,147
100,1600,1149,88,147
100,1600,1150,88,147
100,1600,1151,88,147
100,1600,1152,88,147
100,1600,1153,88,148
100,1600,1154,88,148
100,1600,1155,88,148
100,1600,1156,88,148
100,1600,1157,88,148
100,1600,1158,88,148
100,1600,1159,88,148
100,1600,1160,88,148
100,1600,1161,89,148
100,1600,1162,89,149
100,1600,1163,89,149
100,1600,1164,89,149
100,1600,1165,89,149
100,1600,1166,89,149
100,1600,1167,89,149
100,1600,1168,89,149
100,1600,1169,89,149
100,1600,1170,89,149
100,1600,1171,89,150
100,1600,1172,89,150
100,1600,1173,90,150
100,1600,1174,90,150
100,1600,1175,90,150
100,1600,1176,90,150
100,1600,1177,90,150
100,1600,1178,90,150
100,1600,1179,90,150
100,1600,1180,90,151
100,1600,1181,90,151
100,1600,1182,90,151
100,1600,1183,90,151
100,1600,1184,91,151
100,1600,1185,91,151
100,1600,1186,91,151
100,1600,1187,91,151
100,1600,1188,91,152
100,1600,1189,91,152
100,1600,1190,91,152
100,1600,1191,91,152
100,1600,1192,91,152
100,1600,1193,91,152
100,1600,1194,91,152
100,1600,1195,91,152
100,1600,1196,92,152
100,1600,1197,92,153
100,1600,1198,92,153
100,1600,1199,92,153
100,1600,1200,92,153
100,1600,1201,92,153
100,1600,1202,92,153
100,1600,1203,92,153
100,1600,1204,92,153
100,1600,1205,92,153
100,1600,1206,92,154
100,1600,1207,93,154
100,1600,1208,93,154
100,1600,1209,93,154
100,1600,1210,93,154
100,1600,1211,93,154
100,1600,1212,93,154
100,1600,1213,93,154
100,1600,1214,93,154
100,1600,1215,93,155
100,1600,1216,93,155
100,1600,1217,93,155
100,1600,1218,93,155
100,1600,1219,94,155
100,1600,1220,94,155
100,1600,1221,94,155
100,1600,1222,94,155
100,1600,1223,94,156
100,1600,1224,94,156
100,1600,1225,94,156
100,1600,1226,94,156
100,1600,1227,94,156
100,1600,1228,94,156
100,1600,1229,94,156
100,1600,1230,95,156
100,1600,1231,95,156
100,1600,1232,95,157
100,1600,1233,95,157
100,1600,1234,95,157
100,1600,1235,95,157
100,1600,1236,95,157
100,1600,1237,95,157
100,1600,1238,95,157
100,1600,1239,95,157
100,1600,1240,95,157
100,1600,1241,95,158
100,1600,1242,96,158
100,1600,1243,96,158
100,1600,1244,96,158
100,1600,1245,96,158
100,1600,1246,96,158
100,1600,1247,96,158
100,1600,1248,96,158
100,1600,1249,96,158
100,1600,1250,96,159
100,1600,1251,96,159
100,1600,1252,96,159
100,1600,1253,97,159
100,1600,1254,97,159
100,1600,1255,97,159
100,1600,1256,97,159
100,1600,1257,97,159
100,1600,1258,97,160
100,1600,1259,97,160
100,1600,1260,97,160
100,1600,1261,97,160
100,1600,1262,97,160
100,1600,1263,97,160
100,1600,1264,97,160
100,1600,1265,98,160
100,1600,1266,98,160
100,1600,1267,98,161
100,1600,1268,98,161
100,1600,1269,98,161
100,1600,1270,98,161
100,1600,1271,98,161
100,1600,1272,98,161
100,1600,1273,98,161
100,1600,1274,98,161
100,1600,1275,98,161
100,1600,1276,99,162
100,1600,1277,99,162
100,1600,1278,99,162
100,1600,1279,99,162
100,1600,1280,99,162
100,1600,1281,99,162
100,1600,1282,99,162
100,1600,1283,99,162
100,1600,1284,99,162
100,1600,1285,99,163
100,1600,1286,99,163
100,1600,1287,99,163
100,1600,1288,100,163
100,1600,1289,100,163
100,1600,1290,100,163
100,1600,1291,100,163
100,1600,1292,100,163
100,1600,1293,100,163
100,1600,1294,100,164
100,1600,1295,100,164
100,1600,1296,100,164
100,1600,1297,100,164
100,1600,1298,100,164
100,1600,1299,101,164
100,1600,1300,101,164
100,1600,1301,101,164
100,1600,1302,101,165
100,1600,1303,101,165
100,1600,1304,101,165
100,1600,1305,101,165
100,1600,1306,101,165
100,1600,1307,101,165
100,1600,1308,101,165
100,1600,1309,101,165
100,1600,1310,101,165
100,1600,1311,102,166
100,1600,1312,102,166
100,1600,1313,102,166
100,1600,1314,102,166
100,1600,1315,102,166
100,1600,1316,102,166
100,1600,1317,102,166
100,1600,1318,102,166
100,1600,1319,102,166
100,1600,1320,102,167
100,1600,1321,102,167
100,1600,1322,103,167
100,1600,1323,103,167
100,1600,1324,103,167
100,1600,1325,103,167
100,1600,1326,103,167
100,1600,1327,103,167
100,1600,1328,103,167
100,1600,1329,103,168
100,1600,1330,103,168
100,1600,1331,103,168
100,1600,1332,103,168
100,1600,1333,103,168
100,1600,1334,104,168
100,1600,1335,104,168
100,1600,1336,104,168
100,1600,1337,104,168
100,1600,1338,104,169
100,1600,1339,104,169
100,1600,1340,104,169
100,1600,1341,104,169
100,1600,1342,104,169
100,1600,1343,104,169
100,1600,1344,104,169
100,1600,1345,105,169
100,1600,1346,105,170
100,1600,1347,105,170
100,1600,1348,105,170
100,1600,1349,105,170
100,1600,1350,105,170
100,1600,1351,105,170
100,1600,1352,105,170
100,1600,1353,105,170
100,1600,1354,105,170
100,1600,1355,105,171
100,1600,1356,105,171
100,1600,1357,106,171
100,1600,1358,106,171
100,1600,1359,106,171
100,1600,1360,106,171
100,1600,1361,106,171
100,1600,1362,106,171
100,1600,1363,106,171
100,1600,1364,106,172
100,1600,1365,106,172
100,1600,1366,106,172
100,1600,1367,106,172
100,1600,1368,107,172
100,1600,1369,107,172
100,1600,1370,107,172
100,1600,1371,107,172
100,1600,1372,107,172
100,1600,1373,107,173
100,1600,1374,107,173
100,1600,1375,107,173
100,1600,1376,107,173
100,1600,1377,107,173
100,1600,1378,107,173
100,1600,1379,107,173
100,1600,1380,108,173
100,1600,1381,108,173
100,1600,1382,108,174
100,1600,1383,108,174
100,1600,1384,108,174
100,1600,1385,108,174
100,1600,1386,108,174
100,1600,1387,108,174
100,1600,1388,108,174
100,1600,1389,108,174
100,1600,1390,108,175
100,1600,1391,109,175
100,1600,1392,109,175
100,1600,1393,109,175
100,1600,1394,109,175
100,1600,1395,109,175
100,1600,1396,109,175
100,1600,1397,109,175
100,1600,1398,109,175
100,1600,1399,109,176
100,1600,1400,109,176
100,1600,1401,109,176
100,1600,1402,110,176
100,1600,1403,110,176
100,1600,1404,110,176
100,1600,1405,110,176
100,1600,1406,110,176
100,1600,1407,110,176
100,1600,1408,110,177
100,1600,1409,110,177
100,1600,1410,110,177
100,1600,1411,110,177
100,1600,1412,110,177
100,1600,1413,110,177
100,1600,1414,111,177
100,1600,1415,111,177
100,1600,1416,111,177
100,1600,1417,111,178
100,1600,1418,111,178
100,1600,1419,111,178
100,1600,1420,111,178
100,1600,1421,111,178
100,1600,1422,111,178
100,1600,1423,111,178
100,1600,1424,111,178
100,1600,1425,112,178
100,1600,1426,112,179
100,1600,1427,112,179
100,1600,1428,112,179
100,1600,1429,112,179
100,1600,1430,112,179
100,1600,1431,112,179
100,1600,1432,112,179
100,1600,1433,112,179
100,1600,1434,112,179
100,1600,1435,112,180
100,1600,1436,112,180
100,1600,1437,113,180
100,1600,1438,113,180
100,1600,1439,113,180
100,1600,1440,113,180
100,1600,1441,113,180
100,1600,1442,113,180
100,1600,1443,113,181
100,1600,1444,113,181
100,1600,1445,113,181
100,1600,1446,113,181
100,1600,1447,113,181
100,1600,1448,114,181
100,1600,1449,114,181
100,1600,1450,114,181
100,1600,1451,114,181
100,1600,1452,114,182
100,1600,1453,114,182
100,1600,1454,114,182
100,1600,1455,114,182
100,1600,1456,114,182
100,1600,1457,114,182
100,1600,1458,114,182
100,1600,1459,115,182
100,1600,1460,115,182
100,1600,1461,115,183
100,1600,1462,115,183
100,1600,1463,115,183
100,1600,1464,115,183
100,1600,1465,115,183
100,1600,1466,115,183
100,1600,1467,115,183
100,1600,1468,115,183
100,1600,1469,115,183
100,1600,1470,115,184
100,1600,1471,116,184
100,1600,1472,116,184
100,1600,1473,116,184
100,1600,1474,116,184
100,1600,1475,116,184
100,1600,1476,116,184
100,1600,1477,116,184
100,1600,1478,116,184
100,1600,1479,116,185
100,1600,1480,116,185
100,1600,1481,116,185
100,1600,1482,117,185
100,1600,1483,117,185
100,1600,1484,117,185
100,1600,1485,117,185
100,1600,1486,117,185
100,1600,1487,117,185
100,1600,1488,117,186
100,1600,1489,117,186
100,1600,1490,117,186
100,1600,1491,117,186
100,1600,1492,117,186
100,1600,1493,117,186
100,1600,1494,118,186
100,1600,1495,118,186
100,1600,1496,118,187
100,1600,1497,118,187
100,1600,1498,118,187
100,1600,1499,118,187
100,1600,1500,118,187
100,1600,1501,118,187
100,1600,1502,118,187
100,1600,1503,118,187
100,1600,1504,118,187
100,1600,1505,119,188
100,1600,1506,119,188
100,1600,1507,119,188
100,1600,1508,119,188
100,1600,1509,119,188
100,1600,1510,119,188
100,1600,1511,119,188
100,1600,1512,119,188
100,1600,1513,119,188
100,1600,1514,119,189
100,1600,1515,119,189
100,1600,1516,120,189
100,1600,1517,120,189
100,1600,1518,120,189
100,1600,1519,120,189
100,1600,1520,120,189
100,1600,1521,120,189
100,1600,1522,120,189
100,1600,1523,120,190
100,1600,1524,120,190
100,1600,1525,120,190
100,1600,1526,120,190
100,1600,1527,120,190
100,1600,1528,121,190
100,1600,1529,121,190
100,1600,1530,121,190
100,1600,1531,121,190
100,1600,1532,121,191
100,1600,1533,121,191
100,1600,1534,121,191
100,1600,1535,121,191
100,1600,1536,121,191
100,1600,1537,121,191
100,1600,1538,121,191
100,1600,1539,122,191
100,1600,1540,122,191
100,1600,1541,122,192
100,1600,1542,122,192
100,1600,1543,122,192
100,1600,1544,122,192
100,1600,1545,122,192
100,1600,1546,122,192
100,1600,1547,122,192
100,1600,1548,122,192
100,1600,1549,122,192
100,1600,1550,123,193
100,1600,1551,123,193
100,1600,1552,123,193
100,1600,1553,123,193
100,1600,1554,123,193
100,1600,1555,123,193
100,1600,1556,123,193
100,1600,1557,123,193
100,1600,1558,123,193
100,1600,1559,123,194
100,1600,1560,123,194
100,1600,1561,123,194
100,1600,1562,124,194
100,1600,1563,124,194
100,1600,1564,124,194
100,1600,1565,124,194
100,1600,1566,124,194
100,1600,1567,124,195
100,1600,1568,124,195
100,1600,1569,124,195
100,1600,1570,124,195
100,1600,1571,124,195
100,1600,1572,124,195
100,1600,1573,125,195
100,1600,1574,125,195
100,1600,1575,125,195
100,1600,1576,125,196
100,1600,1577,125,196
100,1600,1578,125,196
100,1600,1579,125,196
100,1600,1580,125,196
100,1600,1581,125,196
100,1600,1582,125,196
100,1600,1583,125,196
100,1600,1584,126,196
100,1600,1585,126,197
100,1600,1586,126,197
100,1600,1587,126,197
100,1600,1588,126,197
100,1600,1589,126,197
100,1600,1590,126,197
100,1600,1591,126,197
100,1600,1592,126,197
100,1600,1593,126,197
100,1600,1594,126,198
100,1600,1595,126,198
100,1600,1596,127,198
100,1600,1597,127,198
100,1600,1598,127,198
100,1600,1599,127,198
100,1600,1600,127,198
100,3200,1,,
100,3200,2,,
100,3200,3,,
100,3200,4,,
100,3200,5,,5
100,3200,6,,5
100,3200,7,,5
100,3200,8,,5
100,3200,9,,5
100,3200,10,,6
100,3200,11,,6
100,3200,12,,6
100,3200,13,,6
100,3200,14,,6
100,3200,15,,7
100,3200,16,,7
100,3200,17,,7
100,3200,18,,7
100,3200,19,,7
100,3200,20,,7
100,3200,21,,8
100,3200,22,,8
100,3200,23,,8
100,3200,24,,8
100,3200,25,,8
100,3200,26,,8
100,3200,27,,9
100,3200,28,,9
100,3200,29,,9
100,3200,30,,9
100,3200,31,,9
100,3200,32,,9
100,3200,33,,10
100,3200,34,,10
100,3200,35,,10
100,3200,36,,10
100,3200,37,,10
100,3200,38,,10
100,3200,39,0,11
100,3200,40,0,11
100,3200,41,0,11
100,3200,42,0,11
100,3200,43,0,11
100,3200,44,0,11
100,3200,45,0,12
100,3200,46,0,12
100,3200,47,0,12
100,3200,48,0,12
100,3200,49,0,12
100,3200,50,0,12
100,3200,51,0,13
100,3200,52,0,13
100,3200,53,0,13
100,3200,54,0,13
100,3200,55,0,13
100,3200,56,0,13
100,3200,57,0,13
100,3200,58,1,14
100,3200,59,1,14
100,3200,60,1,14
100,3200,61,1,14
100,3200,62,1,14
100,3200,63,1,14
100,3200,64,1,14
100,3200,65,1,15
100,3200,66,1,15
100,3200,67,1,15
100,3200,68,1,15
100,3200,69,1,15
100,3200,70,1,15
100,3200,71,1,16
100,3200,72,1,16
100,3200,73,1,16
100,3200,74,1,16
100,3200,75,2,16
100,3200,76,2,16
100,3200,77,2,16
100,3200,78,2,17
100,3200,79,2,17
100,3200,80,2,17
100,3200,81,2,17
100,3200,82,2,17
100,3200,83,2,17
100,3200,84,2,17
100,3200,85,2,18
100,3200,86,2,18
100,3200,87,2,18
100,3200,88,2,18
100,3200,89,2,18
100,3200,90,2,18
100,3200,91,3,18
100,3200,92,3,19
100,3200,93,3,19
100,3200,94,3,19
100,3200,95,3,19
100,3200,96,3,19
100,3200,97,3,19
100,3200,98,3,19
100,3200,99,3,20
100,3200,100,3,20
100,3200,101,3,20
100,3200,102,3,20
100,3200,103,3,20
100,3200,104,3,20
100,3200,105,3,20
100,3200,106,3,21
100,3200,107,4,21
100,3200,108,4,21
100,3200,109,4,21
100,3200,110,4,21
100,3200,111,4,21
100,3200,112,4,21
100,3200,113,4,22
100,3200,114,4,22
100,3200,115,4,22
100,3200,116,4,22
100,3200,117,4,22
100,3200,118,4,22
100,3200,119,4,22
100,3200,120,4,23
100,3200,121,4,23
100,3200,122,4,23
100,3200,123,5,23
100,3200,124,5,23
100,3200,125,5,23
100,3200,126,5,23
100,3200,127,5,24
100,3200,128,5,24
100,3200,129,5,24
100,3200,130,5,24
100,3200,131,5,24
100,3200,132,5,24
100,3200,133,5,24
100,3200,134,5,25
100,3200,135,5,25
100,3200,136,5,25
100,3200,137,5,25
100,3200,138,6,25
100,3200,139,6,25
100,3200,140,6,25
100,3200,141,6,25
100,3200,142,6,26
100,3200,143,6,26
100,3200,144,6,26
100,3200,145,6,26
100,3200,146,6,26
100,3200,147,6,26
100,3200,148,6,26
100,3200,149,6,27
100,3200,150,6,27
100,3200,151,6,27
100,3200,152,7,27
100,3200,153,7,27
100,3200,154,7,27
100,3200,155,7,27
100,3200,156,7,27
100,3200,157,7,28
100,3200,158,7,28
100,3200,159,7,28
100,3200,160,7,28
100,3200,161,7,28
100,3200,162,7,28
100,3200,163,7,28
100,3200,164,7,29
100,3200,165,7,29
100,3200,166,7,29
100,3200,167,8,29
100,3200,168,8,29
100,3200,169,8,29
100,3200,170,8,29
100,3200,171,8,30
100,3200,172,8,30
100,3200,173,8,30
100,3200,174,8,30
100,3200,175,8,30
100,3200,176,8,30
100,3200,177,8,30
100,3200,178,8,30
100,3200,179,8,31
100,3200,180,8,31
100,3200,181,9,31
100,3200,182,9,31
100,3200,183,9,31
100,3200,184,9,31
100,3200,185,9,31
100,3200,186,9,32
100,3200,187,9,32
100,3200,188,9,32
100,3200,189,9,32
100,3200,190,9,32
100,3200,191,9,32
100,3200,192,9,32
100,3200,193,9,32
100,3200,194,9,33
100,3200,195,10,33
100,3200,196,10,33
100,3200,197,10,33
100,3200,198,10,33
100,3200,199,10,33
100,3200,200,10,33
100,3200,201,10,33
100,3200,202,10,34
100,3200,203,10,34
100,3200,204,10,34
100,3200,205,10,34
100,3200,206,10,34
100,3200,207,10,34
100,3200,208,10,34
100,3200,209,11,35
100,3200,210,11,35
100,3200,211,11,35
100,3200,212,11,35
100,3200,213,11,35
100,3200,214,11,35
100,3200,215,11,35
100,3200,216,11,35
100,3200,217,11,36
100,3200,218,11,36
100,3200,219,11,36
100,3200,220,11,36
100,3200,221,11,36
100,3200,222,11,36
100,3200,223,12,36
100,3200,224,12,37
100,3200,225,12,37
100,3200,226,12,37
100,3200,227,12,37
100,3200,228,12,37
100,3200,229,12,37
100,3200,230,12,37
100,3200,231,12,37
100,3200,232,12,38
100,3200,233,12,38
100,3200,234,12,38
100,3200,235,12,38
100,3200,236,12,38
100,3200,237,13,38
100,3200,238,13,38
100,3200,239,13,38
100,3200,240,13,39
100,3200,241,13,39
100,3200,242,13,39
100,3200,243,13,39
100,3200,244,13,39
100,3200,245,13,39
100,3200,246,13,39
100,3200,247,13,39
100,3200,248,13,40
100,3200,249,13,40
100,3200,250,14,40
100,3200,251,14,40
100,3200,252,14,40
100,3200,253,14,40
100,3200,254,14,40
100,3200,255,14,41
100,3200,256,14,41
100,3200,257,14,41
100,3200,258,14,41
100,3200,259,14,41
100,3200,260,14,41
100,3200,261,14,41
100,3200,262,14,41
100,3200,263,14,42
100,3200,264,15,42
100,3200,265,15,42
100,3200,266,15,42
100,3200,267,15,42
100,3200,268,15,42
100,3200,269,15,42
100,3200,270,15,42
100,3200,271,15,43
100,3200,272,15,43
100,3200,273,15,43
100,3200,274,15,43
100,3200,275,15,43
100,3200,276,15,43
100,3200,277,16,43
100,3200,278,16,43
100,3200,279,16,44
100,3200,280,16,44
100,3200,281,16,44
100,3200,282,16,44
100,3200,283,16,44
100,3200,284,16,44
100,3200,285,16,44
100,3200,286,16,44
100,3200,287,16,45
100,3200,288,16,45
100,3200,289,16,45
100,3200,290,17,45
100,3200,291,17,45
100,3200,292,17,45
100,3200,293,17,45
100,3200,294,17,45
100,3200,295,17,46
100,3200,296,17,46
100,3200,297,17,46
100,3200,298,17,46
100,3200,299,17,46
100,3200,300,17,46
100,3200,301,17,46
100,3200,302,17,47
100,3200,303,18,47
100,3200,304,18,47
100,3200,305,18,47
100,3200,306,18,47
100,3200,307,18,47
100,3200,308,18,47
100,3200,309,18,47
100,3200,310,18,48
100,3200,311,18,48
100,3200,312,18,48
100,3200,313,18,48
100,3200,314,18,48
100,3200,315,18,48
100,3200,316,18,48
100,3200,317,19,48
100,3200,318,19,49
100,3200,319,19,49
100,3200,320,19,49
100,3200,321,19,49
100,3200,322,19,49
100,3200,323,19,49
100,3200,324,19,49
100,3200,325,19,49
100,3200,326,19,50
100,3200,327,19,50
100,3200,328,19,50
100,3200,329,19,50
100,3200,330,20,50
100,3200,331,20,50
100,3200,332,20,50
100,3200,333,20,50
100,3200,334,20,51
100,3200,335,20,51
100,3200,336,20,51
100,3200,337,20,51
100,3200,338,20,51
100,3200,339,20,51
100,3200,340,20,51
100,3200,341,20,51
100,3200,342,20,52
100,3200,343,21,52
100,3200,344,21,52
100,3200,345,21,52
100,3200,346,21,52
100,3200,347,21,52
100,3200,348,21,52
100,3200,349,21,52
100,3200,350,21,53
100,3200,351,21,53
100,3200,352,21,53
100,3200,353,21,53
100,3200,354,21,53
100,3200,355,22,53
100,3200,356,22,53
100,3200,357,22,53
100,3200,358,22,54
100,3200,359,22,54
100,3200,360,22,54
100,3200,361,22,54
100,3200,362,22,54
100,3200,363,22,54
100,3200,364,22,54
100,3200,365,22,54
100,3200,366,22,55
100,3200,367,22,55
100,3200,368,23,55
100,3200,369,23,55
100,3200,370,23,55
100,3200,371,23,55
100,3200,372,23,55
100,3200,373,23,55
100,3200,374,23,56
100,3200,375,23,56
100,3200,376,23,56
100,3200,377,23,56
100,3200,378,23,56
100,3200,379,23,56
100,3200,380,23,56
100,3200,381,24,56
100,3200,382,24,57
100,3200,383,24,57
100,3200,384,24,57
100,3200,385,24,57
100,3200,386,24,57
100,3200,387,24,57
100,3200,388,24,57
100,3200,389,24,57
100,3200,390,24,58
100,3200,391,24,58
100,3200,392,24,58
100,3200,393,24,58
100,3200,394,25,58
100,3200,395,25,58
100,3200,396,25,58
100,3200,397,25,58
100,3200,398,25,58
100,3200,399,25,59
100,3200,400,25,59
100,3200,401,25,59
100,3200,402,25,59
100,3200,403,25,59
100,3200,404,25,59
100,3200,405,25,59
100,3200,406,25,59
100,3200,407,26,60
100,3200,408,26,60
100,3200,409,26,60
100,3200,410,26,60
100,3200,411,26,60
100,3200,412,26,60
100,3200,413,26,60
100,3200,414,26,60
100,3200,415,26,61
100,3200,416,26,61
100,3200,417,26,61
100,3200,418,26,61
100,3200,419,27,61
100,3200,420,27,61
100,3200,421,27,61
100,3200,422,27,61
100,3200,423,27,62
100,3200,424,27,62
100,3200,425,27,62
100,3200,426,27,62
100,3200,427,27,62
100,3200,428,27,62
100,3200,429,27,62
100,3200,430,27,62
100,3200,431,27,63
100,3200,432,28,63
100,3200,433,28,63
100,3200,434,28,63
100,3200,435,28,63
100,3200,436,28,63
100,3200,437,28,63
100,3200,438,28,63
100,3200,439,28,64
100,3200,440,28,64
100,3200,441,28,64
100,3200,442,28,64
100,3200,443,28,64
100,3200,444,28,64
100,3200,445,29,64
100,3200,446,29,64
100,3200,447,29,65
100,3200,448,29,65
100,3200,449,29,65
100,3200,450,29,65
100,3200,451,29,65
100,3200,452,29,65
100,3200,453,29,65
100,3200,454,29,65
100,3200,455,29,65
100,3200,456,29,66
100,3200,457,30,66
100,3200,458,30,66
100,3200,459,30,66
100,3200,460,30,66
100,3200,461,30,66
100,3200,462,30,66
100,3200,463,30,66
100,3200,464,30,67
100,3200,465,30,67
100,3200,466,30,67
100,3200,467,30,67
100,3200,468,30,67
100,3200,469,30,67
100,3200,470,31,67
100,3200,471,31,67
100,3200,472,31,68
100,3200,473,31,68
100,3200,474,31,68
100,3200,475,31,68
100,3200,476,31,68
100,3200,477,31,68
100,3200,478,31,68
100,3200,479,31,68
100,3200,480,31,69
100,3200,481,31,69
100,3200,482,32,69
100,3200,483,32,69
100,3200,484,32,69
100,3200,485,32,69
100,3200,486,32,69
100,3200,487,32,69
100,3200,488,32,70
100,3200,489,32,70
100,3200,490,32,70
100,3200,491,32,70
100,3200,492,32,70
100,3200,493,32,70
100,3200,494,32,70
100,3200,495,33,70
100,3200,496,33,70
100,3200,497,33,71
100,3200,498,33,71
100,3200,499,33,71
100,3200,500,33,71
100,3200,501,33,71
100,3200,502,33,71
100,3200,503,33,71
100,3200,504,33,71
100,3200,505,33,72
100,3200,506,33,72
100,3200,507,34,72
100,3200,508,34,72
100,3200,509,34,72
100,3200,510,34,72
100,3200,511,34,72
100,3200,512,34,72
100,3200,513,34,73
100,3200,514,34,73
100,3200,515,34,73
100,3200,516,34,73
100,3200,517,34,73
100,3200,518,34,73
100,3200,519,35,73
100,3200,520,35,73
100,3200,521,35,74
100,3200,522,35,74
100,3200,523,35,74
100,3200,524,35,74
100,3200,525,35,74
100,3200,526,35,74
100,3200,527,35,74
100,3200,528,35,74
100,3200,529,35,74
100,3200,530,35,75
100,3200,531,35,75
100,3200,532,36,75
100,3200,533,36,75
100,3200,534,36,75
100,3200,535,36,75
100,3200,536,36,75
100,3200,537,36,75
100,3200,538,36,76
100,3200,539,36,76
100,3200,540,36,76
100,3200,541,36,76
100,3200,542,36,76
100,3200,543,36,76
100,3200,544,37,76
100,3200,545,37,76
100,3200,546,37,77
100,3200,547,37,77
100,3200,548,37,77
100,3200,549,37,77
100,3200,550,37,77
100,3200,551,37,77
100,3200,552,37,77
100,3200,553,37,77
100,3200,554,37,77
100,3200,555,37,78
100,3200,556,38,78
100,3200,557,38,78
100,3200,558,38,78
100,3200,559,38,78
100,3200,560,38,78
100,3200,561,38,78
100,3200,562,38,78
100,3200,563,38,79
100,3200,564,38,79
100,3200,565,38,79
100,3200,566,38,79
100,3200,567,38,79
100,3200,568,38,79
100,3200,569,39,79
100,3200,570,39,79
100,3200,571,39,80
100,3200,572,39,80
100,3200,573,39,80
100,3200,574,39,80
100,3200,575,39,80
100,3200,576,39,80
100,3200,577,39,80
100,3200,578,39,80
100,3200,579,39,80
100,3200,580,39,81
100,3200,581,40,81
100,3200,582,40,81
100,3200,583,40,81
100,3200,584,40,81
100,3200,585,40,81
100,3200,586,40,81
100,3200,587,40,81
100,3200,588,40,82
100,3200,589,40,82
100,3200,590,40,82
100,3200,591,40,82
100,3200,592,40,82
100,3200,593,41,82
100,3200,594,41,82
100,3200,595,41,82
100,3200,596,41,83
100,3200,597,41,83
100,3200,598,41,83
100,3200,599,41,83
100,3200,600,41,83
100,3200,601,41,83
100,3200,602,41,83
100,3200,603,41,83
100,3200,604,41,83
100,3200,605,42,84
100,3200,606,42,84
100,3200,607,42,84
100,3200,608,42,84
100,3200,609,42,84
100,3200,610,42,84
100,3200,611,42,84
100,3200,612,42,84
100,3200,613,42,85
100,3200,614,42,85
100,3200,615,42,85
100,3200,616,42,85
100,3200,617,42,85
100,3200,618,43,85
100,3200,619,43,85
100,3200,620,43,85
100,3200,621,43,86
100,3200,622,43,86
100,3200,623,43,86
100,3200,624,43,86
100,3200,625,43,86
100,3200,626,43,86
100,3200,627,43,86
100,3200,628,43,86
100,3200,629,43,86
100,3200,630,44,87
100,3200,631,44,87
100,3200,632,44,87
100,3200,633,44,87
100,3200,634,44,87
100,3200,635,44,87
100,3200,636,44,87
100,3200,637,44,87
100,3200,638,44,88
100,3200,639,44,88
100,3200,640,44,88
100,3200,641,44,88
100,3200,642,45,88
100,3200,643,45,88
100,3200,644,45,88
100,3200,645,45,88
100,3200,646,45,88
100,3200,647,45,89
100,3200,648,45,89
100,3200,649,45,89
100,3200,650,45,89
100,3200,651,45,89
100,3200,652,45,89
100,3200,653,45,89
100,3200,654,46,89
100,3200,655,46,90
100,3200,656,46,90
100,3200,657,46,90
100,3200,658,46,90
100,3200,659,46,90
100,3200,660,46,90
100,3200,661,46,90
100,3200,662,46,90
100,3200,663,46,90
100,3200,664,46,91
100,3200,665,46,91
100,3200,666,47,91
100,3200,667,47,91
100,3200,668,47,91
100,3200,669,47,91
100,3200,670,47,91
100,3200,671,47,91
100,3200,672,47,92
100,3200,673,47,92
100,3200,674,47,92
100,3200,675,47,92
100,3200,676,47,92
100,3200,677,47,92
100,3200,678,48,92
100,3200,679,48,92
100,3200,680,48,93
100,3200,681,48,93
100,3200,682,48,93
100,3200,683,48,93
100,3200,684,48,93
100,3200,685,48,93
100,3200,686,48,93
100,3200,687,48,93
100,3200,688,48,93
100,3200,689,48,94
100,3200,690,49,94
100,3200,691,49,94
100,3200,692,49,94
100,3200,693,49,94
100,3200,694,49,94
100,3200,695,49,94
100,3200,696,49,94
100,3200,697,49,95
100,3200,698,49,95
100,3200,699,49,95
100,3200,700,49,95
100,3200,701,49,95
100,3200,702,50,95
100,3200,703,50,95
100,3200,704,50,95
100,3200,705,50,95
100,3200,706,50,96
100,3200,707,50,96
100,3200,708,50,96
100,3200,709,50,96
100,3200,710,50,96
100,3200,711,50,96
100,3200,712,50,96
100,3200,713,50,96
100,3200,714,51,97
100,3200,715,51,97
100,3200,716,51,97
100,3200,717,51,97
100,3200,718,51,97
100,3200,719,51,97
100,3200,720,51,97
100,3200,721,51,97
100,3200,722,51,97
100,3200,723,51,98
100,3200,724,51,98
100,3200,725,51,98
100,3200,726,52,98
100,3200,727,52,98
100,3200,728,52,98
100,3200,729,52,98
100,3200,730,52,98
100,3200,731,52,99
100,3200,732,52,99
100,3200,733,52,99
100,3200,734,52,99
100,3200,735,52,99
100,3200,736,52,99
100,3200,737,52,99
100,3200,738,53,99
100,3200,739,53,99
100,3200,740,53,100
100,3200,741,53,100
100,3200,742,53,100
100,3200,743,53,100
100,3200,744,53,100
100,3200,745,53,100
100,3200,746,53,100
100,3200,747,53,100
100,3200,748,53,101
100,3200,749,53,101
100,3200,750,54,101
100,3200,751,54,101
100,3200,752,54,101
100,3200,753,54,101
100,3200,754,54,101
100,3200,755,54,101
100,3200,756,54,101
100,3200,757,54,102
100,3200,758,54,102
100,3200,759,54,102
100,3200,760,54,102
100,3200,761,54,102
100,3200,762,55,102
100,3200,763,55,102
100,3200,764,55,102
100,3200,765,55,103
100,3200,766,55,103
100,3200,767,55,103
100,3200,768,55,103
100,3200,769,55,103
100,3200,770,55,103
100,3200,771,55,103
100,3200,772,55,103
100,3200,773,55,103
100,3200,774,56,104
100,3200,775,56,104
100,3200,776,56,104
100,3200,777,56,104
100,3200,778,56,104
100,3200,779,56,104
100,3200,780,56,104
100,3200,781,56,104
100,3200,782,56,105
100,3200,783,56,105
100,3200,784,56,105
100,3200,785,56,105
100,3200,786,57,105
100,3200,787,57,105
100,3200,788,57,105
100,3200,789,57,105
100,3200,790,57,105
100,3200,791,57,106
100,3200,792,57,106
100,3200,793,57,106
100,3200,794,57,106
100,3200,795,57,106
100,3200,796,57,106
100,3200,797,57,106
100,3200,798,58,106
100,3200,799,58,107
100,3200,800,58,107
100,3200,801,58,107
100,3200,802,58,107
100,3200,803,58,107
100,3200,804,58,107
100,3200,805,58,107
100,3200,806,58,107
100,3200,807,58,107
100,3200,808,58,108
100,3200,809,58,108
100,3200,810,59,108
100,3200,811,59,108
100,3200,812,59,108
100,3200,813,59,108
100,3200,814,59,108
100,3200,815,59,108
100,3200,816,59,109
100,3200,817,59,109
100,3200,818,59,109
100,3200,819,59,109
100,3200,820,59,109
100,3200,821,59,109
100,3200,822,60,109
100,3200,823,60,109
100,3200,824,60,109
100,3200,825,60,110
100,3200,826,60,110
100,3200,827,60,110
100,3200,828,60,110
100,3200,829,60,110
100,3200,830,60,110
100,3200,831,60,110
100,3200,832,60,110
100,3200,833,61,111
100,3200,834,61,111
100,3200,835,61,111
100,3200,836,61,111
100,3200,837,61,111
100,3200,838,61,111
100,3200,839,61,111
100,3200,840,61,111
100,3200,841,61,111
100,3200,842,61,112
100,3200,843,61,112
100,3200,844,61,112
100,3200,845,62,112
100,3200,846,62,112
100,3200,847,62,112
100,3200,848,62,112
100,3200,849,62,112
100,3200,850,62,112
100,3200,851,62,113
100,3200,852,62,113
100,3200,853,62,113
100,3200,854,62,113
100,3200,855,62,113
100,3200,856,62,113
100,3200,857,63,113
100,3200,858,63,113
100,3200,859,63,114
100,3200,860,63,114
100,3200,861,63,114
100,3200,862,63,114
100,3200,863,63,114
100,3200,864,63,114
100,3200,865,63,114
100,3200,866,63,114
100,3200,867,63,114
100,3200,868,63,115
100,3200,869,64,115
100,3200,870,64,115
100,3200,871,64,115
100,3200,872,64,115
100,3200,873,64,115
100,3200,874,64,115
100,3200,875,64,115
100,3200,876,64,116
100,3200,877,64,116
100,3200,878,64,116
100,3200,879,64,116
100,3200,880,64,116
100,3200,881,65,116
100,3200,882,65,116
100,3200,883,65,116
100,3200,884,65,116
100,3200,885,65,117
100,3200,886,65,117
100,3200,887,65,117
100,3200,888,65,117
100,3200,889,65,117
100,3200,890,65,117
100,3200,891,65,117
100,3200,892,65,117
100,3200,893,66,118
100,3200,894,66,118
100,3200,895,66,118
100,3200,896,66,118
100,3200,897,66,118
100,3200,898,66,118
100,3200,899,66,118
100,3200,900,66,118
100,3200,901,66,118
100,3200,902,66,119
100,3200,903,66,119
100,3200,904,67,119
100,3200,905,67,119
100,3200,906,67,119
100,3200,907,67,119
100,3200,908,67,119
100,3200,909,67,119
100,3200,910,67,119
100,3200,911,67,120
100,3200,912,67,120
100,3200,913,67,120
100,3200,914,67,120
100,3200,915,67,120
100,3200,916,68,120
100,3200,917,68,120
100,3200,918,68,120
100,3200,919,68,121
100,3200,920,68,121
100,3200,921,68,121
100,3200,922,68,121
100,3200,923,68,121
100,3200,924,68,121
100,3200,925,68,121
100,3200,926,68,121
100,3200,927,68,121
100,3200,928,69,122
100,3200,929,69,122
100,3200,930,69,122
100,3200,931,69,122
100,3200,932,69,122
100,3200,933,69,122
100,3200,934,69,122
100,3200,935,69,122
100,3200,936,69,123
100,3200,937,69,123
100,3200,938,69,123
100,3200,939,69,123
100,3200,940,70,123
100,3200,941,70,123
100,3200,942,70,123
100,3200,943,70,123
100,3200,944,70,123
100,3200,945,70,124
100,3200,946,70,124
100,3200,947,70,124
100,3200,948,70,124
100,3200,949,70,124
100,3200,950,70,124
100,3200,951,71,124
100,3200,952,71,124
100,3200,953,71,124
100,3200,954,71,125
100,3200,955,71,125
100,3200,956,71,125
100,3200,957,71,125
100,3200,958,71,125
100,3200,959,71,125
100,3200,960,71,125
100,3200,961,71,125
100,3200,962,71,126
100,3200,963,72,126
100,3200,964,72,126
100,3200,965,72,126
100,3200,966,72,126
100,3200,967,72,126
100,3200,968,72,126
100,3200,969,72,126
100,3200,970,72,126
100,3200,971,72,127
100,3200,972,72,127
100,3200,973,72,127
100,3200,974,72,127
100,3200,975,73,127
100,3200,976,73,127
100,3200,977,73,127
100,3200,978,73,127
100,3200,979,73,127
100,3200,980,73,128
100,3200,981,73,128
100,3200,982,73,128
100,3200,983,73,128
100,3200,984,73,128
100,3200,985,73,128
100,3200,986,73,128
100,3200,987,74,128
100,3200,988,74,129
100,3200,989,74,129
100,3200,990,74,129
100,3200,991,74,129
100,3200,992,74,129
100,3200,993,74,129
100,3200,994,74,129
100,3200,995,74,129
100,3200,996,74,129
100,3200,997,74,130
100,3200,998,75,130
100,3200,999,75,130
100,3200,1000,75,130
100,3200,1001,75,130
100,3200,1002,75,130
100,3200,1003,75,130
100,3200,1004,75,130
100,3200,1005,75,130
100,3200,1006,75,131
100,3200,1007,75,131
100,3200,1008,75,131
100,3200,1009,75,131
100,3200,1010,76,131
100,3200,1011,76,131
100,3200,1012,76,131
100,3200,1013,76,131
100,3200,1014,76,132
100,3200,1015,76,132
100,3200,1016,76,132
100,3200,1017,76,132
100,3200,1018,76,132
100,3200,1019,76,132
100,3200,1020,76,132
100,3200,1021,76,132
100,3200,1022,77,132
100,3200,1023,77,133
100,3200,1024,77,133
100,3200,1025,77,133
100,3200,1026,77,133
100,3200,1027,77,133
100,3200,1028,77,133
100,3200,1029,77,133
100,3200,1030,77,133
100,3200,1031,77,133
100,3200,1032,77,134
100,3200,1033,78,134
100,3200,1034,78,134
100,3200,1035,78,134
100,3200,1036,78,134
100,3200,1037,78,134
100,3200,1038,78,134
100,3200,1039,78,134
100,3200,1040,78,135
100,3200,1041,78,135
100,3200,1042,78,135
100,3200,1043,78,135
100,3200,1044,78,135
100,3200,1045,79,135
100,3200,1046,79,135
100,3200,1047,79,135
100,3200,1048,79,135
100,3200,1049,79,136
100,3200,1050,79,136
100,3200,1051,79,136
100,3200,1052,79,136
100,3200,1053,79,136
100,3200,1054,79,136
100,3200,1055,79,136
100,3200,1056,79,136
100,3200,1057,80,136
100,3200,1058,80,137
100,3200,1059,80,137
100,3200,1060,80,137
100,3200,1061,80,137
100,3200,1062,80,137
100,3200,1063,80,137
100,3200,1064,80,137
100,3200,1065,80,137
100,3200,1066,80,138
100,3200,1067,80,138
100,3200,1068,81,138
100,3200,1069,81,138
100,3200,1070,81,138
100,3200,1071,81,138
100,3200,1072,81,138
100,3200,1073,81,138
100,3200,1074,81,138
100,3200,1075,81,139
100,3200,1076,81,139
100,3200,1077,81,139
100,3200,1078,81,139
100,3200,1079,81,139
100,3200,1080,82,139
100,3200,1081,82,139
100,3200,1082,82,139
100,3200,1083,82,139
100,3200,1084,82,140
100,3200,1085,82,140
100,3200,1086,82,140
100,3200,1087,82,140
100,3200,1088,82,140
100,3200,1089,82,140
100,3200,1090,82,140
100,3200,1091,82,140
100,3200,1092,83,141
100,3200,1093,83,141
100,3200,1094,83,141
100,3200,1095,83,141
100,3200,1096,83,141
100,3200,1097,83,141
100,3200,1098,83,141
100,3200,1099,83,141
100,3200,1100,83,141
100,3200,1101,83,142
100,3200,1102,83,142
100,3200,1103,84,142
100,3200,1104,84,142
100,3200,1105,84,142
100,3200,1106,84,142
100,3200,1107,84,142
100,3200,1108,84,142
100,3200,1109,84,142
100,3200,1110,84,143
100,3200,1111,84,143
100,3200,1112,84,143
100,3200,1113,84,143
100,3200,1114,84,143
100,3200,1115,85,143
100,3200,1116,85,143
100,3200,1117,85,143
100,3200,1118,85,143
100,3200,1119,85,144
100,3200,1120,85,144
100,3200,1121,85,144
100,3200,1122,85,144
100,3200,1123,85,144
100,3200,1124,85,144
100,3200,1125,85,144
100,3200,1126,86,144
100,3200,1127,86,145
100,3200,1128,86,145
100,3200,1129,86,145
100,3200,1130,86,145
100,3200,1131,86,145
100,3200,1132,86,145
100,3200,1133,86,145
100,3200,1134,86,145
100,3200,1135,86,145
100,3200,1136,86,146
100,3200,1137,86,146
100,3200,1138,87,146
100,3200,1139,87,146
100,3200,1140,87,146
100,3200,1141,87,146
100,3200,1142,87,146
100,3200,1143,87,146
100,3200,1144,87,146
100,3200,1145,87,147
100,3200,1146,87,147
100,3200,1147,87,147
100,3200,1148,87,147
100,3200,1149,88,147
100,3200,1150,88,147
100,3200,1151,88,147
100,3200,1152,88,147
100,3200,1153,88,148
100,3200,1154,88,148
100,3200,1155,88,148
100,3200,1156,88,148
100,3200,1157,88,148
100,3200,1158,88,148
100,3200,1159,88,148
100,3200,1160,88,148
100,3200,1161,89,148
100,3200,1162,89,149
100,3200,1163,89,149
100,3200,1164,89,149
100,3200,1165,89,149
100,3200,1166,89,149
100,3200,1167,89,149
100,3200,1168,89,149
100,3200,1169,89,149
100,3200,1170,89,149
100,3200,1171,89,150
100,3200,1172,89,150
100,3200,1173,90,150
100,3200,1174,90,150
100,3200,1175,90,150
100,3200,1176,90,150
100,3200,1177,90,150
100,3200,1178,90,150
100,3200,1179,90,150
100,3200,1180,90,151
100,3200,1181,90,151
100,3200,1182,90,151
100,3200,1183,90,151
100,3200,1184,91,151
100,3200,1185,91,151
100,3200,1186,91,151
100,3200,1187,91,151
100,3200,1188,91,152
100,3200,1189,91,152
100,3200,1190,91,152
100,3200,1191,91,152
100,3200,1192,91,152
100,3200,1193,91,152
100,3200,1194,91,152
100,3200,1195,91,152
100,3200,1196,92,152
100,3200,1197,92,153
100,3200,1198,92,153
100,3200,1199,92,153
100,3200,1200,92,153
100,3200,1201,92,153
100,3200,1202,92,153
100,3200,1203,92,153
100,3200,1204,92,153
100,3200,1205,92,153
100,3200,1206,92,154
100,3200,1207,93,154
100,3200,1208,93,154
100,3200,1209,93,154
100,3200,1210,93,154
100,3200,1211,93,154
100,3200,1212,93,154
100,3200,1213,93,154
100,3200,1214,93,154
100,3200,1215,93,155
100,3200,1216,93,155
100,3200,1217,93,155
100,3200,1218,93,155
100,3200,1219,94,155
100,3200,1220,94,155
100,3200,1221,94,155
100,3200,1222,94,155
100,3200,1223,94,156
100,3200,1224,94,156
100,3200,1225,94,156
100,3200,1226,94,156
100,3200,1227,94,156
100,3200,1228,94,156
100,3200,1229,94,156
100,3200,1230,95,156
100,3200,1231,95,156
100,3200,1232,95,157
100,3200,1233,95,157
100,3200,1234,95,157
100,3200,1235,95,157
100,3200,1236,95,157
100,3200,1237,95,157
100,3200,1238,95,157
100,3200,1239,95,157
100,3200,1240,95,157
100,3200,1241,95,158
100,3200,1242,96,158
100,3200,1243,96,158
100,3200,1244,96,158
100,3200,1245,96,158
100,3200,1246,96,158
100,3200,1247,96,158
100,3200,1248,96,158
100,3200,1249,96,158
100,3200,1250,96,159
100,3200,1251,96,159
100,3200,1252,96,159
100,3200,1253,97,159
100,3200,1254,97,159
100,3200,1255,97,159
100,3200,1256,97,159
100,3200,1257,97,159
100,3200,1258,97,160
100,3200,1259,97,160
100,3200,1260,97,160
100,3200,1261,97,160
100,3200,1262,97,160
100,3200,1263,97,160
100,3200,1264,97,160
100,3200,1265,98,160
100,3200,1266,98,160
100,3200,1267,98,161
100,3200,1268,98,161
100,3200,1269,98,161
100,3200,1270,98,161
100,3200,1271,98,161
100,3200,1272,98,161
100,3200,1273,98,161
100,3200,1274,98,161
100,3200,1275,98,161
100,3200,1276,99,162
100,3200,1277,99,162
100,3200,1278,99,162
100,3200,1279,99,162
100,3200,1280,99,162
100,3200,1281,99,162
100,3200,1282,99,162
100,3200,1283,99,162
100,3200,1284,99,162
100,3200,1285,99,163
100,3200,1286,99,163
100,3200,1287,99,163
100,3200,1288,100,163
100,3200,1289,100,163
100,3200,1290,100,163
100,3200,1291,100,163
100,3200,1292,100,163
100,3200,1293,100,163
100,3200,1294,100,164
100,3200,1295,100,164
100,3200,1296,100,164
100,3200,1297,100,164
100,3200,1298,100,164
100,3200,1299,101,164
100,3200,1300,101,164
100,3200,1301,101,164
100,3200,1302,101,165
100,3200,1303,101,165
100,3200,1304,101,165
100,3200,1305,101,165
100,3200,1306,101,165
100,3200,1307,101,165
100,3200,1308,101,165
100,3200,1309,101,165
100,3200,1310,101,165
100,3200,1311,102,166
100,3200,1312,102,166
100,3200,1313,102,166
100,3200,1314,102,166
100,3200,1315,102,166
100,3200,1316,102,166
100,3200,1317,102,166
100,3200,1318,102,166
100,3200,1319,102,166
100,3200,1320,102,167
100,3200,1321,102,167
100,3200,1322,103,167
100,3200,1323,103,167
100,3200,1324,103,167
100,3200,1325,103,167
100,3200,1326,103,167
100,3200,1327,103,167
100,3200,1328,103,167
100,3200,1329,103,168
100,3200,1330,103,168
100,3200,1331,103,168
100,3200,1332,103,168
100,3200,1333,103,168
100,3200,1334,104,168
100,3200,1335,104,168
100,3200,1336,104,168
100,3200,1337,104,168
100,3200,1338,104,169
100,3200,1339,104,169
100,3200,1340,104,169
100,3200,1341,104,169
100,3200,1342,104,169
100,3200,1343,104,169
100,3200,1344,104,169
100,3200,1345,105,169
100,3200,1346,105,170
100,3200,1347,105,170
100,3200,1348,105,170
100,3200,1349,105,170
100,3200,1350,105,170
100,3200,1351,105,170
100,3200,1352,105,170
100,3200,1353,105,170
100,3200,1354,105,170
100,3200,1355,105,171
100,3200,1356,105,171
100,3200,1357,106,171
100,3200,1358,106,171
100,3200,1359,106,171
100,3200,1360,106,171
100,3200,1361,106,171
100,3200,1362,106,171
100,3200,1363,106,171
100,3200,1364,106,172
100,3200,1365,106,172
100,3200,1366,106,172
100,3200,1367,106,172
100,3200,1368,107,172
100,3200,1369,107,172
100,3200,1370,107,172
100,3200,1371,107,172
100,3200,1372,107,172
100,3200,1373,107,173
100,3200,1374,107,173
100,3200,1375,107,173
100,3200,1376,107,173
100,3200,1377,107,173
100,3200,1378,107,173
100,3200,1379,107,173
100,3200,1380,108,173
100,3200,1381,108,173
100,3200,1382,108,174
100,3200,1383,108,174
100,3200,1384,108,174
100,3200,1385,108,174
100,3200,1386,108,174
100,3200,1387,108,174
100,3200,1388,108,174
100,3200,1389,108,174
100,3200,1390,108,175
100,3200,1391,109,175
100,3200,1392,109,175
100,3200,1393,109,175
100,3200,1394,109,175
100,3200,1395,109,175
100,3200,1396,109,175
100,3200,1397,109,175
100,3200,1398,109,175
100,3200,1399,109,176
100,3200,1400,109,176
100,3200,1401,109,176
100,3200,1402,110,176
100,3200,1403,110,176
100,3200,1404,110,176
100,3200,1405,110,176
100,3200,1406,110,176
100,3200,1407,110,176
100,3200,1408,110,177
100,3200,1409,110,177
100,3200,1410,110,177
100,3200,1411,110,177
100,3200,1412,110,177
100,3200,1413,110,177
100,3200,1414,111,177
100,3200,1415,111,177
100,3200,1416,111,177
100,3200,1417,111,178
100,3200,1418,111,178
100,3200,1419,111,178
100,3200,1420,111,178
100,3200,1421,111,178
100,3200,1422,111,178
100,3200,1423,111,178
100,3200,1424,111,178
100,3200,1425,112,178
100,3200,1426,112,179
100,3200,1427,112,179
100,3200,1428,112,179
100,3200,1429,112,179
100,3200,1430,112,179
100,3200,1431,112,179
100,3200,1432,112,179
100,3200,1433,112,179
100,3200,1434,112,179
100,3200,1435,112,180
100,3200,1436,112,180
100,3200,1437,113,180
100,3200,1438,113,180
100,3200,1439,113,180
100,3200,1440,113,180
100,3200,1441,113,180
100,3200,1442,113,180
100,3200,1443,113,181
100,3200,1444,113,181
100,3200,1445,113,181
100,3200,1446,113,181
100,3200,1447,113,181
100,3200,1448,114,181
100,3200,1449,114,181
100,3200,1450,114,181
100,3200,1451,114,181
100,3200,1452,114,182
100,3200,1453,114,182
100,3200,1454,114,182
100,3200,1455,114,182
100,3200,1456,114,182
100,3200,1457,114,182
100,3200,1458,114,182
100,3200,1459,115,182
100,3200,1460,115,182
100,3200,1461,115,183
100,3200,1462,115,183
100,3200,1463,115,183
100,3200,1464,115,183
100,3200,1465,115,183
100,3200,1466,115,183
100,3200,1467,115,183
100,3200,1468,115,183
100,3200,1469,115,183
100,3200,1470,115,184
100,3200,1471,116,184
100,3200,1472,116,184
100,3200,1473,116,184
100,3200,1474,116,184
100,3200,1475,116,184
100,3200,1476,116,184
100,3200,1477,116,184
100,3200,1478,116,184
100,3200,1479,116,185
100,3200,1480,116,185
100,3200,1481,116,185
100,3200,1482,117,185
100,3200,1483,117,185
100,3200,1484,117,185
100,3200,1485,117,185
100,3200,1486,117,185
100,3200,1487,117,185
100,3200,1488,117,186
100,3200,1489,117,186
100,3200,1490,117,186
100,3200,1491,117,186
100,3200,1492,117,186
100,3200,1493,117,186
100,3200,1494,118,186
100,3200,1495,118,186
100,3200,1496,118,187
100,3200,1497,118,187
100,3200,1498,118,187
100,3200,1499,118,187
100,3200,1500,118,187
100,3200,1501,118,187
100,3200,1502,118,187
100,3200,1503,118,187
100,3200,1504,118,187
100,3200,1505,119,188
100,3200,1506,119,188
100,3200,1507,119,188
100,3200,1508,119,188
100,3200,1509,119,188
100,3200,1510,119,188
100,3200,1511,119,188
100,3200,1512,119,188
100,3200,1513,119,188
100,3200,1514,119,189
100,3200,1515,119,189
100,3200,1516,120,189
100,3200,1517,120,189
100,3200,1518,120,189
100,3200,1519,120,189
100,3200,1520,120,189
100,3200,1521,120,189
100,3200,1522,120,189
100,3200,1523,120,190
100,3200,1524,120,190
100,3200,1525,120,190
100,3200,1526,120,190
100,3200,1527,120,190
100,3200,1528,121,190
100,3200,1529,121,190
100,3200,1530,121,190
100,3200,1531,121,190
100,3200,1532,121,191
100,3200,1533,121,191
100,3200,1534,121,191
100,3200,1535,121,191
100,3200,1536,121,191
100,3200,1537,121,191
100,3200,1538,121,191
100,3200,1539,122,191
100,3200,1540,122,191
100,3200,1541,122,192
100,3200,1542,122,192
100,3200,1543,122,192
100,3200,1544,122,192
100,3200,1545,122,192
100,3200,1546,122,192
100,3200,1547,122,192
100,3200,1548,122,192
100,3200,1549,122,192
100,3200,1550,123,193
100,3200,1551,123,193
100,3200,1552,123,193
100,3200,1553,123,193
100,3200,1554,123,193
100,3200,1555,123,193
100,3200,1556,123,193
100,3200,1557,123,193
100,3200,1558,123,193
100,3200,1559,123,194
100,3200,1560,123,194
100,3200,1561,123,194
100,3200,1562,124,194
100,3200,1563,124,194
100,3200,1564,124,194
100,3200,1565,124,194
100,3200,1566,124,194
100,3200,1567,124,195
100,3200,1568,124,195
100,3200,1569,124,195
100,3200,1570,124,195
100,3200,1571,124,195
100,3200,1572,124,195
100,3200,1573,125,195
100,3200,1574,125,195
100,3200,1575,125,195
100,3200,1576,125,196
100,3200,1577,125,196
100,3200,1578,125,196
100,3200,1579,125,196
100,3200,1580,125,196
100,3200,1581,125,196
100,3200,1582,125,196
100,3200,1583,125,196
100,3200,1584,126,196
100,3200,1585,126,197
100,3200,1586,126,197
100,3200,1587,126,197
100,3200,1588,126,197
100,3200,1589,126,197
100,3200,1590,126,197
100,3200,1591,126,197
100,3200,1592,126,197
100,3200,1593,126,197
100,3200,1594,126,198
100,3200,1595,126,198
100,3200,1596,127,198
100,3200,1597,127,198
100,3200,1598,127,198
100,3200,1599,127,198
100,3200,1600,127,198
100,3200,1601,127,198
100,3200,1602,127,198
100,3200,1603,127,199
100,3200,1604,127,199
100,3200,1605,127,199
100,3200,1606,127,199
100,3200,1607,128,199
100,3200,1608,128,199
100,3200,1609,128,199
100,3200,1610,128,199
100,3200,1611,128,199
100,3200,1612,128,200
100,3200,1613,128,200
100,3200,1614,128,200
100,3200,1615,128,200
100,3200,1616,128,200
100,3200,1617,128,200
100,3200,1618,129,200
100,3200,1619,129,200
100,3200,1620,129,200
100,3200,1621,129,201
100,3200,1622,129,201
100,3200,1623,129,201
100,3200,1624,129,201
100,3200,1625,129,201
100,3200,1626,129,201
100,3200,1627,129,201
100,3200,1628,129,201
100,3200,1629,129,201
100,3200,1630,130,202
100,3200,1631,130,202
100,3200,1632,130,202
100,3200,1633,130,202
100,3200,1634,130,202
100,3200,1635,130,202
100,3200,1636,130,202
100,3200,1637,130,202
100,3200,1638,130,202
100,3200,1639,130,203
100,3200,1640,130,203
100,3200,1641,131,203
100,3200,1642,131,203
100,3200,1643,131,203
100,3200,1644,131,203
100,3200,1645,131,203
100,3200,1646,131,203
100,3200,1647,131,204
100,3200,1648,131,204
100,3200,1649,131,204
100,3200,1650,131,204
100,3200,1651,131,204
100,3200,1652,132,204
100,3200,1653,132,204
100,3200,1654,132,204
100,3200,1655,132,204
100,3200,1656,132,205
100,3200,1657,132,205
100,3200,1658,132,205
100,3200,1659,132,205
100,3200,1660,132,205
100,3200,1661,132,205
100,3200,1662,132,205
100,3200,1663,132,205
100,3200,1664,133,205
100,3200,1665,133,206
100,3200,1666,133,206
100,3200,1667,133,206
100,3200,1668,133,206
100,3200,1669,133,206
100,3200,1670,133,206
100,3200,1671,133,206
100,3200,1672,133,206
100,3200,1673,133,206
100,3200,1674,133,207
100,3200,1675,134,207
100,3200,1676,134,207
100,3200,1677,134,207
100,3200,1678,134,207
100,3200,1679,134,207
100,3200,1680,134,207
100,3200,1681,134,207
100,3200,1682,134,207
100,3200,1683,134,208
100,3200,1684,134,208
100,3200,1685,134,208
100,3200,1686,135,208
100,3200,1687,135,208
100,3200,1688,135,208
100,3200,1689,135,208
100,3200,1690,135,208
100,3200,1691,135,208
100,3200,1692,135,209
100,3200,1693,135,209
100,3200,1694,135,209
100,3200,1695,135,209
100,3200,1696,135,209
100,3200,1697,135,209
100,3200,1698,136,209
100,3200,1699,136,209
100,3200,1700,136,209
100,3200,1701,136,210
100,3200,1702,136,210
100,3200,1703,136,210
100,3200,1704,136,210
100,3200,1705,136,210
100,3200,1706,136,210
100,3200,1707,136,210
100,3200,1708,136,210
100,3200,1709,137,210
100,3200,1710,137,211
100,3200,1711,137,211
100,3200,1712,137,211
100,3200,1713,137,211
100,3200,1714,137,211
100,3200,1715,137,211
100,3200,1716,137,211
100,3200,1717,137,211
100,3200,1718,137,211
100,3200,1719,137,212
100,3200,1720,138,212
100,3200,1721,138,212
100,3200,1722,138,212
100,3200,1723,138,212
100,3200,1724,138,212
100,3200,1725,138,212
100,3200,1726,138,212
100,3200,1727,138,212
100,3200,1728,138,213
100,3200,1729,138,213
100,3200,1730,138,213
100,3200,1731,138,213
100,3200,1732,139,213
100,3200,1733,139,213
100,3200,1734,139,213
100,3200,1735,139,213
100,3200,1736,139,213
100,3200,1737,139,214
100,3200,1738,139,214
100,3200,1739,139,214
100,3200,1740,139,214
100,3200,1741,139,214
100,3200,1742,139,214
100,3200,1743,140,214
100,3200,1744,140,214
100,3200,1745,140,215
100,3200,1746,140,215
100,3200,1747,140,215
100,3200,1748,140,215
100,3200,1749,140,215
100,3200,1750,140,215
100,3200,1751,140,215
100,3200,1752,140,215
100,3200,1753,140,215
100,3200,1754,141,216
100,3200,1755,141,216
100,3200,1756,141,216
100,3200,1757,141,216
100,3200,1758,141,216
100,3200,1759,141,216
100,3200,1760,141,216
100,3200,1761,141,216
100,3200,1762,141,216
100,3200,1763,141,217
100,3200,1764,141,217
100,3200,1765,142,217
100,3200,1766,142,217
100,3200,1767,142,217
100,3200,1768,142,217
100,3200,1769,142,217
100,3200,1770,142,217
100,3200,1771,142,217
100,3200,1772,142,218
100,3200,1773,142,218
100,3200,1774,142,218
100,3200,1775,142,218
100,3200,1776,142,218
100,3200,1777,143,218
100,3200,1778,143,218
100,3200,1779,143,218
100,3200,1780,143,218
100,3200,1781,143,219
100,3200,1782,143,219
100,3200,1783,143,219
100,3200,1784,143,219
100,3200,1785,143,219
100,3200,1786,143,219
100,3200,1787,143,219
100,3200,1788,144,219
100,3200,1789,144,219
100,3200,1790,144,220
100,3200,1791,144,220
100,3200,1792,144,220
100,3200,1793,144,220
100,3200,1794,144,220
100,3200,1795,144,220
100,3200,1796,144,220
100,3200,1797,144,220
100,3200,1798,144,220
100,3200,1799,145,221
100,3200,1800,145,221
100,3200,1801,145,221
100,3200,1802,145,221
100,3200,1803,145,221
100,3200,1804,145,221
100,3200,1805,145,221
100,3200,1806,145,221
100,3200,1807,145,221
100,3200,1808,145,222
100,3200,1809,145,222
100,3200,1810,146,222
100,3200,1811,146,222
100,3200,1812,146,222
100,3200,1813,146,222
100,3200,1814,146,222
100,3200,1815,146,222
100,3200,1816,146,222
100,3200,1817,146,223
100,3200,1818,146,223
100,3200,1819,146,223
100,3200,1820,146,223
100,3200,1821,146,223
100,3200,1822,147,223
100,3200,1823,147,223
100,3200,1824,147,223
100,3200,1825,147,223
100,3200,1826,147,224
100,3200,1827,147,224
100,3200,1828,147,224
100,3200,1829,147,224
100,3200,1830,147,224
100,3200,1831,147,224
100,3200,1832,147,224
100,3200,1833,148,224
100,3200,1834,148,224
100,3200,1835,148,225
100,3200,1836,148,225
100,3200,1837,148,225
100,3200,1838,148,225
100,3200,1839,148,225
100,3200,1840,148,225
100,3200,1841,148,225
100,3200,1842,148,225
100,3200,1843,148,225
100,3200,1844,149,226
100,3200,1845,149,226
100,3200,1846,149,226
100,3200,1847,149,226
100,3200,1848,149,226
100,3200,1849,149,226
100,3200,1850,149,226
100,3200,1851,149,226
100,3200,1852,149,226
100,3200,1853,149,227
100,3200,1854,149,227
100,3200,1855,150,227
100,3200,1856,150,227
100,3200,1857,150,227
100,3200,1858,150,227
100,3200,1859,150,227
100,3200,1860,150,227
100,3200,1861,150,227
100,3200,1862,150,228
100,3200,1863,150,228
100,3200,1864,150,228
100,3200,1865,150,228
100,3200,1866,150,228
100,3200,1867,151,228
100,3200,1868,151,228
100,3200,1869,151,228
100,3200,1870,151,228
100,3200,1871,151,229
100,3200,1872,151,229
100,3200,1873,151,229
100,3200,1874,151,229
100,3200,1875,151,229
100,3200,1876,151,229
100,3200,1877,151,229
100,3200,1878,152,229
100,3200,1879,152,229
100,3200,1880,152,230
100,3200,1881,152,230
100,3200,1882,152,230
100,3200,1883,152,230
100,3200,1884,152,230
100,3200,1885,152,230
100,3200,1886,152,230
100,3200,1887,152,230
100,3200,1888,152,230
100,3200,1889,153,231
100,3200,1890,153,231
100,3200,1891,153,231
100,3200,1892,153,231
100,3200,1893,153,231
100,3200,1894,153,231
100,3200,1895,153,231
100,3200,1896,153,231
100,3200,1897,153,232
100,3200,1898,153,232
100,3200,1899,153,232
100,3200,1900,154,232
100,3200,1901,154,232
100,3200,1902,154,232
100,3200,1903,154,232
100,3200,1904,154,232
100,3200,1905,154,232
100,3200,1906,154,233
100,3200,1907,154,233
100,3200,1908,154,233
100,3200,1909,154,233
100,3200,1910,154,233
100,3200,1911,154,233
100,3200,1912,155,233
100,3200,1913,155,233
100,3200,1914,155,233
100,3200,1915,155,234
100,3200,1916,155,234
100,3200,1917,155,234
100,3200,1918,155,234
100,3200,1919,155,234
100,3200,1920,155,234
100,3200,1921,155,234
100,3200,1922,155,234
100,3200,1923,156,234
100,3200,1924,156,235
100,3200,1925,156,235
100,3200,1926,156,235
100,3200,1927,156,235
100,3200,1928,156,235
100,3200,1929,156,235
100,3200,1930,156,235
100,3200,1931,156,235
100,3200,1932,156,235
100,3200,1933,156,236
100,3200,1934,157,236
100,3200,1935,157,236
100,3200,1936,157,236
100,3200,1937,157,236
100,3200,1938,157,236
100,3200,1939,157,236
100,3200,1940,157,236
100,3200,1941,157,236
100,3200,1942,157,237
100,3200,1943,157,237
100,3200,1944,157,237
100,3200,1945,158,237
100,3200,1946,158,237
100,3200,1947,158,237
100,3200,1948,158,237
100,3200,1949,158,237
100,3200,1950,158,237
100,3200,1951,158,238
100,3200,1952,158,238
100,3200,1953,158,238
100,3200,1954,158,238
100,3200,1955,158,238
100,3200,1956,159,238
100,3200,1957,159,238
100,3200,1958,159,238
100,3200,1959,159,238
100,3200,1960,159,239
100,3200,1961,159,239
100,3200,1962,159,239
100,3200,1963,159,239
100,3200,1964,159,239
100,3200,1965,159,239
100,3200,1966,159,239
100,3200,1967,159,239
100,3200,1968,160,239
100,3200,1969,160,240
100,3200,1970,160,240
100,3200,1971,160,240
100,3200,1972,160,240
100,3200,1973,160,240
100,3200,1974,160,240
100,3200,1975,160,240
100,3200,1976,160,240
100,3200,1977,160,240
100,3200,1978,160,241
100,3200,1979,161,241
100,3200,1980,161,241
100,3200,1981,161,241
100,3200,1982,161,241
100,3200,1983,161,241
100,3200,1984,161,241
100,3200,1985,161,241
100,3200,1986,161,241
100,3200,1987,161,242
100,3200,1988,161,242
100,3200,1989,161,242
100,3200,1990,162,242
100,3200,1991,162,242
100,3200,1992,162,242
100,3200,1993,162,242
100,3200,1994,162,242
100,3200,1995,162,242
100,3200,1996,162,243
100,3200,1997,162,243
100,3200,1998,162,243
100,3200,1999,162,243
100,3200,2000,162,243
100,3200,2001,163,243
100,3200,2002,163,243
100,3200,2003,163,243
100,3200,2004,163,243
100,3200,2005,163,244
100,3200,2006,163,244
100,3200,2007,163,244
100,3200,2008,163,244
100,3200,2009,163,244
100,3200,2010,163,244
100,3200,2011,163,244
100,3200,2012,164,244
100,3200,2013,164,244
100,3200,2014,164,245
100,3200,2015,164,245
100,3200,2016,164,245
100,3200,2017,164,245
100,3200,2018,164,245
100,3200,2019,164,245
100,3200,2020,164,245
100,3200,2021,164,245
100,3200,2022,164,245
100,3200,2023,164,246
100,3200,2024,165,246
100,3200,2025,165,246
100,3200,2026,165,246
100,3200,2027,165,246
100,3200,2028,165,246
100,3200,2029,165,246
100,3200,2030,165,246
100,3200,2031,165,246
100,3200,2032,165,247
100,3200,2033,165,247
100,3200,2034,165,247
100,3200,2035,166,247
100,3200,2036,166,247
100,3200,2037,166,247
100,3200,2038,166,247
100,3200,2039,166,247
100,3200,2040,166,247
100,3200,2041,166,248
100,3200,2042,166,248
100,3200,2043,166,248
100,3200,2044,166,248
100,3200,2045,166,248
100,3200,2046,167,248
100,3200,2047,167,248
100,3200,2048,167,248
100,3200,2049,167,248
100,3200,2050,167,249
100,3200,2051,167,249
100,3200,2052,167,249
100,3200,2053,167,249
100,3200,2054,167,249
100,3200,2055,167,249
100,3200,2056,167,249
100,3200,2057,168,249
100,3200,2058,168,249
100,3200,2059,168,250
100,3200,2060,168,250
100,3200,2061,168,250
100,3200,2062,168,250
100,3200,2063,168,250
100,3200,2064,168,250
100,3200,2065,168,250
100,3200,2066,168,250
100,3200,2067,168,250
100,3200,2068,169,251
100,3200,2069,169,251
100,3200,2070,169,251
100,3200,2071,169,251
100,3200,2072,169,251
100,3200,2073,169,251
100,3200,2074,169,251
100,3200,2075,169,251
100,3200,2076,169,251
100,3200,2077,169,252
100,3200,2078,169,252
100,3200,2079,170,252
100,3200,2080,170,252
100,3200,2081,170,252
100,3200,2082,170,252
100,3200,2083,170,252
100,3200,2084,170,252
100,3200,2085,170,252
100,3200,2086,170,253
100,3200,2087,170,253
100,3200,2088,170,253
100,3200,2089,170,253
100,3200,2090,170,253
100,3200,2091,171,253
100,3200,2092,171,253
100,3200,2093,171,253
100,3200,2094,171,253
100,3200,2095,171,254
100,3200,2096,171,254
100,3200,2097,171,254
100,3200,2098,171,254
100,3200,2099,171,254
100,3200,2100,171,254
100,3200,2101,171,254
100,3200,2102,172,254
100,3200,2103,172,254
100,3200,2104,172,255
100,3200,2105,172,255
100,3200,2106,172,255
100,3200,2107,172,255
100,3200,2108,172,255
100,3200,2109,172,255
100,3200,2110,172,255
100,3200,2111,172,255
100,3200,2112,172,255
100,3200,2113,173,256
100,3200,2114,173,256
100,3200,2115,173,256
100,3200,2116,173,256
100,3200,2117,173,256
100,3200,2118,173,256
100,3200,2119,173,256
100,3200,2120,173,256
100,3200,2121,173,256
100,3200,2122,173,257
100,3200,2123,173,257
100,3200,2124,174,257
100,3200,2125,174,257
100,3200,2126,174,257
100,3200,2127,174,257
100,3200,2128,174,257
100,3200,2129,174,257
100,3200,2130,174,257
100,3200,2131,174,258
100,3200,2132,174,258
100,3200,2133,174,258
100,3200,2134,174,258
100,3200,2135,175,258
100,3200,2136,175,258
100,3200,2137,175,258
100,3200,2138,175,258
100,3200,2139,175,258
100,3200,2140,175,259
100,3200,2141,175,259
100,3200,2142,175,259
100,3200,2143,175,259
100,3200,2144,175,259
100,3200,2145,175,259
100,3200,2146,176,259
100,3200,2147,176,259
100,3200,2148,176,259
100,3200,2149,176,260
100,3200,2150,176,260
100,3200,2151,176,260
100,3200,2152,176,260
100,3200,2153,176,260
100,3200,2154,176,260
100,3200,2155,176,260
100,3200,2156,176,260
100,3200,2157,176,260
100,3200,2158,177,261
100,3200,2159,177,261
100,3200,2160,177,261
100,3200,2161,177,261
100,3200,2162,177,261
100,3200,2163,177,261
100,3200,2164,177,261
100,3200,2165,177,261
100,3200,2166,177,261
100,3200,2167,177,262
100,3200,2168,177,262
100,3200,2169,178,262
100,3200,2170,178,262
100,3200,2171,178,262
100,3200,2172,178,262
100,3200,2173,178,262
100,3200,2174,178,262
100,3200,2175,178,262
100,3200,2176,178,263
100,3200,2177,178,263
100,3200,2178,178,263
100,3200,2179,178,263
100,3200,2180,179,263
100,3200,2181,179,263
100,3200,2182,179,263
100,3200,2183,179,263
100,3200,2184,179,263
100,3200,2185,179,264
100,3200,2186,179,264
100,3200,2187,179,264
100,3200,2188,179,264
100,3200,2189,179,264
100,3200,2190,179,264
100,3200,2191,180,264
100,3200,2192,180,264
100,3200,2193,180,264
100,3200,2194,180,265
100,3200,2195,180,265
100,3200,2196,180,265
100,3200,2197,180,265
100,3200,2198,180,265
100,3200,2199,180,265
100,3200,2200,180,265
100,3200,2201,180,265
100,3200,2202,181,265
100,3200,2203,181,266
100,3200,2204,181,266
100,3200,2205,181,266
100,3200,2206,181,266
100,3200,2207,181,266
100,3200,2208,181,266
100,3200,2209,181,266
100,3200,2210,181,266
100,3200,2211,181,266
100,3200,2212,181,267
100,3200,2213,182,267
100,3200,2214,182,267
100,3200,2215,182,267
100,3200,2216,182,267
100,3200,2217,182,267
100,3200,2218,182,267
100,3200,2219,182,267
100,3200,2220,182,267
100,3200,2221,182,268
100,3200,2222,182,268
100,3200,2223,182,268
100,3200,2224,183,268
100,3200,2225,183,268
100,3200,2226,183,268
100,3200,2227,183,268
100,3200,2228,183,268
100,3200,2229,183,268
100,3200,2230,183,269
100,3200,2231,183,269
100,3200,2232,183,269
100,3200,2233,183,269
100,3200,2234,183,269
100,3200,2235,183,269
100,3200,2236,184,269
100,3200,2237,184,269
100,3200,2238,184,269
100,3200,2239,184,270
100,3200,2240,184,270
100,3200,2241,184,270
100,3200,2242,184,270
100,3200,2243,184,270
100,3200,2244,184,270
100,3200,2245,184,270
100,3200,2246,184,270
100,3200,2247,185,270
100,3200,2248,185,271
100,3200,2249,185,271
100,3200,2250,185,271
100,3200,2251,185,271
100,3200,2252,185,271
100,3200,2253,185,271
100,3200,2254,185,271
100,3200,2255,185,271
100,3200,2256,185,271
100,3200,2257,185,272
100,3200,2258,186,272
100,3200,2259,186,272
100,3200,2260,186,272
100,3200,2261,186,272
100,3200,2262,186,272
100,3200,2263,186,272
100,3200,2264,186,272
100,3200,2265,186,272
100,3200,2266,186,273
100,3200,2267,186,273
100,3200,2268,186,273
100,3200,2269,187,273
100,3200,2270,187,273
100,3200,2271,187,273
100,3200,2272,187,273
100,3200,2273,187,273
100,3200,2274,187,273
100,3200,2275,187,274
100,3200,2276,187,274
100,3200,2277,187,274
100,3200,2278,187,274
100,3200,2279,187,274
100,3200,2280,188,274
100,3200,2281,188,274
100,3200,2282,188,274
100,3200,2283,188,274
100,3200,2284,188,275
100,3200,2285,188,275
100,3200,2286,188,275
100,3200,2287,188,275
100,3200,2288,188,275
100,3200,2289,188,275
100,3200,2290,188,275
100,3200,2291,189,275
100,3200,2292,189,275
100,3200,2293,189,275
100,3200,2294,189,276
100,3200,2295,189,276
100,3200,2296,189,276
100,3200,2297,189,276
100,3200,2298,189,276
100,3200,2299,189,276
100,3200,2300,189,276
100,3200,2301,189,276
100,3200,2302,190,276
100,3200,2303,190,277
100,3200,2304,190,277
100,3200,2305,190,277
100,3200,2306,190,277
100,3200,2307,190,277
100,3200,2308,190,277
100,3200,2309,190,277
100,3200,2310,190,277
100,3200,2311,190,277
100,3200,2312,190,278
100,3200,2313,191,278
100,3200,2314,191,278
100,3200,2315,191,278
100,3200,2316,191,278
100,3200,2317,191,278
100,3200,2318,191,278
100,3200,2319,191,278
100,3200,2320,191,278
100,3200,2321,191,279
100,3200,2322,191,279
100,3200,2323,191,279
100,3200,2324,192,279
100,3200,2325,192,279
100,3200,2326,192,279
100,3200,2327,192,279
100,3200,2328,192,279
100,3200,2329,192,279
100,3200,2330,192,280
100,3200,2331,192,280
100,3200,2332,192,280
100,3200,2333,192,280
100,3200,2334,192,280
100,3200,2335,192,280
100,3200,2336,193,280
100,3200,2337,193,280
100,3200,2338,193,280
100,3200,2339,193,281
100,3200,2340,193,281
100,3200,2341,193,281
100,3200,2342,193,281
100,3200,2343,193,281
100,3200,2344,193,281
100,3200,2345,193,281
100,3200,2346,193,281
100,3200,2347,194,281
100,3200,2348,194,282
100,3200,2349,194,282
100,3200,2350,194,282
100,3200,2351,194,282
100,3200,2352,194,282
100,3200,2353,194,282
100,3200,2354,194,282
100,3200,2355,194,282
100,3200,2356,194,282
100,3200,2357,194,283
100,3200,2358,195,283
100,3200,2359,195,283
100,3200,2360,195,283
100,3200,2361,195,283
100,3200,2362,195,283
100,3200,2363,195,283
100,3200,2364,195,283
100,3200,2365,195,283
100,3200,2366,195,284
100,3200,2367,195,284
100,3200,2368,195,284
100,3200,2369,196,284
100,3200,2370,196,284
100,3200,2371,196,284
100,3200,2372,196,284
100,3200,2373,196,284
100,3200,2374,196,284
100,3200,2375,196,285
100,3200,2376,196,285
100,3200,2377,196,285
100,3200,2378,196,285
100,3200,2379,196,285
100,3200,2380,197,285
100,3200,2381,197,285
100,3200,2382,197,285
100,3200,2383,197,285
100,3200,2384,197,286
100,3200,2385,197,286
100,3200,2386,197,286
100,3200,2387,197,286
100,3200,2388,197,286
100,3200,2389,197,286
100,3200,2390,197,286
100,3200,2391,198,286
100,3200,2392,198,286
100,3200,2393,198,287
100,3200,2394,198,287
100,3200,2395,198,287
100,3200,2396,198,287
100,3200,2397,198,287
100,3200,2398,198,287
100,3200,2399,198,287
100,3200,2400,198,287
100,3200,2401,198,287
100,3200,2402,199,288
100,3200,2403,199,288
100,3200,2404,199,288
100,3200,2405,199,288
100,3200,2406,199,288
100,3200,2407,199,288
100,3200,2408,199,288
100,3200,2409,199,288
100,3200,2410,199,288
100,3200,2411,199,289
100,3200,2412,199,289
100,3200,2413,200,289
100,3200,2414,200,289
100,3200,2415,200,289
100,3200,2416,200,289
100,3200,2417,200,289
100,3200,2418,200,289
100,3200,2419,200,289
100,3200,2420,200,290
100,3200,2421,200,290
100,3200,2422,200,290
100,3200,2423,200,290
100,3200,2424,201,290
100,3200,2425,201,290
100,3200,2426,201,290
100,3200,2427,201,290
100,3200,2428,201,290
100,3200,2429,201,291
100,3200,2430,201,291
100,3200,2431,201,291
100,3200,2432,201,291
100,3200,2433,201,291
100,3200,2434,201,291
100,3200,2435,202,291
100,3200,2436,202,291
100,3200,2437,202,291
100,3200,2438,202,292
100,3200,2439,202,292
100,3200,2440,202,292
100,3200,2441,202,292
100,3200,2442,202,292
100,3200,2443,202,292
100,3200,2444,202,292
100,3200,2445,202,292
100,3200,2446,203,292
100,3200,2447,203,293
100,3200,2448,203,293
100,3200,2449,203,293
100,3200,2450,203,293
100,3200,2451,203,293
100,3200,2452,203,293
100,3200,2453,203,293
100,3200,2454,203,293
100,3200,2455,203,293
100,3200,2456,203,294
100,3200,2457,203,294
100,3200,2458,204,294
100,3200,2459,204,294
100,3200,2460,204,294
100,3200,2461,204,294
100,3200,2462,204,294
100,3200,2463,204,294
100,3200,2464,204,294
100,3200,2465,204,294
100,3200,2466,204,295
100,3200,2467,204,295
100,3200,2468,204,295
100,3200,2469,205,295
100,3200,2470,205,295
100,3200,2471,205,295
100,3200,2472,205,295
100,3200,2473,205,295
100,3200,2474,205,295
100,3200,2475,205,296
100,3200,2476,205,296
100,3200,2477,205,296
100,3200,2478,205,296
100,3200,2479,205,296
100,3200,2480,206,296
100,3200,2481,206,296
100,3200,2482,206,296
100,3200,2483,206,296
100,3200,2484,206,297
100,3200,2485,206,297
100,3200,2486,206,297
100,3200,2487,206,297
100,3200,2488,206,297
100,3200,2489,206,297
100,3200,2490,206,297
100,3200,2491,207,297
100,3200,2492,207,297
100,3200,2493,207,298
100,3200,2494,207,298
100,3200,2495,207,298
100,3200,2496,207,298
100,3200,2497,207,298
100,3200,2498,207,298
100,3200,2499,207,298
100,3200,2500,207,298
100,3200,2501,207,298
100,3200,2502,208,299
100,3200,2503,208,299
100,3200,2504,208,299
100,3200,2505,208,299
100,3200,2506,208,299
100,3200,2507,208,299
100,3200,2508,208,299
100,3200,2509,208,299
100,3200,2510,208,299
100,3200,2511,208,300
100,3200,2512,208,300
100,3200,2513,209,300
100,3200,2514,209,300
100,3200,2515,209,300
100,3200,2516,209,300
100,3200,2517,209,300
100,3200,2518,209,300
100,3200,2519,209,300
100,3200,2520,209,301
100,3200,2521,209,301
100,3200,2522,209,301
100,3200,2523,209,301
100,3200,2524,210,301
100,3200,2525,210,301
100,3200,2526,210,301
100,3200,2527,210,301
100,3200,2528,210,301
100,3200,2529,210,302
100,3200,2530,210,302
100,3200,2531,210,302
100,3200,2532,210,302
100,3200,2533,210,302
100,3200,2534,210,302
100,3200,2535,211,302
100,3200,2536,211,302
100,3200,2537,211,302
100,3200,2538,211,303
100,3200,2539,211,303
100,3200,2540,211,303
100,3200,2541,211,303
100,3200,2542,211,303
100,3200,2543,211,303
100,3200,2544,211,303
100,3200,2545,211,303
100,3200,2546,212,303
100,3200,2547,212,304
100,3200,2548,212,304
100,3200,2549,212,304
100,3200,2550,212,304
100,3200,2551,212,304
100,3200,2552,212,304
100,3200,2553,212,304
100,3200,2554,212,304
100,3200,2555,212,304
100,3200,2556,212,305
100,3200,2557,213,305
100,3200,2558,213,305
100,3200,2559,213,305
100,3200,2560,213,305
100,3200,2561,213,305
100,3200,2562,213,305
100,3200,2563,213,305
100,3200,2564,213,305
100,3200,2565,213,306
100,3200,2566,213,306
100,3200,2567,213,306
100,3200,2568,214,306
100,3200,2569,214,306
100,3200,2570,214,306
100,3200,2571,214,306
100,3200,2572,214,306
100,3200,2573,214,306
100,3200,2574,214,307
100,3200,2575,214,307
100,3200,2576,214,307
100,3200,2577,214,307
100,3200,2578,214,307
100,3200,2579,215,307
100,3200,2580,215,307
100,3200,2581,215,307
100,3200,2582,215,307
100,3200,2583,215,307
100,3200,2584,215,308
100,3200,2585,215,308
100,3200,2586,215,308
100,3200,2587,215,308
100,3200,2588,215,308
100,3200,2589,215,308
100,3200,2590,216,308
100,3200,2591,216,308
100,3200,2592,216,308
100,3200,2593,216,309
100,3200,2594,216,309
100,3200,2595,216,309
100,3200,2596,216,309
100,3200,2597,216,309
100,3200,2598,216,309
100,3200,2599,216,309
100,3200,2600,216,309
100,3200,2601,217,309
100,3200,2602,217,310
100,3200,2603,217,310
100,3200,2604,217,310
100,3200,2605,217,310
100,3200,2606,217,310
100,3200,2607,217,310
100,3200,2608,217,310
100,3200,2609,217,310
100,3200,2610,217,310
100,3200,2611,217,311
100,3200,2612,218,311
100,3200,2613,218,311
100,3200,2614,218,311
100,3200,2615,218,311
100,3200,2616,218,311
100,3200,2617,218,311
100,3200,2618,218,311
100,3200,2619,218,311
100,3200,2620,218,312
100,3200,2621,218,312
100,3200,2622,218,312
100,3200,2623,219,312
100,3200,2624,219,312
100,3200,2625,219,312
100,3200,2626,219,312
100,3200,2627,219,312
100,3200,2628,219,312
100,3200,2629,219,313
100,3200,2630,219,313
100,3200,2631,219,313
100,3200,2632,219,313
100,3200,2633,219,313
100,3200,2634,220,313
100,3200,2635,220,313
100,3200,2636,220,313
100,3200,2637,220,313
100,3200,2638,220,314
100,3200,2639,220,314
100,3200,2640,220,314
100,3200,2641,220,314
100,3200,2642,220,314
100,3200,2643,220,314
100,3200,2644,220,314
100,3200,2645,220,314
100,3200,2646,221,314
100,3200,2647,221,315
100,3200,2648,221,315
100,3200,2649,221,315
100,3200,2650,221,315
100,3200,2651,221,315
100,3200,2652,221,315
100,3200,2653,221,315
100,3200,2654,221,315
100,3200,2655,221,315
100,3200,2656,221,316
100,3200,2657,222,316
100,3200,2658,222,316
100,3200,2659,222,316
100,3200,2660,222,316
100,3200,2661,222,316
100,3200,2662,222,316
100,3200,2663,222,316
100,3200,2664,222,316
100,3200,2665,222,317
100,3200,2666,222,317
100,3200,2667,222,317
100,3200,2668,223,317
100,3200,2669,223,317
100,3200,2670,223,317
100,3200,2671,223,317
100,3200,2672,223,317
100,3200,2673,223,317
100,3200,2674,223,318
100,3200,2675,223,318
100,3200,2676,223,318
100,3200,2677,223,318
100,3200,2678,223,318
100,3200,2679,224,318
100,3200,2680,224,318
100,3200,2681,224,318
100,3200,2682,224,318
100,3200,2683,224,318
100,3200,2684,224,319
100,3200,2685,224,319
100,3200,2686,224,319
100,3200,2687,224,319
100,3200,2688,224,319
100,3200,2689,224,319
100,3200,2690,225,319
100,3200,2691,225,319
100,3200,2692,225,319
100,3200,2693,225,320
100,3200,2694,225,320
100,3200,2695,225,320
100,3200,2696,225,320
100,3200,2697,225,320
100,3200,2698,225,320
100,3200,2699,225,320
100,3200,2700,225,320
100,3200,2701,226,320
100,3200,2702,226,321
100,3200,2703,226,321
100,3200,2704,226,321
100,3200,2705,226,321
100,3200,2706,226,321
100,3200,2707,226,321
100,3200,2708,226,321
100,3200,2709,226,321
100,3200,2710,226,321
100,3200,2711,226,322
100,3200,2712,227,322
100,3200,2713,227,322
100,3200,2714,227,322
100,3200,2715,227,322
100,3200,2716,227,322
100,3200,2717,227,322
100,3200,2718,227,322
100,3200,2719,227,322
100,3200,2720,227,323
100,3200,2721,227,323
100,3200,2722,227,323
100,3200,2723,228,323
100,3200,2724,228,323
100,3200,2725,228,323
100,3200,2726,228,323
100,3200,2727,228,323
100,3200,2728,228,323
100,3200,2729,228,324
100,3200,2730,228,324
100,3200,2731,228,324
100,3200,2732,228,324
100,3200,2733,228,324
100,3200,2734,229,324
100,3200,2735,229,324
100,3200,2736,229,324
100,3200,2737,229,324
100,3200,2738,229,325
100,3200,2739,229,325
100,3200,2740,229,325
100,3200,2741,229,325
100,3200,2742,229,325
100,3200,2743,229,325
100,3200,2744,229,325
100,3200,2745,230,325
100,3200,2746,230,325
100,3200,2747,230,326
100,3200,2748,230,326
100,3200,2749,230,326
100,3200,2750,230,326
100,3200,2751,230,326
100,3200,2752,230,326
100,3200,2753,230,326
100,3200,2754,230,326
100,3200,2755,230,326
100,3200,2756,231,327
100,3200,2757,231,327
100,3200,2758,231,327
100,3200,2759,231,327
100,3200,2760,231,327
100,3200,2761,231,327
100,3200,2762,231,327
100,3200,2763,231,327
100,3200,2764,231,327
100,3200,2765,231,328
100,3200,2766,231,328
100,3200,2767,232,328
100,3200,2768,232,328
100,3200,2769,232,328
100,3200,2770,232,328
100,3200,2771,232,328
100,3200,2772,232,328
100,3200,2773,232,328
100,3200,2774,232,328
100,3200,2775,232,329
100,3200,2776,232,329
100,3200,2777,232,329
100,3200,2778,233,329
100,3200,2779,233,329
100,3200,2780,233,329
100,3200,2781,233,329
100,3200,2782,233,329
100,3200,2783,233,329
100,3200,2784,233,330
100,3200,2785,233,330
100,3200,2786,233,330
100,3200,2787,233,330
100,3200,2788,233,330
100,3200,2789,234,330
100,3200,2790,234,330
100,3200,2791,234,330
100,3200,2792,234,330
100,3200,2793,234,331
100,3200,2794,234,331
100,3200,2795,234,331
100,3200,2796,234,331
100,3200,2797,234,331
100,3200,2798,234,331
100,3200,2799,234,331
100,3200,2800,235,331
100,3200,2801,235,331
100,3200,2802,235,332
100,3200,2803,235,332
100,3200,2804,235,332
100,3200,2805,235,332
100,3200,2806,235,332
100,3200,2807,235,332
100,3200,2808,235,332
100,3200,2809,235,332
100,3200,2810,235,332
100,3200,2811,236,333
100,3200,2812,236,333
100,3200,2813,236,333
100,3200,2814,236,333
100,3200,2815,236,333
100,3200,2816,236,333
100,3200,2817,236,333
100,3200,2818,236,333
100,3200,2819,236,333
100,3200,2820,236,334
100,3200,2821,236,334
100,3200,2822,237,334
100,3200,2823,237,334
100,3200,2824,237,334
100,3200,2825,237,334
100,3200,2826,237,334
100,3200,2827,237,334
100,3200,2828,237,334
100,3200,2829,237,335
100,3200,2830,237,335
100,3200,2831,237,335
100,3200,2832,237,335
100,3200,2833,238,335
100,3200,2834,238,335
100,3200,2835,238,335
100,3200,2836,238,335
100,3200,2837,238,335
100,3200,2838,238,336
100,3200,2839,238,336
100,3200,2840,238,336
100,3200,2841,238,336
100,3200,2842,238,336
100,3200,2843,238,336
100,3200,2844,239,336
100,3200,2845,239,336
100,3200,2846,239,336
100,3200,2847,239,336
100,3200,2848,239,337
100,3200,2849,239,337
100,3200,2850,239,337
100,3200,2851,239,337
100,3200,2852,239,337
100,3200,2853,239,337
100,3200,2854,239,337
100,3200,2855,240,337
100,3200,2856,240,337
100,3200,2857,240,338
100,3200,2858,240,338
100,3200,2859,240,338
100,3200,2860,240,338
100,3200,2861,240,338
100,3200,2862,240,338
100,3200,2863,240,338
100,3200,2864,240,338
100,3200,2865,240,338
100,3200,2866,241,339
100,3200,2867,241,339
100,3200,2868,241,339
100,3200,2869,241,339
100,3200,2870,241,339
100,3200,2871,241,339
100,3200,2872,241,339
100,3200,2873,241,339
100,3200,2874,241,339
100,3200,2875,241,340
100,3200,2876,241,340
100,3200,2877,242,340
100,3200,2878,242,340
100,3200,2879,242,340
100,3200,2880,242,340
100,3200,2881,242,340
100,3200,2882,242,340
100,3200,2883,242,340
100,3200,2884,242,341
100,3200,2885,242,341
100,3200,2886,242,341
100,3200,2887,242,341
100,3200,2888,243,341
100,3200,2889,243,341
100,3200,2890,243,341
100,3200,2891,243,341
100,3200,2892,243,341
100,3200,2893,243,342
100,3200,2894,243,342
100,3200,2895,243,342
100,3200,2896,243,342
100,3200,2897,243,342
100,3200,2898,243,342
100,3200,2899,244,342
100,3200,2900,244,342
100,3200,2901,244,342
100,3200,2902,244,343
100,3200,2903,244,343
100,3200,2904,244,343
100,3200,2905,244,343
100,3200,2906,244,343
100,3200,2907,244,343
100,3200,2908,244,343
100,3200,2909,244,343
100,3200,2910,245,343
100,3200,2911,245,344
100,3200,2912,245,344
100,3200,2913,245,344
100,3200,2914,245,344
100,3200,2915,245,344
100,3200,2916,245,344
100,3200,2917,245,344
100,3200,2918,245,344
100,3200,2919,245,344
100,3200,2920,245,344
100,3200,2921,246,345
100,3200,2922,246,345
100,3200,2923,246,345
100,3200,2924,246,345
100,3200,2925,246,345
100,3200,2926,246,345
100,3200,2927,246,345
100,3200,2928,246,345
100,3200,2929,246,345
100,3200,2930,246,346
100,3200,2931,246,346
100,3200,2932,247,346
100,3200,2933,247,346
100,3200,2934,247,346
100,3200,2935,247,346
100,3200,2936,247,346
100,3200,2937,247,346
100,3200,2938,247,346
100,3200,2939,247,347
100,3200,2940,247,347
100,3200,2941,247,347
100,3200,2942,247,347
100,3200,2943,248,347
100,3200,2944,248,347
100,3200,2945,248,347
100,3200,2946,248,347
100,3200,2947,248,347
100,3200,2948,248,348
100,3200,2949,248,348
100,3200,2950,248,348
100,3200,2951,248,348
100,3200,2952,248,348
100,3200,2953,248,348
100,3200,2954,249,348
100,3200,2955,249,348
100,3200,2956,249,348
100,3200,2957,249,349
100,3200,2958,249,349
100,3200,2959,249,349
100,3200,2960,249,349
100,3200,2961,249,349
100,3200,2962,249,349
100,3200,2963,249,349
100,3200,2964,249,349
100,3200,2965,250,349
100,3200,2966,250,350
100,3200,2967,250,350
100,3200,2968,250,350
100,3200,2969,250,350
100,3200,2970,250,350
100,3200,2971,250,350
100,3200,2972,250,350
100,3200,2973,250,350
100,3200,2974,250,350
100,3200,2975,250,351
100,3200,2976,251,351
100,3200,2977,251,351
100,3200,2978,251,351
100,3200,2979,251,351
100,3200,2980,251,351
100,3200,2981,251,351
100,3200,2982,251,351
100,3200,2983,251,351
100,3200,2984,251,352
100,3200,2985,251,352
100,3200,2986,251,352
100,3200,2987,252,352
100,3200,2988,252,352
100,3200,2989,252,352
100,3200,2990,252,352
100,3200,2991,252,352
100,3200,2992,252,352
100,3200,2993,252,352
100,3200,2994,252,353
100,3200,2995,252,353
100,3200,2996,252,353
100,3200,2997,252,353
100,3200,2998,253,353
100,3200,2999,253,353
100,3200,3000,253,353
100,3200,3001,253,353
100,3200,3002,253,353
100,3200,3003,253,354
100,3200,3004,253,354
100,3200,3005,253,354
100,3200,3006,253,354
100,3200,3007,253,354
100,3200,3008,253,354
100,3200,3009,254,354
100,3200,3010,254,354
100,3200,3011,254,354
100,3200,3012,254,355
100,3200,3013,254,355
100,3200,3014,254,355
100,3200,3015,254,355
100,3200,3016,254,355
100,3200,3017,254,355
100,3200,3018,254,355
100,3200,3019,254,355
100,3200,3020,255,355
100,3200,3021,255,356
100,3200,3022,255,356
100,3200,3023,255,356
100,3200,3024,255,356
100,3200,3025,255,356
100,3200,3026,255,356
100,3200,3027,255,356
100,3200,3028,255,356
100,3200,3029,255,356
100,3200,3030,255,357
100,3200,3031,256,357
100,3200,3032,256,357
100,3200,3033,256,357
100,3200,3034,256,357
100,3200,3035,256,357
100,3200,3036,256,357
100,3200,3037,256,357
100,3200,3038,256,357
100,3200,3039,256,358
100,3200,3040,256,358
100,3200,3041,256,358
100,3200,3042,257,358
100,3200,3043,257,358
100,3200,3044,257,358
100,3200,3045,257,358
100,3200,3046,257,358
100,3200,3047,257,358
100,3200,3048,257,359
100,3200,3049,257,359
100,3200,3050,257,359
100,3200,3051,257,359
100,3200,3052,257,359
100,3200,3053,258,359
100,3200,3054,258,359
100,3200,3055,258,359
100,3200,3056,258,359
100,3200,3057,258,359
100,3200,3058,258,360
100,3200,3059,258,360
100,3200,3060,258,360
100,3200,3061,258,360
100,3200,3062,258,360
100,3200,3063,258,360
100,3200,3064,259,360
100,3200,3065,259,360
100,3200,3066,259,360
100,3200,3067,259,361
100,3200,3068,259,361
100,3200,3069,259,361
100,3200,3070,259,361
100,3200,3071,259,361
100,3200,3072,259,361
100,3200,3073,259,361
100,3200,3074,259,361
100,3200,3075,260,361
100,3200,3076,260,362
100,3200,3077,260,362
100,3200,3078,260,362
100,3200,3079,260,362
100,3200,3080,260,362
100,3200,3081,260,362
100,3200,3082,260,362
100,3200,3083,260,362
100,3200,3084,260,362
100,3200,3085,261,363
100,3200,3086,261,363
100,3200,3087,261,363
100,3200,3088,261,363
100,3200,3089,261,363
100,3200,3090,261,363
100,3200,3091,261,363
100,3200,3092,261,363
100,3200,3093,261,363
100,3200,3094,261,364
100,3200,3095,261,364
100,3200,3096,262,364
100,3200,3097,262,364
100,3200,3098,262,364
100,3200,3099,262,364
100,3200,3100,262,364
100,3200,3101,262,364
100,3200,3102,262,364
100,3200,3103,262,365
100,3200,3104,262,365
100,3200,3105,262,365
100,3200,3106,262,365
100,3200,3107,263,365
100,3200,3108,263,365
100,3200,3109,263,365
100,3200,3110,263,365
100,3200,3111,263,365
100,3200,3112,263,365
100,3200,3113,263,366
100,3200,3114,263,366
100,3200,3115,263,366
100,3200,3116,263,366
100,3200,3117,263,366
100,3200,3118,264,366
100,3200,3119,264,366
100,3200,3120,264,366
100,3200,3121,264,366
100,3200,3122,264,367
100,3200,3123,264,367
100,3200,3124,264,367
100,3200,3125,264,367
100,3200,3126,264,367
100,3200,3127,264,367
100,3200,3128,264,367
100,3200,3129,265,367
100,3200,3130,265,367
100,3200,3131,265,368
100,3200,3132,265,368
100,3200,3133,265,368
100,3200,3134,265,368
100,3200,3135,265,368
100,3200,3136,265,368
100,3200,3137,265,368
100,3200,3138,265,368
100,3200,3139,265,368
100,3200,3140,266,369
100,3200,3141,266,369
100,3200,3142,266,369
100,3200,3143,266,369
100,3200,3144,266,369
100,3200,3145,266,369
100,3200,3146,266,369
100,3200,3147,266,369
100,3200,3148,266,369
100,3200,3149,266,370
100,3200,3150,266,370
100,3200,3151,267,370
100,3200,3152,267,370
100,3200,3153,267,370
100,3200,3154,267,370
100,3200,3155,267,370
100,3200,3156,267,370
100,3200,3157,267,370
100,3200,3158,267,371
100,3200,3159,267,371
100,3200,3160,267,371
100,3200,3161,267,371
100,3200,3162,268,371
100,3200,3163,268,371
100,3200,3164,268,371
100,3200,3165,268,371
100,3200,3166,268,371
100,3200,3167,268,372
100,3200,3168,268,372
100,3200,3169,268,372
100,3200,3170,268,372
100,3200,3171,268,372
100,3200,3172,268,372
100,3200,3173,269,372
100,3200,3174,269,372
100,3200,3175,269,372
100,3200,3176,269,372
100,3200,3177,269,373
100,3200,3178,269,373
100,3200,3179,269,373
100,3200,3180,269,373
100,3200,3181,269,373
100,3200,3182,269,373
100,3200,3183,269,373
100,3200,3184,270,373
100,3200,3185,270,373
100,3200,3186,270,374
100,3200,3187,270,374
100,3200,3188,270,374
100,3200,3189,270,374
100,3200,3190,270,374
100,3200,3191,270,374
100,3200,3192,270,374
100,3200,3193,270,374
100,3200,3194,270,374
100,3200,3195,271,375
100,3200,3196,271,375
100,3200,3197,271,375
100,3200,3198,271,375
100,3200,3199,271,375
100,3200,3200,271,375
200,200,1,,
200,200,2,,
200,200,3,,
200,200,4,,
200,200,5,,
200,200,6,,6
200,200,7,,6
200,200,8,,6
200,200,9,,6
200,200,10,,7
200,200,11,,7
200,200,12,,7
200,200,13,,7
200,200,14,,7
200,200,15,,7
200,200,16,,8
200,200,17,,8
200,200,18,,8
200,200,19,,8
200,200,20,,8
200,200,21,,8
200,200,22,,8
200,200,23,,9
200,200,24,,9
200,200,25,,9
200,200,26,,9
200,200,27,,9
200,200,28,,9
200,200,29,,10
200,200,30,,10
200,200,31,,10
200,200,32,,10
200,200,33,,10
200,200,34,,10
200,200,35,,10
200,200,36,,11
200,200,37,,11
200,200,38,,11
200,200,39,,11
200,200,40,,11
200,200,41,,11
200,200,42,,12
200,200,43,,12
200,200,44,,12
200,200,45,,12
200,200,46,,12
200,200,47,,12
200,200,48,,12
200,200,49,0,13
200,200,50,0,13
200,200,51,0,13
200,200,52,0,13
200,200,53,0,13
200,200,54,0,13
200,200,55,0,13
200,200,56,0,14
200,200,57,0,14
200,200,58,0,14
200,200,59,0,14
200,200,60,0,14
200,200,61,0,14
200,200,62,0,15
200,200,63,0,15
200,200,64,0,15
200,200,65,1,15
200,200,66,1,15
200,200,67,1,15
200,200,68,1,15
200,200,69,1,16
200,200,70,1,16
200,200,71,1,16
200,200,72,1,16
200,200,73,1,16
200,200,74,1,16
200,200,75,1,16
200,200,76,1,17
200,200,77,1,17
200,200,78,1,17
200,200,79,1,17
200,200,80,2,17
200,200,81,2,17
200,200,82,2,17
200,200,83,2,18
200,200,84,2,18
200,200,85,2,18
200,200,86,2,18
200,200,87,2,18
200,200,88,2,18
200,200,89,2,18
200,200,90,2,18
200,200,91,2,19
200,200,92,2,19
200,200,93,2,19
200,200,94,2,19
200,200,95,3,19
200,200,96,3,19
200,200,97,3,19
200,200,98,3,20
200,200,99,3,20
200,200,100,3,20
200,200,101,3,20
200,200,102,3,20
200,200,103,3,20
200,200,104,3,20
200,200,105,3,21
200,200,106,3,21
200,200,107,3,21
200,200,108,3,21
200,200,109,3,21
200,200,110,4,21
200,200,111,4,21
200,200,112,4,22
200,200,113,4,22
200,200,114,4,22
200,200,115,4,22
200,200,116,4,22
200,200,117,4,22
200,200,118,4,22
200,200,119,4,22
200,200,120,4,23
200,200,121,4,23
200,200,122,4,23
200,200,123,4,23
200,200,124,4,23
200,200,125,5,23
200,200,126,5,23
200,200,127,5,24
200,200,128,5,24
200,200,129,5,24
200,200,130,5,24
200,200,131,5,24
200,200,132,5,24
200,200,133,5,24
200,200,134,5,25
200,200,135,5,25
200,200,136,5,25
200,200,137,5,25
200,200,138,5,25
200,200,139,6,25
200,200,140,6,25
200,200,141,6,25
200,200,142,6,26
200,200,143,6,26
200,200,144,6,26
200,200,145,6,26
200,200,146,6,26
200,200,147,6,26
200,200,148,6,26
200,200,149,6,27
200,200,150,6,27
200,200,151,6,27
200,200,152,6,27
200,200,153,7,27
200,200,154,7,27
200,200,155,7,27
200,200,156,7,27
200,200,157,7,28
200,200,158,7,28
200,200,159,7,28
200,200,160,7,28
200,200,161,7,28
200,200,162,7,28
200,200,163,7,28
200,200,164,7,29
200,200,165,7,29
200,200,166,7,29
200,200,167,8,29
200,200,168,8,29
200,200,169,8,29
200,200,170,8,29
200,200,171,8,29
200,200,172,8,30
200,200,173,8,30
200,200,174,8,30
200,200,175,8,30
200,200,176,8,30
200,200,177,8,30
200,200,178,8,30
200,200,179,8,30
200,200,180,9,31
200,200,181,9,31
200,200,182,9,31
200,200,183,9,31
200,200,184,9,31
200,200,185,9,31
200,200,186,9,31
200,200,187,9,32
200,200,188,9,32
200,200,189,9,32
200,200,190,9,32
200,200,191,9,32
200,200,192,9,32
200,200,193,9,32
200,200,194,10,32
200,200,195,10,33
200,200,196,10,33
200,200,197,10,33
200,200,198,10,33
200,200,199,10,33
200,200,200,10,33
200,400,1,,
200,400,2,,
200,400,3,,
200,400,4,,
200,400,5,,
200,400,6,,6
200,400,7,,6
200,400,8,,6
200,400,9,,6
200,400,10,,7
200,400,11,,7
200,400,12,,7
200,400,13,,7
200,400,14,,7
200,400,15,,7
200,400,16,,8
200,400,17,,8
200,400,18,,8
200,400,19,,8
200,400,20,,8
200,400,21,,8
200,400,22,,8
200,400,23,,9
200,400,24,,9
200,400,25,,9
200,400,26,,9
200,400,27,,9
200,400,28,,9
200,400,29,,10
200,400,30,,10
200,400,31,,10
200,400,32,,10
200,400,33,,10
200,400,34,,10
200,400,35,,10
200,400,36,,11
200,400,37,,11
200,400,38,,11
200,400,39,,11
200,400,40,,11
200,400,41,,11
200,400,42,,12
200,400,43,,12
200,400,44,,12
200,400,45,,12
200,400,46,,12
200,400,47,,12
200,400,48,,12
200,400,49,0,13
200,400,50,0,13
200,400,51,0,13
200,400,52,0,13
200,400,53,0,13
200,400,54,0,13
200,400,55,0,13
200,400,56,0,14
200,400,57,0,14
200,400,58,0,14
200,400,59,0,14
200,400,60,0,14
200,400,61,0,14
200,400,62,0,15
200,400,63,0,15
200,400,64,0,15
200,400,65,1,15
200,400,66,1,15
200,400,67,1,15
200,400,68,1,15
200,400,69,1,16
200,400,70,1,16
200,400,71,1,16
200,400,72,1,16
200,400,73,1,16
200,400,74,1,16
200,400,75,1,16
200,400,76,1,17
200,400,77,1,17
200,400,78,1,17
200,400,79,1,17
200,400,80,2,17
200,400,81,2,17
200,400,82,2,17
200,400,83,2,18
200,400,84,2,18
200,400,85,2,18
200,400,86,2,18
200,400,87,2,18
200,400,88,2,18
200,400,89,2,18
200,400,90,2,18
200,400,91,2,19
200,400,92,2,19
200,400,93,2,19
200,400,94,2,19
200,400,95,3,19
200,400,96,3,19
200,400,97,3,19
200,400,98,3,20
200,400,99,3,20
200,400,100,3,20
200,400,101,3,20
200,400,102,3,20
200,400,103,3,20
200,400,104,3,20
200,400,105,3,21
200,400,106,3,21
200,400,107,3,21
200,400,108,3,21
200,400,109,3,21
200,400,110,4,21
200,400,111,4,21
200,400,112,4,22
200,400,113,4,22
200,400,114,4,22
200,400,115,4,22
200,400,116,4,22
200,400,117,4,22
200,400,118,4,22
200,400,119,4,22
200,400,120,4,23
200,400,121,4,23
200,400,122,4,23
200,400,123,4,23
200,400,124,4,23
200,400,125,5,23
200,400,126,5,23
200,400,127,5,24
200,400,128,5,24
200,400,129,5,24
200,400,130,5,24
200,400,131,5,24
200,400,132,5,24
200,400,133,5,24
200,400,134,5,25
200,400,135,5,25
200,400,136,5,25
200,400,137,5,25
200,400,138,5,25
200,400,139,6,25
200,400,140,6,25
200,400,141,6,25
200,400,142,6,26
200,400,143,6,26
200,400,144,6,26
200,400,145,6,26
200,400,146,6,26
200,400,147,6,26
200,400,148,6,26
200,400,149,6,27
200,400,150,6,27
200,400,151,6,27
200,400,152,6,27
200,400,153,7,27
200,400,154,7,27
200,400,155,7,27
200,400,156,7,27
200,400,157,7,28
200,400,158,7,28
200,400,159,7,28
200,400,160,7,28
200,400,161,7,28
200,400,162,7,28
200,400,163,7,28
200,400,164,7,29
200,400,165,7,29
200,400,166,7,29
200,400,167,8,29
200,400,168,8,29
200,400,169,8,29
200,400,170,8,29
200,400,171,8,29
200,400,172,8,30
200,400,173,8,30
200,400,174,8,30
200,400,175,8,30
200,400,176,8,30
200,400,177,8,30
200,400,178,8,30
200,400,179,8,30
200,400,180,9,31
200,400,181,9,31
200,400,182,9,31
200,400,183,9,31
200,400,184,9,31
200,400,185,9,31
200,400,186,9,31
200,400,187,9,32
200,400,188,9,32
200,400,189,9,32
200,400,190,9,32
200,400,191,9,32
200,400,192,9,32
200,400,193,9,32
200,400,194,10,32
200,400,195,10,33
200,400,196,10,33
200,400,197,10,33
200,400,198,10,33
200,400,199,10,33
200,400,200,10,33
200,400,201,10,33
200,400,202,10,33
200,400,203,10,34
200,400,204,10,34
200,400,205,10,34
200,400,206,10,34
200,400,207,11,34
200,400,208,11,34
200,400,209,11,34
200,400,210,11,35
200,400,211,11,35
200,400,212,11,35
200,400,213,11,35
200,400,214,11,35
200,400,215,11,35
200,400,216,11,35
200,400,217,11,35
200,400,218,11,36
200,400,219,11,36
200,400,220,11,36
200,400,221,12,36
200,400,222,12,36
200,400,223,12,36
200,400,224,12,36
200,400,225,12,36
200,400,226,12,37
200,400,227,12,37
200,400,228,12,37
200,400,229,12,37
200,400,230,12,37
200,400,231,12,37
200,400,232,12,37
200,400,233,12,37
200,400,234,13,38
200,400,235,13,38
200,400,236,13,38
200,400,237,13,38
200,400,238,13,38
200,400,239,13,38
200,400,240,13,38
200,400,241,13,38
200,400,242,13,39
200,400,243,13,39
200,400,244,13,39
200,400,245,13,39
200,400,246,13,39
200,400,247,14,39
200,400,248,14,39
200,400,249,14,39
200,400,250,14,40
200,400,251,14,40
200,400,252,14,40
200,400,253,14,40
200,400,254,14,40
200,400,255,14,40
200,400,256,14,40
200,400,257,14,41
200,400,258,14,41
200,400,259,14,41
200,400,260,15,41
200,400,261,15,41
200,400,262,15,41
200,400,263,15,41
200,400,264,15,41
200,400,265,15,42
200,400,266,15,42
200,400,267,15,42
200,400,268,15,42
200,400,269,15,42
200,400,270,15,42
200,400,271,15,42
200,400,272,15,42
200,400,273,16,43
200,400,274,16,43
200,400,275,16,43
200,400,276,16,43
200,400,277,16,43
200,400,278,16,43
200,400,279,16,43
200,400,280,16,43
200,400,281,16,44
200,400,282,16,44
200,400,283,16,44
200,400,284,16,44
200,400,285,16,44
200,400,286,17,44
200,400,287,17,44
200,400,288,17,44
200,400,289,17,45
200,400,290,17,45
200,400,291,17,45
200,400,292,17,45
200,400,293,17,45
200,400,294,17,45
200,400,295,17,45
200,400,296,17,45
200,400,297,17,46
200,400,298,17,46
200,400,299,18,46
200,400,300,18,46
200,400,301,18,46
200,400,302,18,46
200,400,303,18,46
200,400,304,18,46
200,400,305,18,47
200,400,306,18,47
200,400,307,18,47
200,400,308,18,47
200,400,309,18,47
200,400,310,18,47
200,400,311,18,47
200,400,312,19,47
200,400,313,19,48
200,400,314,19,48
200,400,315,19,48
200,400,316,19,48
200,400,317,19,48
200,400,318,19,48
200,400,319,19,48
200,400,320,19,48
200,400,321,19,49
200,400,322,19,49
200,400,323,19,49
200,400,324,19,49
200,400,325,20,49
200,400,326,20,49
200,400,327,20,49
200,400,328,20,49
200,400,329,20,50
200,400,330,20,50
200,400,331,20,50
200,400,332,20,50
200,400,333,20,50
200,400,334,20,50
200,400,335,20,50
200,400,336,20,50
200,400,337,20,51
200,400,338,21,51
200,400,339,21,51
200,400,340,21,51
200,400,341,21,51
200,400,342,21,51
200,400,343,21,51
200,400,344,21,51
200,400,345,21,52
200,400,346,21,52
200,400,347,21,52
200,400,348,21,52
200,400,349,21,52
200,400,350,22,52
200,400,351,22,52
200,400,352,22,52
200,400,353,22,53
200,400,354,22,53
200,400,355,22,53
200,400,356,22,53
200,400,357,22,53
200,400,358,22,53
200,400,359,22,53
200,400,360,22,53
200,400,361,22,53
200,400,362,22,54
200,400,363,23,54
200,400,364,23,54
200,400,365,23,54
200,400,366,23,54
200,400,367,23,54
200,400,368,23,54
200,400,369,23,54
200,400,370,23,55
200,400,371,23,55
200,400,372,23,55
200,400,373,23,55
200,400,374,23,55
200,400,375,23,55
200,400,376,24,55
200,400,377,24,55
200,400,378,24,56
200,400,379,24,56
200,400,380,24,56
200,400,381,24,56
200,400,382,24,56
200,400,383,24,56
200,400,384,24,56
200,400,385,24,56
200,400,386,24,57
200,400,387,24,57
200,400,388,25,57
200,400,389,25,57
200,400,390,25,57
200,400,391,25,57
200,400,392,25,57
200,400,393,25,57
200,400,394,25,58
200,400,395,25,58
200,400,396,25,58
200,400,397,25,58
200,400,398,25,58
200,400,399,25,58
200,400,400,25,58
200,800,1,,
200,800,2,,
200,800,3,,
200,800,4,,
200,800,5,,
200,800,6,,6
200,800,7,,6
200,800,8,,6
200,800,9,,6
200,800,10,,7
200,800,11,,7
200,800,12,,7
200,800,13,,7
200,800,14,,7
200,800,15,,7
200,800,16,,8
200,800,17,,8
200,800,18,,8
200,800,19,,8
200,800,20,,8
200,800,21,,8
200,800,22,,8
200,800,23,,9
200,800,24,,9
200,800,25,,9
200,800,26,,9
200,800,27,,9
200,800,28,,9
200,800,29,,10
200,800,30,,10
200,800,31,,10
200,800,32,,10
200,800,33,,10
200,800,34,,10
200,800,35,,10
200,800,36,,11
200,800,37,,11
200,800,38,,11
200,800,39,,11
200,800,40,,11
200,800,41,,11
200,800,42,,12
200,800,43,,12
200,800,44,,12
200,800,45,,12
200,800,46,,12
200,800,47,,12
200,800,48,,12
200,800,49,0,13
200,800,50,0,13
200,800,51,0,13
200,800,52,0,13
200,800,53,0,13
200,800,54,0,13
200,800,55,0,13
200,800,56,0,14
200,800,57,0,14
200,800,58,0,14
200,800,59,0,14
200,800,60,0,14
200,800,61,0,14
200,800,62,0,15
200,800,63,0,15
200,800,64,0,15
200,800,65,1,15
200,800,66,1,15
200,800,67,1,15
200,800,68,1,15
200,800,69,1,16
200,800,70,1,16
200,800,71,1,16
200,800,72,1,16
200,800,73,1,16
200,800,74,1,16
200,800,75,1,16
200,800,76,1,17
200,800,77,1,17
200,800,78,1,17
200,800,79,1,17
200,800,80,2,17
200,800,81,2,17
200,800,82,2,17
200,800,83,2,18
200,800,84,2,18
200,800,85,2,18
200,800,86,2,18
200,800,87,2,18
200,800,88,2,18
200,800,89,2,18
200,800,90,2,18
200,800,91,2,19
200,800,92,2,19
200,800,93,2,19
200,800,94,2,19
200,800,95,3,19
200,800,96,3,19
200,800,97,3,19
200,800,98,3,20
200,800,99,3,20
200,800,100,3,20
200,800,101,3,20
200,800,102,3,20
200,800,103,3,20
200,800,104,3,20
200,800,105,3,21
200,800,106,3,21
200,800,107,3,21
200,800,108,3,21
200,800,109,3,21
200,800,110,4,21
200,800,111,4,21
200,800,112,4,22
200,800,113,4,22
200,800,114,4,22
200,800,115,4,22
200,800,116,4,22
200,800,117,4,22
200,800,118,4,22
200,800,119,4,22
200,800,120,4,23
200,800,121,4,23
200,800,122,4,23
200,800,123,4,23
200,800,124,4,23
200,800,125,5,23
200,800,126,5,23
200,800,127,5,24
200,800,128,5,24
200,800,129,5,24
200,800,130,5,24
200,800,131,5,24
200,800,132,5,24
200,800,133,5,24
200,800,134,5,25
200,800,135,5,25
200,800,136,5,25
200,800,137,5,25
200,800,138,5,25
200,800,139,6,25
200,800,140,6,25
200,800,141,6,25
200,800,142,6,26
200,800,143,6,26
200,800,144,6,26
200,800,145,6,26
200,800,146,6,26
200,800,147,6,26
200,800,148,6,26
200,800,149,6,27
200,800,150,6,27
200,800,151,6,27
200,800,152,6,27
200,800,153,7,27
200,800,154,7,27
200,800,155,7,27
200,800,156,7,27
200,800,157,7,28
200,800,158,7,28
200,800,159,7,28
200,800,160,7,28
200,800,161,7,28
200,800,162,7,28
200,800,163,7,28
200,800,164,7,29
200,800,165,7,29
200,800,166,7,29
200,800,167,8,29
200,800,168,8,29
200,800,169,8,29
200,800,170,8,29
200,800,171,8,29
200,800,172,8,30
200,800,173,8,30
200,800,174,8,30
200,800,175,8,30
200,800,176,8,30
200,800,177,8,30
200,800,178,8,30
200,800,179,8,30
200,800,180,9,31
200,800,181,9,31
200,800,182,9,31
200,800,183,9,31
200,800,184,9,31
200,800,185,9,31
200,800,186,9,31
200,800,187,9,32
200,800,188,9,32
200,800,189,9,32
200,800,190,9,32
200,800,191,9,32
200,800,192,9,32
200,800,193,9,32
200,800,194,10,32
200,800,195,10,33
200,800,196,10,33
200,800,197,10,33
200,800,198,10,33
200,800,199,10,33
200,800,200,10,33
200,800,201,10,33
200,800,202,10,33
200,800,203,10,34
200,800,204,10,34
200,800,205,10,34
200,800,206,10,34
200,800,207,11,34
200,800,208,11,34
200,800,209,11,34
200,800,210,11,35
200,800,211,11,35
200,800,212,11,35
200,800,213,11,35
200,800,214,11,35
200,800,215,11,35
200,800,216,11,35
200,800,217,11,35
200,800,218,11,36
200,800,219,11,36
200,800,220,11,36
200,800,221,12,36
200,800,222,12,36
200,800,223,12,36
200,800,224,12,36
200,800,225,12,36
200,800,226,12,37
200,800,227,12,37
200,800,228,12,37
200,800,229,12,37
200,800,230,12,37
200,800,231,12,37
200,800,232,12,37
200,800,233,12,37
200,800,234,13,38
200,800,235,13,38
200,800,236,13,38
200,800,237,13,38
200,800,238,13,38
200,800,239,13,38
200,800,240,13,38
200,800,241,13,38
200,800,242,13,39
200,800,243,13,39
200,800,244,13,39
200,800,245,13,39
200,800,246,13,39
200,800,247,14,39
200,800,248,14,39
200,800,249,14,39
200,800,250,14,40
200,800,251,14,40
200,800,252,14,40
200,800,253,14,40
200,800,254,14,40
200,800,255,14,40
200,800,256,14,40
200,800,257,14,41
200,800,258,14,41
200,800,259,14,41
200,800,260,15,41
200,800,261,15,41
200,800,262,15,41
200,800,263,15,41
200,800,264,15,41
200,800,265,15,42
200,800,266,15,42
200,800,267,15,42
200,800,268,15,42
200,800,269,15,42
200,800,270,15,42
200,800,271,15,42
200,800,272,15,42
200,800,273,16,43
200,800,274,16,43
200,800,275,16,43
200,800,276,16,43
200,800,277,16,43
200,800,278,16,43
200,800,279,16,43
200,800,280,16,43
200,800,281,16,44
200,800,282,16,44
200,800,283,16,44
200,800,284,16,44
200,800,285,16,44
200,800,286,17,44
200,800,287,17,44
200,800,288,17,44
200,800,289,17,45
200,800,290,17,45
200,800,291,17,45
200,800,292,17,45
200,800,293,17,45
200,800,294,17,45
200,800,295,17,45
200,800,296,17,45
200,800,297,17,46
200,800,298,17,46
200,800,299,18,46
200,800,300,18,46
200,800,301,18,46
200,800,302,18,46
200,800,303,18,46
200,800,304,18,46
200,800,305,18,47
200,800,306,18,47
200,800,307,18,47
200,800,308,18,47
200,800,309,18,47
200,800,310,18,47
200,800,311,18,47
200,800,312,19,47
200,800,313,19,48
200,800,314,19,48
200,800,315,19,48
200,800,316,19,48
200,800,317,19,48
200,800,318,19,48
200,800,319,19,48
200,800,320,19,48
200,800,321,19,49
200,800,322,19,49
200,800,323,19,49
200,800,324,19,49
200,800,325,20,49
200,800,326,20,49
200,800,327,20,49
200,800,328,20,49
200,800,329,20,50
200,800,330,20,50
200,800,331,20,50
200,800,332,20,50
200,800,333,20,50
200,800,334,20,50
200,800,335,20,50
200,800,336,20,50
200,800,337,20,51
200,800,338,21,51
200,800,339,21,51
200,800,340,21,51
200,800,341,21,51
200,800,342,21,51
200,800,343,21,51
200,800,344,21,51
200,800,345,21,52
200,800,346,21,52
200,800,347,21,52
200,800,348,21,52
200,800,349,21,52
200,800,350,22,52
200,800,351,22,52
200,800,352,22,52
200,800,353,22,53
200,800,354,22,53
200,800,355,22,53
200,800,356,22,53
200,800,357,22,53
200,800,358,22,53
200,800,359,22,53
200,800,360,22,53
200,800,361,22,53
200,800,362,22,54
200,800,363,23,54
200,800,364,23,54
200,800,365,23,54
200,800,366,23,54
200,800,367,23,54
200,800,368,23,54
200,800,369,23,54
200,800,370,23,55
200,800,371,23,55
200,800,372,23,55
200,800,373,23,55
200,800,374,23,55
200,800,375,23,55
200,800,376,24,55
200,800,377,24,55
200,800,378,24,56
200,800,379,24,56
200,800,380,24,56
200,800,381,24,56
200,800,382,24,56
200,800,383,24,56
200,800,384,24,56
200,800,385,24,56
200,800,386,24,57
200,800,387,24,57
200,800,388,25,57
200,800,389,25,57
200,800,390,25,57
200,800,391,25,57
200,800,392,25,57
200,800,393,25,57
200,800,394,25,58
200,800,395,25,58
200,800,396,25,58
200,800,397,25,58
200,800,398,25,58
200,800,399,25,58
200,800,400,25,58
200,800,401,26,58
200,800,402,26,59
200,800,403,26,59
200,800,404,26,59
200,800,405,26,59
200,800,406,26,59
200,800,407,26,59
200,800,408,26,59
200,800,409,26,59
200,800,410,26,60
200,800,411,26,60
200,800,412,26,60
200,800,413,27,60
200,800,414,27,60
200,800,415,27,60
200,800,416,27,60
200,800,417,27,60
200,800,418,27,60
200,800,419,27,61
200,800,420,27,61
200,800,421,27,61
200,800,422,27,61
200,800,423,27,61
200,800,424,27,61
200,800,425,28,61
200,800,426,28,61
200,800,427,28,62
200,800,428,28,62
200,800,429,28,62
200,800,430,28,62
200,800,431,28,62
200,800,432,28,62
200,800,433,28,62
200,800,434,28,62
200,800,435,28,63
200,800,436,28,63
200,800,437,28,63
200,800,438,29,63
200,800,439,29,63
200,800,440,29,63
200,800,441,29,63
200,800,442,29,63
200,800,443,29,64
200,800,444,29,64
200,800,445,29,64
200,800,446,29,64
200,800,447,29,64
200,800,448,29,64
200,800,449,29,64
200,800,450,30,64
200,800,451,30,64
200,800,452,30,65
200,800,453,30,65
200,800,454,30,65
200,800,455,30,65
200,800,456,30,65
200,800,457,30,65
200,800,458,30,65
200,800,459,30,65
200,800,460,30,66
200,800,461,30,66
200,800,462,30,66
200,800,463,31,66
200,800,464,31,66
200,800,465,31,66
200,800,466,31,66
200,800,467,31,66
200,800,468,31,67
200,800,469,31,67
200,800,470,31,67
200,800,471,31,67
200,800,472,31,67
200,800,473,31,67
200,800,474,31,67
200,800,475,32,67
200,800,476,32,68
200,800,477,32,68
200,800,478,32,68
200,800,479,32,68
200,800,480,32,68
200,800,481,32,68
200,800,482,32,68
200,800,483,32,68
200,800,484,32,68
200,800,485,32,69
200,800,486,32,69
200,800,487,33,69
200,800,488,33,69
200,800,489,33,69
200,800,490,33,69
200,800,491,33,69
200,800,492,33,69
200,800,493,33,70
200,800,494,33,70
200,800,495,33,70
200,800,496,33,70
200,800,497,33,70
200,800,498,33,70
200,800,499,34,70
200,800,500,34,70
200,800,501,34,71
200,800,502,34,71
200,800,503,34,71
200,800,504,34,71
200,800,505,34,71
200,800,506,34,71
200,800,507,34,71
200,800,508,34,71
200,800,509,34,71
200,800,510,34,72
200,800,511,34,72
200,800,512,35,72
200,800,513,35,72
200,800,514,35,72
200,800,515,35,72
200,800,516,35,72
200,800,517,35,72
200,800,518,35,73
200,800,519,35,73
200,800,520,35,73
200,800,521,35,73
200,800,522,35,73
200,800,523,35,73
200,800,524,36,73
200,800,525,36,73
200,800,526,36,74
200,800,527,36,74
200,800,528,36,74
200,800,529,36,74
200,800,530,36,74
200,800,531,36,74
200,800,532,36,74
200,800,533,36,74
200,800,534,36,74
200,800,535,36,75
200,800,536,37,75
200,800,537,37,75
200,800,538,37,75
200,800,539,37,75
200,800,540,37,75
200,800,541,37,75
200,800,542,37,75
200,800,543,37,76
200,800,544,37,76
200,800,545,37,76
200,800,546,37,76
200,800,547,37,76
200,800,548,38,76
200,800,549,38,76
200,800,550,38,76
200,800,551,38,77
200,800,552,38,77
200,800,553,38,77
200,800,554,38,77
200,800,555,38,77
200,800,556,38,77
200,800,557,38,77
200,800,558,38,77
200,800,559,38,77
200,800,560,39,78
200,800,561,39,78
200,800,562,39,78
200,800,563,39,78
200,800,564,39,78
200,800,565,39,78
200,800,566,39,78
200,800,567,39,78
200,800,568,39,79
200,800,569,39,79
200,800,570,39,79
200,800,571,39,79
200,800,572,40,79
200,800,573,40,79
200,800,574,40,79
200,800,575,40,79
200,800,576,40,79
200,800,577,40,80
200,800,578,40,80
200,800,579,40,80
200,800,580,40,80
200,800,581,40,80
200,800,582,40,80
200,800,583,40,80
200,800,584,41,80
200,800,585,41,81
200,800,586,41,81
200,800,587,41,81
200,800,588,41,81
200,800,589,41,81
200,800,590,41,81
200,800,591,41,81
200,800,592,41,81
200,800,593,41,82
200,800,594,41,82
200,800,595,41,82
200,800,596,42,82
200,800,597,42,82
200,800,598,42,82
200,800,599,42,82
200,800,600,42,82
200,800,601,42,82
200,800,602,42,83
200,800,603,42,83
200,800,604,42,83
200,800,605,42,83
200,800,606,42,83
200,800,607,42,83
200,800,608,43,83
200,800,609,43,83
200,800,610,43,84
200,800,611,43,84
200,800,612,43,84
200,800,613,43,84
200,800,614,43,84
200,800,615,43,84
200,800,616,43,84
200,800,617,43,84
200,800,618,43,84
200,800,619,43,85
200,800,620,44,85
200,800,621,44,85
200,800,622,44,85
200,800,623,44,85
200,800,624,44,85
200,800,625,44,85
200,800,626,44,85
200,800,627,44,86
200,800,628,44,86
200,800,629,44,86
200,800,630,44,86
200,800,631,44,86
200,800,632,45,86
200,800,633,45,86
200,800,634,45,86
200,800,635,45,86
200,800,636,45,87
200,800,637,45,87
200,800,638,45,87
200,800,639,45,87
200,800,640,45,87
200,800,641,45,87
200,800,642,45,87
200,800,643,45,87
200,800,644,46,88
200,800,645,46,88
200,800,646,46,88
200,800,647,46,88
200,800,648,46,88
200,800,649,46,88
200,800,650,46,88
200,800,651,46,88
200,800,652,46,89
200,800,653,46,89
200,800,654,46,89
200,800,655,46,89
200,800,656,47,89
200,800,657,47,89
200,800,658,47,89
200,800,659,47,89
200,800,660,47,89
200,800,661,47,90
200,800,662,47,90
200,800,663,47,90
200,800,664,47,90
200,800,665,47,90
200,800,666,47,90
200,800,667,47,90
200,800,668,48,90
200,800,669,48,91
200,800,670,48,91
200,800,671,48,91
200,800,672,48,91
200,800,673,48,91
200,800,674,48,91
200,800,675,48,91
200,800,676,48,91
200,800,677,48,91
200,800,678,48,92
200,800,679,48,92
200,800,680,49,92
200,800,681,49,92
200,800,682,49,92
200,800,683,49,92
200,800,684,49,92
200,800,685,49,92
200,800,686,49,93
200,800,687,49,93
200,800,688,49,93
200,800,689,49,93
200,800,690,49,93
200,800,691,49,93
200,800,692,50,93
200,800,693,50,93
200,800,694,50,93
200,800,695,50,94
200,800,696,50,94
200,800,697,50,94
200,800,698,50,94
200,800,699,50,94
200,800,700,50,94
200,800,701,50,94
200,800,702,50,94
200,800,703,50,95
200,800,704,51,95
200,800,705,51,95
200,800,706,51,95
200,800,707,51,95
200,800,708,51,95
200,800,709,51,95
200,800,710,51,95
200,800,711,51,95
200,800,712,51,96
200,800,713,51,96
200,800,714,51,96
200,800,715,51,96
200,800,716,52,96
200,800,717,52,96
200,800,718,52,96
200,800,719,52,96
200,800,720,52,97
200,800,721,52,97
200,800,722,52,97
200,800,723,52,97
200,800,724,52,97
200,800,725,52,97
200,800,726,52,97
200,800,727,52,97
200,800,728,53,97
200,800,729,53,98
200,800,730,53,98
200,800,731,53,98
200,800,732,53,98
200,800,733,53,98
200,800,734,53,98
200,800,735,53,98
200,800,736,53,98
200,800,737,53,98
200,800,738,53,99
200,800,739,53,99
200,800,740,54,99
200,800,741,54,99
200,800,742,54,99
200,800,743,54,99
200,800,744,54,99
200,800,745,54,99
200,800,746,54,100
200,800,747,54,100
200,800,748,54,100
200,800,749,54,100
200,800,750,54,100
200,800,751,54,100
200,800,752,55,100
200,800,753,55,100
200,800,754,55,100
200,800,755,55,101
200,800,756,55,101
200,800,757,55,101
200,800,758,55,101
200,800,759,55,101
200,800,760,55,101
200,800,761,55,101
200,800,762,55,101
200,800,763,56,102
200,800,764,56,102
200,800,765,56,102
200,800,766,56,102
200,800,767,56,102
200,800,768,56,102
200,800,769,56,102
200,800,770,56,102
200,800,771,56,102
200,800,772,56,103
200,800,773,56,103
200,800,774,56,103
200,800,775,57,103
200,800,776,57,103
200,800,777,57,103
200,800,778,57,103
200,800,779,57,103
200,800,780,57,104
200,800,781,57,104
200,800,782,57,104
200,800,783,57,104
200,800,784,57,104
200,800,785,57,104
200,800,786,57,104
200,800,787,58,104
200,800,788,58,104
200,800,789,58,105
200,800,790,58,105
200,800,791,58,105
200,800,792,58,105
200,800,793,58,105
200,800,794,58,105
200,800,795,58,105
200,800,796,58,105
200,800,797,58,106
200,800,798,58,106
200,800,799,59,106
200,800,800,59,106
200,1600,1,,
200,1600,2,,
200,1600,3,,
200,1600,4,,
200,1600,5,,
200,1600,6,,6
200,1600,7,,6
200,1600,8,,6
200,1600,9,,6
200,1600,10,,7
200,1600,11,,7
200,1600,12,,7
200,1600,13,,7
200,1600,14,,7
200,1600,15,,7
200,1600,16,,8
200,1600,17,,8
200,1600,18,,8
200,1600,19,,8
200,1600,20,,8
200,1600,21,,8
200,1600,22,,8
200,1600,23,,9
200,1600,24,,9
200,1600,25,,9
200,1600,26,,9
200,1600,27,,9
200,1600,28,,9
200,1600,29,,10
200,1600,30,,10
200,1600,31,,10
200,1600,32,,10
200,1600,33,,10
200,1600,34,,10
200,1600,35,,10
200,1600,36,,11
200,1600,37,,11
200,1600,38,,11
200,1600,39,,11
200,1600,40,,11
200,1600,41,,11
200,1600,42,,12
200,1600,43,,12
200,1600,44,,12
200,1600,45,,12
200,1600,46,,12
200,1600,47,,12
200,1600,48,,12
200,1600,49,0,13
200,1600,50,0,13
200,1600,51,0,13
200,1600,52,0,13
200,1600,53,0,13
200,1600,54,0,13
200,1600,55,0,13
200,1600,56,0,14
200,1600,57,0,14
200,1600,58,0,14
200,1600,59,0,14
200,1600,60,0,14
200,1600,61,0,14
200,1600,62,0,15
200,1600,63,0,15
200,1600,64,0,15
200,1600,65,1,15
200,1600,66,1,15
200,1600,67,1,15
200,1600,68,1,15
200,1600,69,1,16
200,1600,70,1,16
200,1600,71,1,16
200,1600,72,1,16
200,1600,73,1,16
200,1600,74,1,16
200,1600,75,1,16
200,1600,76,1,17
200,1600,77,1,17
200,1600,78,1,17
200,1600,79,1,17
200,1600,80,2,17
200,1600,81,2,17
200,1600,82,2,17
200,1600,83,2,18
200,1600,84,2,18
200,1600,85,2,18
200,1600,86,2,18
200,1600,87,2,18
200,1600,88,2,18
200,1600,89,2,18
200,1600,90,2,18
200,1600,91,2,19
200,1600,92,2,19
200,1600,93,2,19
200,1600,94,2,19
200,1600,95,3,19
200,1600,96,3,19
200,1600,97,3,19
200,1600,98,3,20
200,1600,99,3,20
200,1600,100,3,20
200,1600,101,3,20
200,1600,102,3,20
200,1600,103,3,20
200,1600,104,3,20
200,1600,105,3,21
200,1600,106,3,21
200,1600,107,3,21
200,1600,108,3,21
200,1600,109,3,21
200,1600,110,4,21
200,1600,111,4,21
200,1600,112,4,22
200,1600,113,4,22
200,1600,114,4,22
200,1600,115,4,22
200,1600,116,4,22
200,1600,117,4,22
200,1600,118,4,22
200,1600,119,4,22
200,1600,120,4,23
200,1600,121,4,23
200,1600,122,4,23
200,1600,123,4,23
200,1600,124,4,23
200,1600,125,5,23
200,1600,126,5,23
200,1600,127,5,24
200,1600,128,5,24
200,1600,129,5,24
200,1600,130,5,24
200,1600,131,5,24
200,1600,132,5,24
200,1600,133,5,24
200,1600,134,5,25
200,1600,135,5,25
200,1600,136,5,25
200,1600,137,5,25
200,1600,138,5,25
200,1600,139,6,25
200,1600,140,6,25
200,1600,141,6,25
200,1600,142,6,26
200,1600,143,6,26
200,1600,144,6,26
200,1600,145,6,26
200,1600,146,6,26
200,1600,147,6,26
200,1600,148,6,26
200,1600,149,6,27
200,1600,150,6,27
200,1600,151,6,27
200,1600,152,6,27
200,1600,153,7,27
200,1600,154,7,27
200,1600,155,7,27
200,1600,156,7,27
200,1600,157,7,28
200,1600,158,7,28
200,1600,159,7,28
200,1600,160,7,28
200,1600,161,7,28
200,1600,162,7,28
200,1600,163,7,28
200,1600,164,7,29
200,1600,165,7,29
200,1600,166,7,29
200,1600,167,8,29
200,1600,168,8,29
200,1600,169,8,29
200,1600,170,8,29
200,1600,171,8,29
200,1600,172,8,30
200,1600,173,8,30
200,1600,174,8,30
200,1600,175,8,30
200,1600,176,8,30
200,1600,177,8,30
200,1600,178,8,30
200,1600,179,8,30
200,1600,180,9,31
200,1600,181,9,31
200,1600,182,9,31
200,1600,183,9,31
200,1600,184,9,31
200,1600,185,9,31
200,1600,186,9,31
200,1600,187,9,32
200,1600,188,9,32
200,1600,189,9,32
200,1600,190,9,32
200,1600,191,9,32
200,1600,192,9,32
200,1600,193,9,32
200,1600,194,10,32
200,1600,195,10,33
200,1600,196,10,33
200,1600,197,10,33
200,1600,198,10,33
200,1600,199,10,33
200,1600,200,10,33
200,1600,201,10,33
200,1600,202,10,33
200,1600,203,10,34
200,1600,204,10,34
200,1600,205,10,34
200,1600,206,10,34
200,1600,207,11,34
200,1600,208,11,34
200,1600,209,11,34
200,1600,210,11,35
200,1600,211,11,35
200,1600,212,11,35
200,1600,213,11,35
200,1600,214,11,35
200,1600,215,11,35
200,1600,216,11,35
200,1600,217,11,35
200,1600,218,11,36
200,1600,219,11,36
200,1600,220,11,36
200,1600,221,12,36
200,1600,222,12,36
200,1600,223,12,36
200,1600,224,12,36
200,1600,225,12,36
200,1600,226,12,37
200,1600,227,12,37
200,1600,228,12,37
200,1600,229,12,37
200,1600,230,12,37
200,1600,231,12,37
200,1600,232,12,37
200,1600,233,12,37
200,1600,234,13,38
200,1600,235,13,38
200,1600,236,13,38
200,1600,237,13,38
200,1600,238,13,38
200,1600,239,13,38
200,1600,240,13,38
200,1600,241,13,38
200,1600,242,13,39
200,1600,243,13,39
200,1600,244,13,39
200,1600,245,13,39
200,1600,246,13,39
200,1600,247,14,39
200,1600,248,14,39
200,1600,249,14,39
200,1600,250,14,40
200,1600,251,14,40
200,1600,252,14,40
200,1600,253,14,40
200,1600,254,14,40
200,1600,255,14,40
200,1600,256,14,40
200,1600,257,14,41
200,1600,258,14,41
200,1600,259,14,41
200,1600,260,15,41
200,1600,261,15,41
200,1600,262,15,41
200,1600,263,15,41
200,1600,264,15,41
200,1600,265,15,42
200,1600,266,15,42
200,1600,267,15,42
200,1600,268,15,42
200,1600,269,15,42
200,1600,270,15,42
200,1600,271,15,42
200,1600,272,15,42
200,1600,273,16,43
200,1600,274,16,43
200,1600,275,16,43
200,1600,276,16,43
200,1600,277,16,43
200,1600,278,16,43
200,1600,279,16,43
200,1600,280,16,43
200,1600,281,16,44
200,1600,282,16,44
200,1600,283,16,44
200,1600,284,16,44
200,1600,285,16,44
200,1600,286,17,44
200,1600,287,17,44
200,1600,288,17,44
200,1600,289,17,45
200,1600,290,17,45
200,1600,291,17,45
200,1600,292,17,45
200,1600,293,17,45
200,1600,294,17,45
200,1600,295,17,45
200,1600,296,17,45
200,1600,297,17,46
200,1600,298,17,46
200,1600,299,18,46
200,1600,300,18,46
200,1600,301,18,46
200,1600,302,18,46
200,1600,303,18,46
200,1600,304,18,46
200,1600,305,18,47
200,1600,306,18,47
200,1600,307,18,47
200,1600,308,18,47
200,1600,309,18,47
200,1600,310,18,47
200,1600,311,18,47
200,1600,312,19,47
200,1600,313,19,48
200,1600,314,19,48
200,1600,315,19,48
200,1600,316,19,48
200,1600,317,19,48
200,1600,318,19,48
200,1600,319,19,48
200,1600,320,19,48
200,1600,321,19,49
200,1600,322,19,49
200,1600,323,19,49
200,1600,324,19,49
200,1600,325,20,49
200,1600,326,20,49
200,1600,327,20,49
200,1600,328,20,49
200,1600,329,20,50
200,1600,330,20,50
200,1600,331,20,50
200,1600,332,20,50
200,1600,333,20,50
200,1600,334,20,50
200,1600,335,20,50
200,1600,336,20,50
200,1600,337,20,51
200,1600,338,21,51
200,1600,339,21,51
200,1600,340,21,51
200,1600,341,21,51
200,1600,342,21,51
200,1600,343,21,51
200,1600,344,21,51
200,1600,345,21,52
200,1600,346,21,52
200,1600,347,21,52
200,1600,348,21,52
200,1600,349,21,52
200,1600,350,22,52
200,1600,351,22,52
200,1600,352,22,52
200,1600,353,22,53
200,1600,354,22,53
200,1600,355,22,53
200,1600,356,22,53
200,1600,357,22,53
200,1600,358,22,53
200,1600,359,22,53
200,1600,360,22,53
200,1600,361,22,53
200,1600,362,22,54
200,1600,363,23,54
200,1600,364,23,54
200,1600,365,23,54
200,1600,366,23,54
200,1600,367,23,54
200,1600,368,23,54
200,1600,369,23,54
200,1600,370,23,55
200,1600,371,23,55
200,1600,372,23,55
200,1600,373,23,55
200,1600,374,23,55
200,1600,375,23,55
200,1600,376,24,55
200,1600,377,24,55
200,1600,378,24,56
200,1600,379,24,56
200,1600,380,24,56
200,1600,381,24,56
200,1600,382,24,56
200,1600,383,24,56
200,1600,384,24,56
200,1600,385,24,56
200,1600,386,24,57
200,1600,387,24,57
200,1600,388,25,57
200,1600,389,25,57
200,1600,390,25,57
200,1600,391,25,57
200,1600,392,25,57
200,1600,393,25,57
200,1600,394,25,58
200,1600,395,25,58
200,1600,396,25,58
200,1600,397,25,58
200,1600,398,25,58
200,1600,399,25,58
200,1600,400,25,58
200,1600,401,26,58
200,1600,402,26,59
200,1600,403,26,59
200,1600,404,26,59
200,1600,405,26,59
200,1600,406,26,59
200,1600,407,26,59
200,1600,408,26,59
200,1600,409,26,59
200,1600,410,26,60
200,1600,411,26,60
200,1600,412,26,60
200,1600,413,27,60
200,1600,414,27,60
200,1600,415,27,60
200,1600,416,27,60
200,1600,417,27,60
200,1600,418,27,60
200,1600,419,27,61
200,1600,420,27,61
200,1600,421,27,61
200,1600,422,27,61
200,1600,423,27,61
200,1600,424,27,61
200,1600,425,28,61
200,1600,426,28,61
200,1600,427,28,62
200,1600,428,28,62
200,1600,429,28,62
200,1600,430,28,62
200,1600,431,28,62
200,1600,432,28,62
200,1600,433,28,62
200,1600,434,28,62
200,1600,435,28,63
200,1600,436,28,63
200,1600,437,28,63
200,1600,438,29,63
200,1600,439,29,63
200,1600,440,29,63
200,1600,441,29,63
200,1600,442,29,63
200,1600,443,29,64
200,1600,444,29,64
200,1600,445,29,64
200,1600,446,29,64
200,1600,447,29,64
200,1600,448,29,64
200,1600,449,29,64
200,1600,450,30,64
200,1600,451,30,64
200,1600,452,30,65
200,1600,453,30,65
200,1600,454,30,65
200,1600,455,30,65
200,1600,456,30,65
200,1600,457,30,65
200,1600,458,30,65
200,1600,459,30,65
200,1600,460,30,66
200,1600,461,30,66
200,1600,462,30,66
200,1600,463,31,66
200,1600,464,31,66
200,1600,465,31,66
200,1600,466,31,66
200,1600,467,31,66
200,1600,468,31,67
200,1600,469,31,67
200,1600,470,31,67
200,1600,471,31,67
200,1600,472,31,67
200,1600,473,31,67
200,1600,474,31,67
200,1600,475,32,67
200,1600,476,32,68
200,1600,477,32,68
200,1600,478,32,68
200,1600,479,32,68
200,1600,480,32,68
200,1600,481,32,68
200,1600,482,32,68
200,1600,483,32,68
200,1600,484,32,68
200,1600,485,32,69
200,1600,486,32,69
200,1600,487,33,69
200,1600,488,33,69
200,1600,489,33,69
200,1600,490,33,69
200,1600,491,33,69
200,1600,492,33,69
200,1600,493,33,70
200,1600,494,33,70
200,1600,495,33,70
200,1600,496,33,70
200,1600,497,33,70
200,1600,498,33,70
200,1600,499,34,70
200,1600,500,34,70
200,1600,501,34,71
200,1600,502,34,71
200,1600,503,34,71
200,1600,504,34,71
200,1600,505,34,71
200,1600,506,34,71
200,1600,507,34,71
200,1600,508,34,71
200,1600,509,34,71
200,1600,510,34,72
200,1600,511,34,72
200,1600,512,35,72
200,1600,513,35,72
200,1600,514,35,72
200,1600,515,35,72
200,1600,516,35,72
200,1600,517,35,72
200,1600,518,35,73
200,1600,519,35,73
200,1600,520,35,73
200,1600,521,35,73
200,1600,522,35,73
200,1600,523,35,73
200,1600,524,36,73
200,1600,525,36,73
200,1600,526,36,74
200,1600,527,36,74
200,1600,528,36,74
200,1600,529,36,74
200,1600,530,36,74
200,1600,531,36,74
200,1600,532,36,74
200,1600,533,36,74
200,1600,534,36,74
200,1600,535,36,75
200,1600,536,37,75
200,1600,537,37,75
200,1600,538,37,75
200,1600,539,37,75
200,1600,540,37,75
200,1600,541,37,75
200,1600,542,37,75
200,1600,543,37,76
200,1600,544,37,76
200,1600,545,37,76
200,1600,546,37,76
200,1600,547,37,76
200,1600,548,38,76
200,1600,549,38,76
200,1600,550,38,76
200,1600,551,38,77
200,1600,552,38,77
200,1600,553,38,77
200,1600,554,38,77
200,1600,555,38,77
200,1600,556,38,77
200,1600,557,38,77
200,1600,558,38,77
200,1600,559,38,77
200,1600,560,39,78
200,1600,561,39,78
200,1600,562,39,78
200,1600,563,39,78
200,1600,564,39,78
200,1600,565,39,78
200,1600,566,39,78
200,1600,567,39,78
200,1600,568,39,79
200,1600,569,39,79
200,1600,570,39,79
200,1600,571,39,79
200,1600,572,40,79
200,1600,573,40,79
200,1600,574,40,79
200,1600,575,40,79
200,1600,576,40,79
200,1600,577,40,80
200,1600,578,40,80
200,1600,579,40,80
200,1600,580,40,80
200,1600,581,40,80
200,1600,582,40,80
200,1600,583,40,80
200,1600,584,41,80
200,1600,585,41,81
200,1600,586,41,81
200,1600,587,41,81
200,1600,588,41,81
200,1600,589,41,81
200,1600,590,41,81
200,1600,591,41,81
200,1600,592,41,81
200,1600,593,41,82
200,1600,594,41,82
200,1600,595,41,82
200,1600,596,42,82
200,1600,597,42,82
200,1600,598,42,82
200,1600,599,42,82
200,1600,600,42,82
200,1600,601,42,82
200,1600,602,42,83
200,1600,603,42,83
200,1600,604,42,83
200,1600,605,42,83
200,1600,606,42,83
200,1600,607,42,83
200,1600,608,43,83
200,1600,609,43,83
200,1600,610,43,84
200,1600,611,43,84
200,1600,612,43,84
200,1600,613,43,84
200,1600,614,43,84
200,1600,615,43,84
200,1600,616,43,84
200,1600,617,43,84
200,1600,618,43,84
200,1600,619,43,85
200,1600,620,44,85
200,1600,621,44,85
200,1600,622,44,85
200,1600,623,44,85
200,1600,624,44,85
200,1600,625,44,85
200,1600,626,44,85
200,1600,627,44,86
200,1600,628,44,86
200,1600,629,44,86
200,1600,630,44,86
200,1600,631,44,86
200,1600,632,45,86
200,1600,633,45,86
200,1600,634,45,86
200,1600,635,45,86
200,1600,636,45,87
200,1600,637,45,87
200,1600,638,45,87
200,1600,639,45,87
200,1600,640,45,87
200,1600,641,45,87
200,1600,642,45,87
200,1600,643,45,87
200,1600,644,46,88
200,1600,645,46,88
200,1600,646,46,88
200,1600,647,46,88
200,1600,648,46,88
200,1600,649,46,88
200,1600,650,46,88
200,1600,651,46,88
200,1600,652,46,89
200,1600,653,46,89
200,1600,654,46,89
200,1600,655,46,89
200,1600,656,47,89
200,1600,657,47,89
200,1600,658,47,89
200,1600,659,47,89
200,1600,660,47,89
200,1600,661,47,90
200,1600,662,47,90
200,1600,663,47,90
200,1600,664,47,90
200,1600,665,47,90
200,1600,666,47,90
200,1600,667,47,90
200,1600,668,48,90
200,1600,669,48,91
200,1600,670,48,91
200,1600,671,48,91
200,1600,672,48,91
200,1600,673,48,91
200,1600,674,48,91
200,1600,675,48,91
200,1600,676,48,91
200,1600,677,48,91
200,1600,678,48,92
200,1600,679,48,92
200,1600,680,49,92
200,1600,681,49,92
200,1600,682,49,92
200,1600,683,49,92
200,1600,684,49,92
200,1600,685,49,92
200,1600,686,49,93
200,1600,687,49,93
200,1600,688,49,93
200,1600,689,49,93
200,1600,690,49,93
200,1600,691,49,93
200,1600,692,50,93
200,1600,693,50,93
200,1600,694,50,93
200,1600,695,50,94
200,1600,696,50,94
200,1600,697,50,94
200,1600,698,50,94
200,1600,699,50,94
200,1600,700,50,94
200,1600,701,50,94
200,1600,702,50,94
200,1600,703,50,95
200,1600,704,51,95
200,1600,705,51,95
200,1600,706,51,95
200,1600,707,51,95
200,1600,708,51,95
200,1600,709,51,95
200,1600,710,51,95
200,1600,711,51,95
200,1600,712,51,96
200,1600,713,51,96
200,1600,714,51,96
200,1600,715,51,96
200,1600,716,52,96
200,1600,717,52,96
200,1600,718,52,96
200,1600,719,52,96
200,1600,720,52,97
200,1600,721,52,97
200,1600,722,52,97
200,1600,723,52,97
200,1600,724,52,97
200,1600,725,52,97
200,1600,726,52,97
200,1600,727,52,97
200,1600,728,53,97
200,1600,729,53,98
200,1600,730,53,98
200,1600,731,53,98
200,1600,732,53,98
200,1600,733,53,98
200,1600,734,53,98
200,1600,735,53,98
200,1600,736,53,98
200,1600,737,53,98
200,1600,738,53,99
200,1600,739,53,99
200,1600,740,54,99
200,1600,741,54,99
200,1600,742,54,99
200,1600,743,54,99
200,1600,744,54,99
200,1600,745,54,99
200,1600,746,54,100
200,1600,747,54,100
200,1600,748,54,100
200,1600,749,54,100
200,1600,750,54,100
200,1600,751,54,100
200,1600,752,55,100
200,1600,753,55,100
200,1600,754,55,100
200,1600,755,55,101
200,1600,756,55,101
200,1600,757,55,101
200,1600,758,55,101
200,1600,759,55,101
200,1600,760,55,101
200,1600,761,55,101
200,1600,762,55,101
200,1600,763,56,102
200,1600,764,56,102
200,1600,765,56,102
200,1600,766,56,102
200,1600,767,56,102
200,1600,768,56,102
200,1600,769,56,102
200,1600,770,56,102
200,1600,771,56,102
200,1600,772,56,103
200,1600,773,56,103
200,1600,774,56,103
200,1600,775,57,103
200,1600,776,57,103
200,1600,777,57,103
200,1600,778,57,103
200,1600,779,57,103
200,1600,780,57,104
200,1600,781,57,104
200,1600,782,57,104
200,1600,783,57,104
200,1600,784,57,104
200,1600,785,57,104
200,1600,786,57,104
200,1600,787,58,104
200,1600,788,58,104
200,1600,789,58,105
200,1600,790,58,105
200,1600,791,58,105
200,1600,792,58,105
200,1600,793,58,105
200,1600,794,58,105
200,1600,795,58,105
200,1600,796,58,105
200,1600,797,58,106
200,1600,798,58,106
200,1600,799,59,106
200,1600,800,59,106
200,1600,801,59,106
200,1600,802,59,106
200,1600,803,59,106
200,1600,804,59,106
200,1600,805,59,106
200,1600,806,59,107
200,1600,807,59,107
200,1600,808,59,107
200,1600,809,59,107
200,1600,810,60,107
200,1600,811,60,107
200,1600,812,60,107
200,1600,813,60,107
200,1600,814,60,107
200,1600,815,60,108
200,1600,816,60,108
200,1600,817,60,108
200,1600,818,60,108
200,1600,819,60,108
200,1600,820,60,108
200,1600,821,60,108
200,1600,822,61,108
200,1600,823,61,109
200,1600,824,61,109
200,1600,825,61,109
200,1600,826,61,109
200,1600,827,61,109
200,1600,828,61,109
200,1600,829,61,109
200,1600,830,61,109
200,1600,831,61,109
200,1600,832,61,110
200,1600,833,61,110
200,1600,834,62,110
200,1600,835,62,110
200,1600,836,62,110
200,1600,837,62,110
200,1600,838,62,110
200,1600,839,62,110
200,1600,840,62,111
200,1600,841,62,111
200,1600,842,62,111
200,1600,843,62,111
200,1600,844,62,111
200,1600,845,62,111
200,1600,846,63,111
200,1600,847,63,111
200,1600,848,63,111
200,1600,849,63,112
200,1600,850,63,112
200,1600,851,63,112
200,1600,852,63,112
200,1600,853,63,112
200,1600,854,63,112
200,1600,855,63,112
200,1600,856,63,112
200,1600,857,64,112
200,1600,858,64,113
200,1600,859,64,113
200,1600,860,64,113
200,1600,861,64,113
200,1600,862,64,113
200,1600,863,64,113
200,1600,864,64,113
200,1600,865,64,113
200,1600,866,64,114
200,1600,867,64,114
200,1600,868,64,114
200,1600,869,65,114
200,1600,870,65,114
200,1600,871,65,114
200,1600,872,65,114
200,1600,873,65,114
200,1600,874,65,114
200,1600,875,65,115
200,1600,876,65,115
200,1600,877,65,115
200,1600,878,65,115
200,1600,879,65,115
200,1600,880,65,115
200,1600,881,66,115
200,1600,882,66,115
200,1600,883,66,115
200,1600,884,66,116
200,1600,885,66,116
200,1600,886,66,116
200,1600,887,66,116
200,1600,888,66,116
200,1600,889,66,116
200,1600,890,66,116
200,1600,891,66,116
200,1600,892,67,117
200,1600,893,67,117
200,1600,894,67,117
200,1600,895,67,117
200,1600,896,67,117
200,1600,897,67,117
200,1600,898,67,117
200,1600,899,67,117
200,1600,900,67,117
200,1600,901,67,118
200,1600,902,67,118
200,1600,903,67,118
200,1600,904,68,118
200,1600,905,68,118
200,1600,906,68,118
200,1600,907,68,118
200,1600,908,68,118
200,1600,909,68,118
200,1600,910,68,119
200,1600,911,68,119
200,1600,912,68,119
200,1600,913,68,119
200,1600,914,68,119
200,1600,915,68,119
200,1600,916,69,119
200,1600,917,69,119
200,1600,918,69,120
200,1600,919,69,120
200,1600,920,69,120
200,1600,921,69,120
200,1600,922,69,120
200,1600,923,69,120
200,1600,924,69,120
200,1600,925,69,120
200,1600,926,69,120
200,1600,927,70,121
200,1600,928,70,121
200,1600,929,70,121
200,1600,930,70,121
200,1600,931,70,121
200,1600,932,70,121
200,1600,933,70,121
200,1600,934,70,121
200,1600,935,70,121
200,1600,936,70,122
200,1600,937,70,122
200,1600,938,70,122
200,1600,939,71,122
200,1600,940,71,122
200,1600,941,71,122
200,1600,942,71,122
200,1600,943,71,122
200,1600,944,71,123
200,1600,945,71,123
200,1600,946,71,123
200,1600,947,71,123
200,1600,948,71,123
200,1600,949,71,123
200,1600,950,71,123
200,1600,951,72,123
200,1600,952,72,123
200,1600,953,72,124
200,1600,954,72,124
200,1600,955,72,124
200,1600,956,72,124
200,1600,957,72,124
200,1600,958,72,124
200,1600,959,72,124
200,1600,960,72,124
200,1600,961,72,124
200,1600,962,73,125
200,1600,963,73,125
200,1600,964,73,125
200,1600,965,73,125
200,1600,966,73,125
200,1600,967,73,125
200,1600,968,73,125
200,1600,969,73,125
200,1600,970,73,126
200,1600,971,73,126
200,1600,972,73,126
200,1600,973,73,126
200,1600,974,74,126
200,1600,975,74,126
200,1600,976,74,126
200,1600,977,74,126
200,1600,978,74,126
200,1600,979,74,127
200,1600,980,74,127
200,1600,981,74,127
200,1600,982,74,127
200,1600,983,74,127
200,1600,984,74,127
200,1600,985,74,127
200,1600,986,75,127
200,1600,987,75,127
200,1600,988,75,128
200,1600,989,75,128
200,1600,990,75,128
200,1600,991,75,128
200,1600,992,75,128
200,1600,993,75,128
200,1600,994,75,128
200,1600,995,75,128
200,1600,996,75,129
200,1600,997,76,129
200,1600,998,76,129
200,1600,999,76,129
200,1600,1000,76,129
200,1600,1001,76,129
200,1600,1002,76,129
200,1600,1003,76,129
200,1600,1004,76,129
200,1600,1005,76,130
200,1600,1006,76,130
200,1600,1007,76,130
200,1600,1008,76,130
200,1600,1009,77,130
200,1600,1010,77,130
200,1600,1011,77,130
200,1600,1012,77,130
200,1600,1013,77,130
200,1600,1014,77,131
200,1600,1015,77,131
200,1600,1016,77,131
200,1600,1017,77,131
200,1600,1018,77,131
200,1600,1019,77,131
200,1600,1020,78,131
200,1600,1021,78,131
200,1600,1022,78,132
200,1600,1023,78,132
200,1600,1024,78,132
200,1600,1025,78,132
200,1600,1026,78,132
200,1600,1027,78,132
200,1600,1028,78,132
200,1600,1029,78,132
200,1600,1030,78,132
200,1600,1031,78,133
200,1600,1032,79,133
200,1600,1033,79,133
200,1600,1034,79,133
200,1600,1035,79,133
200,1600,1036,79,133
200,1600,1037,79,133
200,1600,1038,79,133
200,1600,1039,79,133
200,1600,1040,79,134
200,1600,1041,79,134
200,1600,1042,79,134
200,1600,1043,80,134
200,1600,1044,80,134
200,1600,1045,80,134
200,1600,1046,80,134
200,1600,1047,80,134
200,1600,1048,80,134
200,1600,1049,80,135
200,1600,1050,80,135
200,1600,1051,80,135
200,1600,1052,80,135
200,1600,1053,80,135
200,1600,1054,80,135
200,1600,1055,81,135
200,1600,1056,81,135
200,1600,1057,81,136
200,1600,1058,81,136
200,1600,1059,81,136
200,1600,1060,81,136
200,1600,1061,81,136
200,1600,1062,81,136
200,1600,1063,81,136
200,1600,1064,81,136
200,1600,1065,81,136
200,1600,1066,81,137
200,1600,1067,82,137
200,1600,1068,82,137
200,1600,1069,82,137
200,1600,1070,82,137
200,1600,1071,82,137
200,1600,1072,82,137
200,1600,1073,82,137
200,1600,1074,82,137
200,1600,1075,82,138
200,1600,1076,82,138
200,1600,1077,82,138
200,1600,1078,83,138
200,1600,1079,83,138
200,1600,1080,83,138
200,1600,1081,83,138
200,1600,1082,83,138
200,1600,1083,83,139
200,1600,1084,83,139
200,1600,1085,83,139
200,1600,1086,83,139
200,1600,1087,83,139
200,1600,1088,83,139
200,1600,1089,83,139
200,1600,1090,84,139
200,1600,1091,84,139
200,1600,1092,84,140
200,1600,1093,84,140
200,1600,1094,84,140
200,1600,1095,84,140
200,1600,1096,84,140
200,1600,1097,84,140
200,1600,1098,84,140
200,1600,1099,84,140
200,1600,1100,84,140
200,1600,1101,85,141
200,1600,1102,85,141
200,1600,1103,85,141
200,1600,1104,85,141
200,1600,1105,85,141
200,1600,1106,85,141
200,1600,1107,85,141
200,1600,1108,85,141
200,1600,1109,85,141
200,1600,1110,85,142
200,1600,1111,85,142
200,1600,1112,85,142
200,1600,1113,86,142
200,1600,1114,86,142
200,1600,1115,86,142
200,1600,1116,86,142
200,1600,1117,86,142
200,1600,1118,86,143
200,1600,1119,86,143
200,1600,1120,86,143
200,1600,1121,86,143
200,1600,1122,86,143
200,1600,1123,86,143
200,1600,1124,87,143
200,1600,1125,87,143
200,1600,1126,87,143
200,1600,1127,87,144
200,1600,1128,87,144
200,1600,1129,87,144
200,1600,1130,87,144
200,1600,1131,87,144
200,1600,1132,87,144
200,1600,1133,87,144
200,1600,1134,87,144
200,1600,1135,87,144
200,1600,1136,88,145
200,1600,1137,88,145
200,1600,1138,88,145
200,1600,1139,88,145
200,1600,1140,88,145
200,1600,1141,88,145
200,1600,1142,88,145
200,1600,1143,88,145
200,1600,1144,88,145
200,1600,1145,88,146
200,1600,1146,88,146
200,1600,1147,89,146
200,1600,1148,89,146
200,1600,1149,89,146
200,1600,1150,89,146
200,1600,1151,89,146
200,1600,1152,89,146
200,1600,1153,89,146
200,1600,1154,89,147
200,1600,1155,89,147
200,1600,1156,89,147
200,1600,1157,89,147
200,1600,1158,89,147
200,1600,1159,90,147
200,1600,1160,90,147
200,1600,1161,90,147
200,1600,1162,90,148
200,1600,1163,90,148
200,1600,1164,90,148
200,1600,1165,90,148
200,1600,1166,90,148
200,1600,1167,90,148
200,1600,1168,90,148
200,1600,1169,90,148
200,1600,1170,91,148
200,1600,1171,91,149
200,1600,1172,91,149
200,1600,1173,91,149
200,1600,1174,91,149
200,1600,1175,91,149
200,1600,1176,91,149
200,1600,1177,91,149
200,1600,1178,91,149
200,1600,1179,91,149
200,1600,1180,91,150
200,1600,1181,91,150
200,1600,1182,92,150
200,1600,1183,92,150
200,1600,1184,92,150
200,1600,1185,92,150
200,1600,1186,92,150
200,1600,1187,92,150
200,1600,1188,92,150
200,1600,1189,92,151
200,1600,1190,92,151
200,1600,1191,92,151
200,1600,1192,92,151
200,1600,1193,93,151
200,1600,1194,93,151
200,1600,1195,93,151
200,1600,1196,93,151
200,1600,1197,93,152
200,1600,1198,93,152
200,1600,1199,93,152
200,1600,1200,93,152
200,1600,1201,93,152
200,1600,1202,93,152
200,1600,1203,93,152
200,1600,1204,94,152
200,1600,1205,94,152
200,1600,1206,94,153
200,1600,1207,94,153
200,1600,1208,94,153
200,1600,1209,94,153
200,1600,1210,94,153
200,1600,1211,94,153
200,1600,1212,94,153
200,1600,1213,94,153
200,1600,1214,94,153
200,1600,1215,94,154
200,1600,1216,95,154
200,1600,1217,95,154
200,1600,1218,95,154
200,1600,1219,95,154
200,1600,1220,95,154
200,1600,1221,95,154
200,1600,1222,95,154
200,1600,1223,95,154
200,1600,1224,95,155
200,1600,1225,95,155
200,1600,1226,95,155
200,1600,1227,96,155
200,1600,1228,96,155
200,1600,1229,96,155
200,1600,1230,96,155
200,1600,1231,96,155
200,1600,1232,96,155
200,1600,1233,96,156
200,1600,1234,96,156
200,1600,1235,96,156
200,1600,1236,96,156
200,1600,1237,96,156
200,1600,1238,96,156
200,1600,1239,97,156
200,1600,1240,97,156
200,1600,1241,97,157
200,1600,1242,97,157
200,1600,1243,97,157
200,1600,1244,97,157
200,1600,1245,97,157
200,1600,1246,97,157
200,1600,1247,97,157
200,1600,1248,97,157
200,1600,1249,97,157
200,1600,1250,98,158
200,1600,1251,98,158
200,1600,1252,98,158
200,1600,1253,98,158
200,1600,1254,98,158
200,1600,1255,98,158
200,1600,1256,98,158
200,1600,1257,98,158
200,1600,1258,98,158
200,1600,1259,98,159
200,1600,1260,98,159
200,1600,1261,98,159
200,1600,1262,99,159
200,1600,1263,99,159
200,1600,1264,99,159
200,1600,1265,99,159
200,1600,1266,99,159
200,1600,1267,99,159
200,1600,1268,99,160
200,1600,1269,99,160
200,1600,1270,99,160
200,1600,1271,99,160
200,1600,1272,99,160
200,1600,1273,100,160
200,1600,1274,100,160
200,1600,1275,100,160
200,1600,1276,100,160
200,1600,1277,100,161
200,1600,1278,100,161
200,1600,1279,100,161
200,1600,1280,100,161
200,1600,1281,100,161
200,1600,1282,100,161
200,1600,1283,100,161
200,1600,1284,101,161
200,1600,1285,101,162
200,1600,1286,101,162
200,1600,1287,101,162
200,1600,1288,101,162
200,1600,1289,101,162
200,1600,1290,101,162
200,1600,1291,101,162
200,1600,1292,101,162
200,1600,1293,101,162
200,1600,1294,101,163
200,1600,1295,101,163
200,1600,1296,102,163
200,1600,1297,102,163
200,1600,1298,102,163
200,1600,1299,102,163
200,1600,1300,102,163
200,1600,1301,102,163
200,1600,1302,102,163
200,1600,1303,102,164
200,1600,1304,102,164
200,1600,1305,102,164
200,1600,1306,102,164
200,1600,1307,103,164
200,1600,1308,103,164
200,1600,1309,103,164
200,1600,1310,103,164
200,1600,1311,103,164
200,1600,1312,103,165
200,1600,1313,103,165
200,1600,1314,103,165
200,1600,1315,103,165
200,1600,1316,103,165
200,1600,1317,103,165
200,1600,1318,103,165
200,1600,1319,104,165
200,1600,1320,104,165
200,1600,1321,104,166
200,1600,1322,104,166
200,1600,1323,104,166
200,1600,1324,104,166
200,1600,1325,104,166
200,1600,1326,104,166
200,1600,1327,104,166
200,1600,1328,104,166
200,1600,1329,104,166
200,1600,1330,105,167
200,1600,1331,105,167
200,1600,1332,105,167
200,1600,1333,105,167
200,1600,1334,105,167
200,1600,1335,105,167
200,1600,1336,105,167
200,1600,1337,105,167
200,1600,1338,105,168
200,1600,1339,105,168
200,1600,1340,105,168
200,1600,1341,106,168
200,1600,1342,106,168
200,1600,1343,106,168
200,1600,1344,106,168
200,1600,1345,106,168
200,1600,1346,106,168
200,1600,1347,106,169
200,1600,1348,106,169
200,1600,1349,106,169
200,1600,1350,106,169
200,1600,1351,106,169
200,1600,1352,106,169
200,1600,1353,107,169
200,1600,1354,107,169
200,1600,1355,107,169
200,1600,1356,107,170
200,1600,1357,107,170
200,1600,1358,107,170
200,1600,1359,107,170
200,1600,1360,107,170
200,1600,1361,107,170
200,1600,1362,107,170
200,1600,1363,107,170
200,1600,1364,108,170
200,1600,1365,108,171
200,1600,1366,108,171
200,1600,1367,108,171
200,1600,1368,108,171
200,1600,1369,108,171
200,1600,1370,108,171
200,1600,1371,108,171
200,1600,1372,108,171
200,1600,1373,108,171
200,1600,1374,108,172
200,1600,1375,109,172
200,1600,1376,109,172
200,1600,1377,109,172
200,1600,1378,109,172
200,1600,1379,109,172
200,1600,1380,109,172
200,1600,1381,109,172
200,1600,1382,109,172
200,1600,1383,109,173
200,1600,1384,109,173
200,1600,1385,109,173
200,1600,1386,109,173
200,1600,1387,110,173
200,1600,1388,110,173
200,1600,1389,110,173
200,1600,1390,110,173
200,1600,1391,110,173
200,1600,1392,110,174
200,1600,1393,110,174
200,1600,1394,110,174
200,1600,1395,110,174
200,1600,1396,110,174
200,1600,1397,110,174
200,1600,1398,111,174
200,1600,1399,111,174
200,1600,1400,111,175
200,1600,1401,111,175
200,1600,1402,111,175
200,1600,1403,111,175
200,1600,1404,111,175
200,1600,1405,111,175
200,1600,1406,111,175
200,1600,1407,111,175
200,1600,1408,111,175
200,1600,1409,111,176
200,1600,1410,112,176
200,1600,1411,112,176
200,1600,1412,112,176
200,1600,1413,112,176
200,1600,1414,112,176
200,1600,1415,112,176
200,1600,1416,112,176
200,1600,1417,112,176
200,1600,1418,112,177
200,1600,1419,112,177
200,1600,1420,112,177
200,1600,1421,113,177
200,1600,1422,113,177
200,1600,1423,113,177
200,1600,1424,113,177
200,1600,1425,113,177
200,1600,1426,113,177
200,1600,1427,113,178
200,1600,1428,113,178
200,1600,1429,113,178
200,1600,1430,113,178
200,1600,1431,113,178
200,1600,1432,114,178
200,1600,1433,114,178
200,1600,1434,114,178
200,1600,1435,114,178
200,1600,1436,114,179
200,1600,1437,114,179
200,1600,1438,114,179
200,1600,1439,114,179
200,1600,1440,114,179
200,1600,1441,114,179
200,1600,1442,114,179
200,1600,1443,114,179
200,1600,1444,115,179
200,1600,1445,115,180
200,1600,1446,115,180
200,1600,1447,115,180
200,1600,1448,115,180
200,1600,1449,115,180
200,1600,1450,115,180
200,1600,1451,115,180
200,1600,1452,115,180
200,1600,1453,115,180
200,1600,1454,115,181
200,1600,1455,116,181
200,1600,1456,116,181
200,1600,1457,116,181
200,1600,1458,116,181
200,1600,1459,116,181
200,1600,1460,116,181
200,1600,1461,116,181
200,1600,1462,116,182
200,1600,1463,116,182
200,1600,1464,116,182
200,1600,1465,116,182
200,1600,1466,117,182
200,1600,1467,117,182
200,1600,1468,117,182
200,1600,1469,117,182
200,1600,1470,117,182
200,1600,1471,117,183
200,1600,1472,117,183
200,1600,1473,117,183
200,1600,1474,117,183
200,1600,1475,117,183
200,1600,1476,117,183
200,1600,1477,118,183
200,1600,1478,118,183
200,1600,1479,118,183
200,1600,1480,118,184
200,1600,1481,118,184
200,1600,1482,118,184
200,1600,1483,118,184
200,1600,1484,118,184
200,1600,1485,118,184
200,1600,1486,118,184
200,1600,1487,118,184
200,1600,1488,118,184
200,1600,1489,119,185
200,1600,1490,119,185
200,1600,1491,119,185
200,1600,1492,119,185
200,1600,1493,119,185
200,1600,1494,119,185
200,1600,1495,119,185
200,1600,1496,119,185
200,1600,1497,119,185
200,1600,1498,119,186
200,1600,1499,119,186
200,1600,1500,120,186
200,1600,1501,120,186
200,1600,1502,120,186
200,1600,1503,120,186
200,1600,1504,120,186
200,1600,1505,120,186
200,1600,1506,120,186
200,1600,1507,120,187
200,1600,1508,120,187
200,1600,1509,120,187
200,1600,1510,120,187
200,1600,1511,121,187
200,1600,1512,121,187
200,1600,1513,121,187
200,1600,1514,121,187
200,1600,1515,121,187
200,1600,1516,121,188
200,1600,1517,121,188
200,1600,1518,121,188
200,1600,1519,121,188
200,1600,1520,121,188
200,1600,1521,121,188
200,1600,1522,121,188
200,1600,1523,122,188
200,1600,1524,122,188
200,1600,1525,122,189
200,1600,1526,122,189
200,1600,1527,122,189
200,1600,1528,122,189
200,1600,1529,122,189
200,1600,1530,122,189
200,1600,1531,122,189
200,1600,1532,122,189
200,1600,1533,122,189
200,1600,1534,123,190
200,1600,1535,123,190
200,1600,1536,123,190
200,1600,1537,123,190
200,1600,1538,123,190
200,1600,1539,123,190
200,1600,1540,123,190
200,1600,1541,123,190
200,1600,1542,123,190
200,1600,1543,123,191
200,1600,1544,123,191
200,1600,1545,124,191
200,1600,1546,124,191
200,1600,1547,124,191
200,1600,1548,124,191
200,1600,1549,124,191
200,1600,1550,124,191
200,1600,1551,124,192
200,1600,1552,124,192
200,1600,1553,124,192
200,1600,1554,124,192
200,1600,1555,124,192
200,1600,1556,124,192
200,1600,1557,125,192
200,1600,1558,125,192
200,1600,1559,125,192
200,1600,1560,125,193
200,1600,1561,125,193
200,1600,1562,125,193
200,1600,1563,125,193
200,1600,1564,125,193
200,1600,1565,125,193
200,1600,1566,125,193
200,1600,1567,125,193
200,1600,1568,126,193
200,1600,1569,126,194
200,1600,1570,126,194
200,1600,1571,126,194
200,1600,1572,126,194
200,1600,1573,126,194
200,1600,1574,126,194
200,1600,1575,126,194
200,1600,1576,126,194
200,1600,1577,126,194
200,1600,1578,126,195
200,1600,1579,127,195
200,1600,1580,127,195
200,1600,1581,127,195
200,1600,1582,127,195
200,1600,1583,127,195
200,1600,1584,127,195
200,1600,1585,127,195
200,1600,1586,127,195
200,1600,1587,127,196
200,1600,1588,127,196
200,1600,1589,127,196
200,1600,1590,128,196
200,1600,1591,128,196
200,1600,1592,128,196
200,1600,1593,128,196
200,1600,1594,128,196
200,1600,1595,128,196
200,1600,1596,128,197
200,1600,1597,128,197
200,1600,1598,128,197
200,1600,1599,128,197
200,1600,1600,128,197
200,3200,1,,
200,3200,2,,
200,3200,3,,
200,3200,4,,
200,3200,5,,
200,3200,6,,6
200,3200,7,,6
200,3200,8,,6
200,3200,9,,6
200,3200,10,,7
200,3200,11,,7
200,3200,12,,7
200,3200,13,,7
200,3200,14,,7
200,3200,15,,7
200,3200,16,,8
200,3200,17,,8
200,3200,18,,8
200,3200,19,,8
200,3200,20,,8
200,3200,21,,8
200,3200,22,,8
200,3200,23,,9
200,3200,24,,9
200,3200,25,,9
200,3200,26,,9
200,3200,27,,9
200,3200,28,,9
200,3200,29,,10
200,3200,30,,10
200,3200,31,,10
200,3200,32,,10
200,3200,33,,10
200,3200,34,,10
200,3200,35,,10
200,3200,36,,11
200,3200,37,,11
200,3200,38,,11
200,3200,39,,11
200,3200,40,,11
200,3200,41,,11
200,3200,42,,12
200,3200,43,,12
200,3200,44,,12
200,3200,45,,12
200,3200,46,,12
200,3200,47,,12
200,3200,48,,12
200,3200,49,0,13
200,3200,50,0,13
200,3200,51,0,13
200,3200,52,0,13
200,3200,53,0,13
200,3200,54,0,13
200,3200,55,0,13
200,3200,56,0,14
200,3200,57,0,14
200,3200,58,0,14
200,3200,59,0,14
200,3200,60,0,14
200,3200,61,0,14
200,3200,62,0,15
200,3200,63,0,15
200,3200,64,0,15
200,3200,65,1,15
200,3200,66,1,15
200,3200,67,1,15
200,3200,68,1,15
200,3200,69,1,16
200,3200,70,1,16
200,3200,71,1,16
200,3200,72,1,16
200,3200,73,1,16
200,3200,74,1,16
200,3200,75,1,16
200,3200,76,1,17
200,3200,77,1,17
200,3200,78,1,17
200,3200,79,1,17
200,3200,80,2,17
200,3200,81,2,17
200,3200,82,2,17
200,3200,83,2,18
200,3200,84,2,18
200,3200,85,2,18
200,3200,86,2,18
200,3200,87,2,18
200,3200,88,2,18
200,3200,89,2,18
200,3200,90,2,18
200,3200,91,2,19
200,3200,92,2,19
200,3200,93,2,19
200,3200,94,2,19
200,3200,95,3,19
200,3200,96,3,19
200,3200,97,3,19
200,3200,98,3,20
200,3200,99,3,20
200,3200,100,3,20
200,3200,101,3,20
200,3200,102,3,20
200,3200,103,3,20
200,3200,104,3,20
200,3200,105,3,21
200,3200,106,3,21
200,3200,107,3,21
200,3200,108,3,21
200,3200,109,3,21
200,3200,110,4,21
200,3200,111,4,21
200,3200,112,4,22
200,3200,113,4,22
200,3200,114,4,22
200,3200,115,4,22
200,3200,116,4,22
200,3200,117,4,22
200,3200,118,4,22
200,3200,119,4,22
200,3200,120,4,23
200,3200,121,4,23
200,3200,122,4,23
200,3200,123,4,23
200,3200,124,4,23
200,3200,125,5,23
200,3200,126,5,23
200,3200,127,5,24
200,3200,128,5,24
200,3200,129,5,24
200,3200,130,5,24
200,3200,131,5,24
200,3200,132,5,24
200,3200,133,5,24
200,3200,134,5,25
200,3200,135,5,25
200,3200,136,5,25
200,3200,137,5,25
200,3200,138,5,25
200,3200,139,6,25
200,3200,140,6,25
200,3200,141,6,25
200,3200,142,6,26
200,3200,143,6,26
200,3200,144,6,26
200,3200,145,6,26
200,3200,146,6,26
200,3200,147,6,26
200,3200,148,6,26
200,3200,149,6,27
200,3200,150,6,27
200,3200,151,6,27
200,3200,152,6,27
200,3200,153,7,27
200,3200,154,7,27
200,3200,155,7,27
200,3200,156,7,27
200,3200,157,7,28
200,3200,158,7,28
200,3200,159,7,28
200,3200,160,7,28
200,3200,161,7,28
200,3200,162,7,28
200,3200,163,7,28
200,3200,164,7,29
200,3200,165,7,29
200,3200,166,7,29
200,3200,167,8,29
200,3200,168,8,29
200,3200,169,8,29
200,3200,170,8,29
200,3200,171,8,29
200,3200,172,8,30
200,3200,173,8,30
200,3200,174,8,30
200,3200,175,8,30
200,3200,176,8,30
200,3200,177,8,30
200,3200,178,8,30
200,3200,179,8,30
200,3200,180,9,31
200,3200,181,9,31
200,3200,182,9,31
200,3200,183,9,31
200,3200,184,9,31
200,3200,185,9,31
200,3200,186,9,31
200,3200,187,9,32
200,3200,188,9,32
200,3200,189,9,32
200,3200,190,9,32
200,3200,191,9,32
200,3200,192,9,32
200,3200,193,9,32
200,3200,194,10,32
200,3200,195,10,33
200,3200,196,10,33
200,3200,197,10,33
200,3200,198,10,33
200,3200,199,10,33
200,3200,200,10,33
200,3200,201,10,33
200,3200,202,10,33
200,3200,203,10,34
200,3200,204,10,34
200,3200,205,10,34
200,3200,206,10,34
200,3200,207,11,34
200,3200,208,11,34
200,3200,209,11,34
200,3200,210,11,35
200,3200,211,11,35
200,3200,212,11,35
200,3200,213,11,35
200,3200,214,11,35
200,3200,215,11,35
200,3200,216,11,35
200,3200,217,11,35
200,3200,218,11,36
200,3200,219,11,36
200,3200,220,11,36
200,3200,221,12,36
200,3200,222,12,36
200,3200,223,12,36
200,3200,224,12,36
200,3200,225,12,36
200,3200,226,12,37
200,3200,227,12,37
200,3200,228,12,37
200,3200,229,12,37
200,3200,230,12,37
200,3200,231,12,37
200,3200,232,12,37
200,3200,233,12,37
200,3200,234,13,38
200,3200,235,13,38
200,3200,236,13,38
200,3200,237,13,38
200,3200,238,13,38
200,3200,239,13,38
200,3200,240,13,38
200,3200,241,13,38
200,3200,242,13,39
200,3200,243,13,39
200,3200,244,13,39
200,3200,245,13,39
200,3200,246,13,39
200,3200,247,14,39
200,3200,248,14,39
200,3200,249,14,39
200,3200,250,14,40
200,3200,251,14,40
200,3200,252,14,40
200,3200,253,14,40
200,3200,254,14,40
200,3200,255,14,40
200,3200,256,14,40
200,3200,257,14,41
200,3200,258,14,41
200,3200,259,14,41
200,3200,260,15,41
200,3200,261,15,41
200,3200,262,15,41
200,3200,263,15,41
200,3200,264,15,41
200,3200,265,15,42
200,3200,266,15,42
200,3200,267,15,42
200,3200,268,15,42
200,3200,269,15,42
200,3200,270,15,42
200,3200,271,15,42
200,3200,272,15,42
200,3200,273,16,43
200,3200,274,16,43
200,3200,275,16,43
200,3200,276,16,43
200,3200,277,16,43
200,3200,278,16,43
200,3200,279,16,43
200,3200,280,16,43
200,3200,281,16,44
200,3200,282,16,44
200,3200,283,16,44
200,3200,284,16,44
200,3200,285,16,44
200,3200,286,17,44
200,3200,287,17,44
200,3200,288,17,44
200,3200,289,17,45
200,3200,290,17,45
200,3200,291,17,45
200,3200,292,17,45
200,3200,293,17,45
200,3200,294,17,45
200,3200,295,17,45
200,3200,296,17,45
200,3200,297,17,46
200,3200,298,17,46
200,3200,299,18,46
200,3200,300,18,46
200,3200,301,18,46
200,3200,302,18,46
200,3200,303,18,46
200,3200,304,18,46
200,3200,305,18,47
200,3200,306,18,47
200,3200,307,18,47
200,3200,308,18,47
200,3200,309,18,47
200,3200,310,18,47
200,3200,311,18,47
200,3200,312,19,47
200,3200,313,19,48
200,3200,314,19,48
200,3200,315,19,48
200,3200,316,19,48
200,3200,317,19,48
200,3200,318,19,48
200,3200,319,19,48
200,3200,320,19,48
200,3200,321,19,49
200,3200,322,19,49
200,3200,323,19,49
200,3200,324,19,49
200,3200,325,20,49
200,3200,326,20,49
200,3200,327,20,49
200,3200,328,20,49
200,3200,329,20,50
200,3200,330,20,50
200,3200,331,20,50
200,3200,332,20,50
200,3200,333,20,50
200,3200,334,20,50
200,3200,335,20,50
200,3200,336,20,50
200,3200,337,20,51
200,3200,338,21,51
200,3200,339,21,51
200,3200,340,21,51
200,3200,341,21,51
200,3200,342,21,51
200,3200,343,21,51
200,3200,344,21,51
200,3200,345,21,52
200,3200,346,21,52
200,3200,347,21,52
200,3200,348,21,52
200,3200,349,21,52
200,3200,350,22,52
200,3200,351,22,52
200,3200,352,22,52
200,3200,353,22,53
200,3200,354,22,53
200,3200,355,22,53
200,3200,356,22,53
200,3200,357,22,53
200,3200,358,22,53
200,3200,359,22,53
200,3200,360,22,53
200,3200,361,22,53
200,3200,362,22,54
200,3200,363,23,54
200,3200,364,23,54
200,3200,365,23,54
200,3200,366,23,54
200,3200,367,23,54
200,3200,368,23,54
200,3200,369,23,54
200,3200,370,23,55
200,3200,371,23,55
200,3200,372,23,55
200,3200,373,23,55
200,3200,374,23,55
200,3200,375,23,55
200,3200,376,24,55
200,3200,377,24,55
200,3200,378,24,56
200,3200,379,24,56
200,3200,380,24,56
200,3200,381,24,56
200,3200,382,24,56
200,3200,383,24,56
200,3200,384,24,56
200,3200,385,24,56
200,3200,386,24,57
200,3200,387,24,57
200,3200,388,25,57
200,3200,389,25,57
200,3200,390,25,57
200,3200,391,25,57
200,3200,392,25,57
200,3200,393,25,57
200,3200,394,25,58
200,3200,395,25,58
200,3200,396,25,58
200,3200,397,25,58
200,3200,398,25,58
200,3200,399,25,58
200,3200,400,25,58
200,3200,401,26,58
200,3200,402,26,59
200,3200,403,26,59
200,3200,404,26,59
200,3200,405,26,59
200,3200,406,26,59
200,3200,407,26,59
200,3200,408,26,59
200,3200,409,26,59
200,3200,410,26,60
200,3200,411,26,60
200,3200,412,26,60
200,3200,413,27,60
200,3200,414,27,60
200,3200,415,27,60
200,3200,416,27,60
200,3200,417,27,60
200,3200,418,27,60
200,3200,419,27,61
200,3200,420,27,61
200,3200,421,27,61
200,3200,422,27,61
200,3200,423,27,61
200,3200,424,27,61
200,3200,425,28,61
200,3200,426,28,61
200,3200,427,28,62
200,3200,428,28,62
200,3200,429,28,62
200,3200,430,28,62
200,3200,431,28,62
200,3200,432,28,62
200,3200,433,28,62
200,3200,434,28,62
200,3200,435,28,63
200,3200,436,28,63
200,3200,437,28,63
200,3200,438,29,63
200,3200,439,29,63
200,3200,440,29,63
200,3200,441,29,63
200,3200,442,29,63
200,3200,443,29,64
200,3200,444,29,64
200,3200,445,29,64
200,3200,446,29,64
200,3200,447,29,64
200,3200,448,29,64
200,3200,449,29,64
200,3200,450,30,64
200,3200,451,30,64
200,3200,452,30,65
200,3200,453,30,65
200,3200,454,30,65
200,3200,455,30,65
200,3200,456,30,65
200,3200,457,30,65
200,3200,458,30,65
200,3200,459,30,65
200,3200,460,30,66
200,3200,461,30,66
200,3200,462,30,66
200,3200,463,31,66
200,3200,464,31,66
200,3200,465,31,66
200,3200,466,31,66
200,3200,467,31,66
200,3200,468,31,67
200,3200,469,31,67
200,3200,470,31,67
200,3200,471,31,67
200,3200,472,31,67
200,3200,473,31,67
200,3200,474,31,67
200,3200,475,32,67
200,3200,476,32,68
200,3200,477,32,68
200,3200,478,32,68
200,3200,479,32,68
200,3200,480,32,68
200,3200,481,32,68
200,3200,482,32,68
200,3200,483,32,68
200,3200,484,32,68
200,3200,485,32,69
200,3200,486,32,69
200,3200,487,33,69
200,3200,488,33,69
200,3200,489,33,69
200,3200,490,33,69
200,3200,491,33,69
200,3200,492,33,69
200,3200,493,33,70
200,3200,494,33,70
200,3200,495,33,70
200,3200,496,33,70
200,3200,497,33,70
200,3200,498,33,70
200,3200,499,34,70
200,3200,500,34,70
200,3200,501,34,71
200,3200,502,34,71
200,3200,503,34,71
200,3200,504,34,71
200,3200,505,34,71
200,3200,506,34,71
200,3200,507,34,71
200,3200,508,34,71
200,3200,509,34,71
200,3200,510,34,72
200,3200,511,34,72
200,3200,512,35,72
200,3200,513,35,72
200,3200,514,35,72
200,3200,515,35,72
200,3200,516,35,72
200,3200,517,35,72
200,3200,518,35,73
200,3200,519,35,73
200,3200,520,35,73
200,3200,521,35,73
200,3200,522,35,73
200,3200,523,35,73
200,3200,524,36,73
200,3200,525,36,73
200,3200,526,36,74
200,3200,527,36,74
200,3200,528,36,74
200,3200,529,36,74
200,3200,530,36,74
200,3200,531,36,74
200,3200,532,36,74
200,3200,533,36,74
200,3200,534,36,74
200,3200,535,36,75
200,3200,536,37,75
200,3200,537,37,75
200,3200,538,37,75
200,3200,539,37,75
200,3200,540,37,75
200,3200,541,37,75
200,3200,542,37,75
200,3200,543,37,76
200,3200,544,37,76
200,3200,545,37,76
200,3200,546,37,76
200,3200,547,37,76
200,3200,548,38,76
200,3200,549,38,76
200,3200,550,38,76
200,3200,551,38,77
200,3200,552,38,77
200,3200,553,38,77
200,3200,554,38,77
200,3200,555,38,77
200,3200,556,38,77
200,3200,557,38,77
200,3200,558,38,77
200,3200,559,38,77
200,3200,560,39,78
200,3200,561,39,78
200,3200,562,39,78
200,3200,563,39,78
200,3200,564,39,78
200,3200,565,39,78
200,3200,566,39,78
200,3200,567,39,78
200,3200,568,39,79
200,3200,569,39,79
200,3200,570,39,79
200,3200,571,39,79
200,3200,572,40,79
200,3200,573,40,79
200,3200,574,40,79
200,3200,575,40,79
200,3200,576,40,79
200,3200,577,40,80
200,3200,578,40,80
200,3200,579,40,80
200,3200,580,40,80
200,3200,581,40,80
200,3200,582,40,80
200,3200,583,40,80
200,3200,584,41,80
200,3200,585,41,81
200,3200,586,41,81
200,3200,587,41,81
200,3200,588,41,81
200,3200,589,41,81
200,3200,590,41,81
200,3200,591,41,81
200,3200,592,41,81
200,3200,593,41,82
200,3200,594,41,82
200,3200,595,41,82
200,3200,596,42,82
200,3200,597,42,82
200,3200,598,42,82
200,3200,599,42,82
200,3200,600,42,82
200,3200,601,42,82
200,3200,602,42,83
200,3200,603,42,83
200,3200,604,42,83
200,3200,605,42,83
200,3200,606,42,83
200,3200,607,42,83
200,3200,608,43,83
200,3200,609,43,83
200,3200,610,43,84
200,3200,611,43,84
200,3200,612,43,84
200,3200,613,43,84
200,3200,614,43,84
200,3200,615,43,84
200,3200,616,43,84
200,3200,617,43,84
200,3200,618,43,84
200,3200,619,43,85
200,3200,620,44,85
200,3200,621,44,85
200,3200,622,44,85
200,3200,623,44,85
200,3200,624,44,85
200,3200,625,44,85
200,3200,626,44,85
200,3200,627,44,86
200,3200,628,44,86
200,3200,629,44,86
200,3200,630,44,86
200,3200,631,44,86
200,3200,632,45,86
200,3200,633,45,86
200,3200,634,45,86
200,3200,635,45,86
200,3200,636,45,87
200,3200,637,45,87
200,3200,638,45,87
200,3200,639,45,87
200,3200,640,45,87
200,3200,641,45,87
200,3200,642,45,87
200,3200,643,45,87
200,3200,644,46,88
200,3200,645,46,88
200,3200,646,46,88
200,3200,647,46,88
200,3200,648,46,88
200,3200,649,46,88
200,3200,650,46,88
200,3200,651,46,88
200,3200,652,46,89
200,3200,653,46,89
200,3200,654,46,89
200,3200,655,46,89
200,3200,656,47,89
200,3200,657,47,89
200,3200,658,47,89
200,3200,659,47,89
200,3200,660,47,89
200,3200,661,47,90
200,3200,662,47,90
200,3200,663,47,90
200,3200,664,47,90
200,3200,665,47,90
200,3200,666,47,90
200,3200,667,47,90
200,3200,668,48,90
200,3200,669,48,91
200,3200,670,48,91
200,3200,671,48,91
200,3200,672,48,91
200,3200,673,48,91
200,3200,674,48,91
200,3200,675,48,91
200,3200,676,48,91
200,3200,677,48,91
200,3200,678,48,92
200,3200,679,48,92
200,3200,680,49,92
200,3200,681,49,92
200,3200,682,49,92
200,3200,683,49,92
200,3200,684,49,92
200,3200,685,49,92
200,3200,686,49,93
200,3200,687,49,93
200,3200,688,49,93
200,3200,689,49,93
200,3200,690,49,93
200,3200,691,49,93
200,3200,692,50,93
200,3200,693,50,93
200,3200,694,50,93
200,3200,695,50,94
200,3200,696,50,94
200,3200,697,50,94
200,3200,698,50,94
200,3200,699,50,94
200,3200,700,50,94
200,3200,701,50,94
200,3200,702,50,94
200,3200,703,50,95
200,3200,704,51,95
200,3200,705,51,95
200,3200,706,51,95
200,3200,707,51,95
200,3200,708,51,95
200,3200,709,51,95
200,3200,710,51,95
200,3200,711,51,95
200,3200,712,51,96
200,3200,713,51,96
200,3200,714,51,96
200,3200,715,51,96
200,3200,716,52,96
200,3200,717,52,96
200,3200,718,52,96
200,3200,719,52,96
200,3200,720,52,97
200,3200,721,52,97
200,3200,722,52,97
200,3200,723,52,97
200,3200,724,52,97
200,3200,725,52,97
200,3200,726,52,97
200,3200,727,52,97
200,3200,728,53,97
200,3200,729,53,98
200,3200,730,53,98
200,3200,731,53,98
200,3200,732,53,98
200,3200,733,53,98
200,3200,734,53,98
200,3200,735,53,98
200,3200,736,53,98
200,3200,737,53,98
200,3200,738,53,99
200,3200,739,53,99
200,3200,740,54,99
200,3200,741,54,99
200,3200,742,54,99
200,3200,743,54,99
200,3200,744,54,99
200,3200,745,54,99
200,3200,746,54,100
200,3200,747,54,100
200,3200,748,54,100
200,3200,749,54,100
200,3200,750,54,100
200,3200,751,54,100
200,3200,752,55,100
200,3200,753,55,100
200,3200,754,55,100
200,3200,755,55,101
200,3200,756,55,101
200,3200,757,55,101
200,3200,758,55,101
200,3200,759,55,101
200,3200,760,55,101
200,3200,761,55,101
200,3200,762,55,101
200,3200,763,56,102
200,3200,764,56,102
200,3200,765,56,102
200,3200,766,56,102
200,3200,767,56,102
200,3200,768,56,102
200,3200,769,56,102
200,3200,770,56,102
200,3200,771,56,102
200,3200,772,56,103
200,3200,773,56,103
200,3200,774,56,103
200,3200,775,57,103
200,3200,776,57,103
200,3200,777,57,103
200,3200,778,57,103
200,3200,779,57,103
200,3200,780,57,104
200,3200,781,57,104
200,3200,782,57,104
200,3200,783,57,104
200,3200,784,57,104
200,3200,785,57,104
200,3200,786,57,104
200,3200,787,58,104
200,3200,788,58,104
200,3200,789,58,105
200,3200,790,58,105
200,3200,791,58,105
200,3200,792,58,105
200,3200,793,58,105
200,3200,794,58,105
200,3200,795,58,105
200,3200,796,58,105
200,3200,797,58,106
200,3200,798,58,106
200,3200,799,59,106
200,3200,800,59,106
200,3200,801,59,106
200,3200,802,59,106
200,3200,803,59,106
200,3200,804,59,106
200,3200,805,59,106
200,3200,806,59,107
200,3200,807,59,107
200,3200,808,59,107
200,3200,809,59,107
200,3200,810,60,107
200,3200,811,60,107
200,3200,812,60,107
200,3200,813,60,107
200,3200,814,60,107
200,3200,815,60,108
200,3200,816,60,108
200,3200,817,60,108
200,3200,818,60,108
200,3200,819,60,108
200,3200,820,60,108
200,3200,821,60,108
200,3200,822,61,108
200,3200,823,61,109
200,3200,824,61,109
200,3200,825,61,109
200,3200,826,61,109
200,3200,827,61,109
200,3200,828,61,109
200,3200,829,61,109
200,3200,830,61,109
200,3200,831,61,109
200,3200,832,61,110
200,3200,833,61,110
200,3200,834,62,110
200,3200,835,62,110
200,3200,836,62,110
200,3200,837,62,110
200,3200,838,62,110
200,3200,839,62,110
200,3200,840,62,111
200,3200,841,62,111
200,3200,842,62,111
200,3200,843,62,111
200,3200,844,62,111
200,3200,845,62,111
200,3200,846,63,111
200,3200,847,63,111
200,3200,848,63,111
200,3200,849,63,112
200,3200,850,63,112
200,3200,851,63,112
200,3200,852,63,112
200,3200,853,63,112
200,3200,854,63,112
200,3200,855,63,112
200,3200,856,63,112
200,3200,857,64,112
200,3200,858,64,113
200,3200,859,64,113
200,3200,860,64,113
200,3200,861,64,113
200,3200,862,64,113
200,3200,863,64,113
200,3200,864,64,113
200,3200,865,64,113
200,3200,866,64,114
200,3200,867,64,114
200,3200,868,64,114
200,3200,869,65,114
200,3200,870,65,114
200,3200,871,65,114
200,3200,872,65,114
200,3200,873,65,114
200,3200,874,65,114
200,3200,875,65,115
200,3200,876,65,115
200,3200,877,65,115
200,3200,878,65,115
200,3200,879,65,115
200,3200,880,65,115
200,3200,881,66,115
200,3200,882,66,115
200,3200,883,66,115
200,3200,884,66,116
200,3200,885,66,116
200,3200,886,66,116
200,3200,887,66,116
200,3200,888,66,116
200,3200,889,66,116
200,3200,890,66,116
200,3200,891,66,116
200,3200,892,67,117
200,3200,893,67,117
200,3200,894,67,117
200,3200,895,67,117
200,3200,896,67,117
200,3200,897,67,117
200,3200,898,67,117
200,3200,899,67,117
200,3200,900,67,117
200,3200,901,67,118
200,3200,902,67,118
200,3200,903,67,118
200,3200,904,68,118
200,3200,905,68,118
200,3200,906,68,118
200,3200,907,68,118
200,3200,908,68,118
200,3200,909,68,118
200,3200,910,68,119
200,3200,911,68,119
200,3200,912,68,119
200,3200,913,68,119
200,3200,914,68,119
200,3200,915,68,119
200,3200,916,69,119
200,3200,917,69,119
200,3200,918,69,120
200,3200,919,69,120
200,3200,920,69,120
200,3200,921,69,120
200,3200,922,69,120
200,3200,923,69,120
200,3200,924,69,120
200,3200,925,69,120
200,3200,926,69,120
200,3200,927,70,121
200,3200,928,70,121
200,3200,929,70,121
200,3200,930,70,121
200,3200,931,70,121
200,3200,932,70,121
200,3200,933,70,121
200,3200,934,70,121
200,3200,935,70,121
200,3200,936,70,122
200,3200,937,70,122
200,3200,938,70,122
200,3200,939,71,122
200,3200,940,71,122
200,3200,941,71,122
200,3200,942,71,122
200,3200,943,71,122
200,3200,944,71,123
200,3200,945,71,123
200,3200,946,71,123
200,3200,947,71,123
200,3200,948,71,123
200,3200,949,71,123
200,3200,950,71,123
200,3200,951,72,123
200,3200,952,72,123
200,3200,953,72,124
200,3200,954,72,124
200,3200,955,72,124
200,3200,956,72,124
200,3200,957,72,124
200,3200,958,72,124
200,3200,959,72,124
200,3200,960,72,124
200,3200,961,72,124
200,3200,962,73,125
200,3200,963,73,125
200,3200,964,73,125
200,3200,965,73,125
200,3200,966,73,125
200,3200,967,73,125
200,3200,968,73,125
200,3200,969,73,125
200,3200,970,73,126
200,3200,971,73,126
200,3200,972,73,126
200,3200,973,73,126
200,3200,974,74,126
200,3200,975,74,126
200,3200,976,74,126
200,3200,977,74,126
200,3200,978,74,126
200,3200,979,74,127
200,3200,980,74,127
200,3200,981,74,127
200,3200,982,74,127
200,3200,983,74,127
200,3200,984,74,127
200,3200,985,74,127
200,3200,986,75,127
200,3200,987,75,127
200,3200,988,75,128
200,3200,989,75,128
200,3200,990,75,128
200,3200,991,75,128
200,3200,992,75,128
200,3200,993,75,128
200,3200,994,75,128
200,3200,995,75,128
200,3200,996,75,129
200,3200,997,76,129
200,3200,998,76,129
200,3200,999,76,129
200,3200,1000,76,129
200,3200,1001,76,129
200,3200,1002,76,129
200,3200,1003,76,129
200,3200,1004,76,129
200,3200,1005,76,130
200,3200,1006,76,130
200,3200,1007,76,130
200,3200,1008,76,130
200,3200,1009,77,130
200,3200,1010,77,130
200,3200,1011,77,130
200,3200,1012,77,130
200,3200,1013,77,130
200,3200,1014,77,131
200,3200,1015,77,131
200,3200,1016,77,131
200,3200,1017,77,131
200,3200,1018,77,131
200,3200,1019,77,131
200,3200,1020,78,131
200,3200,1021,78,131
200,3200,1022,78,132
200,3200,1023,78,132
200,3200,1024,78,132
200,3200,1025,78,132
200,3200,1026,78,132
200,3200,1027,78,132
200,3200,1028,78,132
200,3200,1029,78,132
200,3200,1030,78,132
200,3200,1031,78,133
200,3200,1032,79,133
200,3200,1033,79,133
200,3200,1034,79,133
200,3200,1035,79,133
200,3200,1036,79,133
200,3200,1037,79,133
200,3200,1038,79,133
200,3200,1039,79,133
200,3200,1040,79,134
200,3200,1041,79,134
200,3200,1042,79,134
200,3200,1043,80,134
200,3200,1044,80,134
200,3200,1045,80,134
200,3200,1046,80,134
200,3200,1047,80,134
200,3200,1048,80,134
200,3200,1049,80,135
200,3200,1050,80,135
200,3200,1051,80,135
200,3200,1052,80,135
200,3200,1053,80,135
200,3200,1054,80,135
200,3200,1055,81,135
200,3200,1056,81,135
200,3200,1057,81,136
200,3200,1058,81,136
200,3200,1059,81,136
200,3200,1060,81,136
200,3200,1061,81,136
200,3200,1062,81,136
200,3200,1063,81,136
200,3200,1064,81,136
200,3200,1065,81,136
200,3200,1066,81,137
200,3200,1067,82,137
200,3200,1068,82,137
200,3200,1069,82,137
200,3200,1070,82,137
200,3200,1071,82,137
200,3200,1072,82,137
200,3200,1073,82,137
200,3200,1074,82,137
200,3200,1075,82,138
200,3200,1076,82,138
200,3200,1077,82,138
200,3200,1078,83,138
200,3200,1079,83,138
200,3200,1080,83,138
200,3200,1081,83,138
200,3200,1082,83,138
200,3200,1083,83,139
200,3200,1084,83,139
200,3200,1085,83,139
200,3200,1086,83,139
200,3200,1087,83,139
200,3200,1088,83,139
200,3200,1089,83,139
200,3200,1090,84,139
200,3200,1091,84,139
200,3200,1092,84,140
200,3200,1093,84,140
200,3200,1094,84,140
200,3200,1095,84,140
200,3200,1096,84,140
200,3200,1097,84,140
200,3200,1098,84,140
200,3200,1099,84,140
200,3200,1100,84,140
200,3200,1101,85,141
200,3200,1102,85,141
200,3200,1103,85,141
200,3200,1104,85,141
200,3200,1105,85,141
200,3200,1106,85,141
200,3200,1107,85,141
200,3200,1108,85,141
200,3200,1109,85,141
200,3200,1110,85,142
200,3200,1111,85,142
200,3200,1112,85,142
200,3200,1113,86,142
200,3200,1114,86,142
200,3200,1115,86,142
200,3200,1116,86,142
200,3200,1117,86,142
200,3200,1118,86,143
200,3200,1119,86,143
200,3200,1120,86,143
200,3200,1121,86,143
200,3200,1122,86,143
200,3200,1123,86,143
200,3200,1124,87,143
200,3200,1125,87,143
200,3200,1126,87,143
200,3200,1127,87,144
200,3200,1128,87,144
200,3200,1129,87,144
200,3200,1130,87,144
200,3200,1131,87,144
200,3200,1132,87,144
200,3200,1133,87,144
200,3200,1134,87,144
200,3200,1135,87,144
200,3200,1136,88,145
200,3200,1137,88,145
200,3200,1138,88,145
200,3200,1139,88,145
200,3200,1140,88,145
200,3200,1141,88,145
200,3200,1142,88,145
200,3200,1143,88,145
200,3200,1144,88,145
200,3200,1145,88,146
200,3200,1146,88,146
200,3200,1147,89,146
200,3200,1148,89,146
200,3200,1149,89,146
200,3200,1150,89,146
200,3200,1151,89,146
200,3200,1152,89,146
200,3200,1153,89,146
200,3200,1154,89,147
200,3200,1155,89,147
200,3200,1156,89,147
200,3200,1157,89,147
200,3200,1158,89,147
200,3200,1159,90,147
200,3200,1160,90,147
200,3200,1161,90,147
200,3200,1162,90,148
200,3200,1163,90,148
200,3200,1164,90,148
200,3200,1165,90,148
200,3200,1166,90,148
200,3200,1167,90,148
200,3200,1168,90,148
200,3200,1169,90,148
200,3200,1170,91,148
200,3200,1171,91,149
200,3200,1172,91,149
200,3200,1173,91,149
200,3200,1174,91,149
200,3200,1175,91,149
200,3200,1176,91,149
200,3200,1177,91,149
200,3200,1178,91,149
200,3200,1179,91,149
200,3200,1180,91,150
200,3200,1181,91,150
200,3200,1182,92,150
200,3200,1183,92,150
200,3200,1184,92,150
200,3200,1185,92,150
200,3200,1186,92,150
200,3200,1187,92,150
200,3200,1188,92,150
200,3200,1189,92,151
200,3200,1190,92,151
200,3200,1191,92,151
200,3200,1192,92,151
200,3200,1193,93,151
200,3200,1194,93,151
200,3200,1195,93,151
200,3200,1196,93,151
200,3200,1197,93,152
200,3200,1198,93,152
200,3200,1199,93,152
200,3200,1200,93,152
200,3200,1201,93,152
200,3200,1202,93,152
200,3200,1203,93,152
200,3200,1204,94,152
200,3200,1205,94,152
200,3200,1206,94,153
200,3200,1207,94,153
200,3200,1208,94,153
200,3200,1209,94,153
200,3200,1210,94,153
200,3200,1211,94,153
200,3200,1212,94,153
200,3200,1213,94,153
200,3200,1214,94,153
200,3200,1215,94,154
200,3200,1216,95,154
200,3200,1217,95,154
200,3200,1218,95,154
200,3200,1219,95,154
200,3200,1220,95,154
200,3200,1221,95,154
200,3200,1222,95,154
200,3200,1223,95,154
200,3200,1224,95,155
200,3200,1225,95,155
200,3200,1226,95,155
200,3200,1227,96,155
200,3200,1228,96,155
200,3200,1229,96,155
200,3200,1230,96,155
200,3200,1231,96,155
200,3200,1232,96,155
200,3200,1233,96,156
200,3200,1234,96,156
200,3200,1235,96,156
200,3200,1236,96,156
200,3200,1237,96,156
200,3200,1238,96,156
200,3200,1239,97,156
200,3200,1240,97,156
200,3200,1241,97,157
200,3200,1242,97,157
200,3200,1243,97,157
200,3200,1244,97,157
200,3200,1245,97,157
200,3200,1246,97,157
200,3200,1247,97,157
200,3200,1248,97,157
200,3200,1249,97,157
200,3200,1250,98,158
200,3200,1251,98,158
200,3200,1252,98,158
200,3200,1253,98,158
200,3200,1254,98,158
200,3200,1255,98,158
200,3200,1256,98,158
200,3200,1257,98,158
200,3200,1258,98,158
200,3200,1259,98,159
200,3200,1260,98,159
200,3200,1261,98,159
200,3200,1262,99,159
200,3200,1263,99,159
200,3200,1264,99,159
200,3200,1265,99,159
200,3200,1266,99,159
200,3200,1267,99,159
200,3200,1268,99,160
200,3200,1269,99,160
200,3200,1270,99,160
200,3200,1271,99,160
200,3200,1272,99,160
200,3200,1273,100,160
200,3200,1274,100,160
200,3200,1275,100,160
200,3200,1276,100,160
200,3200,1277,100,161
200,3200,1278,100,161
200,3200,1279,100,161
200,3200,1280,100,161
200,3200,1281,100,161
200,3200,1282,100,161
200,3200,1283,100,161
200,3200,1284,101,161
200,3200,1285,101,162
200,3200,1286,101,162
200,3200,1287,101,162
200,3200,1288,101,162
200,3200,1289,101,162
200,3200,1290,101,162
200,3200,1291,101,162
200,3200,1292,101,162
200,3200,1293,101,162
200,3200,1294,101,163
200,3200,1295,101,163
200,3200,1296,102,163
200,3200,1297,102,163
200,3200,1298,102,163
200,3200,1299,102,163
200,3200,1300,102,163
200,3200,1301,102,163
200,3200,1302,102,163
200,3200,1303,102,164
200,3200,1304,102,164
200,3200,1305,102,164
200,3200,1306,102,164
200,3200,1307,103,164
200,3200,1308,103,164
200,3200,1309,103,164
200,3200,1310,103,164
200,3200,1311,103,164
200,3200,1312,103,165
200,3200,1313,103,165
200,3200,1314,103,165
200,3200,1315,103,165
200,3200,1316,103,165
200,3200,1317,103,165
200,3200,1318,103,165
200,3200,1319,104,165
200,3200,1320,104,165
200,3200,1321,104,166
200,3200,1322,104,166
200,3200,1323,104,166
200,3200,1324,104,166
200,3200,1325,104,166
200,3200,1326,104,166
200,3200,1327,104,166
200,3200,1328,104,166
200,3200,1329,104,166
200,3200,1330,105,167
200,3200,1331,105,167
200,3200,1332,105,167
200,3200,1333,105,167
200,3200,1334,105,167
200,3200,1335,105,167
200,3200,1336,105,167
200,3200,1337,105,167
200,3200,1338,105,168
200,3200,1339,105,168
200,3200,1340,105,168
200,3200,1341,106,168
200,3200,1342,106,168
200,3200,1343,106,168
200,3200,1344,106,168
200,3200,1345,106,168
200,3200,1346,106,168
200,3200,1347,106,169
200,3200,1348,106,169
200,3200,1349,106,169
200,3200,1350,106,169
200,3200,1351,106,169
200,3200,1352,106,169
200,3200,1353,107,169
200,3200,1354,107,169
200,3200,1355,107,169
200,3200,1356,107,170
200,3200,1357,107,170
200,3200,1358,107,170
200,3200,1359,107,170
200,3200,1360,107,170
200,3200,1361,107,170
200,3200,1362,107,170
200,3200,1363,107,170
200,3200,1364,108,170
200,3200,1365,108,171
200,3200,1366,108,171
200,3200,1367,108,171
200,3200,1368,108,171
200,3200,1369,108,171
200,3200,1370,108,171
200,3200,1371,108,171
200,3200,1372,108,171
200,3200,1373,108,171
200,3200,1374,108,172
200,3200,1375,109,172
200,3200,1376,109,172
200,3200,1377,109,172
200,3200,1378,109,172
200,3200,1379,109,172
200,3200,1380,109,172
200,3200,1381,109,172
200,3200,1382,109,172
200,3200,1383,109,173
200,3200,1384,109,173
200,3200,1385,109,173
200,3200,1386,109,173
200,3200,1387,110,173
200,3200,1388,110,173
200,3200,1389,110,173
200,3200,1390,110,173
200,3200,1391,110,173
200,3200,1392,110,174
200,3200,1393,110,174
200,3200,1394,110,174
200,3200,1395,110,174
200,3200,1396,110,174
200,3200,1397,110,174
200,3200,1398,111,174
200,3200,1399,111,174
200,3200,1400,111,175
200,3200,1401,111,175
200,3200,1402,111,175
200,3200,1403,111,175
200,3200,1404,111,175
200,3200,1405,111,175
200,3200,1406,111,175
200,3200,1407,111,175
200,3200,1408,111,175
200,3200,1409,111,176
200,3200,1410,112,176
200,3200,1411,112,176
200,3200,1412,112,176
200,3200,1413,112,176
200,3200,1414,112,176
200,3200,1415,112,176
200,3200,1416,112,176
200,3200,1417,112,176
200,3200,1418,112,177
200,3200,1419,112,177
200,3200,1420,112,177
200,3200,1421,113,177
200,3200,1422,113,177
200,3200,1423,113,177
200,3200,1424,113,177
200,3200,1425,113,177
200,3200,1426,113,177
200,3200,1427,113,178
200,3200,1428,113,178
200,3200,1429,113,178
200,3200,1430,113,178
200,3200,1431,113,178
200,3200,1432,114,178
200,3200,1433,114,178
200,3200,1434,114,178
200,3200,1435,114,178
200,3200,1436,114,179
200,3200,1437,114,179
200,3200,1438,114,179
200,3200,1439,114,179
200,3200,1440,114,179
200,3200,1441,114,179
200,3200,1442,114,179
200,3200,1443,114,179
200,3200,1444,115,179
200,3200,1445,115,180
200,3200,1446,115,180
200,3200,1447,115,180
200,3200,1448,115,180
200,3200,1449,115,180
200,3200,1450,115,180
200,3200,1451,115,180
200,3200,1452,115,180
200,3200,1453,115,180
200,3200,1454,115,181
200,3200,1455,116,181
200,3200,1456,116,181
200,3200,1457,116,181
200,3200,1458,116,181
200,3200,1459,116,181
200,3200,1460,116,181
200,3200,1461,116,181
200,3200,1462,116,182
200,3200,1463,116,182
200,3200,1464,116,182
200,3200,1465,116,182
200,3200,1466,117,182
200,3200,1467,117,182
200,3200,1468,117,182
200,3200,1469,117,182
200,3200,1470,117,182
200,3200,1471,117,183
200,3200,1472,117,183
200,3200,1473,117,183
200,3200,1474,117,183
200,3200,1475,117,183
200,3200,1476,117,183
200,3200,1477,118,183
200,3200,1478,118,183
200,3200,1479,118,183
200,3200,1480,118,184
200,3200,1481,118,184
200,3200,1482,118,184
200,3200,1483,118,184
200,3200,1484,118,184
200,3200,1485,118,184
200,3200,1486,118,184
200,3200,1487,118,184
200,3200,1488,118,184
200,3200,1489,119,185
200,3200,1490,119,185
200,3200,1491,119,185
200,3200,1492,119,185
200,3200,1493,119,185
200,3200,1494,119,185
200,3200,1495,119,185
200,3200,1496,119,185
200,3200,1497,119,185
200,3200,1498,119,186
200,3200,1499,119,186
200,3200,1500,120,186
200,3200,1501,120,186
200,3200,1502,120,186
200,3200,1503,120,186
200,3200,1504,120,186
200,3200,1505,120,186
200,3200,1506,120,186
200,3200,1507,120,187
200,3200,1508,120,187
200,3200,1509,120,187
200,3200,1510,120,187
200,3200,1511,121,187
200,3200,1512,121,187
200,3200,1513,121,187
200,3200,1514,121,187
200,3200,1515,121,187
200,3200,1516,121,188
200,3200,1517,121,188
200,3200,1518,121,188
200,3200,1519,121,188
200,3200,1520,121,188
200,3200,1521,121,188
200,3200,1522,121,188
200,3200,1523,122,188
200,3200,1524,122,188
200,3200,1525,122,189
200,3200,1526,122,189
200,3200,1527,122,189
200,3200,1528,122,189
200,3200,1529,122,189
200,3200,1530,122,189
200,3200,1531,122,189
200,3200,1532,122,189
200,3200,1533,122,189
200,3200,1534,123,190
200,3200,1535,123,190
200,3200,1536,123,190
200,3200,1537,123,190
200,3200,1538,123,190
200,3200,1539,123,190
200,3200,1540,123,190
200,3200,1541,123,190
200,3200,1542,123,190
200,3200,1543,123,191
200,3200,1544,123,191
200,3200,1545,124,191
200,3200,1546,124,191
200,3200,1547,124,191
200,3200,1548,124,191
200,3200,1549,124,191
200,3200,1550,124,191
200,3200,1551,124,192
200,3200,1552,124,192
200,3200,1553,124,192
200,3200,1554,124,192
200,3200,1555,124,192
200,3200,1556,124,192
200,3200,1557,125,192
200,3200,1558,125,192
200,3200,1559,125,192
200,3200,1560,125,193
200,3200,1561,125,193
200,3200,1562,125,193
200,3200,1563,125,193
200,3200,1564,125,193
200,3200,1565,125,193
200,3200,1566,125,193
200,3200,1567,125,193
200,3200,1568,126,193
200,3200,1569,126,194
200,3200,1570,126,194
200,3200,1571,126,194
200,3200,1572,126,194
200,3200,1573,126,194
200,3200,1574,126,194
200,3200,1575,126,194
200,3200,1576,126,194
200,3200,1577,126,194
200,3200,1578,126,195
200,3200,1579,127,195
200,3200,1580,127,195
200,3200,1581,127,195
200,3200,1582,127,195
200,3200,1583,127,195
200,3200,1584,127,195
200,3200,1585,127,195
200,3200,1586,127,195
200,3200,1587,127,196
200,3200,1588,127,196
200,3200,1589,127,196
200,3200,1590,128,196
200,3200,1591,128,196
200,3200,1592,128,196
200,3200,1593,128,196
200,3200,1594,128,196
200,3200,1595,128,196
200,3200,1596,128,197
200,3200,1597,128,197
200,3200,1598,128,197
200,3200,1599,128,197
200,3200,1600,128,197
200,3200,1601,128,197
200,3200,1602,129,197
200,3200,1603,129,197
200,3200,1604,129,197
200,3200,1605,129,198
200,3200,1606,129,198
200,3200,1607,129,198
200,3200,1608,129,198
200,3200,1609,129,198
200,3200,1610,129,198
200,3200,1611,129,198
200,3200,1612,129,198
200,3200,1613,130,198
200,3200,1614,130,199
200,3200,1615,130,199
200,3200,1616,130,199
200,3200,1617,130,199
200,3200,1618,130,199
200,3200,1619,130,199
200,3200,1620,130,199
200,3200,1621,130,199
200,3200,1622,130,199
200,3200,1623,130,200
200,3200,1624,131,200
200,3200,1625,131,200
200,3200,1626,131,200
200,3200,1627,131,200
200,3200,1628,131,200
200,3200,1629,131,200
200,3200,1630,131,200
200,3200,1631,131,200
200,3200,1632,131,201
200,3200,1633,131,201
200,3200,1634,131,201
200,3200,1635,132,201
200,3200,1636,132,201
200,3200,1637,132,201
200,3200,1638,132,201
200,3200,1639,132,201
200,3200,1640,132,201
200,3200,1641,132,202
200,3200,1642,132,202
200,3200,1643,132,202
200,3200,1644,132,202
200,3200,1645,132,202
200,3200,1646,132,202
200,3200,1647,133,202
200,3200,1648,133,202
200,3200,1649,133,202
200,3200,1650,133,203
200,3200,1651,133,203
200,3200,1652,133,203
200,3200,1653,133,203
200,3200,1654,133,203
200,3200,1655,133,203
200,3200,1656,133,203
200,3200,1657,133,203
200,3200,1658,134,204
200,3200,1659,134,204
200,3200,1660,134,204
200,3200,1661,134,204
200,3200,1662,134,204
200,3200,1663,134,204
200,3200,1664,134,204
200,3200,1665,134,204
200,3200,1666,134,204
200,3200,1667,134,205
200,3200,1668,134,205
200,3200,1669,135,205
200,3200,1670,135,205
200,3200,1671,135,205
200,3200,1672,135,205
200,3200,1673,135,205
200,3200,1674,135,205
200,3200,1675,135,205
200,3200,1676,135,206
200,3200,1677,135,206
200,3200,1678,135,206
200,3200,1679,135,206
200,3200,1680,136,206
200,3200,1681,136,206
200,3200,1682,136,206
200,3200,1683,136,206
200,3200,1684,136,206
200,3200,1685,136,207
200,3200,1686,136,207
200,3200,1687,136,207
200,3200,1688,136,207
200,3200,1689,136,207
200,3200,1690,136,207
200,3200,1691,136,207
200,3200,1692,137,207
200,3200,1693,137,207
200,3200,1694,137,208
200,3200,1695,137,208
200,3200,1696,137,208
200,3200,1697,137,208
200,3200,1698,137,208
200,3200,1699,137,208
200,3200,1700,137,208
200,3200,1701,137,208
200,3200,1702,137,208
200,3200,1703,138,209
200,3200,1704,138,209
200,3200,1705,138,209
200,3200,1706,138,209
200,3200,1707,138,209
200,3200,1708,138,209
200,3200,1709,138,209
200,3200,1710,138,209
200,3200,1711,138,209
200,3200,1712,138,210
200,3200,1713,138,210
200,3200,1714,139,210
200,3200,1715,139,210
200,3200,1716,139,210
200,3200,1717,139,210
200,3200,1718,139,210
200,3200,1719,139,210
200,3200,1720,139,210
200,3200,1721,139,211
200,3200,1722,139,211
200,3200,1723,139,211
200,3200,1724,139,211
200,3200,1725,140,211
200,3200,1726,140,211
200,3200,1727,140,211
200,3200,1728,140,211
200,3200,1729,140,211
200,3200,1730,140,212
200,3200,1731,140,212
200,3200,1732,140,212
200,3200,1733,140,212
200,3200,1734,140,212
200,3200,1735,140,212
200,3200,1736,141,212
200,3200,1737,141,212
200,3200,1738,141,212
200,3200,1739,141,213
200,3200,1740,141,213
200,3200,1741,141,213
200,3200,1742,141,213
200,3200,1743,141,213
200,3200,1744,141,213
200,3200,1745,141,213
200,3200,1746,141,213
200,3200,1747,141,213
200,3200,1748,142,214
200,3200,1749,142,214
200,3200,1750,142,214
200,3200,1751,142,214
200,3200,1752,142,214
200,3200,1753,142,214
200,3200,1754,142,214
200,3200,1755,142,214
200,3200,1756,142,214
200,3200,1757,142,215
200,3200,1758,142,215
200,3200,1759,143,215
200,3200,1760,143,215
200,3200,1761,143,215
200,3200,1762,143,215
200,3200,1763,143,215
200,3200,1764,143,215
200,3200,1765,143,215
200,3200,1766,143,216
200,3200,1767,143,216
200,3200,1768,143,216
200,3200,1769,143,216
200,3200,1770,144,216
200,3200,1771,144,216
200,3200,1772,144,216
200,3200,1773,144,216
200,3200,1774,144,216
200,3200,1775,144,217
200,3200,1776,144,217
200,3200,1777,144,217
200,3200,1778,144,217
200,3200,1779,144,217
200,3200,1780,144,217
200,3200,1781,145,217
200,3200,1782,145,217
200,3200,1783,145,217
200,3200,1784,145,218
200,3200,1785,145,218
200,3200,1786,145,218
200,3200,1787,145,218
200,3200,1788,145,218
200,3200,1789,145,218
200,3200,1790,145,218
200,3200,1791,145,218
200,3200,1792,146,218
200,3200,1793,146,219
200,3200,1794,146,219
200,3200,1795,146,219
200,3200,1796,146,219
200,3200,1797,146,219
200,3200,1798,146,219
200,3200,1799,146,219
200,3200,1800,146,219
200,3200,1801,146,219
200,3200,1802,146,220
200,3200,1803,146,220
200,3200,1804,147,220
200,3200,1805,147,220
200,3200,1806,147,220
200,3200,1807,147,220
200,3200,1808,147,220
200,3200,1809,147,220
200,3200,1810,147,220
200,3200,1811,147,221
200,3200,1812,147,221
200,3200,1813,147,221
200,3200,1814,147,221
200,3200,1815,148,221
200,3200,1816,148,221
200,3200,1817,148,221
200,3200,1818,148,221
200,3200,1819,148,221
200,3200,1820,148,222
200,3200,1821,148,222
200,3200,1822,148,222
200,3200,1823,148,222
200,3200,1824,148,222
200,3200,1825,148,222
200,3200,1826,149,222
200,3200,1827,149,222
200,3200,1828,149,222
200,3200,1829,149,223
200,3200,1830,149,223
200,3200,1831,149,223
200,3200,1832,149,223
200,3200,1833,149,223
200,3200,1834,149,223
200,3200,1835,149,223
200,3200,1836,149,223
200,3200,1837,150,223
200,3200,1838,150,224
200,3200,1839,150,224
200,3200,1840,150,224
200,3200,1841,150,224
200,3200,1842,150,224
200,3200,1843,150,224
200,3200,1844,150,224
200,3200,1845,150,224
200,3200,1846,150,224
200,3200,1847,150,225
200,3200,1848,151,225
200,3200,1849,151,225
200,3200,1850,151,225
200,3200,1851,151,225
200,3200,1852,151,225
200,3200,1853,151,225
200,3200,1854,151,225
200,3200,1855,151,225
200,3200,1856,151,226
200,3200,1857,151,226
200,3200,1858,151,226
200,3200,1859,151,226
200,3200,1860,152,226
200,3200,1861,152,226
200,3200,1862,152,226
200,3200,1863,152,226
200,3200,1864,152,226
200,3200,1865,152,227
200,3200,1866,152,227
200,3200,1867,152,227
200,3200,1868,152,227
200,3200,1869,152,227
200,3200,1870,152,227
200,3200,1871,153,227
200,3200,1872,153,227
200,3200,1873,153,227
200,3200,1874,153,228
200,3200,1875,153,228
200,3200,1876,153,228
200,3200,1877,153,228
200,3200,1878,153,228
200,3200,1879,153,228
200,3200,1880,153,228
200,3200,1881,153,228
200,3200,1882,154,228
200,3200,1883,154,229
200,3200,1884,154,229
200,3200,1885,154,229
200,3200,1886,154,229
200,3200,1887,154,229
200,3200,1888,154,229
200,3200,1889,154,229
200,3200,1890,154,229
200,3200,1891,154,230
200,3200,1892,154,230
200,3200,1893,155,230
200,3200,1894,155,230
200,3200,1895,155,230
200,3200,1896,155,230
200,3200,1897,155,230
200,3200,1898,155,230
200,3200,1899,155,230
200,3200,1900,155,231
200,3200,1901,155,231
200,3200,1902,155,231
200,3200,1903,155,231
200,3200,1904,156,231
200,3200,1905,156,231
200,3200,1906,156,231
200,3200,1907,156,231
200,3200,1908,156,231
200,3200,1909,156,232
200,3200,1910,156,232
200,3200,1911,156,232
200,3200,1912,156,232
200,3200,1913,156,232
200,3200,1914,156,232
200,3200,1915,157,232
200,3200,1916,157,232
200,3200,1917,157,232
200,3200,1918,157,233
200,3200,1919,157,233
200,3200,1920,157,233
200,3200,1921,157,233
200,3200,1922,157,233
200,3200,1923,157,233
200,3200,1924,157,233
200,3200,1925,157,233
200,3200,1926,157,233
200,3200,1927,158,234
200,3200,1928,158,234
200,3200,1929,158,234
200,3200,1930,158,234
200,3200,1931,158,234
200,3200,1932,158,234
200,3200,1933,158,234
200,3200,1934,158,234
200,3200,1935,158,234
200,3200,1936,158,235
200,3200,1937,158,235
200,3200,1938,159,235
200,3200,1939,159,235
200,3200,1940,159,235
200,3200,1941,159,235
200,3200,1942,159,235
200,3200,1943,159,235
200,3200,1944,159,235
200,3200,1945,159,236
200,3200,1946,159,236
200,3200,1947,159,236
200,3200,1948,159,236
200,3200,1949,160,236
200,3200,1950,160,236
200,3200,1951,160,236
200,3200,1952,160,236
200,3200,1953,160,236
200,3200,1954,160,237
200,3200,1955,160,237
200,3200,1956,160,237
200,3200,1957,160,237
200,3200,1958,160,237
200,3200,1959,160,237
200,3200,1960,161,237
200,3200,1961,161,237
200,3200,1962,161,237
200,3200,1963,161,238
200,3200,1964,161,238
200,3200,1965,161,238
200,3200,1966,161,238
200,3200,1967,161,238
200,3200,1968,161,238
200,3200,1969,161,238
200,3200,1970,161,238
200,3200,1971,162,238
200,3200,1972,162,239
200,3200,1973,162,239
200,3200,1974,162,239
200,3200,1975,162,239
200,3200,1976,162,239
200,3200,1977,162,239
200,3200,1978,162,239
200,3200,1979,162,239
200,3200,1980,162,239
200,3200,1981,162,240
200,3200,1982,163,240
200,3200,1983,163,240
200,3200,1984,163,240
200,3200,1985,163,240
200,3200,1986,163,240
200,3200,1987,163,240
200,3200,1988,163,240
200,3200,1989,163,240
200,3200,1990,163,240
200,3200,1991,163,241
200,3200,1992,163,241
200,3200,1993,164,241
200,3200,1994,164,241
200,3200,1995,164,241
200,3200,1996,164,241
200,3200,1997,164,241
200,3200,1998,164,241
200,3200,1999,164,241
200,3200,2000,164,242
200,3200,2001,164,242
200,3200,2002,164,242
200,3200,2003,164,242
200,3200,2004,164,242
200,3200,2005,165,242
200,3200,2006,165,242
200,3200,2007,165,242
200,3200,2008,165,242
200,3200,2009,165,243
200,3200,2010,165,243
200,3200,2011,165,243
200,3200,2012,165,243
200,3200,2013,165,243
200,3200,2014,165,243
200,3200,2015,165,243
200,3200,2016,166,243
200,3200,2017,166,243
200,3200,2018,166,244
200,3200,2019,166,244
200,3200,2020,166,244
200,3200,2021,166,244
200,3200,2022,166,244
200,3200,2023,166,244
200,3200,2024,166,244
200,3200,2025,166,244
200,3200,2026,166,244
200,3200,2027,167,245
200,3200,2028,167,245
200,3200,2029,167,245
200,3200,2030,167,245
200,3200,2031,167,245
200,3200,2032,167,245
200,3200,2033,167,245
200,3200,2034,167,245
200,3200,2035,167,245
200,3200,2036,167,246
200,3200,2037,167,246
200,3200,2038,168,246
200,3200,2039,168,246
200,3200,2040,168,246
200,3200,2041,168,246
200,3200,2042,168,246
200,3200,2043,168,246
200,3200,2044,168,246
200,3200,2045,168,247
200,3200,2046,168,247
200,3200,2047,168,247
200,3200,2048,168,247
200,3200,2049,169,247
200,3200,2050,169,247
200,3200,2051,169,247
200,3200,2052,169,247
200,3200,2053,169,247
200,3200,2054,169,248
200,3200,2055,169,248
200,3200,2056,169,248
200,3200,2057,169,248
200,3200,2058,169,248
200,3200,2059,169,248
200,3200,2060,170,248
200,3200,2061,170,248
200,3200,2062,170,248
200,3200,2063,170,249
200,3200,2064,170,249
200,3200,2065,170,249
200,3200,2066,170,249
200,3200,2067,170,249
200,3200,2068,170,249
200,3200,2069,170,249
200,3200,2070,170,249
200,3200,2071,171,249
200,3200,2072,171,250
200,3200,2073,171,250
200,3200,2074,171,250
200,3200,2075,171,250
200,3200,2076,171,250
200,3200,2077,171,250
200,3200,2078,171,250
200,3200,2079,171,250
200,3200,2080,171,250
200,3200,2081,171,251
200,3200,2082,172,251
200,3200,2083,172,251
200,3200,2084,172,251
200,3200,2085,172,251
200,3200,2086,172,251
200,3200,2087,172,251
200,3200,2088,172,251
200,3200,2089,172,251
200,3200,2090,172,252
200,3200,2091,172,252
200,3200,2092,172,252
200,3200,2093,173,252
200,3200,2094,173,252
200,3200,2095,173,252
200,3200,2096,173,252
200,3200,2097,173,252
200,3200,2098,173,252
200,3200,2099,173,253
200,3200,2100,173,253
200,3200,2101,173,253
200,3200,2102,173,253
200,3200,2103,173,253
200,3200,2104,173,253
200,3200,2105,174,253
200,3200,2106,174,253
200,3200,2107,174,253
200,3200,2108,174,254
200,3200,2109,174,254
200,3200,2110,174,254
200,3200,2111,174,254
200,3200,2112,174,254
200,3200,2113,174,254
200,3200,2114,174,254
200,3200,2115,174,254
200,3200,2116,175,254
200,3200,2117,175,255
200,3200,2118,175,255
200,3200,2119,175,255
200,3200,2120,175,255
200,3200,2121,175,255
200,3200,2122,175,255
200,3200,2123,175,255
200,3200,2124,175,255
200,3200,2125,175,255
200,3200,2126,175,256
200,3200,2127,176,256
200,3200,2128,176,256
200,3200,2129,176,256
200,3200,2130,176,256
200,3200,2131,176,256
200,3200,2132,176,256
200,3200,2133,176,256
200,3200,2134,176,256
200,3200,2135,176,257
200,3200,2136,176,257
200,3200,2137,176,257
200,3200,2138,177,257
200,3200,2139,177,257
200,3200,2140,177,257
200,3200,2141,177,257
200,3200,2142,177,257
200,3200,2143,177,257
200,3200,2144,177,258
200,3200,2145,177,258
200,3200,2146,177,258
200,3200,2147,177,258
200,3200,2148,177,258
200,3200,2149,178,258
200,3200,2150,178,258
200,3200,2151,178,258
200,3200,2152,178,258
200,3200,2153,178,259
200,3200,2154,178,259
200,3200,2155,178,259
200,3200,2156,178,259
200,3200,2157,178,259
200,3200,2158,178,259
200,3200,2159,178,259
200,3200,2160,179,259
200,3200,2161,179,259
200,3200,2162,179,260
200,3200,2163,179,260
200,3200,2164,179,260
200,3200,2165,179,260
200,3200,2166,179,260
200,3200,2167,179,260
200,3200,2168,179,260
200,3200,2169,179,260
200,3200,2170,179,260
200,3200,2171,180,261
200,3200,2172,180,261
200,3200,2173,180,261
200,3200,2174,180,261
200,3200,2175,180,261
200,3200,2176,180,261
200,3200,2177,180,261
200,3200,2178,180,261
200,3200,2179,180,261
200,3200,2180,180,262
200,3200,2181,180,262
200,3200,2182,181,262
200,3200,2183,181,262
200,3200,2184,181,262
200,3200,2185,181,262
200,3200,2186,181,262
200,3200,2187,181,262
200,3200,2188,181,262
200,3200,2189,181,263
200,3200,2190,181,263
200,3200,2191,181,263
200,3200,2192,181,263
200,3200,2193,182,263
200,3200,2194,182,263
200,3200,2195,182,263
200,3200,2196,182,263
200,3200,2197,182,263
200,3200,2198,182,264
200,3200,2199,182,264
200,3200,2200,182,264
200,3200,2201,182,264
200,3200,2202,182,264
200,3200,2203,182,264
200,3200,2204,183,264
200,3200,2205,183,264
200,3200,2206,183,264
200,3200,2207,183,265
200,3200,2208,183,265
200,3200,2209,183,265
200,3200,2210,183,265
200,3200,2211,183,265
200,3200,2212,183,265
200,3200,2213,183,265
200,3200,2214,183,265
200,3200,2215,184,265
200,3200,2216,184,266
200,3200,2217,184,266
200,3200,2218,184,266
200,3200,2219,184,266
200,3200,2220,184,266
200,3200,2221,184,266
200,3200,2222,184,266
200,3200,2223,184,266
200,3200,2224,184,266
200,3200,2225,184,267
200,3200,2226,184,267
200,3200,2227,185,267
200,3200,2228,185,267
200,3200,2229,185,267
200,3200,2230,185,267
200,3200,2231,185,267
200,3200,2232,185,267
200,3200,2233,185,267
200,3200,2234,185,268
200,3200,2235,185,268
200,3200,2236,185,268
200,3200,2237,185,268
200,3200,2238,186,268
200,3200,2239,186,268
200,3200,2240,186,268
200,3200,2241,186,268
200,3200,2242,186,268
200,3200,2243,186,269
200,3200,2244,186,269
200,3200,2245,186,269
200,3200,2246,186,269
200,3200,2247,186,269
200,3200,2248,186,269
200,3200,2249,187,269
200,3200,2250,187,269
200,3200,2251,187,269
200,3200,2252,187,269
200,3200,2253,187,270
200,3200,2254,187,270
200,3200,2255,187,270
200,3200,2256,187,270
200,3200,2257,187,270
200,3200,2258,187,270
200,3200,2259,187,270
200,3200,2260,188,270
200,3200,2261,188,270
200,3200,2262,188,271
200,3200,2263,188,271
200,3200,2264,188,271
200,3200,2265,188,271
200,3200,2266,188,271
200,3200,2267,188,271
200,3200,2268,188,271
200,3200,2269,188,271
200,3200,2270,188,271
200,3200,2271,189,272
200,3200,2272,189,272
200,3200,2273,189,272
200,3200,2274,189,272
200,3200,2275,189,272
200,3200,2276,189,272
200,3200,2277,189,272
200,3200,2278,189,272
200,3200,2279,189,272
200,3200,2280,189,273
200,3200,2281,189,273
200,3200,2282,190,273
200,3200,2283,190,273
200,3200,2284,190,273
200,3200,2285,190,273
200,3200,2286,190,273
200,3200,2287,190,273
200,3200,2288,190,273
200,3200,2289,190,274
200,3200,2290,190,274
200,3200,2291,190,274
200,3200,2292,190,274
200,3200,2293,191,274
200,3200,2294,191,274
200,3200,2295,191,274
200,3200,2296,191,274
200,3200,2297,191,274
200,3200,2298,191,275
200,3200,2299,191,275
200,3200,2300,191,275
200,3200,2301,191,275
200,3200,2302,191,275
200,3200,2303,191,275
200,3200,2304,192,275
200,3200,2305,192,275
200,3200,2306,192,275
200,3200,2307,192,276
200,3200,2308,192,276
200,3200,2309,192,276
200,3200,2310,192,276
200,3200,2311,192,276
200,3200,2312,192,276
200,3200,2313,192,276
200,3200,2314,192,276
200,3200,2315,193,276
200,3200,2316,193,277
200,3200,2317,193,277
200,3200,2318,193,277
200,3200,2319,193,277
200,3200,2320,193,277
200,3200,2321,193,277
200,3200,2322,193,277
200,3200,2323,193,277
200,3200,2324,193,277
200,3200,2325,193,278
200,3200,2326,194,278
200,3200,2327,194,278
200,3200,2328,194,278
200,3200,2329,194,278
200,3200,2330,194,278
200,3200,2331,194,278
200,3200,2332,194,278
200,3200,2333,194,278
200,3200,2334,194,279
200,3200,2335,194,279
200,3200,2336,194,279
200,3200,2337,195,279
200,3200,2338,195,279
200,3200,2339,195,279
200,3200,2340,195,279
200,3200,2341,195,279
200,3200,2342,195,279
200,3200,2343,195,280
200,3200,2344,195,280
200,3200,2345,195,280
200,3200,2346,195,280
200,3200,2347,195,280
200,3200,2348,196,280
200,3200,2349,196,280
200,3200,2350,196,280
200,3200,2351,196,280
200,3200,2352,196,281
200,3200,2353,196,281
200,3200,2354,196,281
200,3200,2355,196,281
200,3200,2356,196,281
200,3200,2357,196,281
200,3200,2358,196,281
200,3200,2359,197,281
200,3200,2360,197,281
200,3200,2361,197,282
200,3200,2362,197,282
200,3200,2363,197,282
200,3200,2364,197,282
200,3200,2365,197,282
200,3200,2366,197,282
200,3200,2367,197,282
200,3200,2368,197,282
200,3200,2369,197,282
200,3200,2370,198,283
200,3200,2371,198,283
200,3200,2372,198,283
200,3200,2373,198,283
200,3200,2374,198,283
200,3200,2375,198,283
200,3200,2376,198,283
200,3200,2377,198,283
200,3200,2378,198,283
200,3200,2379,198,283
200,3200,2380,198,284
200,3200,2381,199,284
200,3200,2382,199,284
200,3200,2383,199,284
200,3200,2384,199,284
200,3200,2385,199,284
200,3200,2386,199,284
200,3200,2387,199,284
200,3200,2388,199,284
200,3200,2389,199,285
200,3200,2390,199,285
200,3200,2391,199,285
200,3200,2392,200,285
200,3200,2393,200,285
200,3200,2394,200,285
200,3200,2395,200,285
200,3200,2396,200,285
200,3200,2397,200,285
200,3200,2398,200,286
200,3200,2399,200,286
200,3200,2400,200,286
200,3200,2401,200,286
200,3200,2402,200,286
200,3200,2403,201,286
200,3200,2404,201,286
200,3200,2405,201,286
200,3200,2406,201,286
200,3200,2407,201,287
200,3200,2408,201,287
200,3200,2409,201,287
200,3200,2410,201,287
200,3200,2411,201,287
200,3200,2412,201,287
200,3200,2413,201,287
200,3200,2414,202,287
200,3200,2415,202,287
200,3200,2416,202,288
200,3200,2417,202,288
200,3200,2418,202,288
200,3200,2419,202,288
200,3200,2420,202,288
200,3200,2421,202,288
200,3200,2422,202,288
200,3200,2423,202,288
200,3200,2424,202,288
200,3200,2425,203,289
200,3200,2426,203,289
200,3200,2427,203,289
200,3200,2428,203,289
200,3200,2429,203,289
200,3200,2430,203,289
200,3200,2431,203,289
200,3200,2432,203,289
200,3200,2433,203,289
200,3200,2434,203,290
200,3200,2435,203,290
200,3200,2436,203,290
200,3200,2437,204,290
200,3200,2438,204,290
200,3200,2439,204,290
200,3200,2440,204,290
200,3200,2441,204,290
200,3200,2442,204,290
200,3200,2443,204,291
200,3200,2444,204,291
200,3200,2445,204,291
200,3200,2446,204,291
200,3200,2447,204,291
200,3200,2448,205,291
200,3200,2449,205,291
200,3200,2450,205,291
200,3200,2451,205,291
200,3200,2452,205,292
200,3200,2453,205,292
200,3200,2454,205,292
200,3200,2455,205,292
200,3200,2456,205,292
200,3200,2457,205,292
200,3200,2458,205,292
200,3200,2459,206,292
200,3200,2460,206,292
200,3200,2461,206,293
200,3200,2462,206,293
200,3200,2463,206,293
200,3200,2464,206,293
200,3200,2465,206,293
200,3200,2466,206,293
200,3200,2467,206,293
200,3200,2468,206,293
200,3200,2469,206,293
200,3200,2470,207,294
200,3200,2471,207,294
200,3200,2472,207,294
200,3200,2473,207,294
200,3200,2474,207,294
200,3200,2475,207,294
200,3200,2476,207,294
200,3200,2477,207,294
200,3200,2478,207,294
200,3200,2479,207,295
200,3200,2480,207,295
200,3200,2481,208,295
200,3200,2482,208,295
200,3200,2483,208,295
200,3200,2484,208,295
200,3200,2485,208,295
200,3200,2486,208,295
200,3200,2487,208,295
200,3200,2488,208,295
200,3200,2489,208,296
200,3200,2490,208,296
200,3200,2491,208,296
200,3200,2492,209,296
200,3200,2493,209,296
200,3200,2494,209,296
200,3200,2495,209,296
200,3200,2496,209,296
200,3200,2497,209,296
200,3200,2498,209,297
200,3200,2499,209,297
200,3200,2500,209,297
200,3200,2501,209,297
200,3200,2502,209,297
200,3200,2503,210,297
200,3200,2504,210,297
200,3200,2505,210,297
200,3200,2506,210,297
200,3200,2507,210,298
200,3200,2508,210,298
200,3200,2509,210,298
200,3200,2510,210,298
200,3200,2511,210,298
200,3200,2512,210,298
200,3200,2513,210,298
200,3200,2514,211,298
200,3200,2515,211,298
200,3200,2516,211,299
200,3200,2517,211,299
200,3200,2518,211,299
200,3200,2519,211,299
200,3200,2520,211,299
200,3200,2521,211,299
200,3200,2522,211,299
200,3200,2523,211,299
200,3200,2524,211,299
200,3200,2525,212,300
200,3200,2526,212,300
200,3200,2527,212,300
200,3200,2528,212,300
200,3200,2529,212,300
200,3200,2530,212,300
200,3200,2531,212,300
200,3200,2532,212,300
200,3200,2533,212,300
200,3200,2534,212,301
200,3200,2535,212,301
200,3200,2536,213,301
200,3200,2537,213,301
200,3200,2538,213,301
200,3200,2539,213,301
200,3200,2540,213,301
200,3200,2541,213,301
200,3200,2542,213,301
200,3200,2543,213,302
200,3200,2544,213,302
200,3200,2545,213,302
200,3200,2546,213,302
200,3200,2547,214,302
200,3200,2548,214,302
200,3200,2549,214,302
200,3200,2550,214,302
200,3200,2551,214,302
200,3200,2552,214,303
200,3200,2553,214,303
200,3200,2554,214,303
200,3200,2555,214,303
200,3200,2556,214,303
200,3200,2557,214,303
200,3200,2558,215,303
200,3200,2559,215,303
200,3200,2560,215,303
200,3200,2561,215,304
200,3200,2562,215,304
200,3200,2563,215,304
200,3200,2564,215,304
200,3200,2565,215,304
200,3200,2566,215,304
200,3200,2567,215,304
200,3200,2568,215,304
200,3200,2569,216,304
200,3200,2570,216,305
200,3200,2571,216,305
200,3200,2572,216,305
200,3200,2573,216,305
200,3200,2574,216,305
200,3200,2575,216,305
200,3200,2576,216,305
200,3200,2577,216,305
200,3200,2578,216,305
200,3200,2579,216,305
200,3200,2580,217,306
200,3200,2581,217,306
200,3200,2582,217,306
200,3200,2583,217,306
200,3200,2584,217,306
200,3200,2585,217,306
200,3200,2586,217,306
200,3200,2587,217,306
200,3200,2588,217,306
200,3200,2589,217,307
200,3200,2590,217,307
200,3200,2591,218,307
200,3200,2592,218,307
200,3200,2593,218,307
200,3200,2594,218,307
200,3200,2595,218,307
200,3200,2596,218,307
200,3200,2597,218,307
200,3200,2598,218,308
200,3200,2599,218,308
200,3200,2600,218,308
200,3200,2601,218,308
200,3200,2602,219,308
200,3200,2603,219,308
200,3200,2604,219,308
200,3200,2605,219,308
200,3200,2606,219,308
200,3200,2607,219,309
200,3200,2608,219,309
200,3200,2609,219,309
200,3200,2610,219,309
200,3200,2611,219,309
200,3200,2612,219,309
200,3200,2613,220,309
200,3200,2614,220,309
200,3200,2615,220,309
200,3200,2616,220,310
200,3200,2617,220,310
200,3200,2618,220,310
200,3200,2619,220,310
200,3200,2620,220,310
200,3200,2621,220,310
200,3200,2622,220,310
200,3200,2623,220,310
200,3200,2624,221,310
200,3200,2625,221,311
200,3200,2626,221,311
200,3200,2627,221,311
200,3200,2628,221,311
200,3200,2629,221,311
200,3200,2630,221,311
200,3200,2631,221,311
200,3200,2632,221,311
200,3200,2633,221,311
200,3200,2634,221,312
200,3200,2635,222,312
200,3200,2636,222,312
200,3200,2637,222,312
200,3200,2638,222,312
200,3200,2639,222,312
200,3200,2640,222,312
200,3200,2641,222,312
200,3200,2642,222,312
200,3200,2643,222,313
200,3200,2644,222,313
200,3200,2645,222,313
200,3200,2646,223,313
200,3200,2647,223,313
200,3200,2648,223,313
200,3200,2649,223,313
200,3200,2650,223,313
200,3200,2651,223,313
200,3200,2652,223,313
200,3200,2653,223,314
200,3200,2654,223,314
200,3200,2655,223,314
200,3200,2656,223,314
200,3200,2657,224,314
200,3200,2658,224,314
200,3200,2659,224,314
200,3200,2660,224,314
200,3200,2661,224,314
200,3200,2662,224,315
200,3200,2663,224,315
200,3200,2664,224,315
200,3200,2665,224,315
200,3200,2666,224,315
200,3200,2667,224,315
200,3200,2668,225,315
200,3200,2669,225,315
200,3200,2670,225,315
200,3200,2671,225,316
200,3200,2672,225,316
200,3200,2673,225,316
200,3200,2674,225,316
200,3200,2675,225,316
200,3200,2676,225,316
200,3200,2677,225,316
200,3200,2678,225,316
200,3200,2679,226,316
200,3200,2680,226,317
200,3200,2681,226,317
200,3200,2682,226,317
200,3200,2683,226,317
200,3200,2684,226,317
200,3200,2685,226,317
200,3200,2686,226,317
200,3200,2687,226,317
200,3200,2688,226,317
200,3200,2689,226,318
200,3200,2690,227,318
200,3200,2691,227,318
200,3200,2692,227,318
200,3200,2693,227,318
200,3200,2694,227,318
200,3200,2695,227,318
200,3200,2696,227,318
200,3200,2697,227,318
200,3200,2698,227,319
200,3200,2699,227,319
200,3200,2700,227,319
200,3200,2701,228,319
200,3200,2702,228,319
200,3200,2703,228,319
200,3200,2704,228,319
200,3200,2705,228,319
200,3200,2706,228,319
200,3200,2707,228,320
200,3200,2708,228,320
200,3200,2709,228,320
200,3200,2710,228,320
200,3200,2711,228,320
200,3200,2712,229,320
200,3200,2713,229,320
200,3200,2714,229,320
200,3200,2715,229,320
200,3200,2716,229,321
200,3200,2717,229,321
200,3200,2718,229,321
200,3200,2719,229,321
200,3200,2720,229,321
200,3200,2721,229,321
200,3200,2722,229,321
200,3200,2723,230,321
200,3200,2724,230,321
200,3200,2725,230,321
200,3200,2726,230,322
200,3200,2727,230,322
200,3200,2728,230,322
200,3200,2729,230,322
200,3200,2730,230,322
200,3200,2731,230,322
200,3200,2732,230,322
200,3200,2733,230,322
200,3200,2734,231,322
200,3200,2735,231,323
200,3200,2736,231,323
200,3200,2737,231,323
200,3200,2738,231,323
200,3200,2739,231,323
200,3200,2740,231,323
200,3200,2741,231,323
200,3200,2742,231,323
200,3200,2743,231,323
200,3200,2744,232,324
200,3200,2745,232,324
200,3200,2746,232,324
200,3200,2747,232,324
200,3200,2748,232,324
200,3200,2749,232,324
200,3200,2750,232,324
200,3200,2751,232,324
200,3200,2752,232,324
200,3200,2753,232,325
200,3200,2754,232,325
200,3200,2755,233,325
200,3200,2756,233,325
200,3200,2757,233,325
200,3200,2758,233,325
200,3200,2759,233,325
200,3200,2760,233,325
200,3200,2761,233,325
200,3200,2762,233,326
200,3200,2763,233,326
200,3200,2764,233,326
200,3200,2765,233,326
200,3200,2766,234,326
200,3200,2767,234,326
200,3200,2768,234,326
200,3200,2769,234,326
200,3200,2770,234,326
200,3200,2771,234,327
200,3200,2772,234,327
200,3200,2773,234,327
200,3200,2774,234,327
200,3200,2775,234,327
200,3200,2776,234,327
200,3200,2777,235,327
200,3200,2778,235,327
200,3200,2779,235,327
200,3200,2780,235,328
200,3200,2781,235,328
200,3200,2782,235,328
200,3200,2783,235,328
200,3200,2784,235,328
200,3200,2785,235,328
200,3200,2786,235,328
200,3200,2787,235,328
200,3200,2788,236,328
200,3200,2789,236,329
200,3200,2790,236,329
200,3200,2791,236,329
200,3200,2792,236,329
200,3200,2793,236,329
200,3200,2794,236,329
200,3200,2795,236,329
200,3200,2796,236,329
200,3200,2797,236,329
200,3200,2798,236,329
200,3200,2799,237,330
200,3200,2800,237,330
200,3200,2801,237,330
200,3200,2802,237,330
200,3200,2803,237,330
200,3200,2804,237,330
200,3200,2805,237,330
200,3200,2806,237,330
200,3200,2807,237,330
200,3200,2808,237,331
200,3200,2809,237,331
200,3200,2810,238,331
200,3200,2811,238,331
200,3200,2812,238,331
200,3200,2813,238,331
200,3200,2814,238,331
200,3200,2815,238,331
200,3200,2816,238,331
200,3200,2817,238,332
200,3200,2818,238,332
200,3200,2819,238,332
200,3200,2820,238,332
200,3200,2821,239,332
200,3200,2822,239,332
200,3200,2823,239,332
200,3200,2824,239,332
200,3200,2825,239,332
200,3200,2826,239,333
200,3200,2827,239,333
200,3200,2828,239,333
200,3200,2829,239,333
200,3200,2830,239,333
200,3200,2831,239,333
200,3200,2832,240,333
200,3200,2833,240,333
200,3200,2834,240,333
200,3200,2835,240,334
200,3200,2836,240,334
200,3200,2837,240,334
200,3200,2838,240,334
200,3200,2839,240,334
200,3200,2840,240,334
200,3200,2841,240,334
200,3200,2842,240,334
200,3200,2843,241,334
200,3200,2844,241,335
200,3200,2845,241,335
200,3200,2846,241,335
200,3200,2847,241,335
200,3200,2848,241,335
200,3200,2849,241,335
200,3200,2850,241,335
200,3200,2851,241,335
200,3200,2852,241,335
200,3200,2853,241,336
200,3200,2854,242,336
200,3200,2855,242,336
200,3200,2856,242,336
200,3200,2857,242,336
200,3200,2858,242,336
200,3200,2859,242,336
200,3200,2860,242,336
200,3200,2861,242,336
200,3200,2862,242,336
200,3200,2863,242,337
200,3200,2864,242,337
200,3200,2865,243,337
200,3200,2866,243,337
200,3200,2867,243,337
200,3200,2868,243,337
200,3200,2869,243,337
200,3200,2870,243,337
200,3200,2871,243,337
200,3200,2872,243,338
200,3200,2873,243,338
200,3200,2874,243,338
200,3200,2875,243,338
200,3200,2876,244,338
200,3200,2877,244,338
200,3200,2878,244,338
200,3200,2879,244,338
200,3200,2880,244,338
200,3200,2881,244,339
200,3200,2882,244,339
200,3200,2883,244,339
200,3200,2884,244,339
200,3200,2885,244,339
200,3200,2886,244,339
200,3200,2887,245,339
200,3200,2888,245,339
200,3200,2889,245,339
200,3200,2890,245,340
200,3200,2891,245,340
200,3200,2892,245,340
200,3200,2893,245,340
200,3200,2894,245,340
200,3200,2895,245,340
200,3200,2896,245,340
200,3200,2897,245,340
200,3200,2898,246,340
200,3200,2899,246,341
200,3200,2900,246,341
200,3200,2901,246,341
200,3200,2902,246,341
200,3200,2903,246,341
200,3200,2904,246,341
200,3200,2905,246,341
200,3200,2906,246,341
200,3200,2907,246,341
200,3200,2908,246,342
200,3200,2909,247,342
200,3200,2910,247,342
200,3200,2911,247,342
200,3200,2912,247,342
200,3200,2913,247,342
200,3200,2914,247,342
200,3200,2915,247,342
200,3200,2916,247,342
200,3200,2917,247,342
200,3200,2918,247,343
200,3200,2919,247,343
200,3200,2920,248,343
200,3200,2921,248,343
200,3200,2922,248,343
200,3200,2923,248,343
200,3200,2924,248,343
200,3200,2925,248,343
200,3200,2926,248,343
200,3200,2927,248,344
200,3200,2928,248,344
200,3200,2929,248,344
200,3200,2930,248,344
200,3200,2931,249,344
200,3200,2932,249,344
200,3200,2933,249,344
200,3200,2934,249,344
200,3200,2935,249,344
200,3200,2936,249,345
200,3200,2937,249,345
200,3200,2938,249,345
200,3200,2939,249,345
200,3200,2940,249,345
200,3200,2941,249,345
200,3200,2942,250,345
200,3200,2943,250,345
200,3200,2944,250,345
200,3200,2945,250,346
200,3200,2946,250,346
200,3200,2947,250,346
200,3200,2948,250,346
200,3200,2949,250,346
200,3200,2950,250,346
200,3200,2951,250,346
200,3200,2952,250,346
200,3200,2953,251,346
200,3200,2954,251,347
200,3200,2955,251,347
200,3200,2956,251,347
200,3200,2957,251,347
200,3200,2958,251,347
200,3200,2959,251,347
200,3200,2960,251,347
200,3200,2961,251,347
200,3200,2962,251,347
200,3200,2963,251,348
200,3200,2964,252,348
200,3200,2965,252,348
200,3200,2966,252,348
200,3200,2967,252,348
200,3200,2968,252,348
200,3200,2969,252,348
200,3200,2970,252,348
200,3200,2971,252,348
200,3200,2972,252,349
200,3200,2973,252,349
200,3200,2974,253,349
200,3200,2975,253,349
200,3200,2976,253,349
200,3200,2977,253,349
200,3200,2978,253,349
200,3200,2979,253,349
200,3200,2980,253,349
200,3200,2981,253,349
200,3200,2982,253,350
200,3200,2983,253,350
200,3200,2984,253,350
200,3200,2985,254,350
200,3200,2986,254,350
200,3200,2987,254,350
200,3200,2988,254,350
200,3200,2989,254,350
200,3200,2990,254,350
200,3200,2991,254,351
200,3200,2992,254,351
200,3200,2993,254,351
200,3200,2994,254,351
200,3200,2995,254,351
200,3200,2996,255,351
200,3200,2997,255,351
200,3200,2998,255,351
200,3200,2999,255,351
200,3200,3000,255,352
200,3200,3001,255,352
200,3200,3002,255,352
200,3200,3003,255,352
200,3200,3004,255,352
200,3200,3005,255,352
200,3200,3006,255,352
200,3200,3007,256,352
200,3200,3008,256,352
200,3200,3009,256,353
200,3200,3010,256,353
200,3200,3011,256,353
200,3200,3012,256,353
200,3200,3013,256,353
200,3200,3014,256,353
200,3200,3015,256,353
200,3200,3016,256,353
200,3200,3017,256,353
200,3200,3018,257,354
200,3200,3019,257,354
200,3200,3020,257,354
200,3200,3021,257,354
200,3200,3022,257,354
200,3200,3023,257,354
200,3200,3024,257,354
200,3200,3025,257,354
200,3200,3026,257,354
200,3200,3027,257,355
200,3200,3028,257,355
200,3200,3029,258,355
200,3200,3030,258,355
200,3200,3031,258,355
200,3200,3032,258,355
200,3200,3033,258,355
200,3200,3034,258,355
200,3200,3035,258,355
200,3200,3036,258,355
200,3200,3037,258,356
200,3200,3038,258,356
200,3200,3039,258,356
200,3200,3040,259,356
200,3200,3041,259,356
200,3200,3042,259,356
200,3200,3043,259,356
200,3200,3044,259,356
200,3200,3045,259,356
200,3200,3046,259,357
200,3200,3047,259,357
200,3200,3048,259,357
200,3200,3049,259,357
200,3200,3050,259,357
200,3200,3051,260,357
200,3200,3052,260,357
200,3200,3053,260,357
200,3200,3054,260,357
200,3200,3055,260,358
200,3200,3056,260,358
200,3200,3057,260,358
200,3200,3058,260,358
200,3200,3059,260,358
200,3200,3060,260,358
200,3200,3061,260,358
200,3200,3062,261,358
200,3200,3063,261,358
200,3200,3064,261,359
200,3200,3065,261,359
200,3200,3066,261,359
200,3200,3067,261,359
200,3200,3068,261,359
200,3200,3069,261,359
200,3200,3070,261,359
200,3200,3071,261,359
200,3200,3072,261,359
200,3200,3073,262,360
200,3200,3074,262,360
200,3200,3075,262,360
200,3200,3076,262,360
200,3200,3077,262,360
200,3200,3078,262,360
200,3200,3079,262,360
200,3200,3080,262,360
200,3200,3081,262,360
200,3200,3082,262,361
200,3200,3083,262,361
200,3200,3084,263,361
200,3200,3085,263,361
200,3200,3086,263,361
200,3200,3087,263,361
200,3200,3088,263,361
200,3200,3089,263,361
200,3200,3090,263,361
200,3200,3091,263,361
200,3200,3092,263,362
200,3200,3093,263,362
200,3200,3094,263,362
200,3200,3095,264,362
200,3200,3096,264,362
200,3200,3097,264,362
200,3200,3098,264,362
200,3200,3099,264,362
200,3200,3100,264,362
200,3200,3101,264,363
200,3200,3102,264,363
200,3200,3103,264,363
200,3200,3104,264,363
200,3200,3105,264,363
200,3200,3106,265,363
200,3200,3107,265,363
200,3200,3108,265,363
200,3200,3109,265,363
200,3200,3110,265,364
200,3200,3111,265,364
200,3200,3112,265,364
200,3200,3113,265,364
200,3200,3114,265,364
200,3200,3115,265,364
200,3200,3116,266,364
200,3200,3117,266,364
200,3200,3118,266,364
200,3200,3119,266,365
200,3200,3120,266,365
200,3200,3121,266,365
200,3200,3122,266,365
200,3200,3123,266,365
200,3200,3124,266,365
200,3200,3125,266,365
200,3200,3126,266,365
200,3200,3127,267,365
200,3200,3128,267,366
200,3200,3129,267,366
200,3200,3130,267,366
200,3200,3131,267,366
200,3200,3132,267,366
200,3200,3133,267,366
200,3200,3134,267,366
200,3200,3135,267,366
200,3200,3136,267,366
200,3200,3137,267,366
200,3200,3138,268,367
200,3200,3139,268,367
200,3200,3140,268,367
200,3200,3141,268,367
200,3200,3142,268,367
200,3200,3143,268,367
200,3200,3144,268,367
200,3200,3145,268,367
200,3200,3146,268,367
200,3200,3147,268,368
200,3200,3148,268,368
200,3200,3149,269,368
200,3200,3150,269,368
200,3200,3151,269,368
200,3200,3152,269,368
200,3200,3153,269,368
200,3200,3154,269,368
200,3200,3155,269,368
200,3200,3156,269,369
200,3200,3157,269,369
200,3200,3158,269,369
200,3200,3159,269,369
200,3200,3160,270,369
200,3200,3161,270,369
200,3200,3162,270,369
200,3200,3163,270,369
200,3200,3164,270,369
200,3200,3165,270,370
200,3200,3166,270,370
200,3200,3167,270,370
200,3200,3168,270,370
200,3200,3169,270,370
200,3200,3170,270,370
200,3200,3171,271,370
200,3200,3172,271,370
200,3200,3173,271,370
200,3200,3174,271,371
200,3200,3175,271,371
200,3200,3176,271,371
200,3200,3177,271,371
200,3200,3178,271,371
200,3200,3179,271,371
200,3200,3180,271,371
200,3200,3181,271,371
200,3200,3182,272,371
200,3200,3183,272,372
200,3200,3184,272,372
200,3200,3185,272,372
200,3200,3186,272,372
200,3200,3187,272,372
200,3200,3188,272,372
200,3200,3189,272,372
200,3200,3190,272,372
200,3200,3191,272,372
200,3200,3192,272,372
200,3200,3193,273,373
200,3200,3194,273,373
200,3200,3195,273,373
200,3200,3196,273,373
200,3200,3197,273,373
200,3200,3198,273,373
200,3200,3199,273,373
200,3200,3200,273,373
400,400,1,,
400,400,2,,
400,400,3,,
400,400,4,,
400,400,5,,
400,400,6,,
400,400,7,,7
400,400,8,,8
400,400,9,,8
400,400,10,,8
400,400,11,,8
400,400,12,,8
400,400,13,,8
400,400,14,,8
400,400,15,,9
400,400,16,,9
400,400,17,,9
400,400,18,,9
400,400,19,,9
400,400,20,,9
400,400,21,,10
400,400,22,,10
400,400,23,,10
400,400,24,,10
400,400,25,,10
400,400,26,,10
400,400,27,,10
400,400,28,,11
400,400,29,,11
400,400,30,,11
400,400,31,,11
400,400,32,,11
400,400,33,,11
400,400,34,,11
400,400,35,,12
400,400,36,,12
400,400,37,,12
400,400,38,,12
400,400,39,,12
400,400,40,,12
400,400,41,,12
400,400,42,,13
400,400,43,,13
400,400,44,,13
400,400,45,,13
400,400,46,,13
400,400,47,,13
400,400,48,,13
400,400,49,,13
400,400,50,,14
400,400,51,,14
400,400,52,,14
400,400,53,,14
400,400,54,,14
400,400,55,,14
400,400,56,,14
400,400,57,,15
400,400,58,,15
400,400,59,,15
400,400,60,,15
400,400,61,,15
400,400,62,,15
400,400,63,0,15
400,400,64,0,16
400,400,65,0,16
400,400,66,0,16
400,400,67,0,16
400,400,68,0,16
400,400,69,0,16
400,400,70,0,16
400,400,71,0,17
400,400,72,0,17
400,400,73,0,17
400,400,74,0,17
400,400,75,0,17
400,400,76,0,17
400,400,77,0,17
400,400,78,1,17
400,400,79,1,18
400,400,80,1,18
400,400,81,1,18
400,400,82,1,18
400,400,83,1,18
400,400,84,1,18
400,400,85,1,18
400,400,86,1,19
400,400,87,1,19
400,400,88,1,19
400,400,89,1,19
400,400,90,1,19
400,400,91,1,19
400,400,92,2,19
400,400,93,2,20
400,400,94,2,20
400,400,95,2,20
400,400,96,2,20
400,400,97,2,20
400,400,98,2,20
400,400,99,2,20
400,400,100,2,20
400,400,101,2,21
400,400,102,2,21
400,400,103,2,21
400,400,104,2,21
400,400,105,3,21
400,400,106,3,21
400,400,107,3,21
400,400,108,3,22
400,400,109,3,22
400,400,110,3,22
400,400,111,3,22
400,400,112,3,22
400,400,113,3,22
400,400,114,3,22
400,400,115,3,22
400,400,116,3,23
400,400,117,3,23
400,400,118,3,23
400,400,119,4,23
400,400,120,4,23
400,400,121,4,23
400,400,122,4,23
400,400,123,4,23
400,400,124,4,24
400,400,125,4,24
400,400,126,4,24
400,400,127,4,24
400,400,128,4,24
400,400,129,4,24
400,400,130,4,24
400,400,131,4,25
400,400,132,5,25
400,400,133,5,25
400,400,134,5,25
400,400,135,5,25
400,400,136,5,25
400,400,137,5,25
400,400,138,5,25
400,400,139,5,26
400,400,140,5,26
400,400,141,5,26
400,400,142,5,26
400,400,143,5,26
400,400,144,5,26
400,400,145,5,26
400,400,146,6,26
400,400,147,6,27
400,400,148,6,27
400,400,149,6,27
400,400,150,6,27
400,400,151,6,27
400,400,152,6,27
400,400,153,6,27
400,400,154,6,28
400,400,155,6,28
400,400,156,6,28
400,400,157,6,28
400,400,158,6,28
400,400,159,7,28
400,400,160,7,28
400,400,161,7,28
400,400,162,7,29
400,400,163,7,29
400,400,164,7,29
400,400,165,7,29
400,400,166,7,29
400,400,167,7,29
400,400,168,7,29
400,400,169,7,29
400,400,170,7,30
400,400,171,7,30
400,400,172,8,30
400,400,173,8,30
400,400,174,8,30
400,400,175,8,30
400,400,176,8,30
400,400,177,8,30
400,400,178,8,31
400,400,179,8,31
400,400,180,8,31
400,400,181,8,31
400,400,182,8,31
400,400,183,8,31
400,400,184,8,31
400,400,185,9,32
400,400,186,9,32
400,400,187,9,32
400,400,188,9,32
400,400,189,9,32
400,400,190,9,32
400,400,191,9,32
400,400,192,9,32
400,400,193,9,33
400,400,194,9,33
400,400,195,9,33
400,400,196,9,33
400,400,197,9,33
400,400,198,10,33
400,400,199,10,33
400,400,200,10,33
400,400,201,10,34
400,400,202,10,34
400,400,203,10,34
400,400,204,10,34
400,400,205,10,34
400,400,206,10,34
400,400,207,10,34
400,400,208,10,34
400,400,209,10,35
400,400,210,10,35
400,400,211,11,35
400,400,212,11,35
400,400,213,11,35
400,400,214,11,35
400,400,215,11,35
400,400,216,11,35
400,400,217,11,36
400,400,218,11,36
400,400,219,11,36
400,400,220,11,36
400,400,221,11,36
400,400,222,11,36
400,400,223,11,36
400,400,224,12,36
400,400,225,12,37
400,400,226,12,37
400,400,227,12,37
400,400,228,12,37
400,400,229,12,37
400,400,230,12,37
400,400,231,12,37
400,400,232,12,37
400,400,233,12,38
400,400,234,12,38
400,400,235,12,38
400,400,236,12,38
400,400,237,13,38
400,400,238,13,38
400,400,239,13,38
400,400,240,13,38
400,400,241,13,39
400,400,242,13,39
400,400,243,13,39
400,400,244,13,39
400,400,245,13,39
400,400,246,13,39
400,400,247,13,39
400,400,248,13,39
400,400,249,13,40
400,400,250,14,40
400,400,251,14,40
400,400,252,14,40
400,400,253,14,40
400,400,254,14,40
400,400,255,14,40
400,400,256,14,40
400,400,257,14,41
400,400,258,14,41
400,400,259,14,41
400,400,260,14,41
400,400,261,14,41
400,400,262,15,41
400,400,263,15,41
400,400,264,15,41
400,400,265,15,42
400,400,266,15,42
400,400,267,15,42
400,400,268,15,42
400,400,269,15,42
400,400,270,15,42
400,400,271,15,42
400,400,272,15,42
400,400,273,15,43
400,400,274,15,43
400,400,275,16,43
400,400,276,16,43
400,400,277,16,43
400,400,278,16,43
400,400,279,16,43
400,400,280,16,43
400,400,281,16,44
400,400,282,16,44
400,400,283,16,44
400,400,284,16,44
400,400,285,16,44
400,400,286,16,44
400,400,287,17,44
400,400,288,17,44
400,400,289,17,45
400,400,290,17,45
400,400,291,17,45
400,400,292,17,45
400,400,293,17,45
400,400,294,17,45
400,400,295,17,45
400,400,296,17,45
400,400,297,17,46
400,400,298,17,46
400,400,299,17,46
400,400,300,18,46
400,400,301,18,46
400,400,302,18,46
400,400,303,18,46
400,400,304,18,46
400,400,305,18,47
400,400,306,18,47
400,400,307,18,47
400,400,308,18,47
400,400,309,18,47
400,400,310,18,47
400,400,311,18,47
400,400,312,19,47
400,400,313,19,48
400,400,314,19,48
400,400,315,19,48
400,400,316,19,48
400,400,317,19,48
400,400,318,19,48
400,400,319,19,48
400,400,320,19,48
400,400,321,19,48
400,400,322,19,49
400,400,323,19,49
400,400,324,19,49
400,400,325,20,49
400,400,326,20,49
400,400,327,20,49
400,400,328,20,49
400,400,329,20,49
400,400,330,20,50
400,400,331,20,50
400,400,332,20,50
400,400,333,20,50
400,400,334,20,50
400,400,335,20,50
400,400,336,20,50
400,400,337,21,50
400,400,338,21,51
400,400,339,21,51
400,400,340,21,51
400,400,341,21,51
400,400,342,21,51
400,400,343,21,51
400,400,344,21,51
400,400,345,21,51
400,400,346,21,52
400,400,347,21,52
400,400,348,21,52
400,400,349,21,52
400,400,350,22,52
400,400,351,22,52
400,400,352,22,52
400,400,353,22,52
400,400,354,22,53
400,400,355,22,53
400,400,356,22,53
400,400,357,22,53
400,400,358,22,53
400,400,359,22,53
400,400,360,22,53
400,400,361,22,53
400,400,362,23,53
400,400,363,23,54
400,400,364,23,54
400,400,365,23,54
400,400,366,23,54
400,400,367,23,54
400,400,368,23,54
400,400,369,23,54
400,400,370,23,54
400,400,371,23,55
400,400,372,23,55
400,400,373,23,55
400,400,374,24,55
400,400,375,24,55
400,400,376,24,55
400,400,377,24,55
400,400,378,24,55
400,400,379,24,56
400,400,380,24,56
400,400,381,24,56
400,400,382,24,56
400,400,383,24,56
400,400,384,24,56
400,400,385,24,56
400,400,386,24,56
400,400,387,25,57
400,400,388,25,57
400,400,389,25,57
400,400,390,25,57
400,400,391,25,57
400,400,392,25,57
400,400,393,25,57
400,400,394,25,57
400,400,395,25,57
400,400,396,25,58
400,400,397,25,58
400,400,398,25,58
400,400,399,26,58
400,400,400,26,58
400,800,1,,
400,800,2,,
400,800,3,,
400,800,4,,
400,800,5,,
400,800,6,,
400,800,7,,7
400,800,8,,8
400,800,9,,8
400,800,10,,8
400,800,11,,8
400,800,12,,8
400,800,13,,8
400,800,14,,8
400,800,15,,9
400,800,16,,9
400,800,17,,9
400,800,18,,9
400,800,19,,9
400,800,20,,9
400,800,21,,10
400,800,22,,10
400,800,23,,10
400,800,24,,10
400,800,25,,10
400,800,26,,10
400,800,27,,10
400,800,28,,11
400,800,29,,11
400,800,30,,11
400,800,31,,11
400,800,32,,11
400,800,33,,11
400,800,34,,11
400,800,35,,12
400,800,36,,12
400,800,37,,12
400,800,38,,12
400,800,39,,12
400,800,40,,12
400,800,41,,12
400,800,42,,13
400,800,43,,13
400,800,44,,13
400,800,45,,13
400,800,46,,13
400,800,47,,13
400,800,48,,13
400,800,49,,13
400,800,50,,14
400,800,51,,14
400,800,52,,14
400,800,53,,14
400,800,54,,14
400,800,55,,14
400,800,56,,14
400,800,57,,15
400,800,58,,15
400,800,59,,15
400,800,60,,15
400,800,61,,15
400,800,62,,15
400,800,63,0,15
400,800,64,0,16
400,800,65,0,16
400,800,66,0,16
400,800,67,0,16
400,800,68,0,16
400,800,69,0,16
400,800,70,0,16
400,800,71,0,17
400,800,72,0,17
400,800,73,0,17
400,800,74,0,17
400,800,75,0,17
400,800,76,0,17
400,800,77,0,17
400,800,78,1,17
400,800,79,1,18
400,800,80,1,18
400,800,81,1,18
400,800,82,1,18
400,800,83,1,18
400,800,84,1,18
400,800,85,1,18
400,800,86,1,19
400,800,87,1,19
400,800,88,1,19
400,800,89,1,19
400,800,90,1,19
400,800,91,1,19
400,800,92,2,19
400,800,93,2,20
400,800,94,2,20
400,800,95,2,20
400,800,96,2,20
400,800,97,2,20
400,800,98,2,20
400,800,99,2,20
400,800,100,2,20
400,800,101,2,21
400,800,102,2,21
400,800,103,2,21
400,800,104,2,21
400,800,105,3,21
400,800,106,3,21
400,800,107,3,21
400,800,108,3,22
400,800,109,3,22
400,800,110,3,22
400,800,111,3,22
400,800,112,3,22
400,800,113,3,22
400,800,114,3,22
400,800,115,3,22
400,800,116,3,23
400,800,117,3,23
400,800,118,3,23
400,800,119,4,23
400,800,120,4,23
400,800,121,4,23
400,800,122,4,23
400,800,123,4,23
400,800,124,4,24
400,800,125,4,24
400,800,126,4,24
400,800,127,4,24
400,800,128,4,24
400,800,129,4,24
400,800,130,4,24
400,800,131,4,25
400,800,132,5,25
400,800,133,5,25
400,800,134,5,25
400,800,135,5,25
400,800,136,5,25
400,800,137,5,25
400,800,138,5,25
400,800,139,5,26
400,800,140,5,26
400,800,141,5,26
400,800,142,5,26
400,800,143,5,26
400,800,144,5,26
400,800,145,5,26
400,800,146,6,26
400,800,147,6,27
400,800,148,6,27
400,800,149,6,27
400,800,150,6,27
400,800,151,6,27
400,800,152,6,27
400,800,153,6,27
400,800,154,6,28
400,800,155,6,28
400,800,156,6,28
400,800,157,6,28
400,800,158,6,28
400,800,159,7,28
400,800,160,7,28
400,800,161,7,28
400,800,162,7,29
400,800,163,7,29
400,800,164,7,29
400,800,165,7,29
400,800,166,7,29
400,800,167,7,29
400,800,168,7,29
400,800,169,7,29
400,800,170,7,30
400,800,171,7,30
400,800,172,8,30
400,800,173,8,30
400,800,174,8,30
400,800,175,8,30
400,800,176,8,30
400,800,177,8,30
400,800,178,8,31
400,800,179,8,31
400,800,180,8,31
400,800,181,8,31
400,800,182,8,31
400,800,183,8,31
400,800,184,8,31
400,800,185,9,32
400,800,186,9,32
400,800,187,9,32
400,800,188,9,32
400,800,189,9,32
400,800,190,9,32
400,800,191,9,32
400,800,192,9,32
400,800,193,9,33
400,800,194,9,33
400,800,195,9,33
400,800,196,9,33
400,800,197,9,33
400,800,198,10,33
400,800,199,10,33
400,800,200,10,33
400,800,201,10,34
400,800,202,10,34
400,800,203,10,34
400,800,204,10,34
400,800,205,10,34
400,800,206,10,34
400,800,207,10,34
400,800,208,10,34
400,800,209,10,35
400,800,210,10,35
400,800,211,11,35
400,800,212,11,35
400,800,213,11,35
400,800,214,11,35
400,800,215,11,35
400,800,216,11,35
400,800,217,11,36
400,800,218,11,36
400,800,219,11,36
400,800,220,11,36
400,800,221,11,36
400,800,222,11,36
400,800,223,11,36
400,800,224,12,36
400,800,225,12,37
400,800,226,12,37
400,800,227,12,37
400,800,228,12,37
400,800,229,12,37
400,800,230,12,37
400,800,231,12,37
400,800,232,12,37
400,800,233,12,38
400,800,234,12,38
400,800,235,12,38
400,800,236,12,38
400,800,237,13,38
400,800,238,13,38
400,800,239,13,38
400,800,240,13,38
400,800,241,13,39
400,800,242,13,39
400,800,243,13,39
400,800,244,13,39
400,800,245,13,39
400,800,246,13,39
400,800,247,13,39
400,800,248,13,39
400,800,249,13,40
400,800,250,14,40
400,800,251,14,40
400,800,252,14,40
400,800,253,14,40
400,800,254,14,40
400,800,255,14,40
400,800,256,14,40
400,800,257,14,41
400,800,258,14,41
400,800,259,14,41
400,800,260,14,41
400,800,261,14,41
400,800,262,15,41
400,800,263,15,41
400,800,264,15,41
400,800,265,15,42
400,800,266,15,42
400,800,267,15,42
400,800,268,15,42
400,800,269,15,42
400,800,270,15,42
400,800,271,15,42
400,800,272,15,42
400,800,273,15,43
400,800,274,15,43
400,800,275,16,43
400,800,276,16,43
400,800,277,16,43
400,800,278,16,43
400,800,279,16,43
400,800,280,16,43
400,800,281,16,44
400,800,282,16,44
400,800,283,16,44
400,800,284,16,44
400,800,285,16,44
400,800,286,16,44
400,800,287,17,44
400,800,288,17,44
400,800,289,17,45
400,800,290,17,45
400,800,291,17,45
400,800,292,17,45
400,800,293,17,45
400,800,294,17,45
400,800,295,17,45
400,800,296,17,45
400,800,297,17,46
400,800,298,17,46
400,800,299,17,46
400,800,300,18,46
400,800,301,18,46
400,800,302,18,46
400,800,303,18,46
400,800,304,18,46
400,800,305,18,47
400,800,306,18,47
400,800,307,18,47
400,800,308,18,47
400,800,309,18,47
400,800,310,18,47
400,800,311,18,47
400,800,312,19,47
400,800,313,19,48
400,800,314,19,48
400,800,315,19,48
400,800,316,19,48
400,800,317,19,48
400,800,318,19,48
400,800,319,19,48
400,800,320,19,48
400,800,321,19,48
400,800,322,19,49
400,800,323,19,49
400,800,324,19,49
400,800,325,20,49
400,800,326,20,49
400,800,327,20,49
400,800,328,20,49
400,800,329,20,49
400,800,330,20,50
400,800,331,20,50
400,800,332,20,50
400,800,333,20,50
400,800,334,20,50
400,800,335,20,50
400,800,336,20,50
400,800,337,21,50
400,800,338,21,51
400,800,339,21,51
400,800,340,21,51
400,800,341,21,51
400,800,342,21,51
400,800,343,21,51
400,800,344,21,51
400,800,345,21,51
400,800,346,21,52
400,800,347,21,52
400,800,348,21,52
400,800,349,21,52
400,800,350,22,52
400,800,351,22,52
400,800,352,22,52
400,800,353,22,52
400,800,354,22,53
400,800,355,22,53
400,800,356,22,53
400,800,357,22,53
400,800,358,22,53
400,800,359,22,53
400,800,360,22,53
400,800,361,22,53
400,800,362,23,53
400,800,363,23,54
400,800,364,23,54
400,800,365,23,54
400,800,366,23,54
400,800,367,23,54
400,800,368,23,54
400,800,369,23,54
400,800,370,23,54
400,800,371,23,55
400,800,372,23,55
400,800,373,23,55
400,800,374,24,55
400,800,375,24,55
400,800,376,24,55
400,800,377,24,55
400,800,378,24,55
400,800,379,24,56
400,800,380,24,56
400,800,381,24,56
400,800,382,24,56
400,800,383,24,56
400,800,384,24,56
400,800,385,24,56
400,800,386,24,56
400,800,387,25,57
400,800,388,25,57
400,800,389,25,57
400,800,390,25,57
400,800,391,25,57
400,800,392,25,57
400,800,393,25,57
400,800,394,25,57
400,800,395,25,57
400,800,396,25,58
400,800,397,25,58
400,800,398,25,58
400,800,399,26,58
400,800,400,26,58
400,800,401,26,58
400,800,402,26,58
400,800,403,26,58
400,800,404,26,59
400,800,405,26,59
400,800,406,26,59
400,800,407,26,59
400,800,408,26,59
400,800,409,26,59
400,800,410,26,59
400,800,411,27,59
400,800,412,27,60
400,800,413,27,60
400,800,414,27,60
400,800,415,27,60
400,800,416,27,60
400,800,417,27,60
400,800,418,27,60
400,800,419,27,60
400,800,420,27,61
400,800,421,27,61
400,800,422,27,61
400,800,423,28,61
400,800,424,28,61
400,800,425,28,61
400,800,426,28,61
400,800,427,28,61
400,800,428,28,61
400,800,429,28,62
400,800,430,28,62
400,800,431,28,62
400,800,432,28,62
400,800,433,28,62
400,800,434,28,62
400,800,435,29,62
400,800,436,29,62
400,800,437,29,63
400,800,438,29,63
400,800,439,29,63
400,800,440,29,63
400,800,441,29,63
400,800,442,29,63
400,800,443,29,63
400,800,444,29,63
400,800,445,29,64
400,800,446,29,64
400,800,447,29,64
400,800,448,30,64
400,800,449,30,64
400,800,450,30,64
400,800,451,30,64
400,800,452,30,64
400,800,453,30,64
400,800,454,30,65
400,800,455,30,65
400,800,456,30,65
400,800,457,30,65
400,800,458,30,65
400,800,459,30,65
400,800,460,31,65
400,800,461,31,65
400,800,462,31,66
400,800,463,31,66
400,800,464,31,66
400,800,465,31,66
400,800,466,31,66
400,800,467,31,66
400,800,468,31,66
400,800,469,31,66
400,800,470,31,67
400,800,471,31,67
400,800,472,32,67
400,800,473,32,67
400,800,474,32,67
400,800,475,32,67
400,800,476,32,67
400,800,477,32,67
400,800,478,32,67
400,800,479,32,68
400,800,480,32,68
400,800,481,32,68
400,800,482,32,68
400,800,483,32,68
400,800,484,33,68
400,800,485,33,68
400,800,486,33,68
400,800,487,33,69
400,800,488,33,69
400,800,489,33,69
400,800,490,33,69
400,800,491,33,69
400,800,492,33,69
400,800,493,33,69
400,800,494,33,69
400,800,495,33,69
400,800,496,34,70
400,800,497,34,70
400,800,498,34,70
400,800,499,34,70
400,800,500,34,70
400,800,501,34,70
400,800,502,34,70
400,800,503,34,70
400,800,504,34,71
400,800,505,34,71
400,800,506,34,71
400,800,507,34,71
400,800,508,35,71
400,800,509,35,71
400,800,510,35,71
400,800,511,35,71
400,800,512,35,72
400,800,513,35,72
400,800,514,35,72
400,800,515,35,72
400,800,516,35,72
400,800,517,35,72
400,800,518,35,72
400,800,519,35,72
400,800,520,36,72
400,800,521,36,73
400,800,522,36,73
400,800,523,36,73
400,800,524,36,73
400,800,525,36,73
400,800,526,36,73
400,800,527,36,73
400,800,528,36,73
400,800,529,36,74
400,800,530,36,74
400,800,531,36,74
400,800,532,37,74
400,800,533,37,74
400,800,534,37,74
400,800,535,37,74
400,800,536,37,74
400,800,537,37,74
400,800,538,37,75
400,800,539,37,75
400,800,540,37,75
400,800,541,37,75
400,800,542,37,75
400,800,543,37,75
400,800,544,38,75
400,800,545,38,75
400,800,546,38,76
400,800,547,38,76
400,800,548,38,76
400,800,549,38,76
400,800,550,38,76
400,800,551,38,76
400,800,552,38,76
400,800,553,38,76
400,800,554,38,76
400,800,555,38,77
400,800,556,39,77
400,800,557,39,77
400,800,558,39,77
400,800,559,39,77
400,800,560,39,77
400,800,561,39,77
400,800,562,39,77
400,800,563,39,78
400,800,564,39,78
400,800,565,39,78
400,800,566,39,78
400,800,567,39,78
400,800,568,40,78
400,800,569,40,78
400,800,570,40,78
400,800,571,40,78
400,800,572,40,79
400,800,573,40,79
400,800,574,40,79
400,800,575,40,79
400,800,576,40,79
400,800,577,40,79
400,800,578,40,79
400,800,579,41,79
400,800,580,41,80
400,800,581,41,80
400,800,582,41,80
400,800,583,41,80
400,800,584,41,80
400,800,585,41,80
400,800,586,41,80
400,800,587,41,80
400,800,588,41,81
400,800,589,41,81
400,800,590,41,81
400,800,591,42,81
400,800,592,42,81
400,800,593,42,81
400,800,594,42,81
400,800,595,42,81
400,800,596,42,81
400,800,597,42,82
400,800,598,42,82
400,800,599,42,82
400,800,600,42,82
400,800,601,42,82
400,800,602,42,82
400,800,603,43,82
400,800,604,43,82
400,800,605,43,83
400,800,606,43,83
400,800,607,43,83
400,800,608,43,83
400,800,609,43,83
400,800,610,43,83
400,800,611,43,83
400,800,612,43,83
400,800,613,43,83
400,800,614,43,84
400,800,615,44,84
400,800,616,44,84
400,800,617,44,84
400,800,618,44,84
400,800,619,44,84
400,800,620,44,84
400,800,621,44,84
400,800,622,44,85
400,800,623,44,85
400,800,624,44,85
400,800,625,44,85
400,800,626,44,85
400,800,627,45,85
400,800,628,45,85
400,800,629,45,85
400,800,630,45,85
400,800,631,45,86
400,800,632,45,86
400,800,633,45,86
400,800,634,45,86
400,800,635,45,86
400,800,636,45,86
400,800,637,45,86
400,800,638,45,86
400,800,639,46,86
400,800,640,46,87
400,800,641,46,87
400,800,642,46,87
400,800,643,46,87
400,800,644,46,87
400,800,645,46,87
400,800,646,46,87
400,800,647,46,87
400,800,648,46,88
400,800,649,46,88
400,800,650,46,88
400,800,651,47,88
400,800,652,47,88
400,800,653,47,88
400,800,654,47,88
400,800,655,47,88
400,800,656,47,88
400,800,657,47,89
400,800,658,47,89
400,800,659,47,89
400,800,660,47,89
400,800,661,47,89
400,800,662,48,89
400,800,663,48,89
400,800,664,48,89
400,800,665,48,90
400,800,666,48,90
400,800,667,48,90
400,800,668,48,90
400,800,669,48,90
400,800,670,48,90
400,800,671,48,90
400,800,672,48,90
400,800,673,48,90
400,800,674,49,91
400,800,675,49,91
400,800,676,49,91
400,800,677,49,91
400,800,678,49,91
400,800,679,49,91
400,800,680,49,91
400,800,681,49,91
400,800,682,49,92
400,800,683,49,92
400,800,684,49,92
400,800,685,49,92
400,800,686,50,92
400,800,687,50,92
400,800,688,50,92
400,800,689,50,92
400,800,690,50,92
400,800,691,50,93
400,800,692,50,93
400,800,693,50,93
400,800,694,50,93
400,800,695,50,93
400,800,696,50,93
400,800,697,50,93
400,800,698,51,93
400,800,699,51,94
400,800,700,51,94
400,800,701,51,94
400,800,702,51,94
400,800,703,51,94
400,800,704,51,94
400,800,705,51,94
400,800,706,51,94
400,800,707,51,94
400,800,708,51,95
400,800,709,52,95
400,800,710,52,95
400,800,711,52,95
400,800,712,52,95
400,800,713,52,95
400,800,714,52,95
400,800,715,52,95
400,800,716,52,95
400,800,717,52,96
400,800,718,52,96
400,800,719,52,96
400,800,720,52,96
400,800,721,53,96
400,800,722,53,96
400,800,723,53,96
400,800,724,53,96
400,800,725,53,97
400,800,726,53,97
400,800,727,53,97
400,800,728,53,97
400,800,729,53,97
400,800,730,53,97
400,800,731,53,97
400,800,732,53,97
400,800,733,54,97
400,800,734,54,98
400,800,735,54,98
400,800,736,54,98
400,800,737,54,98
400,800,738,54,98
400,800,739,54,98
400,800,740,54,98
400,800,741,54,98
400,800,742,54,99
400,800,743,54,99
400,800,744,55,99
400,800,745,55,99
400,800,746,55,99
400,800,747,55,99
400,800,748,55,99
400,800,749,55,99
400,800,750,55,99
400,800,751,55,100
400,800,752,55,100
400,800,753,55,100
400,800,754,55,100
400,800,755,55,100
400,800,756,56,100
400,800,757,56,100
400,800,758,56,100
400,800,759,56,100
400,800,760,56,101
400,800,761,56,101
400,800,762,56,101
400,800,763,56,101
400,800,764,56,101
400,800,765,56,101
400,800,766,56,101
400,800,767,56,101
400,800,768,57,102
400,800,769,57,102
400,800,770,57,102
400,800,771,57,102
400,800,772,57,102
400,800,773,57,102
400,800,774,57,102
400,800,775,57,102
400,800,776,57,102
400,800,777,57,103
400,800,778,57,103
400,800,779,58,103
400,800,780,58,103
400,800,781,58,103
400,800,782,58,103
400,800,783,58,103
400,800,784,58,103
400,800,785,58,103
400,800,786,58,104
400,800,787,58,104
400,800,788,58,104
400,800,789,58,104
400,800,790,58,104
400,800,791,59,104
400,800,792,59,104
400,800,793,59,104
400,800,794,59,105
400,800,795,59,105
400,800,796,59,105
400,800,797,59,105
400,800,798,59,105
400,800,799,59,105
400,800,800,59,105
400,1600,1,,
400,1600,2,,
400,1600,3,,
400,1600,4,,
400,1600,5,,
400,1600,6,,
400,1600,7,,7
400,1600,8,,8
400,1600,9,,8
400,1600,10,,8
400,1600,11,,8
400,1600,12,,8
400,1600,13,,8
400,1600,14,,8
400,1600,15,,9
400,1600,16,,9
400,1600,17,,9
400,1600,18,,9
400,1600,19,,9
400,1600,20,,9
400,1600,21,,10
400,1600,22,,10
400,1600,23,,10
400,1600,24,,10
400,1600,25,,10
400,1600,26,,10
400,1600,27,,10
400,1600,28,,11
400,1600,29,,11
400,1600,30,,11
400,1600,31,,11
400,1600,32,,11
400,1600,33,,11
400,1600,34,,11
400,1600,35,,12
400,1600,36,,12
400,1600,37,,12
400,1600,38,,12
400,1600,39,,12
400,1600,40,,12
400,1600,41,,12
400,1600,42,,13
400,1600,43,,13
400,1600,44,,13
400,1600,45,,13
400,1600,46,,13
400,1600,47,,13
400,1600,48,,13
400,1600,49,,13
400,1600,50,,14
400,1600,51,,14
400,1600,52,,14
400,1600,53,,14
400,1600,54,,14
400,1600,55,,14
400,1600,56,,14
400,1600,57,,15
400,1600,58,,15
400,1600,59,,15
400,1600,60,,15
400,1600,61,,15
400,1600,62,,15
400,1600,63,0,15
400,1600,64,0,16
400,1600,65,0,16
400,1600,66,0,16
400,1600,67,0,16
400,1600,68,0,16
400,1600,69,0,16
400,1600,70,0,16
400,1600,71,0,17
400,1600,72,0,17
400,1600,73,0,17
400,1600,74,0,17
400,1600,75,0,17
400,1600,76,0,17
400,1600,77,0,17
400,1600,78,1,17
400,1600,79,1,18
400,1600,80,1,18
400,1600,81,1,18
400,1600,82,1,18
400,1600,83,1,18
400,1600,84,1,18
400,1600,85,1,18
400,1600,86,1,19
400,1600,87,1,19
400,1600,88,1,19
400,1600,89,1,19
400,1600,90,1,19
400,1600,91,1,19
400,1600,92,2,19
400,1600,93,2,20
400,1600,94,2,20
400,1600,95,2,20
400,1600,96,2,20
400,1600,97,2,20
400,1600,98,2,20
400,1600,99,2,20
400,1600,100,2,20
400,1600,101,2,21
400,1600,102,2,21
400,1600,103,2,21
400,1600,104,2,21
400,1600,105,3,21
400,1600,106,3,21
400,1600,107,3,21
400,1600,108,3,22
400,1600,109,3,22
400,1600,110,3,22
400,1600,111,3,22
400,1600,112,3,22
400,1600,113,3,22
400,1600,114,3,22
400,1600,115,3,22
400,1600,116,3,23
400,1600,117,3,23
400,1600,118,3,23
400,1600,119,4,23
400,1600,120,4,23
400,1600,121,4,23
400,1600,122,4,23
400,1600,123,4,23
400,1600,124,4,24
400,1600,125,4,24
400,1600,126,4,24
400,1600,127,4,24
400,1600,128,4,24
400,1600,129,4,24
400,1600,130,4,24
400,1600,131,4,25
400,1600,132,5,25
400,1600,133,5,25
400,1600,134,5,25
400,1600,135,5,25
400,1600,136,5,25
400,1600,137,5,25
400,1600,138,5,25
400,1600,139,5,26
400,1600,140,5,26
400,1600,141,5,26
400,1600,142,5,26
400,1600,143,5,26
400,1600,144,5,26
400,1600,145,5,26
400,1600,146,6,26
400,1600,147,6,27
400,1600,148,6,27
400,1600,149,6,27
400,1600,150,6,27
400,1600,151,6,27
400,1600,152,6,27
400,1600,153,6,27
400,1600,154,6,28
400,1600,155,6,28
400,1600,156,6,28
400,1600,157,6,28
400,1600,158,6,28
400,1600,159,7,28
400,1600,160,7,28
400,1600,161,7,28
400,1600,162,7,29
400,1600,163,7,29
400,1600,164,7,29
400,1600,165,7,29
400,1600,166,7,29
400,1600,167,7,29
400,1600,168,7,29
400,1600,169,7,29
400,1600,170,7,30
400,1600,171,7,30
400,1600,172,8,30
400,1600,173,8,30
400,1600,174,8,30
400,1600,175,8,30
400,1600,176,8,30
400,1600,177,8,30
400,1600,178,8,31
400,1600,179,8,31
400,1600,180,8,31
400,1600,181,8,31
400,1600,182,8,31
400,1600,183,8,31
400,1600,184,8,31
400,1600,185,9,32
400,1600,186,9,32
400,1600,187,9,32
400,1600,188,9,32
400,1600,189,9,32
400,1600,190,9,32
400,1600,191,9,32
400,1600,192,9,32
400,1600,193,9,33
400,1600,194,9,33
400,1600,195,9,33
400,1600,196,9,33
400,1600,197,9,33
400,1600,198,10,33
400,1600,199,10,33
400,1600,200,10,33
400,1600,201,10,34
400,1600,202,10,34
400,1600,203,10,34
400,1600,204,10,34
400,1600,205,10,34
400,1600,206,10,34
400,1600,207,10,34
400,1600,208,10,34
400,1600,209,10,35
400,1600,210,10,35
400,1600,211,11,35
400,1600,212,11,35
400,1600,213,11,35
400,1600,214,11,35
400,1600,215,11,35
400,1600,216,11,35
400,1600,217,11,36
400,1600,218,11,36
400,1600,219,11,36
400,1600,220,11,36
400,1600,221,11,36
400,1600,222,11,36
400,1600,223,11,36
400,1600,224,12,36
400,1600,225,12,37
400,1600,226,12,37
400,1600,227,12,37
400,1600,228,12,37
400,1600,229,12,37
400,1600,230,12,37
400,1600,231,12,37
400,1600,232,12,37
400,1600,233,12,38
400,1600,234,12,38
400,1600,235,12,38
400,1600,236,12,38
400,1600,237,13,38
400,1600,238,13,38
400,1600,239,13,38
400,1600,240,13,38
400,1600,241,13,39
400,1600,242,13,39
400,1600,243,13,39
400,1600,244,13,39
400,1600,245,13,39
400,1600,246,13,39
400,1600,247,13,39
400,1600,248,13,39
400,1600,249,13,40
400,1600,250,14,40
400,1600,251,14,40
400,1600,252,14,40
400,1600,253,14,40
400,1600,254,14,40
400,1600,255,14,40
400,1600,256,14,40
400,1600,257,14,41
400,1600,258,14,41
400,1600,259,14,41
400,1600,260,14,41
400,1600,261,14,41
400,1600,262,15,41
400,1600,263,15,41
400,1600,264,15,41
400,1600,265,15,42
400,1600,266,15,42
400,1600,267,15,42
400,1600,268,15,42
400,1600,269,15,42
400,1600,270,15,42
400,1600,271,15,42
400,1600,272,15,42
400,1600,273,15,43
400,1600,274,15,43
400,1600,275,16,43
400,1600,276,16,43
400,1600,277,16,43
400,1600,278,16,43
400,1600,279,16,43
400,1600,280,16,43
400,1600,281,16,44
400,1600,282,16,44
400,1600,283,16,44
400,1600,284,16,44
400,1600,285,16,44
400,1600,286,16,44
400,1600,287,17,44
400,1600,288,17,44
400,1600,289,17,45
400,1600,290,17,45
400,1600,291,17,45
400,1600,292,17,45
400,1600,293,17,45
400,1600,294,17,45
400,1600,295,17,45
400,1600,296,17,45
400,1600,297,17,46
400,1600,298,17,46
400,1600,299,17,46
400,1600,300,18,46
400,1600,301,18,46
400,1600,302,18,46
400,1600,303,18,46
400,1600,304,18,46
400,1600,305,18,47
400,1600,306,18,47
400,1600,307,18,47
400,1600,308,18,47
400,1600,309,18,47
400,1600,310,18,47
400,1600,311,18,47
400,1600,312,19,47
400,1600,313,19,48
400,1600,314,19,48
400,1600,315,19,48
400,1600,316,19,48
400,1600,317,19,48
400,1600,318,19,48
400,1600,319,19,48
400,1600,320,19,48
400,1600,321,19,48
400,1600,322,19,49
400,1600,323,19,49
400,1600,324,19,49
400,1600,325,20,49
400,1600,326,20,49
400,1600,327,20,49
400,1600,328,20,49
400,1600,329,20,49
400,1600,330,20,50
400,1600,331,20,50
400,1600,332,20,50
400,1600,333,20,50
400,1600,334,20,50
400,1600,335,20,50
400,1600,336,20,50
400,1600,337,21,50
400,1600,338,21,51
400,1600,339,21,51
400,1600,340,21,51
400,1600,341,21,51
400,1600,342,21,51
400,1600,343,21,51
400,1600,344,21,51
400,1600,345,21,51
400,1600,346,21,52
400,1600,347,21,52
400,1600,348,21,52
400,1600,349,21,52
400,1600,350,22,52
400,1600,351,22,52
400,1600,352,22,52
400,1600,353,22,52
400,1600,354,22,53
400,1600,355,22,53
400,1600,356,22,53
400,1600,357,22,53
400,1600,358,22,53
400,1600,359,22,53
400,1600,360,22,53
400,1600,361,22,53
400,1600,362,23,53
400,1600,363,23,54
400,1600,364,23,54
400,1600,365,23,54
400,1600,366,23,54
400,1600,367,23,54
400,1600,368,23,54
400,1600,369,23,54
400,1600,370,23,54
400,1600,371,23,55
400,1600,372,23,55
400,1600,373,23,55
400,1600,374,24,55
400,1600,375,24,55
400,1600,376,24,55
400,1600,377,24,55
400,1600,378,24,55
400,1600,379,24,56
400,1600,380,24,56
400,1600,381,24,56
400,1600,382,24,56
400,1600,383,24,56
400,1600,384,24,56
400,1600,385,24,56
400,1600,386,24,56
400,1600,387,25,57
400,1600,388,25,57
400,1600,389,25,57
400,1600,390,25,57
400,1600,391,25,57
400,1600,392,25,57
400,1600,393,25,57
400,1600,394,25,57
400,1600,395,25,57
400,1600,396,25,58
400,1600,397,25,58
400,1600,398,25,58
400,1600,399,26,58
400,1600,400,26,58
400,1600,401,26,58
400,1600,402,26,58
400,1600,403,26,58
400,1600,404,26,59
400,1600,405,26,59
400,1600,406,26,59
400,1600,407,26,59
400,1600,408,26,59
400,1600,409,26,59
400,1600,410,26,59
400,1600,411,27,59
400,1600,412,27,60
400,1600,413,27,60
400,1600,414,27,60
400,1600,415,27,60
400,1600,416,27,60
400,1600,417,27,60
400,1600,418,27,60
400,1600,419,27,60
400,1600,420,27,61
400,1600,421,27,61
400,1600,422,27,61
400,1600,423,28,61
400,1600,424,28,61
400,1600,425,28,61
400,1600,426,28,61
400,1600,427,28,61
400,1600,428,28,61
400,1600,429,28,62
400,1600,430,28,62
400,1600,431,28,62
400,1600,432,28,62
400,1600,433,28,62
400,1600,434,28,62
400,1600,435,29,62
400,1600,436,29,62
400,1600,437,29,63
400,1600,438,29,63
400,1600,439,29,63
400,1600,440,29,63
400,1600,441,29,63
400,1600,442,29,63
400,1600,443,29,63
400,1600,444,29,63
400,1600,445,29,64
400,1600,446,29,64
400,1600,447,29,64
400,1600,448,30,64
400,1600,449,30,64
400,1600,450,30,64
400,1600,451,30,64
400,1600,452,30,64
400,1600,453,30,64
400,1600,454,30,65
400,1600,455,30,65
400,1600,456,30,65
400,1600,457,30,65
400,1600,458,30,65
400,1600,459,30,65
400,1600,460,31,65
400,1600,461,31,65
400,1600,462,31,66
400,1600,463,31,66
400,1600,464,31,66
400,1600,465,31,66
400,1600,466,31,66
400,1600,467,31,66
400,1600,468,31,66
400,1600,469,31,66
400,1600,470,31,67
400,1600,471,31,67
400,1600,472,32,67
400,1600,473,32,67
400,1600,474,32,67
400,1600,475,32,67
400,1600,476,32,67
400,1600,477,32,67
400,1600,478,32,67
400,1600,479,32,68
400,1600,480,32,68
400,1600,481,32,68
400,1600,482,32,68
400,1600,483,32,68
400,1600,484,33,68
400,1600,485,33,68
400,1600,486,33,68
400,1600,487,33,69
400,1600,488,33,69
400,1600,489,33,69
400,1600,490,33,69
400,1600,491,33,69
400,1600,492,33,69
400,1600,493,33,69
400,1600,494,33,69
400,1600,495,33,69
400,1600,496,34,70
400,1600,497,34,70
400,1600,498,34,70
400,1600,499,34,70
400,1600,500,34,70
400,1600,501,34,70
400,1600,502,34,70
400,1600,503,34,70
400,1600,504,34,71
400,1600,505,34,71
400,1600,506,34,71
400,1600,507,34,71
400,1600,508,35,71
400,1600,509,35,71
400,1600,510,35,71
400,1600,511,35,71
400,1600,512,35,72
400,1600,513,35,72
400,1600,514,35,72
400,1600,515,35,72
400,1600,516,35,72
400,1600,517,35,72
400,1600,518,35,72
400,1600,519,35,72
400,1600,520,36,72
400,1600,521,36,73
400,1600,522,36,73
400,1600,523,36,73
400,1600,524,36,73
400,1600,525,36,73
400,1600,526,36,73
400,1600,527,36,73
400,1600,528,36,73
400,1600,529,36,74
400,1600,530,36,74
400,1600,531,36,74
400,1600,532,37,74
400,1600,533,37,74
400,1600,534,37,74
400,1600,535,37,74
400,1600,536,37,74
400,1600,537,37,74
400,1600,538,37,75
400,1600,539,37,75
400,1600,540,37,75
400,1600,541,37,75
400,1600,542,37,75
400,1600,543,37,75
400,1600,544,38,75
400,1600,545,38,75
400,1600,546,38,76
400,1600,547,38,76
400,1600,548,38,76
400,1600,549,38,76
400,1600,550,38,76
400,1600,551,38,76
400,1600,552,38,76
400,1600,553,38,76
400,1600,554,38,76
400,1600,555,38,77
400,1600,556,39,77
400,1600,557,39,77
400,1600,558,39,77
400,1600,559,39,77
400,1600,560,39,77
400,1600,561,39,77
400,1600,562,39,77
400,1600,563,39,78
400,1600,564,39,78
400,1600,565,39,78
400,1600,566,39,78
400,1600,567,39,78
400,1600,568,40,78
400,1600,569,40,78
400,1600,570,40,78
400,1600,571,40,78
400,1600,572,40,79
400,1600,573,40,79
400,1600,574,40,79
400,1600,575,40,79
400,1600,576,40,79
400,1600,577,40,79
400,1600,578,40,79
400,1600,579,41,79
400,1600,580,41,80
400,1600,581,41,80
400,1600,582,41,80
400,1600,583,41,80
400,1600,584,41,80
400,1600,585,41,80
400,1600,586,41,80
400,1600,587,41,80
400,1600,588,41,81
400,1600,589,41,81
400,1600,590,41,81
400,1600,591,42,81
400,1600,592,42,81
400,1600,593,42,81
400,1600,594,42,81
400,1600,595,42,81
400,1600,596,42,81
400,1600,597,42,82
400,1600,598,42,82
400,1600,599,42,82
400,1600,600,42,82
400,1600,601,42,82
400,1600,602,42,82
400,1600,603,43,82
400,1600,604,43,82
400,1600,605,43,83
400,1600,606,43,83
400,1600,607,43,83
400,1600,608,43,83
400,1600,609,43,83
400,1600,610,43,83
400,1600,611,43,83
400,1600,612,43,83
400,1600,613,43,83
400,1600,614,43,84
400,1600,615,44,84
400,1600,616,44,84
400,1600,617,44,84
400,1600,618,44,84
400,1600,619,44,84
400,1600,620,44,84
400,1600,621,44,84
400,1600,622,44,85
400,1600,623,44,85
400,1600,624,44,85
400,1600,625,44,85
400,1600,626,44,85
400,1600,627,45,85
400,1600,628,45,85
400,1600,629,45,85
400,1600,630,45,85
400,1600,631,45,86
400,1600,632,45,86
400,1600,633,45,86
400,1600,634,45,86
400,1600,635,45,86
400,1600,636,45,86
400,1600,637,45,86
400,1600,638,45,86
400,1600,639,46,86
400,1600,640,46,87
400,1600,641,46,87
400,1600,642,46,87
400,1600,643,46,87
400,1600,644,46,87
400,1600,645,46,87
400,1600,646,46,87
400,1600,647,46,87
400,1600,648,46,88
400,1600,649,46,88
400,1600,650,46,88
400,1600,651,47,88
400,1600,652,47,88
400,1600,653,47,88
400,1600,654,47,88
400,1600,655,47,88
400,1600,656,47,88
400,1600,657,47,89
400,1600,658,47,89
400,1600,659,47,89
400,1600,660,47,89
400,1600,661,47,89
400,1600,662,48,89
400,1600,663,48,89
400,1600,664,48,89
400,1600,665,48,90
400,1600,666,48,90
400,1600,667,48,90
400,1600,668,48,90
400,1600,669,48,90
400,1600,670,48,90
400,1600,671,48,90
400,1600,672,48,90
400,1600,673,48,90
400,1600,674,49,91
400,1600,675,49,91
400,1600,676,49,91
400,1600,677,49,91
400,1600,678,49,91
400,1600,679,49,91
400,1600,680,49,91
400,1600,681,49,91
400,1600,682,49,92
400,1600,683,49,92
400,1600,684,49,92
400,1600,685,49,92
400,1600,686,50,92
400,1600,687,50,92
400,1600,688,50,92
400,1600,689,50,92
400,1600,690,50,92
400,1600,691,50,93
400,1600,692,50,93
400,1600,693,50,93
400,1600,694,50,93
400,1600,695,50,93
400,1600,696,50,93
400,1600,697,50,93
400,1600,698,51,93
400,1600,699,51,94
400,1600,700,51,94
400,1600,701,51,94
400,1600,702,51,94
400,1600,703,51,94
400,1600,704,51,94
400,1600,705,51,94
400,1600,706,51,94
400,1600,707,51,94
400,1600,708,51,95
400,1600,709,52,95
400,1600,710,52,95
400,1600,711,52,95
400,1600,712,52,95
400,1600,713,52,95
400,1600,714,52,95
400,1600,715,52,95
400,1600,716,52,95
400,1600,717,52,96
400,1600,718,52,96
400,1600,719,52,96
400,1600,720,52,96
400,1600,721,53,96
400,1600,722,53,96
400,1600,723,53,96
400,1600,724,53,96
400,1600,725,53,97
400,1600,726,53,97
400,1600,727,53,97
400,1600,728,53,97
400,1600,729,53,97
400,1600,730,53,97
400,1600,731,53,97
400,1600,732,53,97
400,1600,733,54,97
400,1600,734,54,98
400,1600,735,54,98
400,1600,736,54,98
400,1600,737,54,98
400,1600,738,54,98
400,1600,739,54,98
400,1600,740,54,98
400,1600,741,54,98
400,1600,742,54,99
400,1600,743,54,99
400,1600,744,55,99
400,1600,745,55,99
400,1600,746,55,99
400,1600,747,55,99
400,1600,748,55,99
400,1600,749,55,99
400,1600,750,55,99
400,1600,751,55,100
400,1600,752,55,100
400,1600,753,55,100
400,1600,754,55,100
400,1600,755,55,100
400,1600,756,56,100
400,1600,757,56,100
400,1600,758,56,100
400,1600,759,56,100
400,1600,760,56,101
400,1600,761,56,101
400,1600,762,56,101
400,1600,763,56,101
400,1600,764,56,101
400,1600,765,56,101
400,1600,766,56,101
400,1600,767,56,101
400,1600,768,57,102
400,1600,769,57,102
400,1600,770,57,102
400,1600,771,57,102
400,1600,772,57,102
400,1600,773,57,102
400,1600,774,57,102
400,1600,775,57,102
400,1600,776,57,102
400,1600,777,57,103
400,1600,778,57,103
400,1600,779,58,103
400,1600,780,58,103
400,1600,781,58,103
400,1600,782,58,103
400,1600,783,58,103
400,1600,784,58,103
400,1600,785,58,103
400,1600,786,58,104
400,1600,787,58,104
400,1600,788,58,104
400,1600,789,58,104
400,1600,790,58,104
400,1600,791,59,104
400,1600,792,59,104
400,1600,793,59,104
400,1600,794,59,105
400,1600,795,59,105
400,1600,796,59,105
400,1600,797,59,105
400,1600,798,59,105
400,1600,799,59,105
400,1600,800,59,105
400,1600,801,59,105
400,1600,802,59,105
400,1600,803,60,106
400,1600,804,60,106
400,1600,805,60,106
400,1600,806,60,106
400,1600,807,60,106
400,1600,808,60,106
400,1600,809,60,106
400,1600,810,60,106
400,1600,811,60,107
400,1600,812,60,107
400,1600,813,60,107
400,1600,814,61,107
400,1600,815,61,107
400,1600,816,61,107
400,1600,817,61,107
400,1600,818,61,107
400,1600,819,61,107
400,1600,820,61,108
400,1600,821,61,108
400,1600,822,61,108
400,1600,823,61,108
400,1600,824,61,108
400,1600,825,61,108
400,1600,826,62,108
400,1600,827,62,108
400,1600,828,62,108
400,1600,829,62,109
400,1600,830,62,109
400,1600,831,62,109
400,1600,832,62,109
400,1600,833,62,109
400,1600,834,62,109
400,1600,835,62,109
400,1600,836,62,109
400,1600,837,62,110
400,1600,838,63,110
400,1600,839,63,110
400,1600,840,63,110
400,1600,841,63,110
400,1600,842,63,110
400,1600,843,63,110
400,1600,844,63,110
400,1600,845,63,110
400,1600,846,63,111
400,1600,847,63,111
400,1600,848,63,111
400,1600,849,64,111
400,1600,850,64,111
400,1600,851,64,111
400,1600,852,64,111
400,1600,853,64,111
400,1600,854,64,111
400,1600,855,64,112
400,1600,856,64,112
400,1600,857,64,112
400,1600,858,64,112
400,1600,859,64,112
400,1600,860,64,112
400,1600,861,65,112
400,1600,862,65,112
400,1600,863,65,113
400,1600,864,65,113
400,1600,865,65,113
400,1600,866,65,113
400,1600,867,65,113
400,1600,868,65,113
400,1600,869,65,113
400,1600,870,65,113
400,1600,871,65,113
400,1600,872,66,114
400,1600,873,66,114
400,1600,874,66,114
400,1600,875,66,114
400,1600,876,66,114
400,1600,877,66,114
400,1600,878,66,114
400,1600,879,66,114
400,1600,880,66,114
400,1600,881,66,115
400,1600,882,66,115
400,1600,883,66,115
400,1600,884,67,115
400,1600,885,67,115
400,1600,886,67,115
400,1600,887,67,115
400,1600,888,67,115
400,1600,889,67,115
400,1600,890,67,116
400,1600,891,67,116
400,1600,892,67,116
400,1600,893,67,116
400,1600,894,67,116
400,1600,895,68,116
400,1600,896,68,116
400,1600,897,68,116
400,1600,898,68,117
400,1600,899,68,117
400,1600,900,68,117
400,1600,901,68,117
400,1600,902,68,117
400,1600,903,68,117
400,1600,904,68,117
400,1600,905,68,117
400,1600,906,68,117
400,1600,907,69,118
400,1600,908,69,118
400,1600,909,69,118
400,1600,910,69,118
400,1600,911,69,118
400,1600,912,69,118
400,1600,913,69,118
400,1600,914,69,118
400,1600,915,69,118
400,1600,916,69,119
400,1600,917,69,119
400,1600,918,69,119
400,1600,919,70,119
400,1600,920,70,119
400,1600,921,70,119
400,1600,922,70,119
400,1600,923,70,119
400,1600,924,70,120
400,1600,925,70,120
400,1600,926,70,120
400,1600,927,70,120
400,1600,928,70,120
400,1600,929,70,120
400,1600,930,71,120
400,1600,931,71,120
400,1600,932,71,120
400,1600,933,71,121
400,1600,934,71,121
400,1600,935,71,121
400,1600,936,71,121
400,1600,937,71,121
400,1600,938,71,121
400,1600,939,71,121
400,1600,940,71,121
400,1600,941,71,121
400,1600,942,72,122
400,1600,943,72,122
400,1600,944,72,122
400,1600,945,72,122
400,1600,946,72,122
400,1600,947,72,122
400,1600,948,72,122
400,1600,949,72,122
400,1600,950,72,123
400,1600,951,72,123
400,1600,952,72,123
400,1600,953,73,123
400,1600,954,73,123
400,1600,955,73,123
400,1600,956,73,123
400,1600,957,73,123
400,1600,958,73,123
400,1600,959,73,124
400,1600,960,73,124
400,1600,961,73,124
400,1600,962,73,124
400,1600,963,73,124
400,1600,964,73,124
400,1600,965,74,124
400,1600,966,74,124
400,1600,967,74,124
400,1600,968,74,125
400,1600,969,74,125
400,1600,970,74,125
400,1600,971,74,125
400,1600,972,74,125
400,1600,973,74,125
400,1600,974,74,125
400,1600,975,74,125
400,1600,976,75,125
400,1600,977,75,126
400,1600,978,75,126
400,1600,979,75,126
400,1600,980,75,126
400,1600,981,75,126
400,1600,982,75,126
400,1600,983,75,126
400,1600,984,75,126
400,1600,985,75,127
400,1600,986,75,127
400,1600,987,75,127
400,1600,988,76,127
400,1600,989,76,127
400,1600,990,76,127
400,1600,991,76,127
400,1600,992,76,127
400,1600,993,76,127
400,1600,994,76,128
400,1600,995,76,128
400,1600,996,76,128
400,1600,997,76,128
400,1600,998,76,128
400,1600,999,77,128
400,1600,1000,77,128
400,1600,1001,77,128
400,1600,1002,77,128
400,1600,1003,77,129
400,1600,1004,77,129
400,1600,1005,77,129
400,1600,1006,77,129
400,1600,1007,77,129
400,1600,1008,77,129
400,1600,1009,77,129
400,1600,1010,77,129
400,1600,1011,78,129
400,1600,1012,78,130
400,1600,1013,78,130
400,1600,1014,78,130
400,1600,1015,78,130
400,1600,1016,78,130
400,1600,1017,78,130
400,1600,1018,78,130
400,1600,1019,78,130
400,1600,1020,78,131
400,1600,1021,78,131
400,1600,1022,79,131
400,1600,1023,79,131
400,1600,1024,79,131
400,1600,1025,79,131
400,1600,1026,79,131
400,1600,1027,79,131
400,1600,1028,79,131
400,1600,1029,79,132
400,1600,1030,79,132
400,1600,1031,79,132
400,1600,1032,79,132
400,1600,1033,80,132
400,1600,1034,80,132
400,1600,1035,80,132
400,1600,1036,80,132
400,1600,1037,80,132
400,1600,1038,80,133
400,1600,1039,80,133
400,1600,1040,80,133
400,1600,1041,80,133
400,1600,1042,80,133
400,1600,1043,80,133
400,1600,1044,80,133
400,1600,1045,81,133
400,1600,1046,81,133
400,1600,1047,81,134
400,1600,1048,81,134
400,1600,1049,81,134
400,1600,1050,81,134
400,1600,1051,81,134
400,1600,1052,81,134
400,1600,1053,81,134
400,1600,1054,81,134
400,1600,1055,81,134
400,1600,1056,82,135
400,1600,1057,82,135
400,1600,1058,82,135
400,1600,1059,82,135
400,1600,1060,82,135
400,1600,1061,82,135
400,1600,1062,82,135
400,1600,1063,82,135
400,1600,1064,82,136
400,1600,1065,82,136
400,1600,1066,82,136
400,1600,1067,82,136
400,1600,1068,83,136
400,1600,1069,83,136
400,1600,1070,83,136
400,1600,1071,83,136
400,1600,1072,83,136
400,1600,1073,83,137
400,1600,1074,83,137
400,1600,1075,83,137
400,1600,1076,83,137
400,1600,1077,83,137
400,1600,1078,83,137
400,1600,1079,84,137
400,1600,1080,84,137
400,1600,1081,84,137
400,1600,1082,84,138
400,1600,1083,84,138
400,1600,1084,84,138
400,1600,1085,84,138
400,1600,1086,84,138
400,1600,1087,84,138
400,1600,1088,84,138
400,1600,1089,84,138
400,1600,1090,84,138
400,1600,1091,85,139
400,1600,1092,85,139
400,1600,1093,85,139
400,1600,1094,85,139
400,1600,1095,85,139
400,1600,1096,85,139
400,1600,1097,85,139
400,1600,1098,85,139
400,1600,1099,85,140
400,1600,1100,85,140
400,1600,1101,85,140
400,1600,1102,86,140
400,1600,1103,86,140
400,1600,1104,86,140
400,1600,1105,86,140
400,1600,1106,86,140
400,1600,1107,86,140
400,1600,1108,86,141
400,1600,1109,86,141
400,1600,1110,86,141
400,1600,1111,86,141
400,1600,1112,86,141
400,1600,1113,87,141
400,1600,1114,87,141
400,1600,1115,87,141
400,1600,1116,87,141
400,1600,1117,87,142
400,1600,1118,87,142
400,1600,1119,87,142
400,1600,1120,87,142
400,1600,1121,87,142
400,1600,1122,87,142
400,1600,1123,87,142
400,1600,1124,87,142
400,1600,1125,88,142
400,1600,1126,88,143
400,1600,1127,88,143
400,1600,1128,88,143
400,1600,1129,88,143
400,1600,1130,88,143
400,1600,1131,88,143
400,1600,1132,88,143
400,1600,1133,88,143
400,1600,1134,88,143
400,1600,1135,88,144
400,1600,1136,89,144
400,1600,1137,89,144
400,1600,1138,89,144
400,1600,1139,89,144
400,1600,1140,89,144
400,1600,1141,89,144
400,1600,1142,89,144
400,1600,1143,89,145
400,1600,1144,89,145
400,1600,1145,89,145
400,1600,1146,89,145
400,1600,1147,89,145
400,1600,1148,90,145
400,1600,1149,90,145
400,1600,1150,90,145
400,1600,1151,90,145
400,1600,1152,90,146
400,1600,1153,90,146
400,1600,1154,90,146
400,1600,1155,90,146
400,1600,1156,90,146
400,1600,1157,90,146
400,1600,1158,90,146
400,1600,1159,91,146
400,1600,1160,91,146
400,1600,1161,91,147
400,1600,1162,91,147
400,1600,1163,91,147
400,1600,1164,91,147
400,1600,1165,91,147
400,1600,1166,91,147
400,1600,1167,91,147
400,1600,1168,91,147
400,1600,1169,91,147
400,1600,1170,92,148
400,1600,1171,92,148
400,1600,1172,92,148
400,1600,1173,92,148
400,1600,1174,92,148
400,1600,1175,92,148
400,1600,1176,92,148
400,1600,1177,92,148
400,1600,1178,92,148
400,1600,1179,92,149
400,1600,1180,92,149
400,1600,1181,92,149
400,1600,1182,93,149
400,1600,1183,93,149
400,1600,1184,93,149
400,1600,1185,93,149
400,1600,1186,93,149
400,1600,1187,93,149
400,1600,1188,93,150
400,1600,1189,93,150
400,1600,1190,93,150
400,1600,1191,93,150
400,1600,1192,93,150
400,1600,1193,94,150
400,1600,1194,94,150
400,1600,1195,94,150
400,1600,1196,94,151
400,1600,1197,94,151
400,1600,1198,94,151
400,1600,1199,94,151
400,1600,1200,94,151
400,1600,1201,94,151
400,1600,1202,94,151
400,1600,1203,94,151
400,1600,1204,95,151
400,1600,1205,95,152
400,1600,1206,95,152
400,1600,1207,95,152
400,1600,1208,95,152
400,1600,1209,95,152
400,1600,1210,95,152
400,1600,1211,95,152
400,1600,1212,95,152
400,1600,1213,95,152
400,1600,1214,95,153
400,1600,1215,95,153
400,1600,1216,96,153
400,1600,1217,96,153
400,1600,1218,96,153
400,1600,1219,96,153
400,1600,1220,96,153
400,1600,1221,96,153
400,1600,1222,96,153
400,1600,1223,96,154
400,1600,1224,96,154
400,1600,1225,96,154
400,1600,1226,96,154
400,1600,1227,97,154
400,1600,1228,97,154
400,1600,1229,97,154
400,1600,1230,97,154
400,1600,1231,97,154
400,1600,1232,97,155
400,1600,1233,97,155
400,1600,1234,97,155
400,1600,1235,97,155
400,1600,1236,97,155
400,1600,1237,97,155
400,1600,1238,97,155
400,1600,1239,98,155
400,1600,1240,98,155
400,1600,1241,98,156
400,1600,1242,98,156
400,1600,1243,98,156
400,1600,1244,98,156
400,1600,1245,98,156
400,1600,1246,98,156
400,1600,1247,98,156
400,1600,1248,98,156
400,1600,1249,98,157
400,1600,1250,99,157
400,1600,1251,99,157
400,1600,1252,99,157
400,1600,1253,99,157
400,1600,1254,99,157
400,1600,1255,99,157
400,1600,1256,99,157
400,1600,1257,99,157
400,1600,1258,99,158
400,1600,1259,99,158
400,1600,1260,99,158
400,1600,1261,100,158
400,1600,1262,100,158
400,1600,1263,100,158
400,1600,1264,100,158
400,1600,1265,100,158
400,1600,1266,100,158
400,1600,1267,100,159
400,1600,1268,100,159
400,1600,1269,100,159
400,1600,1270,100,159
400,1600,1271,100,159
400,1600,1272,101,159
400,1600,1273,101,159
400,1600,1274,101,159
400,1600,1275,101,159
400,1600,1276,101,160
400,1600,1277,101,160
400,1600,1278,101,160
400,1600,1279,101,160
400,1600,1280,101,160
400,1600,1281,101,160
400,1600,1282,101,160
400,1600,1283,101,160
400,1600,1284,102,160
400,1600,1285,102,161
400,1600,1286,102,161
400,1600,1287,102,161
400,1600,1288,102,161
400,1600,1289,102,161
400,1600,1290,102,161
400,1600,1291,102,161
400,1600,1292,102,161
400,1600,1293,102,161
400,1600,1294,102,162
400,1600,1295,103,162
400,1600,1296,103,162
400,1600,1297,103,162
400,1600,1298,103,162
400,1600,1299,103,162
400,1600,1300,103,162
400,1600,1301,103,162
400,1600,1302,103,162
400,1600,1303,103,163
400,1600,1304,103,163
400,1600,1305,103,163
400,1600,1306,104,163
400,1600,1307,104,163
400,1600,1308,104,163
400,1600,1309,104,163
400,1600,1310,104,163
400,1600,1311,104,163
400,1600,1312,104,164
400,1600,1313,104,164
400,1600,1314,104,164
400,1600,1315,104,164
400,1600,1316,104,164
400,1600,1317,104,164
400,1600,1318,105,164
400,1600,1319,105,164
400,1600,1320,105,165
400,1600,1321,105,165
400,1600,1322,105,165
400,1600,1323,105,165
400,1600,1324,105,165
400,1600,1325,105,165
400,1600,1326,105,165
400,1600,1327,105,165
400,1600,1328,105,165
400,1600,1329,106,166
400,1600,1330,106,166
400,1600,1331,106,166
400,1600,1332,106,166
400,1600,1333,106,166
400,1600,1334,106,166
400,1600,1335,106,166
400,1600,1336,106,166
400,1600,1337,106,166
400,1600,1338,106,167
400,1600,1339,106,167
400,1600,1340,107,167
400,1600,1341,107,167
400,1600,1342,107,167
400,1600,1343,107,167
400,1600,1344,107,167
400,1600,1345,107,167
400,1600,1346,107,167
400,1600,1347,107,168
400,1600,1348,107,168
400,1600,1349,107,168
400,1600,1350,107,168
400,1600,1351,107,168
400,1600,1352,108,168
400,1600,1353,108,168
400,1600,1354,108,168
400,1600,1355,108,168
400,1600,1356,108,169
400,1600,1357,108,169
400,1600,1358,108,169
400,1600,1359,108,169
400,1600,1360,108,169
400,1600,1361,108,169
400,1600,1362,108,169
400,1600,1363,109,169
400,1600,1364,109,169
400,1600,1365,109,170
400,1600,1366,109,170
400,1600,1367,109,170
400,1600,1368,109,170
400,1600,1369,109,170
400,1600,1370,109,170
400,1600,1371,109,170
400,1600,1372,109,170
400,1600,1373,109,170
400,1600,1374,110,171
400,1600,1375,110,171
400,1600,1376,110,171
400,1600,1377,110,171
400,1600,1378,110,171
400,1600,1379,110,171
400,1600,1380,110,171
400,1600,1381,110,171
400,1600,1382,110,171
400,1600,1383,110,172
400,1600,1384,110,172
400,1600,1385,111,172
400,1600,1386,111,172
400,1600,1387,111,172
400,1600,1388,111,172
400,1600,1389,111,172
400,1600,1390,111,172
400,1600,1391,111,173
400,1600,1392,111,173
400,1600,1393,111,173
400,1600,1394,111,173
400,1600,1395,111,173
400,1600,1396,111,173
400,1600,1397,112,173
400,1600,1398,112,173
400,1600,1399,112,173
400,1600,1400,112,174
400,1600,1401,112,174
400,1600,1402,112,174
400,1600,1403,112,174
400,1600,1404,112,174
400,1600,1405,112,174
400,1600,1406,112,174
400,1600,1407,112,174
400,1600,1408,113,174
400,1600,1409,113,175
400,1600,1410,113,175
400,1600,1411,113,175
400,1600,1412,113,175
400,1600,1413,113,175
400,1600,1414,113,175
400,1600,1415,113,175
400,1600,1416,113,175
400,1600,1417,113,175
400,1600,1418,113,176
400,1600,1419,114,176
400,1600,1420,114,176
400,1600,1421,114,176
400,1600,1422,114,176
400,1600,1423,114,176
400,1600,1424,114,176
400,1600,1425,114,176
400,1600,1426,114,176
400,1600,1427,114,177
400,1600,1428,114,177
400,1600,1429,114,177
400,1600,1430,115,177
400,1600,1431,115,177
400,1600,1432,115,177
400,1600,1433,115,177
400,1600,1434,115,177
400,1600,1435,115,177
400,1600,1436,115,178
400,1600,1437,115,178
400,1600,1438,115,178
400,1600,1439,115,178
400,1600,1440,115,178
400,1600,1441,115,178
400,1600,1442,116,178
400,1600,1443,116,178
400,1600,1444,116,178
400,1600,1445,116,179
400,1600,1446,116,179
400,1600,1447,116,179
400,1600,1448,116,179
400,1600,1449,116,179
400,1600,1450,116,179
400,1600,1451,116,179
400,1600,1452,116,179
400,1600,1453,117,179
400,1600,1454,117,180
400,1600,1455,117,180
400,1600,1456,117,180
400,1600,1457,117,180
400,1600,1458,117,180
400,1600,1459,117,180
400,1600,1460,117,180
400,1600,1461,117,180
400,1600,1462,117,180
400,1600,1463,117,181
400,1600,1464,118,181
400,1600,1465,118,181
400,1600,1466,118,181
400,1600,1467,118,181
400,1600,1468,118,181
400,1600,1469,118,181
400,1600,1470,118,181
400,1600,1471,118,181
400,1600,1472,118,182
400,1600,1473,118,182
400,1600,1474,118,182
400,1600,1475,119,182
400,1600,1476,119,182
400,1600,1477,119,182
400,1600,1478,119,182
400,1600,1479,119,182
400,1600,1480,119,182
400,1600,1481,119,183
400,1600,1482,119,183
400,1600,1483,119,183
400,1600,1484,119,183
400,1600,1485,119,183
400,1600,1486,119,183
400,1600,1487,120,183
400,1600,1488,120,183
400,1600,1489,120,183
400,1600,1490,120,184
400,1600,1491,120,184
400,1600,1492,120,184
400,1600,1493,120,184
400,1600,1494,120,184
400,1600,1495,120,184
400,1600,1496,120,184
400,1600,1497,120,184
400,1600,1498,121,185
400,1600,1499,121,185
400,1600,1500,121,185
400,1600,1501,121,185
400,1600,1502,121,185
400,1600,1503,121,185
400,1600,1504,121,185
400,1600,1505,121,185
400,1600,1506,121,185
400,1600,1507,121,186
400,1600,1508,121,186
400,1600,1509,122,186
400,1600,1510,122,186
400,1600,1511,122,186
400,1600,1512,122,186
400,1600,1513,122,186
400,1600,1514,122,186
400,1600,1515,122,186
400,1600,1516,122,187
400,1600,1517,122,187
400,1600,1518,122,187
400,1600,1519,122,187
400,1600,1520,123,187
400,1600,1521,123,187
400,1600,1522,123,187
400,1600,1523,123,187
400,1600,1524,123,187
400,1600,1525,123,188
400,1600,1526,123,188
400,1600,1527,123,188
400,1600,1528,123,188
400,1600,1529,123,188
400,1600,1530,123,188
400,1600,1531,123,188
400,1600,1532,124,188
400,1600,1533,124,188
400,1600,1534,124,189
400,1600,1535,124,189
400,1600,1536,124,189
400,1600,1537,124,189
400,1600,1538,124,189
400,1600,1539,124,189
400,1600,1540,124,189
400,1600,1541,124,189
400,1600,1542,124,189
400,1600,1543,125,190
400,1600,1544,125,190
400,1600,1545,125,190
400,1600,1546,125,190
400,1600,1547,125,190
400,1600,1548,125,190
400,1600,1549,125,190
400,1600,1550,125,190
400,1600,1551,125,190
400,1600,1552,125,191
400,1600,1553,125,191
400,1600,1554,126,191
400,1600,1555,126,191
400,1600,1556,126,191
400,1600,1557,126,191
400,1600,1558,126,191
400,1600,1559,126,191
400,1600,1560,126,191
400,1600,1561,126,192
400,1600,1562,126,192
400,1600,1563,126,192
400,1600,1564,126,192
400,1600,1565,127,192
400,1600,1566,127,192
400,1600,1567,127,192
400,1600,1568,127,192
400,1600,1569,127,192
400,1600,1570,127,193
400,1600,1571,127,193
400,1600,1572,127,193
400,1600,1573,127,193
400,1600,1574,127,193
400,1600,1575,127,193
400,1600,1576,128,193
400,1600,1577,128,193
400,1600,1578,128,193
400,1600,1579,128,194
400,1600,1580,128,194
400,1600,1581,128,194
400,1600,1582,128,194
400,1600,1583,128,194
400,1600,1584,128,194
400,1600,1585,128,194
400,1600,1586,128,194
400,1600,1587,128,194
400,1600,1588,129,195
400,1600,1589,129,195
400,1600,1590,129,195
400,1600,1591,129,195
400,1600,1592,129,195
400,1600,1593,129,195
400,1600,1594,129,195
400,1600,1595,129,195
400,1600,1596,129,195
400,1600,1597,129,196
400,1600,1598,129,196
400,1600,1599,130,196
400,1600,1600,130,196
400,3200,1,,
400,3200,2,,
400,3200,3,,
400,3200,4,,
400,3200,5,,
400,3200,6,,
400,3200,7,,7
400,3200,8,,8
400,3200,9,,8
400,3200,10,,8
400,3200,11,,8
400,3200,12,,8
400,3200,13,,8
400,3200,14,,8
400,3200,15,,9
400,3200,16,,9
400,3200,17,,9
400,3200,18,,9
400,3200,19,,9
400,3200,20,,9
400,3200,21,,10
400,3200,22,,10
400,3200,23,,10
400,3200,24,,10
400,3200,25,,10
400,3200,26,,10
400,3200,27,,10
400,3200,28,,11
400,3200,29,,11
400,3200,30,,11
400,3200,31,,11
400,3200,32,,11
400,3200,33,,11
400,3200,34,,11
400,3200,35,,12
400,3200,36,,12
400,3200,37,,12
400,3200,38,,12
400,3200,39,,12
400,3200,40,,12
400,3200,41,,12
400,3200,42,,13
400,3200,43,,13
400,3200,44,,13
400,3200,45,,13
400,3200,46,,13
400,3200,47,,13
400,3200,48,,13
400,3200,49,,13
400,3200,50,,14
400,3200,51,,14
400,3200,52,,14
400,3200,53,,14
400,3200,54,,14
400,3200,55,,14
400,3200,56,,14
400,3200,57,,15
400,3200,58,,15
400,3200,59,,15
400,3200,60,,15
400,3200,61,,15
400,3200,62,,15
400,3200,63,0,15
400,3200,64,0,16
400,3200,65,0,16
400,3200,66,0,16
400,3200,67,0,16
400,3200,68,0,16
400,3200,69,0,16
400,3200,70,0,16
400,3200,71,0,17
400,3200,72,0,17
400,3200,73,0,17
400,3200,74,0,17
400,3200,75,0,17
400,3200,76,0,17
400,3200,77,0,17
400,3200,78,1,17
400,3200,79,1,18
400,3200,80,1,18
400,3200,81,1,18
400,3200,82,1,18
400,3200,83,1,18
400,3200,84,1,18
400,3200,85,1,18
400,3200,86,1,19
400,3200,87,1,19
400,3200,88,1,19
400,3200,89,1,19
400,3200,90,1,19
400,3200,91,1,19
400,3200,92,2,19
400,3200,93,2,20
400,3200,94,2,20
400,3200,95,2,20
400,3200,96,2,20
400,3200,97,2,20
400,3200,98,2,20
400,3200,99,2,20
400,3200,100,2,20
400,3200,101,2,21
400,3200,102,2,21
400,3200,103,2,21
400,3200,104,2,21
400,3200,105,3,21
400,3200,106,3,21
400,3200,107,3,21
400,3200,108,3,22
400,3200,109,3,22
400,3200,110,3,22
400,3200,111,3,22
400,3200,112,3,22
400,3200,113,3,22
400,3200,114,3,22
400,3200,115,3,22
400,3200,116,3,23
400,3200,117,3,23
400,3200,118,3,23
400,3200,119,4,23
400,3200,120,4,23
400,3200,121,4,23
400,3200,122,4,23
400,3200,123,4,23
400,3200,124,4,24
400,3200,125,4,24
400,3200,126,4,24
400,3200,127,4,24
400,3200,128,4,24
400,3200,129,4,24
400,3200,130,4,24
400,3200,131,4,25
400,3200,132,5,25
400,3200,133,5,25
400,3200,134,5,25
400,3200,135,5,25
400,3200,136,5,25
400,3200,137,5,25
400,3200,138,5,25
400,3200,139,5,26
400,3200,140,5,26
400,3200,141,5,26
400,3200,142,5,26
400,3200,143,5,26
400,3200,144,5,26
400,3200,145,5,26
400,3200,146,6,26
400,3200,147,6,27
400,3200,148,6,27
400,3200,149,6,27
400,3200,150,6,27
400,3200,151,6,27
400,3200,152,6,27
400,3200,153,6,27
400,3200,154,6,28
400,3200,155,6,28
400,3200,156,6,28
400,3200,157,6,28
400,3200,158,6,28
400,3200,159,7,28
400,3200,160,7,28
400,3200,161,7,28
400,3200,162,7,29
400,3200,163,7,29
400,3200,164,7,29
400,3200,165,7,29
400,3200,166,7,29
400,3200,167,7,29
400,3200,168,7,29
400,3200,169,7,29
400,3200,170,7,30
400,3200,171,7,30
400,3200,172,8,30
400,3200,173,8,30
400,3200,174,8,30
400,3200,175,8,30
400,3200,176,8,30
400,3200,177,8,30
400,3200,178,8,31
400,3200,179,8,31
400,3200,180,8,31
400,3200,181,8,31
400,3200,182,8,31
400,3200,183,8,31
400,3200,184,8,31
400,3200,185,9,32
400,3200,186,9,32
400,3200,187,9,32
400,3200,188,9,32
400,3200,189,9,32
400,3200,190,9,32
400,3200,191,9,32
400,3200,192,9,32
400,3200,193,9,33
400,3200,194,9,33
400,3200,195,9,33
400,3200,196,9,33
400,3200,197,9,33
400,3200,198,10,33
400,3200,199,10,33
400,3200,200,10,33
400,3200,201,10,34
400,3200,202,10,34
400,3200,203,10,34
400,3200,204,10,34
400,3200,205,10,34
400,3200,206,10,34
400,3200,207,10,34
400,3200,208,10,34
400,3200,209,10,35
400,3200,210,10,35
400,3200,211,11,35
400,3200,212,11,35
400,3200,213,11,35
400,3200,214,11,35
400,3200,215,11,35
400,3200,216,11,35
400,3200,217,11,36
400,3200,218,11,36
400,3200,219,11,36
400,3200,220,11,36
400,3200,221,11,36
400,3200,222,11,36
400,3200,223,11,36
400,3200,224,12,36
400,3200,225,12,37
400,3200,226,12,37
400,3200,227,12,37
400,3200,228,12,37
400,3200,229,12,37
400,3200,230,12,37
400,3200,231,12,37
400,3200,232,12,37
400,3200,233,12,38
400,3200,234,12,38
400,3200,235,12,38
400,3200,236,12,38
400,3200,237,13,38
400,3200,238,13,38
400,3200,239,13,38
400,3200,240,13,38
400,3200,241,13,39
400,3200,242,13,39
400,3200,243,13,39
400,3200,244,13,39
400,3200,245,13,39
400,3200,246,13,39
400,3200,247,13,39
400,3200,248,13,39
400,3200,249,13,40
400,3200,250,14,40
400,3200,251,14,40
400,3200,252,14,40
400,3200,253,14,40
400,3200,254,14,40
400,3200,255,14,40
400,3200,256,14,40
400,3200,257,14,41
400,3200,258,14,41
400,3200,259,14,41
400,3200,260,14,41
400,3200,261,14,41
400,3200,262,15,41
400,3200,263,15,41
400,3200,264,15,41
400,3200,265,15,42
400,3200,266,15,42
400,3200,267,15,42
400,3200,268,15,42
400,3200,269,15,42
400,3200,270,15,42
400,3200,271,15,42
400,3200,272,15,42
400,3200,273,15,43
400,3200,274,15,43
400,3200,275,16,43
400,3200,276,16,43
400,3200,277,16,43
400,3200,278,16,43
400,3200,279,16,43
400,3200,280,16,43
400,3200,281,16,44
400,3200,282,16,44
400,3200,283,16,44
400,3200,284,16,44
400,3200,285,16,44
400,3200,286,16,44
400,3200,287,17,44
400,3200,288,17,44
400,3200,289,17,45
400,3200,290,17,45
400,3200,291,17,45
400,3200,292,17,45
400,3200,293,17,45
400,3200,294,17,45
400,3200,295,17,45
400,3200,296,17,45
400,3200,297,17,46
400,3200,298,17,46
400,3200,299,17,46
400,3200,300,18,46
400,3200,301,18,46
400,3200,302,18,46
400,3200,303,18,46
400,3200,304,18,46
400,3200,305,18,47
400,3200,306,18,47
400,3200,307,18,47
400,3200,308,18,47
400,3200,309,18,47
400,3200,310,18,47
400,3200,311,18,47
400,3200,312,19,47
400,3200,313,19,48
400,3200,314,19,48
400,3200,315,19,48
400,3200,316,19,48
400,3200,317,19,48
400,3200,318,19,48
400,3200,319,19,48
400,3200,320,19,48
400,3200,321,19,48
400,3200,322,19,49
400,3200,323,19,49
400,3200,324,19,49
400,3200,325,20,49
400,3200,326,20,49
400,3200,327,20,49
400,3200,328,20,49
400,3200,329,20,49
400,3200,330,20,50
400,3200,331,20,50
400,3200,332,20,50
400,3200,333,20,50
400,3200,334,20,50
400,3200,335,20,50
400,3200,336,20,50
400,3200,337,21,50
400,3200,338,21,51
400,3200,339,21,51
400,3200,340,21,51
400,3200,341,21,51
400,3200,342,21,51
400,3200,343,21,51
400,3200,344,21,51
400,3200,345,21,51
400,3200,346,21,52
400,3200,347,21,52
400,3200,348,21,52
400,3200,349,21,52
400,3200,350,22,52
400,3200,351,22,52
400,3200,352,22,52
400,3200,353,22,52
400,3200,354,22,53
400,3200,355,22,53
400,3200,356,22,53
400,3200,357,22,53
400,3200,358,22,53
400,3200,359,22,53
400,3200,360,22,53
400,3200,361,22,53
400,3200,362,23,53
400,3200,363,23,54
400,3200,364,23,54
400,3200,365,23,54
400,3200,366,23,54
400,3200,367,23,54
400,3200,368,23,54
400,3200,369,23,54
400,3200,370,23,54
400,3200,371,23,55
400,3200,372,23,55
400,3200,373,23,55
400,3200,374,24,55
400,3200,375,24,55
400,3200,376,24,55
400,3200,377,24,55
400,3200,378,24,55
400,3200,379,24,56
400,3200,380,24,56
400,3200,381,24,56
400,3200,382,24,56
400,3200,383,24,56
400,3200,384,24,56
400,3200,385,24,56
400,3200,386,24,56
400,3200,387,25,57
400,3200,388,25,57
400,3200,389,25,57
400,3200,390,25,57
400,3200,391,25,57
400,3200,392,25,57
400,3200,393,25,57
400,3200,394,25,57
400,3200,395,25,57
400,3200,396,25,58
400,3200,397,25,58
400,3200,398,25,58
400,3200,399,26,58
400,3200,400,26,58
400,3200,401,26,58
400,3200,402,26,58
400,3200,403,26,58
400,3200,404,26,59
400,3200,405,26,59
400,3200,406,26,59
400,3200,407,26,59
400,3200,408,26,59
400,3200,409,26,59
400,3200,410,26,59
400,3200,411,27,59
400,3200,412,27,60
400,3200,413,27,60
400,3200,414,27,60
400,3200,415,27,60
400,3200,416,27,60
400,3200,417,27,60
400,3200,418,27,60
400,3200,419,27,60
400,3200,420,27,61
400,3200,421,27,61
400,3200,422,27,61
400,3200,423,28,61
400,3200,424,28,61
400,3200,425,28,61
400,3200,426,28,61
400,3200,427,28,61
400,3200,428,28,61
400,3200,429,28,62
400,3200,430,28,62
400,3200,431,28,62
400,3200,432,28,62
400,3200,433,28,62
400,3200,434,28,62
400,3200,435,29,62
400,3200,436,29,62
400,3200,437,29,63
400,3200,438,29,63
400,3200,439,29,63
400,3200,440,29,63
400,3200,441,29,63
400,3200,442,29,63
400,3200,443,29,63
400,3200,444,29,63
400,3200,445,29,64
400,3200,446,29,64
400,3200,447,29,64
400,3200,448,30,64
400,3200,449,30,64
400,3200,450,30,64
400,3200,451,30,64
400,3200,452,30,64
400,3200,453,30,64
400,3200,454,30,65
400,3200,455,30,65
400,3200,456,30,65
400,3200,457,30,65
400,3200,458,30,65
400,3200,459,30,65
400,3200,460,31,65
400,3200,461,31,65
400,3200,462,31,66
400,3200,463,31,66
400,3200,464,31,66
400,3200,465,31,66
400,3200,466,31,66
400,3200,467,31,66
400,3200,468,31,66
400,3200,469,31,66
400,3200,470,31,67
400,3200,471,31,67
400,3200,472,32,67
400,3200,473,32,67
400,3200,474,32,67
400,3200,475,32,67
400,3200,476,32,67
400,3200,477,32,67
400,3200,478,32,67
400,3200,479,32,68
400,3200,480,32,68
400,3200,481,32,68
400,3200,482,32,68
400,3200,483,32,68
400,3200,484,33,68
400,3200,485,33,68
400,3200,486,33,68
400,3200,487,33,69
400,3200,488,33,69
400,3200,489,33,69
400,3200,490,33,69
400,3200,491,33,69
400,3200,492,33,69
400,3200,493,33,69
400,3200,494,33,69
400,3200,495,33,69
400,3200,496,34,70
400,3200,497,34,70
400,3200,498,34,70
400,3200,499,34,70
400,3200,500,34,70
400,3200,501,34,70
400,3200,502,34,70
400,3200,503,34,70
400,3200,504,34,71
400,3200,505,34,71
400,3200,506,34,71
400,3200,507,34,71
400,3200,508,35,71
400,3200,509,35,71
400,3200,510,35,71
400,3200,511,35,71
400,3200,512,35,72
400,3200,513,35,72
400,3200,514,35,72
400,3200,515,35,72
400,3200,516,35,72
400,3200,517,35,72
400,3200,518,35,72
400,3200,519,35,72
400,3200,520,36,72
400,3200,521,36,73
400,3200,522,36,73
400,3200,523,36,73
400,3200,524,36,73
400,3200,525,36,73
400,3200,526,36,73
400,3200,527,36,73
400,3200,528,36,73
400,3200,529,36,74
400,3200,530,36,74
400,3200,531,36,74
400,3200,532,37,74
400,3200,533,37,74
400,3200,534,37,74
400,3200,535,37,74
400,3200,536,37,74
400,3200,537,37,74
400,3200,538,37,75
400,3200,539,37,75
400,3200,540,37,75
400,3200,541,37,75
400,3200,542,37,75
400,3200,543,37,75
400,3200,544,38,75
400,3200,545,38,75
400,3200,546,38,76
400,3200,547,38,76
400,3200,548,38,76
400,3200,549,38,76
400,3200,550,38,76
400,3200,551,38,76
400,3200,552,38,76
400,3200,553,38,76
400,3200,554,38,76
400,3200,555,38,77
400,3200,556,39,77
400,3200,557,39,77
400,3200,558,39,77
400,3200,559,39,77
400,3200,560,39,77
400,3200,561,39,77
400,3200,562,39,77
400,3200,563,39,78
400,3200,564,39,78
400,3200,565,39,78
400,3200,566,39,78
400,3200,567,39,78
400,3200,568,40,78
400,3200,569,40,78
400,3200,570,40,78
400,3200,571,40,78
400,3200,572,40,79
400,3200,573,40,79
400,3200,574,40,79
400,3200,575,40,79
400,3200,576,40,79
400,3200,577,40,79
400,3200,578,40,79
400,3200,579,41,79
400,3200,580,41,80
400,3200,581,41,80
400,3200,582,41,80
400,3200,583,41,80
400,3200,584,41,80
400,3200,585,41,80
400,3200,586,41,80
400,3200,587,41,80
400,3200,588,41,81
400,3200,589,41,81
400,3200,590,41,81
400,3200,591,42,81
400,3200,592,42,81
400,3200,593,42,81
400,3200,594,42,81
400,3200,595,42,81
400,3200,596,42,81
400,3200,597,42,82
400,3200,598,42,82
400,3200,599,42,82
400,3200,600,42,82
400,3200,601,42,82
400,3200,602,42,82
400,3200,603,43,82
400,3200,604,43,82
400,3200,605,43,83
400,3200,606,43,83
400,3200,607,43,83
400,3200,608,43,83
400,3200,609,43,83
400,3200,610,43,83
400,3200,611,43,83
400,3200,612,43,83
400,3200,613,43,83
400,3200,614,43,84
400,3200,615,44,84
400,3200,616,44,84
400,3200,617,44,84
400,3200,618,44,84
400,3200,619,44,84
400,3200,620,44,84
400,3200,621,44,84
400,3200,622,44,85
400,3200,623,44,85
400,3200,624,44,85
400,3200,625,44,85
400,3200,626,44,85
400,3200,627,45,85
400,3200,628,45,85
400,3200,629,45,85
400,3200,630,45,85
400,3200,631,45,86
400,3200,632,45,86
400,3200,633,45,86
400,3200,634,45,86
400,3200,635,45,86
400,3200,636,45,86
400,3200,637,45,86
400,3200,638,45,86
400,3200,639,46,86
400,3200,640,46,87
400,3200,641,46,87
400,3200,642,46,87
400,3200,643,46,87
400,3200,644,46,87
400,3200,645,46,87
400,3200,646,46,87
400,3200,647,46,87
400,3200,648,46,88
400,3200,649,46,88
400,3200,650,46,88
400,3200,651,47,88
400,3200,652,47,88
400,3200,653,47,88
400,3200,654,47,88
400,3200,655,47,88
400,3200,656,47,88
400,3200,657,47,89
400,3200,658,47,89
400,3200,659,47,89
400,3200,660,47,89
400,3200,661,47,89
400,3200,662,48,89
400,3200,663,48,89
400,3200,664,48,89
400,3200,665,48,90
400,3200,666,48,90
400,3200,667,48,90
400,3200,668,48,90
400,3200,669,48,90
400,3200,670,48,90
400,3200,671,48,90
400,3200,672,48,90
400,3200,673,48,90
400,3200,674,49,91
400,3200,675,49,91
400,3200,676,49,91
400,3200,677,49,91
400,3200,678,49,91
400,3200,679,49,91
400,3200,680,49,91
400,3200,681,49,91
400,3200,682,49,92
400,3200,683,49,92
400,3200,684,49,92
400,3200,685,49,92
400,3200,686,50,92
400,3200,687,50,92
400,3200,688,50,92
400,3200,689,50,92
400,3200,690,50,92
400,3200,691,50,93
400,3200,692,50,93
400,3200,693,50,93
400,3200,694,50,93
400,3200,695,50,93
400,3200,696,50,93
400,3200,697,50,93
400,3200,698,51,93
400,3200,699,51,94
400,3200,700,51,94
400,3200,701,51,94
400,3200,702,51,94
400,3200,703,51,94
400,3200,704,51,94
400,3200,705,51,94
400,3200,706,51,94
400,3200,707,51,94
400,3200,708,51,95
400,3200,709,52,95
400,3200,710,52,95
400,3200,711,52,95
400,3200,712,52,95
400,3200,713,52,95
400,3200,714,52,95
400,3200,715,52,95
400,3200,716,52,95
400,3200,717,52,96
400,3200,718,52,96
400,3200,719,52,96
400,3200,720,52,96
400,3200,721,53,96
400,3200,722,53,96
400,3200,723,53,96
400,3200,724,53,96
400,3200,725,53,97
400,3200,726,53,97
400,3200,727,53,97
400,3200,728,53,97
400,3200,729,53,97
400,3200,730,53,97
400,3200,731,53,97
400,3200,732,53,97
400,3200,733,54,97
400,3200,734,54,98
400,3200,735,54,98
400,3200,736,54,98
400,3200,737,54,98
400,3200,738,54,98
400,3200,739,54,98
400,3200,740,54,98
400,3200,741,54,98
400,3200,742,54,99
400,3200,743,54,99
400,3200,744,55,99
400,3200,745,55,99
400,3200,746,55,99
400,3200,747,55,99
400,3200,748,55,99
400,3200,749,55,99
400,3200,750,55,99
400,3200,751,55,100
400,3200,752,55,100
400,3200,753,55,100
400,3200,754,55,100
400,3200,755,55,100
400,3200,756,56,100
400,3200,757,56,100
400,3200,758,56,100
400,3200,759,56,100
400,3200,760,56,101
400,3200,761,56,101
400,3200,762,56,101
400,3200,763,56,101
400,3200,764,56,101
400,3200,765,56,101
400,3200,766,56,101
400,3200,767,56,101
400,3200,768,57,102
400,3200,769,57,102
400,3200,770,57,102
400,3200,771,57,102
400,3200,772,57,102
400,3200,773,57,102
400,3200,774,57,102
400,3200,775,57,102
400,3200,776,57,102
400,3200,777,57,103
400,3200,778,57,103
400,3200,779,58,103
400,3200,780,58,103
400,3200,781,58,103
400,3200,782,58,103
400,3200,783,58,103
400,3200,784,58,103
400,3200,785,58,103
400,3200,786,58,104
400,3200,787,58,104
400,3200,788,58,104
400,3200,789,58,104
400,3200,790,58,104
400,3200,791,59,104
400,3200,792,59,104
400,3200,793,59,104
400,3200,794,59,105
400,3200,795,59,105
400,3200,796,59,105
400,3200,797,59,105
400,3200,798,59,105
400,3200,799,59,105
400,3200,800,59,105
400,3200,801,59,105
400,3200,802,59,105
400,3200,803,60,106
400,3200,804,60,106
400,3200,805,60,106
400,3200,806,60,106
400,3200,807,60,106
400,3200,808,60,106
400,3200,809,60,106
400,3200,810,60,106
400,3200,811,60,107
400,3200,812,60,107
400,3200,813,60,107
400,3200,814,61,107
400,3200,815,61,107
400,3200,816,61,107
400,3200,817,61,107
400,3200,818,61,107
400,3200,819,61,107
400,3200,820,61,108
400,3200,821,61,108
400,3200,822,61,108
400,3200,823,61,108
400,3200,824,61,108
400,3200,825,61,108
400,3200,826,62,108
400,3200,827,62,108
400,3200,828,62,108
400,3200,829,62,109
400,3200,830,62,109
400,3200,831,62,109
400,3200,832,62,109
400,3200,833,62,109
400,3200,834,62,109
400,3200,835,62,109
400,3200,836,62,109
400,3200,837,62,110
400,3200,838,63,110
400,3200,839,63,110
400,3200,840,63,110
400,3200,841,63,110
400,3200,842,63,110
400,3200,843,63,110
400,3200,844,63,110
400,3200,845,63,110
400,3200,846,63,111
400,3200,847,63,111
400,3200,848,63,111
400,3200,849,64,111
400,3200,850,64,111
400,3200,851,64,111
400,3200,852,64,111
400,3200,853,64,111
400,3200,854,64,111
400,3200,855,64,112
400,3200,856,64,112
400,3200,857,64,112
400,3200,858,64,112
400,3200,859,64,112
400,3200,860,64,112
400,3200,861,65,112
400,3200,862,65,112
400,3200,863,65,113
400,3200,864,65,113
400,3200,865,65,113
400,3200,866,65,113
400,3200,867,65,113
400,3200,868,65,113
400,3200,869,65,113
400,3200,870,65,113
400,3200,871,65,113
400,3200,872,66,114
400,3200,873,66,114
400,3200,874,66,114
400,3200,875,66,114
400,3200,876,66,114
400,3200,877,66,114
400,3200,878,66,114
400,3200,879,66,114
400,3200,880,66,114
400,3200,881,66,115
400,3200,882,66,115
400,3200,883,66,115
400,3200,884,67,115
400,3200,885,67,115
400,3200,886,67,115
400,3200,887,67,115
400,3200,888,67,115
400,3200,889,67,115
400,3200,890,67,116
400,3200,891,67,116
400,3200,892,67,116
400,3200,893,67,116
400,3200,894,67,116
400,3200,895,68,116
400,3200,896,68,116
400,3200,897,68,116
400,3200,898,68,117
400,3200,899,68,117
400,3200,900,68,117
400,3200,901,68,117
400,3200,902,68,117
400,3200,903,68,117
400,3200,904,68,117
400,3200,905,68,117
400,3200,906,68,117
400,3200,907,69,118
400,3200,908,69,118
400,3200,909,69,118
400,3200,910,69,118
400,3200,911,69,118
400,3200,912,69,118
400,3200,913,69,118
400,3200,914,69,118
400,3200,915,69,118
400,3200,916,69,119
400,3200,917,69,119
400,3200,918,69,119
400,3200,919,70,119
400,3200,920,70,119
400,3200,921,70,119
400,3200,922,70,119
400,3200,923,70,119
400,3200,924,70,120
400,3200,925,70,120
400,3200,926,70,120
400,3200,927,70,120
400,3200,928,70,120
400,3200,929,70,120
400,3200,930,71,120
400,3200,931,71,120
400,3200,932,71,120
400,3200,933,71,121
400,3200,934,71,121
400,3200,935,71,121
400,3200,936,71,121
400,3200,937,71,121
400,3200,938,71,121
400,3200,939,71,121
400,3200,940,71,121
400,3200,941,71,121
400,3200,942,72,122
400,3200,943,72,122
400,3200,944,72,122
400,3200,945,72,122
400,3200,946,72,122
400,3200,947,72,122
400,3200,948,72,122
400,3200,949,72,122
400,3200,950,72,123
400,3200,951,72,123
400,3200,952,72,123
400,3200,953,73,123
400,3200,954,73,123
400,3200,955,73,123
400,3200,956,73,123
400,3200,957,73,123
400,3200,958,73,123
400,3200,959,73,124
400,3200,960,73,124
400,3200,961,73,124
400,3200,962,73,124
400,3200,963,73,124
400,3200,964,73,124
400,3200,965,74,124
400,3200,966,74,124
400,3200,967,74,124
400,3200,968,74,125
400,3200,969,74,125
400,3200,970,74,125
400,3200,971,74,125
400,3200,972,74,125
400,3200,973,74,125
400,3200,974,74,125
400,3200,975,74,125
400,3200,976,75,125
400,3200,977,75,126
400,3200,978,75,126
400,3200,979,75,126
400,3200,980,75,126
400,3200,981,75,126
400,3200,982,75,126
400,3200,983,75,126
400,3200,984,75,126
400,3200,985,75,127
400,3200,986,75,127
400,3200,987,75,127
400,3200,988,76,127
400,3200,989,76,127
400,3200,990,76,127
400,3200,991,76,127
400,3200,992,76,127
400,3200,993,76,127
400,3200,994,76,128
400,3200,995,76,128
400,3200,996,76,128
400,3200,997,76,128
400,3200,998,76,128
400,3200,999,77,128
400,3200,1000,77,128
400,3200,1001,77,128
400,3200,1002,77,128
400,3200,1003,77,129
400,3200,1004,77,129
400,3200,1005,77,129
400,3200,1006,77,129
400,3200,1007,77,129
400,3200,1008,77,129
400,3200,1009,77,129
400,3200,1010,77,129
400,3200,1011,78,129
400,3200,1012,78,130
400,3200,1013,78,130
400,3200,1014,78,130
400,3200,1015,78,130
400,3200,1016,78,130
400,3200,1017,78,130
400,3200,1018,78,130
400,3200,1019,78,130
400,3200,1020,78,131
400,3200,1021,78,131
400,3200,1022,79,131
400,3200,1023,79,131
400,3200,1024,79,131
400,3200,1025,79,131
400,3200,1026,79,131
400,3200,1027,79,131
400,3200,1028,79,131
400,3200,1029,79,132
400,3200,1030,79,132
400,3200,1031,79,132
400,3200,1032,79,132
400,3200,1033,80,132
400,3200,1034,80,132
400,3200,1035,80,132
400,3200,1036,80,132
400,3200,1037,80,132
400,3200,1038,80,133
400,3200,1039,80,133
400,3200,1040,80,133
400,3200,1041,80,133
400,3200,1042,80,133
400,3200,1043,80,133
400,3200,1044,80,133
400,3200,1045,81,133
400,3200,1046,81,133
400,3200,1047,81,134
400,3200,1048,81,134
400,3200,1049,81,134
400,3200,1050,81,134
400,3200,1051,81,134
400,3200,1052,81,134
400,3200,1053,81,134
400,3200,1054,81,134
400,3200,1055,81,134
400,3200,1056,82,135
400,3200,1057,82,135
400,3200,1058,82,135
400,3200,1059,82,135
400,3200,1060,82,135
400,3200,1061,82,135
400,3200,1062,82,135
400,3200,1063,82,135
400,3200,1064,82,136
400,3200,1065,82,136
400,3200,1066,82,136
400,3200,1067,82,136
400,3200,1068,83,136
400,3200,1069,83,136
400,3200,1070,83,136
400,3200,1071,83,136
400,3200,1072,83,136
400,3200,1073,83,137
400,3200,1074,83,137
400,3200,1075,83,137
400,3200,1076,83,137
400,3200,1077,83,137
400,3200,1078,83,137
400,3200,1079,84,137
400,3200,1080,84,137
400,3200,1081,84,137
400,3200,1082,84,138
400,3200,1083,84,138
400,3200,1084,84,138
400,3200,1085,84,138
400,3200,1086,84,138
400,3200,1087,84,138
400,3200,1088,84,138
400,3200,1089,84,138
400,3200,1090,84,138
400,3200,1091,85,139
400,3200,1092,85,139
400,3200,1093,85,139
400,3200,1094,85,139
400,3200,1095,85,139
400,3200,1096,85,139
400,3200,1097,85,139
400,3200,1098,85,139
400,3200,1099,85,140
400,3200,1100,85,140
400,3200,1101,85,140
400,3200,1102,86,140
400,3200,1103,86,140
400,3200,1104,86,140
400,3200,1105,86,140
400,3200,1106,86,140
400,3200,1107,86,140
400,3200,1108,86,141
400,3200,1109,86,141
400,3200,1110,86,141
400,3200,1111,86,141
400,3200,1112,86,141
400,3200,1113,87,141
400,3200,1114,87,141
400,3200,1115,87,141
400,3200,1116,87,141
400,3200,1117,87,142
400,3200,1118,87,142
400,3200,1119,87,142
400,3200,1120,87,142
400,3200,1121,87,142
400,3200,1122,87,142
400,3200,1123,87,142
400,3200,1124,87,142
400,3200,1125,88,142
400,3200,1126,88,143
400,3200,1127,88,143
400,3200,1128,88,143
400,3200,1129,88,143
400,3200,1130,88,143
400,3200,1131,88,143
400,3200,1132,88,143
400,3200,1133,88,143
400,3200,1134,88,143
400,3200,1135,88,144
400,3200,1136,89,144
400,3200,1137,89,144
400,3200,1138,89,144
400,3200,1139,89,144
400,3200,1140,89,144
400,3200,1141,89,144
400,3200,1142,89,144
400,3200,1143,89,145
400,3200,1144,89,145
400,3200,1145,89,145
400,3200,1146,89,145
400,3200,1147,89,145
400,3200,1148,90,145
400,3200,1149,90,145
400,3200,1150,90,145
400,3200,1151,90,145
400,3200,1152,90,146
400,3200,1153,90,146
400,3200,1154,90,146
400,3200,1155,90,146
400,3200,1156,90,146
400,3200,1157,90,146
400,3200,1158,90,146
400,3200,1159,91,146
400,3200,1160,91,146
400,3200,1161,91,147
400,3200,1162,91,147
400,3200,1163,91,147
400,3200,1164,91,147
400,3200,1165,91,147
400,3200,1166,91,147
400,3200,1167,91,147
400,3200,1168,91,147
400,3200,1169,91,147
400,3200,1170,92,148
400,3200,1171,92,148
400,3200,1172,92,148
400,3200,1173,92,148
400,3200,1174,92,148
400,3200,1175,92,148
400,3200,1176,92,148
400,3200,1177,92,148
400,3200,1178,92,148
400,3200,1179,92,149
400,3200,1180,92,149
400,3200,1181,92,149
400,3200,1182,93,149
400,3200,1183,93,149
400,3200,1184,93,149
400,3200,1185,93,149
400,3200,1186,93,149
400,3200,1187,93,149
400,3200,1188,93,150
400,3200,1189,93,150
400,3200,1190,93,150
400,3200,1191,93,150
400,3200,1192,93,150
400,3200,1193,94,150
400,3200,1194,94,150
400,3200,1195,94,150
400,3200,1196,94,151
400,3200,1197,94,151
400,3200,1198,94,151
400,3200,1199,94,151
400,3200,1200,94,151
400,3200,1201,94,151
400,3200,1202,94,151
400,3200,1203,94,151
400,3200,1204,95,151
400,3200,1205,95,152
400,3200,1206,95,152
400,3200,1207,95,152
400,3200,1208,95,152
400,3200,1209,95,152
400,3200,1210,95,152
400,3200,1211,95,152
400,3200,1212,95,152
400,3200,1213,95,152
400,3200,1214,95,153
400,3200,1215,95,153
400,3200,1216,96,153
400,3200,1217,96,153
400,3200,1218,96,153
400,3200,1219,96,153
400,3200,1220,96,153
400,3200,1221,96,153
400,3200,1222,96,153
400,3200,1223,96,154
400,3200,1224,96,154
400,3200,1225,96,154
400,3200,1226,96,154
400,3200,1227,97,154
400,3200,1228,97,154
400,3200,1229,97,154
400,3200,1230,97,154
400,3200,1231,97,154
400,3200,1232,97,155
400,3200,1233,97,155
400,3200,1234,97,155
400,3200,1235,97,155
400,3200,1236,97,155
400,3200,1237,97,155
400,3200,1238,97,155
400,3200,1239,98,155
400,3200,1240,98,155
400,3200,1241,98,156
400,3200,1242,98,156
400,3200,1243,98,156
400,3200,1244,98,156
400,3200,1245,98,156
400,3200,1246,98,156
400,3200,1247,98,156
400,3200,1248,98,156
400,3200,1249,98,157
400,3200,1250,99,157
400,3200,1251,99,157
400,3200,1252,99,157
400,3200,1253,99,157
400,3200,1254,99,157
400,3200,1255,99,157
400,3200,1256,99,157
400,3200,1257,99,157
400,3200,1258,99,158
400,3200,1259,99,158
400,3200,1260,99,158
400,3200,1261,100,158
400,3200,1262,100,158
400,3200,1263,100,158
400,3200,1264,100,158
400,3200,1265,100,158
400,3200,1266,100,158
400,3200,1267,100,159
400,3200,1268,100,159
400,3200,1269,100,159
400,3200,1270,100,159
400,3200,1271,100,159
400,3200,1272,101,159
400,3200,1273,101,159
400,3200,1274,101,159
400,3200,1275,101,159
400,3200,1276,101,160
400,3200,1277,101,160
400,3200,1278,101,160
400,3200,1279,101,160
400,3200,1280,101,160
400,3200,1281,101,160
400,3200,1282,101,160
400,3200,1283,101,160
400,3200,1284,102,160
400,3200,1285,102,161
400,3200,1286,102,161
400,3200,1287,102,161
400,3200,1288,102,161
400,3200,1289,102,161
400,3200,1290,102,161
400,3200,1291,102,161
400,3200,1292,102,161
400,3200,1293,102,161
400,3200,1294,102,162
400,3200,1295,103,162
400,3200,1296,103,162
400,3200,1297,103,162
400,3200,1298,103,162
400,3200,1299,103,162
400,3200,1300,103,162
400,3200,1301,103,162
400,3200,1302,103,162
400,3200,1303,103,163
400,3200,1304,103,163
400,3200,1305,103,163
400,3200,1306,104,163
400,3200,1307,104,163
400,3200,1308,104,163
400,3200,1309,104,163
400,3200,1310,104,163
400,3200,1311,104,163
400,3200,1312,104,164
400,3200,1313,104,164
400,3200,1314,104,164
400,3200,1315,104,164
400,3200,1316,104,164
400,3200,1317,104,164
400,3200,1318,105,164
400,3200,1319,105,164
400,3200,1320,105,165
400,3200,1321,105,165
400,3200,1322,105,165
400,3200,1323,105,165
400,3200,1324,105,165
400,3200,1325,105,165
400,3200,1326,105,165
400,3200,1327,105,165
400,3200,1328,105,165
400,3200,1329,106,166
400,3200,1330,106,166
400,3200,1331,106,166
400,3200,1332,106,166
400,3200,1333,106,166
400,3200,1334,106,166
400,3200,1335,106,166
400,3200,1336,106,166
400,3200,1337,106,166
400,3200,1338,106,167
400,3200,1339,106,167
400,3200,1340,107,167
400,3200,1341,107,167
400,3200,1342,107,167
400,3200,1343,107,167
400,3200,1344,107,167
400,3200,1345,107,167
400,3200,1346,107,167
400,3200,1347,107,168
400,3200,1348,107,168
400,3200,1349,107,168
400,3200,1350,107,168
400,3200,1351,107,168
400,3200,1352,108,168
400,3200,1353,108,168
400,3200,1354,108,168
400,3200,1355,108,168
400,3200,1356,108,169
400,3200,1357,108,169
400,3200,1358,108,169
400,3200,1359,108,169
400,3200,1360,108,169
400,3200,1361,108,169
400,3200,1362,108,169
400,3200,1363,109,169
400,3200,1364,109,169
400,3200,1365,109,170
400,3200,1366,109,170
400,3200,1367,109,170
400,3200,1368,109,170
400,3200,1369,109,170
400,3200,1370,109,170
400,3200,1371,109,170
400,3200,1372,109,170
400,3200,1373,109,170
400,3200,1374,110,171
400,3200,1375,110,171
400,3200,1376,110,171
400,3200,1377,110,171
400,3200,1378,110,171
400,3200,1379,110,171
400,3200,1380,110,171
400,3200,1381,110,171
400,3200,1382,110,171
400,3200,1383,110,172
400,3200,1384,110,172
400,3200,1385,111,172
400,3200,1386,111,172
400,3200,1387,111,172
400,3200,1388,111,172
400,3200,1389,111,172
400,3200,1390,111,172
400,3200,1391,111,173
400,3200,1392,111,173
400,3200,1393,111,173
400,3200,1394,111,173
400,3200,1395,111,173
400,3200,1396,111,173
400,3200,1397,112,173
400,3200,1398,112,173
400,3200,1399,112,173
400,3200,1400,112,174
400,3200,1401,112,174
400,3200,1402,112,174
400,3200,1403,112,174
400,3200,1404,112,174
400,3200,1405,112,174
400,3200,1406,112,174
400,3200,1407,112,174
400,3200,1408,113,174
400,3200,1409,113,175
400,3200,1410,113,175
400,3200,1411,113,175
400,3200,1412,113,175
400,3200,1413,113,175
400,3200,1414,113,175
400,3200,1415,113,175
400,3200,1416,113,175
400,3200,1417,113,175
400,3200,1418,113,176
400,3200,1419,114,176
400,3200,1420,114,176
400,3200,1421,114,176
400,3200,1422,114,176
400,3200,1423,114,176
400,3200,1424,114,176
400,3200,1425,114,176
400,3200,1426,114,176
400,3200,1427,114,177
400,3200,1428,114,177
400,3200,1429,114,177
400,3200,1430,115,177
400,3200,1431,115,177
400,3200,1432,115,177
400,3200,1433,115,177
400,3200,1434,115,177
400,3200,1435,115,177
400,3200,1436,115,178
400,3200,1437,115,178
400,3200,1438,115,178
400,3200,1439,115,178
400,3200,1440,115,178
400,3200,1441,115,178
400,3200,1442,116,178
400,3200,1443,116,178
400,3200,1444,116,178
400,3200,1445,116,179
400,3200,1446,116,179
400,3200,1447,116,179
400,3200,1448,116,179
400,3200,1449,116,179
400,3200,1450,116,179
400,3200,1451,116,179
400,3200,1452,116,179
400,3200,1453,117,179
400,3200,1454,117,180
400,3200,1455,117,180
400,3200,1456,117,180
400,3200,1457,117,180
400,3200,1458,117,180
400,3200,1459,117,180
400,3200,1460,117,180
400,3200,1461,117,180
400,3200,1462,117,180
400,3200,1463,117,181
400,3200,1464,118,181
400,3200,1465,118,181
400,3200,1466,118,181
400,3200,1467,118,181
400,3200,1468,118,181
400,3200,1469,118,181
400,3200,1470,118,181
400,3200,1471,118,181
400,3200,1472,118,182
400,3200,1473,118,182
400,3200,1474,118,182
400,3200,1475,119,182
400,3200,1476,119,182
400,3200,1477,119,182
400,3200,1478,119,182
400,3200,1479,119,182
400,3200,1480,119,182
400,3200,1481,119,183
400,3200,1482,119,183
400,3200,1483,119,183
400,3200,1484,119,183
400,3200,1485,119,183
400,3200,1486,119,183
400,3200,1487,120,183
400,3200,1488,120,183
400,3200,1489,120,183
400,3200,1490,120,184
400,3200,1491,120,184
400,3200,1492,120,184
400,3200,1493,120,184
400,3200,1494,120,184
400,3200,1495,120,184
400,3200,1496,120,184
400,3200,1497,120,184
400,3200,1498,121,185
400,3200,1499,121,185
400,3200,1500,121,185
400,3200,1501,121,185
400,3200,1502,121,185
400,3200,1503,121,185
400,3200,1504,121,185
400,3200,1505,121,185
400,3200,1506,121,185
400,3200,1507,121,186
400,3200,1508,121,186
400,3200,1509,122,186
400,3200,1510,122,186
400,3200,1511,122,186
400,3200,1512,122,186
400,3200,1513,122,186
400,3200,1514,122,186
400,3200,1515,122,186
400,3200,1516,122,187
400,3200,1517,122,187
400,3200,1518,122,187
400,3200,1519,122,187
400,3200,1520,123,187
400,3200,1521,123,187
400,3200,1522,123,187
400,3200,1523,123,187
400,3200,1524,123,187
400,3200,1525,123,188
400,3200,1526,123,188
400,3200,1527,123,188
400,3200,1528,123,188
400,3200,1529,123,188
400,3200,1530,123,188
400,3200,1531,123,188
400,3200,1532,124,188
400,3200,1533,124,188
400,3200,1534,124,189
400,3200,1535,124,189
400,3200,1536,124,189
400,3200,1537,124,189
400,3200,1538,124,189
400,3200,1539,124,189
400,3200,1540,124,189
400,3200,1541,124,189
400,3200,1542,124,189
400,3200,1543,125,190
400,3200,1544,125,190
400,3200,1545,125,190
400,3200,1546,125,190
400,3200,1547,125,190
400,3200,1548,125,190
400,3200,1549,125,190
400,3200,1550,125,190
400,3200,1551,125,190
400,3200,1552,125,191
400,3200,1553,125,191
400,3200,1554,126,191
400,3200,1555,126,191
400,3200,1556,126,191
400,3200,1557,126,191
400,3200,1558,126,191
400,3200,1559,126,191
400,3200,1560,126,191
400,3200,1561,126,192
400,3200,1562,126,192
400,3200,1563,126,192
400,3200,1564,126,192
400,3200,1565,127,192
400,3200,1566,127,192
400,3200,1567,127,192
400,3200,1568,127,192
400,3200,1569,127,192
400,3200,1570,127,193
400,3200,1571,127,193
400,3200,1572,127,193
400,3200,1573,127,193
400,3200,1574,127,193
400,3200,1575,127,193
400,3200,1576,128,193
400,3200,1577,128,193
400,3200,1578,128,193
400,3200,1579,128,194
400,3200,1580,128,194
400,3200,1581,128,194
400,3200,1582,128,194
400,3200,1583,128,194
400,3200,1584,128,194
400,3200,1585,128,194
400,3200,1586,128,194
400,3200,1587,128,194
400,3200,1588,129,195
400,3200,1589,129,195
400,3200,1590,129,195
400,3200,1591,129,195
400,3200,1592,129,195
400,3200,1593,129,195
400,3200,1594,129,195
400,3200,1595,129,195
400,3200,1596,129,195
400,3200,1597,129,196
400,3200,1598,129,196
400,3200,1599,130,196
400,3200,1600,130,196
400,3200,1601,130,196
400,3200,1602,130,196
400,3200,1603,130,196
400,3200,1604,130,196
400,3200,1605,130,196
400,3200,1606,130,197
400,3200,1607,130,197
400,3200,1608,130,197
400,3200,1609,130,197
400,3200,1610,131,197
400,3200,1611,131,197
400,3200,1612,131,197
400,3200,1613,131,197
400,3200,1614,131,197
400,3200,1615,131,198
400,3200,1616,131,198
400,3200,1617,131,198
400,3200,1618,131,198
400,3200,1619,131,198
400,3200,1620,131,198
400,3200,1621,132,198
400,3200,1622,132,198
400,3200,1623,132,198
400,3200,1624,132,199
400,3200,1625,132,199
400,3200,1626,132,199
400,3200,1627,132,199
400,3200,1628,132,199
400,3200,1629,132,199
400,3200,1630,132,199
400,3200,1631,132,199
400,3200,1632,133,199
400,3200,1633,133,200
400,3200,1634,133,200
400,3200,1635,133,200
400,3200,1636,133,200
400,3200,1637,133,200
400,3200,1638,133,200
400,3200,1639,133,200
400,3200,1640,133,200
400,3200,1641,133,200
400,3200,1642,133,201
400,3200,1643,134,201
400,3200,1644,134,201
400,3200,1645,134,201
400,3200,1646,134,201
400,3200,1647,134,201
400,3200,1648,134,201
400,3200,1649,134,201
400,3200,1650,134,201
400,3200,1651,134,202
400,3200,1652,134,202
400,3200,1653,134,202
400,3200,1654,134,202
400,3200,1655,135,202
400,3200,1656,135,202
400,3200,1657,135,202
400,3200,1658,135,202
400,3200,1659,135,202
400,3200,1660,135,203
400,3200,1661,135,203
400,3200,1662,135,203
400,3200,1663,135,203
400,3200,1664,135,203
400,3200,1665,135,203
400,3200,1666,136,203
400,3200,1667,136,203
400,3200,1668,136,203
400,3200,1669,136,204
400,3200,1670,136,204
400,3200,1671,136,204
400,3200,1672,136,204
400,3200,1673,136,204
400,3200,1674,136,204
400,3200,1675,136,204
400,3200,1676,136,204
400,3200,1677,137,204
400,3200,1678,137,205
400,3200,1679,137,205
400,3200,1680,137,205
400,3200,1681,137,205
400,3200,1682,137,205
400,3200,1683,137,205
400,3200,1684,137,205
400,3200,1685,137,205
400,3200,1686,137,205
400,3200,1687,137,206
400,3200,1688,138,206
400,3200,1689,138,206
400,3200,1690,138,206
400,3200,1691,138,206
400,3200,1692,138,206
400,3200,1693,138,206
400,3200,1694,138,206
400,3200,1695,138,206
400,3200,1696,138,207
400,3200,1697,138,207
400,3200,1698,138,207
400,3200,1699,139,207
400,3200,1700,139,207
400,3200,1701,139,207
400,3200,1702,139,207
400,3200,1703,139,207
400,3200,1704,139,208
400,3200,1705,139,208
400,3200,1706,139,208
400,3200,1707,139,208
400,3200,1708,139,208
400,3200,1709,139,208
400,3200,1710,140,208
400,3200,1711,140,208
400,3200,1712,140,208
400,3200,1713,140,209
400,3200,1714,140,209
400,3200,1715,140,209
400,3200,1716,140,209
400,3200,1717,140,209
400,3200,1718,140,209
400,3200,1719,140,209
400,3200,1720,140,209
400,3200,1721,140,209
400,3200,1722,141,210
400,3200,1723,141,210
400,3200,1724,141,210
400,3200,1725,141,210
400,3200,1726,141,210
400,3200,1727,141,210
400,3200,1728,141,210
400,3200,1729,141,210
400,3200,1730,141,210
400,3200,1731,141,211
400,3200,1732,141,211
400,3200,1733,142,211
400,3200,1734,142,211
400,3200,1735,142,211
400,3200,1736,142,211
400,3200,1737,142,211
400,3200,1738,142,211
400,3200,1739,142,211
400,3200,1740,142,212
400,3200,1741,142,212
400,3200,1742,142,212
400,3200,1743,142,212
400,3200,1744,143,212
400,3200,1745,143,212
400,3200,1746,143,212
400,3200,1747,143,212
400,3200,1748,143,212
400,3200,1749,143,213
400,3200,1750,143,213
400,3200,1751,143,213
400,3200,1752,143,213
400,3200,1753,143,213
400,3200,1754,143,213
400,3200,1755,144,213
400,3200,1756,144,213
400,3200,1757,144,213
400,3200,1758,144,214
400,3200,1759,144,214
400,3200,1760,144,214
400,3200,1761,144,214
400,3200,1762,144,214
400,3200,1763,144,214
400,3200,1764,144,214
400,3200,1765,144,214
400,3200,1766,145,214
400,3200,1767,145,215
400,3200,1768,145,215
400,3200,1769,145,215
400,3200,1770,145,215
400,3200,1771,145,215
400,3200,1772,145,215
400,3200,1773,145,215
400,3200,1774,145,215
400,3200,1775,145,215
400,3200,1776,145,216
400,3200,1777,146,216
400,3200,1778,146,216
400,3200,1779,146,216
400,3200,1780,146,216
400,3200,1781,146,216
400,3200,1782,146,216
400,3200,1783,146,216
400,3200,1784,146,216
400,3200,1785,146,217
400,3200,1786,146,217
400,3200,1787,146,217
400,3200,1788,147,217
400,3200,1789,147,217
400,3200,1790,147,217
400,3200,1791,147,217
400,3200,1792,147,217
400,3200,1793,147,217
400,3200,1794,147,218
400,3200,1795,147,218
400,3200,1796,147,218
400,3200,1797,147,218
400,3200,1798,147,218
400,3200,1799,148,218
400,3200,1800,148,218
400,3200,1801,148,218
400,3200,1802,148,218
400,3200,1803,148,219
400,3200,1804,148,219
400,3200,1805,148,219
400,3200,1806,148,219
400,3200,1807,148,219
400,3200,1808,148,219
400,3200,1809,148,219
400,3200,1810,148,219
400,3200,1811,149,219
400,3200,1812,149,220
400,3200,1813,149,220
400,3200,1814,149,220
400,3200,1815,149,220
400,3200,1816,149,220
400,3200,1817,149,220
400,3200,1818,149,220
400,3200,1819,149,220
400,3200,1820,149,220
400,3200,1821,149,221
400,3200,1822,150,221
400,3200,1823,150,221
400,3200,1824,150,221
400,3200,1825,150,221
400,3200,1826,150,221
400,3200,1827,150,221
400,3200,1828,150,221
400,3200,1829,150,221
400,3200,1830,150,222
400,3200,1831,150,222
400,3200,1832,150,222
400,3200,1833,151,222
400,3200,1834,151,222
400,3200,1835,151,222
400,3200,1836,151,222
400,3200,1837,151,222
400,3200,1838,151,222
400,3200,1839,151,223
400,3200,1840,151,223
400,3200,1841,151,223
400,3200,1842,151,223
400,3200,1843,151,223
400,3200,1844,152,223
400,3200,1845,152,223
400,3200,1846,152,223
400,3200,1847,152,223
400,3200,1848,152,224
400,3200,1849,152,224
400,3200,1850,152,224
400,3200,1851,152,224
400,3200,1852,152,224
400,3200,1853,152,224
400,3200,1854,152,224
400,3200,1855,153,224
400,3200,1856,153,224
400,3200,1857,153,225
400,3200,1858,153,225
400,3200,1859,153,225
400,3200,1860,153,225
400,3200,1861,153,225
400,3200,1862,153,225
400,3200,1863,153,225
400,3200,1864,153,225
400,3200,1865,153,225
400,3200,1866,154,225
400,3200,1867,154,226
400,3200,1868,154,226
400,3200,1869,154,226
400,3200,1870,154,226
400,3200,1871,154,226
400,3200,1872,154,226
400,3200,1873,154,226
400,3200,1874,154,226
400,3200,1875,154,226
400,3200,1876,154,227
400,3200,1877,155,227
400,3200,1878,155,227
400,3200,1879,155,227
400,3200,1880,155,227
400,3200,1881,155,227
400,3200,1882,155,227
400,3200,1883,155,227
400,3200,1884,155,227
400,3200,1885,155,228
400,3200,1886,155,228
400,3200,1887,155,228
400,3200,1888,156,228
400,3200,1889,156,228
400,3200,1890,156,228
400,3200,1891,156,228
400,3200,1892,156,228
400,3200,1893,156,228
400,3200,1894,156,229
400,3200,1895,156,229
400,3200,1896,156,229
400,3200,1897,156,229
400,3200,1898,156,229
400,3200,1899,157,229
400,3200,1900,157,229
400,3200,1901,157,229
400,3200,1902,157,229
400,3200,1903,157,230
400,3200,1904,157,230
400,3200,1905,157,230
400,3200,1906,157,230
400,3200,1907,157,230
400,3200,1908,157,230
400,3200,1909,157,230
400,3200,1910,157,230
400,3200,1911,158,230
400,3200,1912,158,231
400,3200,1913,158,231
400,3200,1914,158,231
400,3200,1915,158,231
400,3200,1916,158,231
400,3200,1917,158,231
400,3200,1918,158,231
400,3200,1919,158,231
400,3200,1920,158,231
400,3200,1921,158,232
400,3200,1922,159,232
400,3200,1923,159,232
400,3200,1924,159,232
400,3200,1925,159,232
400,3200,1926,159,232
400,3200,1927,159,232
400,3200,1928,159,232
400,3200,1929,159,232
400,3200,1930,159,233
400,3200,1931,159,233
400,3200,1932,159,233
400,3200,1933,160,233
400,3200,1934,160,233
400,3200,1935,160,233
400,3200,1936,160,233
400,3200,1937,160,233
400,3200,1938,160,233
400,3200,1939,160,234
400,3200,1940,160,234
400,3200,1941,160,234
400,3200,1942,160,234
400,3200,1943,160,234
400,3200,1944,161,234
400,3200,1945,161,234
400,3200,1946,161,234
400,3200,1947,161,234
400,3200,1948,161,235
400,3200,1949,161,235
400,3200,1950,161,235
400,3200,1951,161,235
400,3200,1952,161,235
400,3200,1953,161,235
400,3200,1954,161,235
400,3200,1955,162,235
400,3200,1956,162,235
400,3200,1957,162,236
400,3200,1958,162,236
400,3200,1959,162,236
400,3200,1960,162,236
400,3200,1961,162,236
400,3200,1962,162,236
400,3200,1963,162,236
400,3200,1964,162,236
400,3200,1965,162,236
400,3200,1966,163,237
400,3200,1967,163,237
400,3200,1968,163,237
400,3200,1969,163,237
400,3200,1970,163,237
400,3200,1971,163,237
400,3200,1972,163,237
400,3200,1973,163,237
400,3200,1974,163,237
400,3200,1975,163,238
400,3200,1976,163,238
400,3200,1977,164,238
400,3200,1978,164,238
400,3200,1979,164,238
400,3200,1980,164,238
400,3200,1981,164,238
400,3200,1982,164,238
400,3200,1983,164,238
400,3200,1984,164,239
400,3200,1985,164,239
400,3200,1986,164,239
400,3200,1987,164,239
400,3200,1988,165,239
400,3200,1989,165,239
400,3200,1990,165,239
400,3200,1991,165,239
400,3200,1992,165,239
400,3200,1993,165,240
400,3200,1994,165,240
400,3200,1995,165,240
400,3200,1996,165,240
400,3200,1997,165,240
400,3200,1998,165,240
400,3200,1999,166,240
400,3200,2000,166,240
400,3200,2001,166,240
400,3200,2002,166,241
400,3200,2003,166,241
400,3200,2004,166,241
400,3200,2005,166,241
400,3200,2006,166,241
400,3200,2007,166,241
400,3200,2008,166,241
400,3200,2009,166,241
400,3200,2010,167,241
400,3200,2011,167,242
400,3200,2012,167,242
400,3200,2013,167,242
400,3200,2014,167,242
400,3200,2015,167,242
400,3200,2016,167,242
400,3200,2017,167,242
400,3200,2018,167,242
400,3200,2019,167,242
400,3200,2020,167,243
400,3200,2021,168,243
400,3200,2022,168,243
400,3200,2023,168,243
400,3200,2024,168,243
400,3200,2025,168,243
400,3200,2026,168,243
400,3200,2027,168,243
400,3200,2028,168,243
400,3200,2029,168,244
400,3200,2030,168,244
400,3200,2031,168,244
400,3200,2032,169,244
400,3200,2033,169,244
400,3200,2034,169,244
400,3200,2035,169,244
400,3200,2036,169,244
400,3200,2037,169,244
400,3200,2038,169,245
400,3200,2039,169,245
400,3200,2040,169,245
400,3200,2041,169,245
400,3200,2042,169,245
400,3200,2043,170,245
400,3200,2044,170,245
400,3200,2045,170,245
400,3200,2046,170,245
400,3200,2047,170,246
400,3200,2048,170,246
400,3200,2049,170,246
400,3200,2050,170,246
400,3200,2051,170,246
400,3200,2052,170,246
400,3200,2053,170,246
400,3200,2054,171,246
400,3200,2055,171,246
400,3200,2056,171,247
400,3200,2057,171,247
400,3200,2058,171,247
400,3200,2059,171,247
400,3200,2060,171,247
400,3200,2061,171,247
400,3200,2062,171,247
400,3200,2063,171,247
400,3200,2064,171,247
400,3200,2065,171,248
400,3200,2066,172,248
400,3200,2067,172,248
400,3200,2068,172,248
400,3200,2069,172,248
400,3200,2070,172,248
400,3200,2071,172,248
400,3200,2072,172,248
400,3200,2073,172,248
400,3200,2074,172,249
400,3200,2075,172,249
400,3200,2076,172,249
400,3200,2077,173,249
400,3200,2078,173,249
400,3200,2079,173,249
400,3200,2080,173,249
400,3200,2081,173,249
400,3200,2082,173,249
400,3200,2083,173,250
400,3200,2084,173,250
400,3200,2085,173,250
400,3200,2086,173,250
400,3200,2087,173,250
400,3200,2088,174,250
400,3200,2089,174,250
400,3200,2090,174,250
400,3200,2091,174,250
400,3200,2092,174,250
400,3200,2093,174,251
400,3200,2094,174,251
400,3200,2095,174,251
400,3200,2096,174,251
400,3200,2097,174,251
400,3200,2098,174,251
400,3200,2099,175,251
400,3200,2100,175,251
400,3200,2101,175,251
400,3200,2102,175,252
400,3200,2103,175,252
400,3200,2104,175,252
400,3200,2105,175,252
400,3200,2106,175,252
400,3200,2107,175,252
400,3200,2108,175,252
400,3200,2109,175,252
400,3200,2110,176,252
400,3200,2111,176,253
400,3200,2112,176,253
400,3200,2113,176,253
400,3200,2114,176,253
400,3200,2115,176,253
400,3200,2116,176,253
400,3200,2117,176,253
400,3200,2118,176,253
400,3200,2119,176,253
400,3200,2120,176,254
400,3200,2121,177,254
400,3200,2122,177,254
400,3200,2123,177,254
400,3200,2124,177,254
400,3200,2125,177,254
400,3200,2126,177,254
400,3200,2127,177,254
400,3200,2128,177,254
400,3200,2129,177,255
400,3200,2130,177,255
400,3200,2131,177,255
400,3200,2132,178,255
400,3200,2133,178,255
400,3200,2134,178,255
400,3200,2135,178,255
400,3200,2136,178,255
400,3200,2137,178,255
400,3200,2138,178,256
400,3200,2139,178,256
400,3200,2140,178,256
400,3200,2141,178,256
400,3200,2142,178,256
400,3200,2143,179,256
400,3200,2144,179,256
400,3200,2145,179,256
400,3200,2146,179,256
400,3200,2147,179,257
400,3200,2148,179,257
400,3200,2149,179,257
400,3200,2150,179,257
400,3200,2151,179,257
400,3200,2152,179,257
400,3200,2153,179,257
400,3200,2154,180,257
400,3200,2155,180,257
400,3200,2156,180,258
400,3200,2157,180,258
400,3200,2158,180,258
400,3200,2159,180,258
400,3200,2160,180,258
400,3200,2161,180,258
400,3200,2162,180,258
400,3200,2163,180,258
400,3200,2164,180,258
400,3200,2165,181,259
400,3200,2166,181,259
400,3200,2167,181,259
400,3200,2168,181,259
400,3200,2169,181,259
400,3200,2170,181,259
400,3200,2171,181,259
400,3200,2172,181,259
400,3200,2173,181,259
400,3200,2174,181,260
400,3200,2175,181,260
400,3200,2176,182,260
400,3200,2177,182,260
400,3200,2178,182,260
400,3200,2179,182,260
400,3200,2180,182,260
400,3200,2181,182,260
400,3200,2182,182,260
400,3200,2183,182,261
400,3200,2184,182,261
400,3200,2185,182,261
400,3200,2186,182,261
400,3200,2187,183,261
400,3200,2188,183,261
400,3200,2189,183,261
400,3200,2190,183,261
400,3200,2191,183,261
400,3200,2192,183,262
400,3200,2193,183,262
400,3200,2194,183,262
400,3200,2195,183,262
400,3200,2196,183,262
400,3200,2197,183,262
400,3200,2198,184,262
400,3200,2199,184,262
400,3200,2200,184,262
400,3200,2201,184,263
400,3200,2202,184,263
400,3200,2203,184,263
400,3200,2204,184,263
400,3200,2205,184,263
400,3200,2206,184,263
400,3200,2207,184,263
400,3200,2208,184,263
400,3200,2209,185,263
400,3200,2210,185,264
400,3200,2211,185,264
400,3200,2212,185,264
400,3200,2213,185,264
400,3200,2214,185,264
400,3200,2215,185,264
400,3200,2216,185,264
400,3200,2217,185,264
400,3200,2218,185,264
400,3200,2219,185,264
400,3200,2220,186,265
400,3200,2221,186,265
400,3200,2222,186,265
400,3200,2223,186,265
400,3200,2224,186,265
400,3200,2225,186,265
400,3200,2226,186,265
400,3200,2227,186,265
400,3200,2228,186,265
400,3200,2229,186,266
400,3200,2230,186,266
400,3200,2231,187,266
400,3200,2232,187,266
400,3200,2233,187,266
400,3200,2234,187,266
400,3200,2235,187,266
400,3200,2236,187,266
400,3200,2237,187,266
400,3200,2238,187,267
400,3200,2239,187,267
400,3200,2240,187,267
400,3200,2241,187,267
400,3200,2242,188,267
400,3200,2243,188,267
400,3200,2244,188,267
400,3200,2245,188,267
400,3200,2246,188,267
400,3200,2247,188,268
400,3200,2248,188,268
400,3200,2249,188,268
400,3200,2250,188,268
400,3200,2251,188,268
400,3200,2252,188,268
400,3200,2253,189,268
400,3200,2254,189,268
400,3200,2255,189,268
400,3200,2256,189,269
400,3200,2257,189,269
400,3200,2258,189,269
400,3200,2259,189,269
400,3200,2260,189,269
400,3200,2261,189,269
400,3200,2262,189,269
400,3200,2263,189,269
400,3200,2264,190,269
400,3200,2265,190,270
400,3200,2266,190,270
400,3200,2267,190,270
400,3200,2268,190,270
400,3200,2269,190,270
400,3200,2270,190,270
400,3200,2271,190,270
400,3200,2272,190,270
400,3200,2273,190,270
400,3200,2274,190,271
400,3200,2275,191,271
400,3200,2276,191,271
400,3200,2277,191,271
400,3200,2278,191,271
400,3200,2279,191,271
400,3200,2280,191,271
400,3200,2281,191,271
400,3200,2282,191,271
400,3200,2283,191,272
400,3200,2284,191,272
400,3200,2285,191,272
400,3200,2286,192,272
400,3200,2287,192,272
400,3200,2288,192,272
400,3200,2289,192,272
400,3200,2290,192,272
400,3200,2291,192,272
400,3200,2292,192,273
400,3200,2293,192,273
400,3200,2294,192,273
400,3200,2295,192,273
400,3200,2296,192,273
400,3200,2297,193,273
400,3200,2298,193,273
400,3200,2299,193,273
400,3200,2300,193,273
400,3200,2301,193,274
400,3200,2302,193,274
400,3200,2303,193,274
400,3200,2304,193,274
400,3200,2305,193,274
400,3200,2306,193,274
400,3200,2307,193,274
400,3200,2308,194,274
400,3200,2309,194,274
400,3200,2310,194,275
400,3200,2311,194,275
400,3200,2312,194,275
400,3200,2313,194,275
400,3200,2314,194,275
400,3200,2315,194,275
400,3200,2316,194,275
400,3200,2317,194,275
400,3200,2318,194,275
400,3200,2319,195,275
400,3200,2320,195,276
400,3200,2321,195,276
400,3200,2322,195,276
400,3200,2323,195,276
400,3200,2324,195,276
400,3200,2325,195,276
400,3200,2326,195,276
400,3200,2327,195,276
400,3200,2328,195,276
400,3200,2329,195,277
400,3200,2330,196,277
400,3200,2331,196,277
400,3200,2332,196,277
400,3200,2333,196,277
400,3200,2334,196,277
400,3200,2335,196,277
400,3200,2336,196,277
400,3200,2337,196,277
400,3200,2338,196,278
400,3200,2339,196,278
400,3200,2340,196,278
400,3200,2341,197,278
400,3200,2342,197,278
400,3200,2343,197,278
400,3200,2344,197,278
400,3200,2345,197,278
400,3200,2346,197,278
400,3200,2347,197,279
400,3200,2348,197,279
400,3200,2349,197,279
400,3200,2350,197,279
400,3200,2351,197,279
400,3200,2352,198,279
400,3200,2353,198,279
400,3200,2354,198,279
400,3200,2355,198,279
400,3200,2356,198,280
400,3200,2357,198,280
400,3200,2358,198,280
400,3200,2359,198,280
400,3200,2360,198,280
400,3200,2361,198,280
400,3200,2362,198,280
400,3200,2363,199,280
400,3200,2364,199,280
400,3200,2365,199,281
400,3200,2366,199,281
400,3200,2367,199,281
400,3200,2368,199,281
400,3200,2369,199,281
400,3200,2370,199,281
400,3200,2371,199,281
400,3200,2372,199,281
400,3200,2373,199,281
400,3200,2374,200,282
400,3200,2375,200,282
400,3200,2376,200,282
400,3200,2377,200,282
400,3200,2378,200,282
400,3200,2379,200,282
400,3200,2380,200,282
400,3200,2381,200,282
400,3200,2382,200,282
400,3200,2383,200,283
400,3200,2384,200,283
400,3200,2385,201,283
400,3200,2386,201,283
400,3200,2387,201,283
400,3200,2388,201,283
400,3200,2389,201,283
400,3200,2390,201,283
400,3200,2391,201,283
400,3200,2392,201,284
400,3200,2393,201,284
400,3200,2394,201,284
400,3200,2395,201,284
400,3200,2396,202,284
400,3200,2397,202,284
400,3200,2398,202,284
400,3200,2399,202,284
400,3200,2400,202,284
400,3200,2401,202,284
400,3200,2402,202,285
400,3200,2403,202,285
400,3200,2404,202,285
400,3200,2405,202,285
400,3200,2406,202,285
400,3200,2407,203,285
400,3200,2408,203,285
400,3200,2409,203,285
400,3200,2410,203,285
400,3200,2411,203,286
400,3200,2412,203,286
400,3200,2413,203,286
400,3200,2414,203,286
400,3200,2415,203,286
400,3200,2416,203,286
400,3200,2417,203,286
400,3200,2418,204,286
400,3200,2419,204,286
400,3200,2420,204,287
400,3200,2421,204,287
400,3200,2422,204,287
400,3200,2423,204,287
400,3200,2424,204,287
400,3200,2425,204,287
400,3200,2426,204,287
400,3200,2427,204,287
400,3200,2428,204,287
400,3200,2429,205,288
400,3200,2430,205,288
400,3200,2431,205,288
400,3200,2432,205,288
400,3200,2433,205,288
400,3200,2434,205,288
400,3200,2435,205,288
400,3200,2436,205,288
400,3200,2437,205,288
400,3200,2438,205,289
400,3200,2439,205,289
400,3200,2440,206,289
400,3200,2441,206,289
400,3200,2442,206,289
400,3200,2443,206,289
400,3200,2444,206,289
400,3200,2445,206,289
400,3200,2446,206,289
400,3200,2447,206,290
400,3200,2448,206,290
400,3200,2449,206,290
400,3200,2450,206,290
400,3200,2451,207,290
400,3200,2452,207,290
400,3200,2453,207,290
400,3200,2454,207,290
400,3200,2455,207,290
400,3200,2456,207,291
400,3200,2457,207,291
400,3200,2458,207,291
400,3200,2459,207,291
400,3200,2460,207,291
400,3200,2461,207,291
400,3200,2462,208,291
400,3200,2463,208,291
400,3200,2464,208,291
400,3200,2465,208,292
400,3200,2466,208,292
400,3200,2467,208,292
400,3200,2468,208,292
400,3200,2469,208,292
400,3200,2470,208,292
400,3200,2471,208,292
400,3200,2472,208,292
400,3200,2473,209,292
400,3200,2474,209,293
400,3200,2475,209,293
400,3200,2476,209,293
400,3200,2477,209,293
400,3200,2478,209,293
400,3200,2479,209,293
400,3200,2480,209,293
400,3200,2481,209,293
400,3200,2482,209,293
400,3200,2483,209,293
400,3200,2484,210,294
400,3200,2485,210,294
400,3200,2486,210,294
400,3200,2487,210,294
400,3200,2488,210,294
400,3200,2489,210,294
400,3200,2490,210,294
400,3200,2491,210,294
400,3200,2492,210,294
400,3200,2493,210,295
400,3200,2494,210,295
400,3200,2495,211,295
400,3200,2496,211,295
400,3200,2497,211,295
400,3200,2498,211,295
400,3200,2499,211,295
400,3200,2500,211,295
400,3200,2501,211,295
400,3200,2502,211,296
400,3200,2503,211,296
400,3200,2504,211,296
400,3200,2505,211,296
400,3200,2506,212,296
400,3200,2507,212,296
400,3200,2508,212,296
400,3200,2509,212,296
400,3200,2510,212,296
400,3200,2511,212,297
400,3200,2512,212,297
400,3200,2513,212,297
400,3200,2514,212,297
400,3200,2515,212,297
400,3200,2516,212,297
400,3200,2517,213,297
400,3200,2518,213,297
400,3200,2519,213,297
400,3200,2520,213,298
400,3200,2521,213,298
400,3200,2522,213,298
400,3200,2523,213,298
400,3200,2524,213,298
400,3200,2525,213,298
400,3200,2526,213,298
400,3200,2527,213,298
400,3200,2528,214,298
400,3200,2529,214,299
400,3200,2530,214,299
400,3200,2531,214,299
400,3200,2532,214,299
400,3200,2533,214,299
400,3200,2534,214,299
400,3200,2535,214,299
400,3200,2536,214,299
400,3200,2537,214,299
400,3200,2538,214,300
400,3200,2539,215,300
400,3200,2540,215,300
400,3200,2541,215,300
400,3200,2542,215,300
400,3200,2543,215,300
400,3200,2544,215,300
400,3200,2545,215,300
400,3200,2546,215,300
400,3200,2547,215,300
400,3200,2548,215,301
400,3200,2549,215,301
400,3200,2550,216,301
400,3200,2551,216,301
400,3200,2552,216,301
400,3200,2553,216,301
400,3200,2554,216,301
400,3200,2555,216,301
400,3200,2556,216,301
400,3200,2557,216,302
400,3200,2558,216,302
400,3200,2559,216,302
400,3200,2560,217,302
400,3200,2561,217,302
400,3200,2562,217,302
400,3200,2563,217,302
400,3200,2564,217,302
400,3200,2565,217,302
400,3200,2566,217,303
400,3200,2567,217,303
400,3200,2568,217,303
400,3200,2569,217,303
400,3200,2570,217,303
400,3200,2571,218,303
400,3200,2572,218,303
400,3200,2573,218,303
400,3200,2574,218,303
400,3200,2575,218,304
400,3200,2576,218,304
400,3200,2577,218,304
400,3200,2578,218,304
400,3200,2579,218,304
400,3200,2580,218,304
400,3200,2581,218,304
400,3200,2582,219,304
400,3200,2583,219,304
400,3200,2584,219,305
400,3200,2585,219,305
400,3200,2586,219,305
400,3200,2587,219,305
400,3200,2588,219,305
400,3200,2589,219,305
400,3200,2590,219,305
400,3200,2591,219,305
400,3200,2592,219,305
400,3200,2593,220,306
400,3200,2594,220,306
400,3200,2595,220,306
400,3200,2596,220,306
400,3200,2597,220,306
400,3200,2598,220,306
400,3200,2599,220,306
400,3200,2600,220,306
400,3200,2601,220,306
400,3200,2602,220,307
400,3200,2603,220,307
400,3200,2604,221,307
400,3200,2605,221,307
400,3200,2606,221,307
400,3200,2607,221,307
400,3200,2608,221,307
400,3200,2609,221,307
400,3200,2610,221,307
400,3200,2611,221,308
400,3200,2612,221,308
400,3200,2613,221,308
400,3200,2614,221,308
400,3200,2615,222,308
400,3200,2616,222,308
400,3200,2617,222,308
400,3200,2618,222,308
400,3200,2619,222,308
400,3200,2620,222,308
400,3200,2621,222,309
400,3200,2622,222,309
400,3200,2623,222,309
400,3200,2624,222,309
400,3200,2625,222,309
400,3200,2626,223,309
400,3200,2627,223,309
400,3200,2628,223,309
400,3200,2629,223,309
400,3200,2630,223,310
400,3200,2631,223,310
400,3200,2632,223,310
400,3200,2633,223,310
400,3200,2634,223,310
400,3200,2635,223,310
400,3200,2636,223,310
400,3200,2637,224,310
400,3200,2638,224,310
400,3200,2639,224,311
400,3200,2640,224,311
400,3200,2641,224,311
400,3200,2642,224,311
400,3200,2643,224,311
400,3200,2644,224,311
400,3200,2645,224,311
400,3200,2646,224,311
400,3200,2647,224,311
400,3200,2648,225,312
400,3200,2649,225,312
400,3200,2650,225,312
400,3200,2651,225,312
400,3200,2652,225,312
400,3200,2653,225,312
400,3200,2654,225,312
400,3200,2655,225,312
400,3200,2656,225,312
400,3200,2657,225,313
400,3200,2658,225,313
400,3200,2659,226,313
400,3200,2660,226,313
400,3200,2661,226,313
400,3200,2662,226,313
400,3200,2663,226,313
400,3200,2664,226,313
400,3200,2665,226,313
400,3200,2666,226,314
400,3200,2667,226,314
400,3200,2668,226,314
400,3200,2669,226,314
400,3200,2670,227,314
400,3200,2671,227,314
400,3200,2672,227,314
400,3200,2673,227,314
400,3200,2674,227,314
400,3200,2675,227,314
400,3200,2676,227,315
400,3200,2677,227,315
400,3200,2678,227,315
400,3200,2679,227,315
400,3200,2680,227,315
400,3200,2681,228,315
400,3200,2682,228,315
400,3200,2683,228,315
400,3200,2684,228,315
400,3200,2685,228,316
400,3200,2686,228,316
400,3200,2687,228,316
400,3200,2688,228,316
400,3200,2689,228,316
400,3200,2690,228,316
400,3200,2691,228,316
400,3200,2692,229,316
400,3200,2693,229,316
400,3200,2694,229,317
400,3200,2695,229,317
400,3200,2696,229,317
400,3200,2697,229,317
400,3200,2698,229,317
400,3200,2699,229,317
400,3200,2700,229,317
400,3200,2701,229,317
400,3200,2702,229,317
400,3200,2703,230,318
400,3200,2704,230,318
400,3200,2705,230,318
400,3200,2706,230,318
400,3200,2707,230,318
400,3200,2708,230,318
400,3200,2709,230,318
400,3200,2710,230,318
400,3200,2711,230,318
400,3200,2712,230,319
400,3200,2713,230,319
400,3200,2714,231,319
400,3200,2715,231,319
400,3200,2716,231,319
400,3200,2717,231,319
400,3200,2718,231,319
400,3200,2719,231,319
400,3200,2720,231,319
400,3200,2721,231,320
400,3200,2722,231,320
400,3200,2723,231,320
400,3200,2724,231,320
400,3200,2725,232,320
400,3200,2726,232,320
400,3200,2727,232,320
400,3200,2728,232,320
400,3200,2729,232,320
400,3200,2730,232,321
400,3200,2731,232,321
400,3200,2732,232,321
400,3200,2733,232,321
400,3200,2734,232,321
400,3200,2735,233,321
400,3200,2736,233,321
400,3200,2737,233,321
400,3200,2738,233,321
400,3200,2739,233,321
400,3200,2740,233,322
400,3200,2741,233,322
400,3200,2742,233,322
400,3200,2743,233,322
400,3200,2744,233,322
400,3200,2745,233,322
400,3200,2746,234,322
400,3200,2747,234,322
400,3200,2748,234,322
400,3200,2749,234,323
400,3200,2750,234,323
400,3200,2751,234,323
400,3200,2752,234,323
400,3200,2753,234,323
400,3200,2754,234,323
400,3200,2755,234,323
400,3200,2756,234,323
400,3200,2757,235,323
400,3200,2758,235,324
400,3200,2759,235,324
400,3200,2760,235,324
400,3200,2761,235,324
400,3200,2762,235,324
400,3200,2763,235,324
400,3200,2764,235,324
400,3200,2765,235,324
400,3200,2766,235,324
400,3200,2767,235,325
400,3200,2768,236,325
400,3200,2769,236,325
400,3200,2770,236,325
400,3200,2771,236,325
400,3200,2772,236,325
400,3200,2773,236,325
400,3200,2774,236,325
400,3200,2775,236,325
400,3200,2776,236,326
400,3200,2777,236,326
400,3200,2778,236,326
400,3200,2779,237,326
400,3200,2780,237,326
400,3200,2781,237,326
400,3200,2782,237,326
400,3200,2783,237,326
400,3200,2784,237,326
400,3200,2785,237,327
400,3200,2786,237,327
400,3200,2787,237,327
400,3200,2788,237,327
400,3200,2789,237,327
400,3200,2790,238,327
400,3200,2791,238,327
400,3200,2792,238,327
400,3200,2793,238,327
400,3200,2794,238,327
400,3200,2795,238,328
400,3200,2796,238,328
400,3200,2797,238,328
400,3200,2798,238,328
400,3200,2799,238,328
400,3200,2800,238,328
400,3200,2801,239,328
400,3200,2802,239,328
400,3200,2803,239,328
400,3200,2804,239,329
400,3200,2805,239,329
400,3200,2806,239,329
400,3200,2807,239,329
400,3200,2808,239,329
400,3200,2809,239,329
400,3200,2810,239,329
400,3200,2811,239,329
400,3200,2812,240,329
400,3200,2813,240,330
400,3200,2814,240,330
400,3200,2815,240,330
400,3200,2816,240,330
400,3200,2817,240,330
400,3200,2818,240,330
400,3200,2819,240,330
400,3200,2820,240,330
400,3200,2821,240,330
400,3200,2822,240,331
400,3200,2823,241,331
400,3200,2824,241,331
400,3200,2825,241,331
400,3200,2826,241,331
400,3200,2827,241,331
400,3200,2828,241,331
400,3200,2829,241,331
400,3200,2830,241,331
400,3200,2831,241,332
400,3200,2832,241,332
400,3200,2833,241,332
400,3200,2834,242,332
400,3200,2835,242,332
400,3200,2836,242,332
400,3200,2837,242,332
400,3200,2838,242,332
400,3200,2839,242,332
400,3200,2840,242,333
400,3200,2841,242,333
400,3200,2842,242,333
400,3200,2843,242,333
400,3200,2844,242,333
400,3200,2845,243,333
400,3200,2846,243,333
400,3200,2847,243,333
400,3200,2848,243,333
400,3200,2849,243,333
400,3200,2850,243,334
400,3200,2851,243,334
400,3200,2852,243,334
400,3200,2853,243,334
400,3200,2854,243,334
400,3200,2855,243,334
400,3200,2856,244,334
400,3200,2857,244,334
400,3200,2858,244,334
400,3200,2859,244,335
400,3200,2860,244,335
400,3200,2861,244,335
400,3200,2862,244,335
400,3200,2863,244,335
400,3200,2864,244,335
400,3200,2865,244,335
400,3200,2866,245,335
400,3200,2867,245,335
400,3200,2868,245,336
400,3200,2869,245,336
400,3200,2870,245,336
400,3200,2871,245,336
400,3200,2872,245,336
400,3200,2873,245,336
400,3200,2874,245,336
400,3200,2875,245,336
400,3200,2876,245,336
400,3200,2877,246,337
400,3200,2878,246,337
400,3200,2879,246,337
400,3200,2880,246,337
400,3200,2881,246,337
400,3200,2882,246,337
400,3200,2883,246,337
400,3200,2884,246,337
400,3200,2885,246,337
400,3200,2886,246,338
400,3200,2887,246,338
400,3200,2888,247,338
400,3200,2889,247,338
400,3200,2890,247,338
400,3200,2891,247,338
400,3200,2892,247,338
400,3200,2893,247,338
400,3200,2894,247,338
400,3200,2895,247,339
400,3200,2896,247,339
400,3200,2897,247,339
400,3200,2898,247,339
400,3200,2899,248,339
400,3200,2900,248,339
400,3200,2901,248,339
400,3200,2902,248,339
400,3200,2903,248,339
400,3200,2904,248,339
400,3200,2905,248,340
400,3200,2906,248,340
400,3200,2907,248,340
400,3200,2908,248,340
400,3200,2909,248,340
400,3200,2910,249,340
400,3200,2911,249,340
400,3200,2912,249,340
400,3200,2913,249,340
400,3200,2914,249,341
400,3200,2915,249,341
400,3200,2916,249,341
400,3200,2917,249,341
400,3200,2918,249,341
400,3200,2919,249,341
400,3200,2920,249,341
400,3200,2921,250,341
400,3200,2922,250,341
400,3200,2923,250,342
400,3200,2924,250,342
400,3200,2925,250,342
400,3200,2926,250,342
400,3200,2927,250,342
400,3200,2928,250,342
400,3200,2929,250,342
400,3200,2930,250,342
400,3200,2931,250,342
400,3200,2932,251,343
400,3200,2933,251,343
400,3200,2934,251,343
400,3200,2935,251,343
400,3200,2936,251,343
400,3200,2937,251,343
400,3200,2938,251,343
400,3200,2939,251,343
400,3200,2940,251,343
400,3200,2941,251,344
400,3200,2942,251,344
400,3200,2943,252,344
400,3200,2944,252,344
400,3200,2945,252,344
400,3200,2946,252,344
400,3200,2947,252,344
400,3200,2948,252,344
400,3200,2949,252,344
400,3200,2950,252,344
400,3200,2951,252,345
400,3200,2952,252,345
400,3200,2953,252,345
400,3200,2954,253,345
400,3200,2955,253,345
400,3200,2956,253,345
400,3200,2957,253,345
400,3200,2958,253,345
400,3200,2959,253,345
400,3200,2960,253,346
400,3200,2961,253,346
400,3200,2962,253,346
400,3200,2963,253,346
400,3200,2964,254,346
400,3200,2965,254,346
400,3200,2966,254,346
400,3200,2967,254,346
400,3200,2968,254,346
400,3200,2969,254,347
400,3200,2970,254,347
400,3200,2971,254,347
400,3200,2972,254,347
400,3200,2973,254,347
400,3200,2974,254,347
400,3200,2975,255,347
400,3200,2976,255,347
400,3200,2977,255,347
400,3200,2978,255,348
400,3200,2979,255,348
400,3200,2980,255,348
400,3200,2981,255,348
400,3200,2982,255,348
400,3200,2983,255,348
400,3200,2984,255,348
400,3200,2985,255,348
400,3200,2986,256,348
400,3200,2987,256,349
400,3200,2988,256,349
400,3200,2989,256,349
400,3200,2990,256,349
400,3200,2991,256,349
400,3200,2992,256,349
400,3200,2993,256,349
400,3200,2994,256,349
400,3200,2995,256,349
400,3200,2996,256,349
400,3200,2997,257,350
400,3200,2998,257,350
400,3200,2999,257,350
400,3200,3000,257,350
400,3200,3001,257,350
400,3200,3002,257,350
400,3200,3003,257,350
400,3200,3004,257,350
400,3200,3005,257,350
400,3200,3006,257,351
400,3200,3007,257,351
400,3200,3008,258,351
400,3200,3009,258,351
400,3200,3010,258,351
400,3200,3011,258,351
400,3200,3012,258,351
400,3200,3013,258,351
400,3200,3014,258,351
400,3200,3015,258,352
400,3200,3016,258,352
400,3200,3017,258,352
400,3200,3018,258,352
400,3200,3019,259,352
400,3200,3020,259,352
400,3200,3021,259,352
400,3200,3022,259,352
400,3200,3023,259,352
400,3200,3024,259,353
400,3200,3025,259,353
400,3200,3026,259,353
400,3200,3027,259,353
400,3200,3028,259,353
400,3200,3029,259,353
400,3200,3030,260,353
400,3200,3031,260,353
400,3200,3032,260,353
400,3200,3033,260,354
400,3200,3034,260,354
400,3200,3035,260,354
400,3200,3036,260,354
400,3200,3037,260,354
400,3200,3038,260,354
400,3200,3039,260,354
400,3200,3040,260,354
400,3200,3041,261,354
400,3200,3042,261,355
400,3200,3043,261,355
400,3200,3044,261,355
400,3200,3045,261,355
400,3200,3046,261,355
400,3200,3047,261,355
400,3200,3048,261,355
400,3200,3049,261,355
400,3200,3050,261,355
400,3200,3051,261,355
400,3200,3052,262,356
400,3200,3053,262,356
400,3200,3054,262,356
400,3200,3055,262,356
400,3200,3056,262,356
400,3200,3057,262,356
400,3200,3058,262,356
400,3200,3059,262,356
400,3200,3060,262,356
400,3200,3061,262,357
400,3200,3062,263,357
400,3200,3063,263,357
400,3200,3064,263,357
400,3200,3065,263,357
400,3200,3066,263,357
400,3200,3067,263,357
400,3200,3068,263,357
400,3200,3069,263,357
400,3200,3070,263,358
400,3200,3071,263,358
400,3200,3072,263,358
400,3200,3073,264,358
400,3200,3074,264,358
400,3200,3075,264,358
400,3200,3076,264,358
400,3200,3077,264,358
400,3200,3078,264,358
400,3200,3079,264,359
400,3200,3080,264,359
400,3200,3081,264,359
400,3200,3082,264,359
400,3200,3083,264,359
400,3200,3084,265,359
400,3200,3085,265,359
400,3200,3086,265,359
400,3200,3087,265,359
400,3200,3088,265,360
400,3200,3089,265,360
400,3200,3090,265,360
400,3200,3091,265,360
400,3200,3092,265,360
400,3200,3093,265,360
400,3200,3094,265,360
400,3200,3095,266,360
400,3200,3096,266,360
400,3200,3097,266,360
400,3200,3098,266,361
400,3200,3099,266,361
400,3200,3100,266,361
400,3200,3101,266,361
400,3200,3102,266,361
400,3200,3103,266,361
400,3200,3104,266,361
400,3200,3105,266,361
400,3200,3106,267,361
400,3200,3107,267,362
400,3200,3108,267,362
400,3200,3109,267,362
400,3200,3110,267,362
400,3200,3111,267,362
400,3200,3112,267,362
400,3200,3113,267,362
400,3200,3114,267,362
400,3200,3115,267,362
400,3200,3116,267,363
400,3200,3117,268,363
400,3200,3118,268,363
400,3200,3119,268,363
400,3200,3120,268,363
400,3200,3121,268,363
400,3200,3122,268,363
400,3200,3123,268,363
400,3200,3124,268,363
400,3200,3125,268,364
400,3200,3126,268,364
400,3200,3127,268,364
400,3200,3128,269,364
400,3200,3129,269,364
400,3200,3130,269,364
400,3200,3131,269,364
400,3200,3132,269,364
400,3200,3133,269,364
400,3200,3134,269,365
400,3200,3135,269,365
400,3200,3136,269,365
400,3200,3137,269,365
400,3200,3138,269,365
400,3200,3139,270,365
400,3200,3140,270,365
400,3200,3141,270,365
400,3200,3142,270,365
400,3200,3143,270,365
400,3200,3144,270,366
400,3200,3145,270,366
400,3200,3146,270,366
400,3200,3147,270,366
400,3200,3148,270,366
400,3200,3149,271,366
400,3200,3150,271,366
400,3200,3151,271,366
400,3200,3152,271,366
400,3200,3153,271,367
400,3200,3154,271,367
400,3200,3155,271,367
400,3200,3156,271,367
400,3200,3157,271,367
400,3200,3158,271,367
400,3200,3159,271,367
400,3200,3160,272,367
400,3200,3161,272,367
400,3200,3162,272,368
400,3200,3163,272,368
400,3200,3164,272,368
400,3200,3165,272,368
400,3200,3166,272,368
400,3200,3167,272,368
400,3200,3168,272,368
400,3200,3169,272,368
400,3200,3170,272,368
400,3200,3171,273,369
400,3200,3172,273,369
400,3200,3173,273,369
400,3200,3174,273,369
400,3200,3175,273,369
400,3200,3176,273,369
400,3200,3177,273,369
400,3200,3178,273,369
400,3200,3179,273,369
400,3200,3180,273,369
400,3200,3181,273,370
400,3200,3182,274,370
400,3200,3183,274,370
400,3200,3184,274,370
400,3200,3185,274,370
400,3200,3186,274,370
400,3200,3187,274,370
400,3200,3188,274,370
400,3200,3189,274,370
400,3200,3190,274,371
400,3200,3191,274,371
400,3200,3192,274,371
400,3200,3193,275,371
400,3200,3194,275,371
400,3200,3195,275,371
400,3200,3196,275,371
400,3200,3197,275,371
400,3200,3198,275,371
400,3200,3199,275,372
400,3200,3200,275,372
800,800,1,,
800,800,2,,
800,800,3,,
800,800,4,,
800,800,5,,
800,800,6,,
800,800,7,,
800,800,8,,
800,800,9,,
800,800,10,,10
800,800,11,,10
800,800,12,,10
800,800,13,,10
800,800,14,,10
800,800,15,,11
800,800,16,,11
800,800,17,,11
800,800,18,,11
800,800,19,,11
800,800,20,,11
800,800,21,,11
800,800,22,,12
800,800,23,,12
800,800,24,,12
800,800,25,,12
800,800,26,,12
800,800,27,,12
800,800,28,,12
800,800,29,,12
800,800,30,,13
800,800,31,,13
800,800,32,,13
800,800,33,,13
800,800,34,,13
800,800,35,,13
800,800,36,,13
800,800,37,,14
800,800,38,,14
800,800,39,,14
800,800,40,,14
800,800,41,,14
800,800,42,,14
800,800,43,,14
800,800,44,,14
800,800,45,,15
800,800,46,,15
800,800,47,,15
800,800,48,,15
800,800,49,,15
800,800,50,,15
800,800,51,,15
800,800,52,,15
800,800,53,,16
800,800,54,,16
800,800,55,,16
800,800,56,,16
800,800,57,,16
800,800,58,,16
800,800,59,,16
800,800,60,,17
800,800,61,,17
800,800,62,,17
800,800,63,,17
800,800,64,,17
800,800,65,,17
800,800,66,,17
800,800,67,,17
800,800,68,,18
800,800,69,,18
800,800,70,,18
800,800,71,,18
800,800,72,,18
800,800,73,,18
800,800,74,,18
800,800,75,,18
800,800,76,,19
800,800,77,,19
800,800,78,,19
800,800,79,,19
800,800,80,,19
800,800,81,,19
800,800,82,,19
800,800,83,,20
800,800,84,0,20
800,800,85,0,20
800,800,86,0,20
800,800,87,0,20
800,800,88,0,20
800,800,89,0,20
800,800,90,0,20
800,800,91,0,21
800,800,92,0,21
800,800,93,0,21
800,800,94,0,21
800,800,95,0,21
800,800,96,0,21
800,800,97,1,21
800,800,98,1,21
800,800,99,1,22
800,800,100,1,22
800,800,101,1,22
800,800,102,1,22
800,800,103,1,22
800,800,104,1,22
800,800,105,1,22
800,800,106,1,22
800,800,107,1,23
800,800,108,1,23
800,800,109,1,23
800,800,110,2,23
800,800,111,2,23
800,800,112,2,23
800,800,113,2,23
800,800,114,2,23
800,800,115,2,24
800,800,116,2,24
800,800,117,2,24
800,800,118,2,24
800,800,119,2,24
800,800,120,2,24
800,800,121,2,24
800,800,122,2,24
800,800,123,3,25
800,800,124,3,25
800,800,125,3,25
800,800,126,3,25
800,800,127,3,25
800,800,128,3,25
800,800,129,3,25
800,800,130,3,25
800,800,131,3,26
800,800,132,3,26
800,800,133,3,26
800,800,134,3,26
800,800,135,4,26
800,800,136,4,26
800,800,137,4,26
800,800,138,4,26
800,800,139,4,27
800,800,140,4,27
800,800,141,4,27
800,800,142,4,27
800,800,143,4,27
800,800,144,4,27
800,800,145,4,27
800,800,146,4,28
800,800,147,4,28
800,800,148,5,28
800,800,149,5,28
800,800,150,5,28
800,800,151,5,28
800,800,152,5,28
800,800,153,5,28
800,800,154,5,29
800,800,155,5,29
800,800,156,5,29
800,800,157,5,29
800,800,158,5,29
800,800,159,5,29
800,800,160,6,29
800,800,161,6,29
800,800,162,6,30
800,800,163,6,30
800,800,164,6,30
800,800,165,6,30
800,800,166,6,30
800,800,167,6,30
800,800,168,6,30
800,800,169,6,30
800,800,170,6,30
800,800,171,6,31
800,800,172,6,31
800,800,173,7,31
800,800,174,7,31
800,800,175,7,31
800,800,176,7,31
800,800,177,7,31
800,800,178,7,31
800,800,179,7,32
800,800,180,7,32
800,800,181,7,32
800,800,182,7,32
800,800,183,7,32
800,800,184,7,32
800,800,185,8,32
800,800,186,8,32
800,800,187,8,33
800,800,188,8,33
800,800,189,8,33
800,800,190,8,33
800,800,191,8,33
800,800,192,8,33
800,800,193,8,33
800,800,194,8,33
800,800,195,8,34
800,800,196,8,34
800,800,197,8,34
800,800,198,9,34
800,800,199,9,34
800,800,200,9,34
800,800,201,9,34
800,800,202,9,34
800,800,203,9,35
800,800,204,9,35
800,800,205,9,35
800,800,206,9,35
800,800,207,9,35
800,800,208,9,35
800,800,209,9,35
800,800,210,10,35
800,800,211,10,36
800,800,212,10,36
800,800,213,10,36
800,800,214,10,36
800,800,215,10,36
800,800,216,10,36
800,800,217,10,36
800,800,218,10,36
800,800,219,10,37
800,800,220,10,37
800,800,221,10,37
800,800,222,11,37
800,800,223,11,37
800,800,224,11,37
800,800,225,11,37
800,800,226,11,37
800,800,227,11,38
800,800,228,11,38
800,800,229,11,38
800,800,230,11,38
800,800,231,11,38
800,800,232,11,38
800,800,233,11,38
800,800,234,11,38
800,800,235,12,39
800,800,236,12,39
800,800,237,12,39
800,800,238,12,39
800,800,239,12,39
800,800,240,12,39
800,800,241,12,39
800,800,242,12,39
800,800,243,12,39
800,800,244,12,40
800,800,245,12,40
800,800,246,12,40
800,800,247,13,40
800,800,248,13,40
800,800,249,13,40
800,800,250,13,40
800,800,251,13,40
800,800,252,13,41
800,800,253,13,41
800,800,254,13,41
800,800,255,13,41
800,800,256,13,41
800,800,257,13,41
800,800,258,13,41
800,800,259,14,41
800,800,260,14,42
800,800,261,14,42
800,800,262,14,42
800,800,263,14,42
800,800,264,14,42
800,800,265,14,42
800,800,266,14,42
800,800,267,14,42
800,800,268,14,43
800,800,269,14,43
800,800,270,14,43
800,800,271,15,43
800,800,272,15,43
800,800,273,15,43
800,800,274,15,43
800,800,275,15,43
800,800,276,15,44
800,800,277,15,44
800,800,278,15,44
800,800,279,15,44
800,800,280,15,44
800,800,281,15,44
800,800,282,15,44
800,800,283,15,44
800,800,284,16,44
800,800,285,16,45
800,800,286,16,45
800,800,287,16,45
800,800,288,16,45
800,800,289,16,45
800,800,290,16,45
800,800,291,16,45
800,800,292,16,45
800,800,293,16,46
800,800,294,16,46
800,800,295,16,46
800,800,296,17,46
800,800,297,17,46
800,800,298,17,46
800,800,299,17,46
800,800,300,17,46
800,800,301,17,47
800,800,302,17,47
800,800,303,17,47
800,800,304,17,47
800,800,305,17,47
800,800,306,17,47
800,800,307,17,47
800,800,308,18,47
800,800,309,18,48
800,800,310,18,48
800,800,311,18,48
800,800,312,18,48
800,800,313,18,48
800,800,314,18,48
800,800,315,18,48
800,800,316,18,48
800,800,317,18,48
800,800,318,18,49
800,800,319,18,49
800,800,320,19,49
800,800,321,19,49
800,800,322,19,49
800,800,323,19,49
800,800,324,19,49
800,800,325,19,49
800,800,326,19,50
800,800,327,19,50
800,800,328,19,50
800,800,329,19,50
800,800,330,19,50
800,800,331,19,50
800,800,332,20,50
800,800,333,20,50
800,800,334,20,51
800,800,335,20,51
800,800,336,20,51
800,800,337,20,51
800,800,338,20,51
800,800,339,20,51
800,800,340,20,51
800,800,341,20,51
800,800,342,20,51
800,800,343,20,52
800,800,344,21,52
800,800,345,21,52
800,800,346,21,52
800,800,347,21,52
800,800,348,21,52
800,800,349,21,52
800,800,350,21,52
800,800,351,21,53
800,800,352,21,53
800,800,353,21,53
800,800,354,21,53
800,800,355,21,53
800,800,356,22,53
800,800,357,22,53
800,800,358,22,53
800,800,359,22,54
800,800,360,22,54
800,800,361,22,54
800,800,362,22,54
800,800,363,22,54
800,800,364,22,54
800,800,365,22,54
800,800,366,22,54
800,800,367,22,54
800,800,368,23,55
800,800,369,23,55
800,800,370,23,55
800,800,371,23,55
800,800,372,23,55
800,800,373,23,55
800,800,374,23,55
800,800,375,23,55
800,800,376,23,56
800,800,377,23,56
800,800,378,23,56
800,800,379,23,56
800,800,380,24,56
800,800,381,24,56
800,800,382,24,56
800,800,383,24,56
800,800,384,24,56
800,800,385,24,57
800,800,386,24,57
800,800,387,24,57
800,800,388,24,57
800,800,389,24,57
800,800,390,24,57
800,800,391,24,57
800,800,392,25,57
800,800,393,25,58
800,800,394,25,58
800,800,395,25,58
800,800,396,25,58
800,800,397,25,58
800,800,398,25,58
800,800,399,25,58
800,800,400,25,58
800,800,401,25,59
800,800,402,25,59
800,800,403,25,59
800,800,404,26,59
800,800,405,26,59
800,800,406,26,59
800,800,407,26,59
800,800,408,26,59
800,800,409,26,59
800,800,410,26,60
800,800,411,26,60
800,800,412,26,60
800,800,413,26,60
800,800,414,26,60
800,800,415,26,60
800,800,416,27,60
800,800,417,27,60
800,800,418,27,61
800,800,419,27,61
800,800,420,27,61
800,800,421,27,61
800,800,422,27,61
800,800,423,27,61
800,800,424,27,61
800,800,425,27,61
800,800,426,27,61
800,800,427,27,62
800,800,428,28,62
800,800,429,28,62
800,800,430,28,62
800,800,431,28,62
800,800,432,28,62
800,800,433,28,62
800,800,434,28,62
800,800,435,28,63
800,800,436,28,63
800,800,437,28,63
800,800,438,28,63
800,800,439,28,63
800,800,440,29,63
800,800,441,29,63
800,800,442,29,63
800,800,443,29,63
800,800,444,29,64
800,800,445,29,64
800,800,446,29,64
800,800,447,29,64
800,800,448,29,64
800,800,449,29,64
800,800,450,29,64
800,800,451,30,64
800,800,452,30,65
800,800,453,30,65
800,800,454,30,65
800,800,455,30,65
800,800,456,30,65
800,800,457,30,65
800,800,458,30,65
800,800,459,30,65
800,800,460,30,65
800,800,461,30,66
800,800,462,30,66
800,800,463,31,66
800,800,464,31,66
800,800,465,31,66
800,800,466,31,66
800,800,467,31,66
800,800,468,31,66
800,800,469,31,67
800,800,470,31,67
800,800,471,31,67
800,800,472,31,67
800,800,473,31,67
800,800,474,31,67
800,800,475,32,67
800,800,476,32,67
800,800,477,32,68
800,800,478,32,68
800,800,479,32,68
800,800,480,32,68
800,800,481,32,68
800,800,482,32,68
800,800,483,32,68
800,800,484,32,68
800,800,485,32,68
800,800,486,32,69
800,800,487,33,69
800,800,488,33,69
800,800,489,33,69
800,800,490,33,69
800,800,491,33,69
800,800,492,33,69
800,800,493,33,69
800,800,494,33,70
800,800,495,33,70
800,800,496,33,70
800,800,497,33,70
800,800,498,33,70
800,800,499,34,70
800,800,500,34,70
800,800,501,34,70
800,800,502,34,70
800,800,503,34,71
800,800,504,34,71
800,800,505,34,71
800,800,506,34,71
800,800,507,34,71
800,800,508,34,71
800,800,509,34,71
800,800,510,35,71
800,800,511,35,72
800,800,512,35,72
800,800,513,35,72
800,800,514,35,72
800,800,515,35,72
800,800,516,35,72
800,800,517,35,72
800,800,518,35,72
800,800,519,35,72
800,800,520,35,73
800,800,521,35,73
800,800,522,36,73
800,800,523,36,73
800,800,524,36,73
800,800,525,36,73
800,800,526,36,73
800,800,527,36,73
800,800,528,36,73
800,800,529,36,74
800,800,530,36,74
800,800,531,36,74
800,800,532,36,74
800,800,533,36,74
800,800,534,37,74
800,800,535,37,74
800,800,536,37,74
800,800,537,37,75
800,800,538,37,75
800,800,539,37,75
800,800,540,37,75
800,800,541,37,75
800,800,542,37,75
800,800,543,37,75
800,800,544,37,75
800,800,545,37,75
800,800,546,38,76
800,800,547,38,76
800,800,548,38,76
800,800,549,38,76
800,800,550,38,76
800,800,551,38,76
800,800,552,38,76
800,800,553,38,76
800,800,554,38,77
800,800,555,38,77
800,800,556,38,77
800,800,557,39,77
800,800,558,39,77
800,800,559,39,77
800,800,560,39,77
800,800,561,39,77
800,800,562,39,77
800,800,563,39,78
800,800,564,39,78
800,800,565,39,78
800,800,566,39,78
800,800,567,39,78
800,800,568,39,78
800,800,569,40,78
800,800,570,40,78
800,800,571,40,79
800,800,572,40,79
800,800,573,40,79
800,800,574,40,79
800,800,575,40,79
800,800,576,40,79
800,800,577,40,79
800,800,578,40,79
800,800,579,40,79
800,800,580,40,80
800,800,581,41,80
800,800,582,41,80
800,800,583,41,80
800,800,584,41,80
800,800,585,41,80
800,800,586,41,80
800,800,587,41,80
800,800,588,41,81
800,800,589,41,81
800,800,590,41,81
800,800,591,41,81
800,800,592,42,81
800,800,593,42,81
800,800,594,42,81
800,800,595,42,81
800,800,596,42,81
800,800,597,42,82
800,800,598,42,82
800,800,599,42,82
800,800,600,42,82
800,800,601,42,82
800,800,602,42,82
800,800,603,42,82
800,800,604,43,82
800,800,605,43,82
800,800,606,43,83
800,800,607,43,83
800,800,608,43,83
800,800,609,43,83
800,800,610,43,83
800,800,611,43,83
800,800,612,43,83
800,800,613,43,83
800,800,614,43,84
800,800,615,43,84
800,800,616,44,84
800,800,617,44,84
800,800,618,44,84
800,800,619,44,84
800,800,620,44,84
800,800,621,44,84
800,800,622,44,84
800,800,623,44,85
800,800,624,44,85
800,800,625,44,85
800,800,626,44,85
800,800,627,45,85
800,800,628,45,85
800,800,629,45,85
800,800,630,45,85
800,800,631,45,85
800,800,632,45,86
800,800,633,45,86
800,800,634,45,86
800,800,635,45,86
800,800,636,45,86
800,800,637,45,86
800,800,638,45,86
800,800,639,46,86
800,800,640,46,87
800,800,641,46,87
800,800,642,46,87
800,800,643,46,87
800,800,644,46,87
800,800,645,46,87
800,800,646,46,87
800,800,647,46,87
800,800,648,46,87
800,800,649,46,88
800,800,650,47,88
800,800,651,47,88
800,800,652,47,88
800,800,653,47,88
800,800,654,47,88
800,800,655,47,88
800,800,656,47,88
800,800,657,47,89
800,800,658,47,89
800,800,659,47,89
800,800,660,47,89
800,800,661,47,89
800,800,662,48,89
800,800,663,48,89
800,800,664,48,89
800,800,665,48,89
800,800,666,48,90
800,800,667,48,90
800,800,668,48,90
800,800,669,48,90
800,800,670,48,90
800,800,671,48,90
800,800,672,48,90
800,800,673,48,90
800,800,674,49,90
800,800,675,49,91
800,800,676,49,91
800,800,677,49,91
800,800,678,49,91
800,800,679,49,91
800,800,680,49,91
800,800,681,49,91
800,800,682,49,91
800,800,683,49,92
800,800,684,49,92
800,800,685,50,92
800,800,686,50,92
800,800,687,50,92
800,800,688,50,92
800,800,689,50,92
800,800,690,50,92
800,800,691,50,92
800,800,692,50,93
800,800,693,50,93
800,800,694,50,93
800,800,695,50,93
800,800,696,50,93
800,800,697,51,93
800,800,698,51,93
800,800,699,51,93
800,800,700,51,93
800,800,701,51,94
800,800,702,51,94
800,800,703,51,94
800,800,704,51,94
800,800,705,51,94
800,800,706,51,94
800,800,707,51,94
800,800,708,52,94
800,800,709,52,95
800,800,710,52,95
800,800,711,52,95
800,800,712,52,95
800,800,713,52,95
800,800,714,52,95
800,800,715,52,95
800,800,716,52,95
800,800,717,52,95
800,800,718,52,96
800,800,719,52,96
800,800,720,53,96
800,800,721,53,96
800,800,722,53,96
800,800,723,53,96
800,800,724,53,96
800,800,725,53,96
800,800,726,53,96
800,800,727,53,97
800,800,728,53,97
800,800,729,53,97
800,800,730,53,97
800,800,731,54,97
800,800,732,54,97
800,800,733,54,97
800,800,734,54,97
800,800,735,54,98
800,800,736,54,98
800,800,737,54,98
800,800,738,54,98
800,800,739,54,98
800,800,740,54,98
800,800,741,54,98
800,800,742,54,98
800,800,743,55,98
800,800,744,55,99
800,800,745,55,99
800,800,746,55,99
800,800,747,55,99
800,800,748,55,99
800,800,749,55,99
800,800,750,55,99
800,800,751,55,99
800,800,752,55,99
800,800,753,55,100
800,800,754,56,100
800,800,755,56,100
800,800,756,56,100
800,800,757,56,100
800,800,758,56,100
800,800,759,56,100
800,800,760,56,100
800,800,761,56,101
800,800,762,56,101
800,800,763,56,101
800,800,764,56,101
800,800,765,56,101
800,800,766,57,101
800,800,767,57,101
800,800,768,57,101
800,800,769,57,101
800,800,770,57,102
800,800,771,57,102
800,800,772,57,102
800,800,773,57,102
800,800,774,57,102
800,800,775,57,102
800,800,776,57,102
800,800,777,58,102
800,800,778,58,102
800,800,779,58,103
800,800,780,58,103
800,800,781,58,103
800,800,782,58,103
800,800,783,58,103
800,800,784,58,103
800,800,785,58,103
800,800,786,58,103
800,800,787,58,103
800,800,788,58,104
800,800,789,59,104
800,800,790,59,104
800,800,791,59,104
800,800,792,59,104
800,800,793,59,104
800,800,794,59,104
800,800,795,59,104
800,800,796,59,105
800,800,797,59,105
800,800,798,59,105
800,800,799,59,105
800,800,800,60,105
800,1600,1,,
800,1600,2,,
800,1600,3,,
800,1600,4,,
800,1600,5,,
800,1600,6,,
800,1600,7,,
800,1600,8,,
800,1600,9,,
800,1600,10,,10
800,1600,11,,10
800,1600,12,,10
800,1600,13,,10
800,1600,14,,10
800,1600,15,,11
800,1600,16,,11
800,1600,17,,11
800,1600,18,,11
800,1600,19,,11
800,1600,20,,11
800,1600,21,,11
800,1600,22,,12
800,1600,23,,12
800,1600,24,,12
800,1600,25,,12
800,1600,26,,12
800,1600,27,,12
800,1600,28,,12
800,1600,29,,12
800,1600,30,,13
800,1600,31,,13
800,1600,32,,13
800,1600,33,,13
800,1600,34,,13
800,1600,35,,13
800,1600,36,,13
800,1600,37,,14
800,1600,38,,14
800,1600,39,,14
800,1600,40,,14
800,1600,41,,14
800,1600,42,,14
800,1600,43,,14
800,1600,44,,14
800,1600,45,,15
800,1600,46,,15
800,1600,47,,15
800,1600,48,,15
800,1600,49,,15
800,1600,50,,15
800,1600,51,,15
800,1600,52,,15
800,1600,53,,16
800,1600,54,,16
800,1600,55,,16
800,1600,56,,16
800,1600,57,,16
800,1600,58,,16
800,1600,59,,16
800,1600,60,,17
800,1600,61,,17
800,1600,62,,17
800,1600,63,,17
800,1600,64,,17
800,1600,65,,17
800,1600,66,,17
800,1600,67,,17
800,1600,68,,18
800,1600,69,,18
800,1600,70,,18
800,1600,71,,18
800,1600,72,,18
800,1600,73,,18
800,1600,74,,18
800,1600,75,,18
800,1600,76,,19
800,1600,77,,19
800,1600,78,,19
800,1600,79,,19
800,1600,80,,19
800,1600,81,,19
800,1600,82,,19
800,1600,83,,20
800,1600,84,0,20
800,1600,85,0,20
800,1600,86,0,20
800,1600,87,0,20
800,1600,88,0,20
800,1600,89,0,20
800,1600,90,0,20
800,1600,91,0,21
800,1600,92,0,21
800,1600,93,0,21
800,1600,94,0,21
800,1600,95,0,21
800,1600,96,0,21
800,1600,97,1,21
800,1600,98,1,21
800,1600,99,1,22
800,1600,100,1,22
800,1600,101,1,22
800,1600,102,1,22
800,1600,103,1,22
800,1600,104,1,22
800,1600,105,1,22
800,1600,106,1,22
800,1600,107,1,23
800,1600,108,1,23
800,1600,109,1,23
800,1600,110,2,23
800,1600,111,2,23
800,1600,112,2,23
800,1600,113,2,23
800,1600,114,2,23
800,1600,115,2,24
800,1600,116,2,24
800,1600,117,2,24
800,1600,118,2,24
800,1600,119,2,24
800,1600,120,2,24
800,1600,121,2,24
800,1600,122,2,24
800,1600,123,3,25
800,1600,124,3,25
800,1600,125,3,25
800,1600,126,3,25
800,1600,127,3,25
800,1600,128,3,25
800,1600,129,3,25
800,1600,130,3,25
800,1600,131,3,26
800,1600,132,3,26
800,1600,133,3,26
800,1600,134,3,26
800,1600,135,4,26
800,1600,136,4,26
800,1600,137,4,26
800,1600,138,4,26
800,1600,139,4,27
800,1600,140,4,27
800,1600,141,4,27
800,1600,142,4,27
800,1600,143,4,27
800,1600,144,4,27
800,1600,145,4,27
800,1600,146,4,28
800,1600,147,4,28
800,1600,148,5,28
800,1600,149,5,28
800,1600,150,5,28
800,1600,151,5,28
800,1600,152,5,28
800,1600,153,5,28
800,1600,154,5,29
800,1600,155,5,29
800,1600,156,5,29
800,1600,157,5,29
800,1600,158,5,29
800,1600,159,5,29
800,1600,160,6,29
800,1600,161,6,29
800,1600,162,6,30
800,1600,163,6,30
800,1600,164,6,30
800,1600,165,6,30
800,1600,166,6,30
800,1600,167,6,30
800,1600,168,6,30
800,1600,169,6,30
800,1600,170,6,30
800,1600,171,6,31
800,1600,172,6,31
800,1600,173,7,31
800,1600,174,7,31
800,1600,175,7,31
800,1600,176,7,31
800,1600,177,7,31
800,1600,178,7,31
800,1600,179,7,32
800,1600,180,7,32
800,1600,181,7,32
800,1600,182,7,32
800,1600,183,7,32
800,1600,184,7,32
800,1600,185,8,32
800,1600,186,8,32
800,1600,187,8,33
800,1600,188,8,33
800,1600,189,8,33
800,1600,190,8,33
800,1600,191,8,33
800,1600,192,8,33
800,1600,193,8,33
800,1600,194,8,33
800,1600,195,8,34
800,1600,196,8,34
800,1600,197,8,34
800,1600,198,9,34
800,1600,199,9,34
800,1600,200,9,34
800,1600,201,9,34
800,1600,202,9,34
800,1600,203,9,35
800,1600,204,9,35
800,1600,205,9,35
800,1600,206,9,35
800,1600,207,9,35
800,1600,208,9,35
800,1600,209,9,35
800,1600,210,10,35
800,1600,211,10,36
800,1600,212,10,36
800,1600,213,10,36
800,1600,214,10,36
800,1600,215,10,36
800,1600,216,10,36
800,1600,217,10,36
800,1600,218,10,36
800,1600,219,10,37
800,1600,220,10,37
800,1600,221,10,37
800,1600,222,11,37
800,1600,223,11,37
800,1600,224,11,37
800,1600,225,11,37
800,1600,226,11,37
800,1600,227,11,38
800,1600,228,11,38
800,1600,229,11,38
800,1600,230,11,38
800,1600,231,11,38
800,1600,232,11,38
800,1600,233,11,38
800,1600,234,11,38
800,1600,235,12,39
800,1600,236,12,39
800,1600,237,12,39
800,1600,238,12,39
800,1600,239,12,39
800,1600,240,12,39
800,1600,241,12,39
800,1600,242,12,39
800,1600,243,12,39
800,1600,244,12,40
800,1600,245,12,40
800,1600,246,12,40
800,1600,247,13,40
800,1600,248,13,40
800,1600,249,13,40
800,1600,250,13,40
800,1600,251,13,40
800,1600,252,13,41
800,1600,253,13,41
800,1600,254,13,41
800,1600,255,13,41
800,1600,256,13,41
800,1600,257,13,41
800,1600,258,13,41
800,1600,259,14,41
800,1600,260,14,42
800,1600,261,14,42
800,1600,262,14,42
800,1600,263,14,42
800,1600,264,14,42
800,1600,265,14,42
800,1600,266,14,42
800,1600,267,14,42
800,1600,268,14,43
800,1600,269,14,43
800,1600,270,14,43
800,1600,271,15,43
800,1600,272,15,43
800,1600,273,15,43
800,1600,274,15,43
800,1600,275,15,43
800,1600,276,15,44
800,1600,277,15,44
800,1600,278,15,44
800,1600,279,15,44
800,1600,280,15,44
800,1600,281,15,44
800,1600,282,15,44
800,1600,283,15,44
800,1600,284,16,44
800,1600,285,16,45
800,1600,286,16,45
800,1600,287,16,45
800,1600,288,16,45
800,1600,289,16,45
800,1600,290,16,45
800,1600,291,16,45
800,1600,292,16,45
800,1600,293,16,46
800,1600,294,16,46
800,1600,295,16,46
800,1600,296,17,46
800,1600,297,17,46
800,1600,298,17,46
800,1600,299,17,46
800,1600,300,17,46
800,1600,301,17,47
800,1600,302,17,47
800,1600,303,17,47
800,1600,304,17,47
800,1600,305,17,47
800,1600,306,17,47
800,1600,307,17,47
800,1600,308,18,47
800,1600,309,18,48
800,1600,310,18,48
800,1600,311,18,48
800,1600,312,18,48
800,1600,313,18,48
800,1600,314,18,48
800,1600,315,18,48
800,1600,316,18,48
800,1600,317,18,48
800,1600,318,18,49
800,1600,319,18,49
800,1600,320,19,49
800,1600,321,19,49
800,1600,322,19,49
800,1600,323,19,49
800,1600,324,19,49
800,1600,325,19,49
800,1600,326,19,50
800,1600,327,19,50
800,1600,328,19,50
800,1600,329,19,50
800,1600,330,19,50
800,1600,331,19,50
800,1600,332,20,50
800,1600,333,20,50
800,1600,334,20,51
800,1600,335,20,51
800,1600,336,20,51
800,1600,337,20,51
800,1600,338,20,51
800,1600,339,20,51
800,1600,340,20,51
800,1600,341,20,51
800,1600,342,20,51
800,1600,343,20,52
800,1600,344,21,52
800,1600,345,21,52
800,1600,346,21,52
800,1600,347,21,52
800,1600,348,21,52
800,1600,349,21,52
800,1600,350,21,52
800,1600,351,21,53
800,1600,352,21,53
800,1600,353,21,53
800,1600,354,21,53
800,1600,355,21,53
800,1600,356,22,53
800,1600,357,22,53
800,1600,358,22,53
800,1600,359,22,54
800,1600,360,22,54
800,1600,361,22,54
800,1600,362,22,54
800,1600,363,22,54
800,1600,364,22,54
800,1600,365,22,54
800,1600,366,22,54
800,1600,367,22,54
800,1600,368,23,55
800,1600,369,23,55
800,1600,370,23,55
800,1600,371,23,55
800,1600,372,23,55
800,1600,373,23,55
800,1600,374,23,55
800,1600,375,23,55
800,1600,376,23,56
800,1600,377,23,56
800,1600,378,23,56
800,1600,379,23,56
800,1600,380,24,56
800,1600,381,24,56
800,1600,382,24,56
800,1600,383,24,56
800,1600,384,24,56
800,1600,385,24,57
800,1600,386,24,57
800,1600,387,24,57
800,1600,388,24,57
800,1600,389,24,57
800,1600,390,24,57
800,1600,391,24,57
800,1600,392,25,57
800,1600,393,25,58
800,1600,394,25,58
800,1600,395,25,58
800,1600,396,25,58
800,1600,397,25,58
800,1600,398,25,58
800,1600,399,25,58
800,1600,400,25,58
800,1600,401,25,59
800,1600,402,25,59
800,1600,403,25,59
800,1600,404,26,59
800,1600,405,26,59
800,1600,406,26,59
800,1600,407,26,59
800,1600,408,26,59
800,1600,409,26,59
800,1600,410,26,60
800,1600,411,26,60
800,1600,412,26,60
800,1600,413,26,60
800,1600,414,26,60
800,1600,415,26,60
800,1600,416,27,60
800,1600,417,27,60
800,1600,418,27,61
800,1600,419,27,61
800,1600,420,27,61
800,1600,421,27,61
800,1600,422,27,61
800,1600,423,27,61
800,1600,424,27,61
800,1600,425,27,61
800,1600,426,27,61
800,1600,427,27,62
800,1600,428,28,62
800,1600,429,28,62
800,1600,430,28,62
800,1600,431,28,62
800,1600,432,28,62
800,1600,433,28,62
800,1600,434,28,62
800,1600,435,28,63
800,1600,436,28,63
800,1600,437,28,63
800,1600,438,28,63
800,1600,439,28,63
800,1600,440,29,63
800,1600,441,29,63
800,1600,442,29,63
800,1600,443,29,63
800,1600,444,29,64
800,1600,445,29,64
800,1600,446,29,64
800,1600,447,29,64
800,1600,448,29,64
800,1600,449,29,64
800,1600,450,29,64
800,1600,451,30,64
800,1600,452,30,65
800,1600,453,30,65
800,1600,454,30,65
800,1600,455,30,65
800,1600,456,30,65
800,1600,457,30,65
800,1600,458,30,65
800,1600,459,30,65
800,1600,460,30,65
800,1600,461,30,66
800,1600,462,30,66
800,1600,463,31,66
800,1600,464,31,66
800,1600,465,31,66
800,1600,466,31,66
800,1600,467,31,66
800,1600,468,31,66
800,1600,469,31,67
800,1600,470,31,67
800,1600,471,31,67
800,1600,472,31,67
800,1600,473,31,67
800,1600,474,31,67
800,1600,475,32,67
800,1600,476,32,67
800,1600,477,32,68
800,1600,478,32,68
800,1600,479,32,68
800,1600,480,32,68
800,1600,481,32,68
800,1600,482,32,68
800,1600,483,32,68
800,1600,484,32,68
800,1600,485,32,68
800,1600,486,32,69
800,1600,487,33,69
800,1600,488,33,69
800,1600,489,33,69
800,1600,490,33,69
800,1600,491,33,69
800,1600,492,33,69
800,1600,493,33,69
800,1600,494,33,70
800,1600,495,33,70
800,1600,496,33,70
800,1600,497,33,70
800,1600,498,33,70
800,1600,499,34,70
800,1600,500,34,70
800,1600,501,34,70
800,1600,502,34,70
800,1600,503,34,71
800,1600,504,34,71
800,1600,505,34,71
800,1600,506,34,71
800,1600,507,34,71
800,1600,508,34,71
800,1600,509,34,71
800,1600,510,35,71
800,1600,511,35,72
800,1600,512,35,72
800,1600,513,35,72
800,1600,514,35,72
800,1600,515,35,72
800,1600,516,35,72
800,1600,517,35,72
800,1600,518,35,72
800,1600,519,35,72
800,1600,520,35,73
800,1600,521,35,73
800,1600,522,36,73
800,1600,523,36,73
800,1600,524,36,73
800,1600,525,36,73
800,1600,526,36,73
800,1600,527,36,73
800,1600,528,36,73
800,1600,529,36,74
800,1600,530,36,74
800,1600,531,36,74
800,1600,532,36,74
800,1600,533,36,74
800,1600,534,37,74
800,1600,535,37,74
800,1600,536,37,74
800,1600,537,37,75
800,1600,538,37,75
800,1600,539,37,75
800,1600,540,37,75
800,1600,541,37,75
800,1600,542,37,75
800,1600,543,37,75
800,1600,544,37,75
800,1600,545,37,75
800,1600,546,38,76
800,1600,547,38,76
800,1600,548,38,76
800,1600,549,38,76
800,1600,550,38,76
800,1600,551,38,76
800,1600,552,38,76
800,1600,553,38,76
800,1600,554,38,77
800,1600,555,38,77
800,1600,556,38,77
800,1600,557,39,77
800,1600,558,39,77
800,1600,559,39,77
800,1600,560,39,77
800,1600,561,39,77
800,1600,562,39,77
800,1600,563,39,78
800,1600,564,39,78
800,1600,565,39,78
800,1600,566,39,78
800,1600,567,39,78
800,1600,568,39,78
800,1600,569,40,78
800,1600,570,40,78
800,1600,571,40,79
800,1600,572,40,79
800,1600,573,40,79
800,1600,574,40,79
800,1600,575,40,79
800,1600,576,40,79
800,1600,577,40,79
800,1600,578,40,79
800,1600,579,40,79
800,1600,580,40,80
800,1600,581,41,80
800,1600,582,41,80
800,1600,583,41,80
800,1600,584,41,80
800,1600,585,41,80
800,1600,586,41,80
800,1600,587,41,80
800,1600,588,41,81
800,1600,589,41,81
800,1600,590,41,81
800,1600,591,41,81
800,1600,592,42,81
800,1600,593,42,81
800,1600,594,42,81
800,1600,595,42,81
800,1600,596,42,81
800,1600,597,42,82
800,1600,598,42,82
800,1600,599,42,82
800,1600,600,42,82
800,1600,601,42,82
800,1600,602,42,82
800,1600,603,42,82
800,1600,604,43,82
800,1600,605,43,82
800,1600,606,43,83
800,1600,607,43,83
800,1600,608,43,83
800,1600,609,43,83
800,1600,610,43,83
800,1600,611,43,83
800,1600,612,43,83
800,1600,613,43,83
800,1600,614,43,84
800,1600,615,43,84
800,1600,616,44,84
800,1600,617,44,84
800,1600,618,44,84
800,1600,619,44,84
800,1600,620,44,84
800,1600,621,44,84
800,1600,622,44,84
800,1600,623,44,85
800,1600,624,44,85
800,1600,625,44,85
800,1600,626,44,85
800,1600,627,45,85
800,1600,628,45,85
800,1600,629,45,85
800,1600,630,45,85
800,1600,631,45,85
800,1600,632,45,86
800,1600,633,45,86
800,1600,634,45,86
800,1600,635,45,86
800,1600,636,45,86
800,1600,637,45,86
800,1600,638,45,86
800,1600,639,46,86
800,1600,640,46,87
800,1600,641,46,87
800,1600,642,46,87
800,1600,643,46,87
800,1600,644,46,87
800,1600,645,46,87
800,1600,646,46,87
800,1600,647,46,87
800,1600,648,46,87
800,1600,649,46,88
800,1600,650,47,88
800,1600,651,47,88
800,1600,652,47,88
800,1600,653,47,88
800,1600,654,47,88
800,1600,655,47,88
800,1600,656,47,88
800,1600,657,47,89
800,1600,658,47,89
800,1600,659,47,89
800,1600,660,47,89
800,1600,661,47,89
800,1600,662,48,89
800,1600,663,48,89
800,1600,664,48,89
800,1600,665,48,89
800,1600,666,48,90
800,1600,667,48,90
800,1600,668,48,90
800,1600,669,48,90
800,1600,670,48,90
800,1600,671,48,90
800,1600,672,48,90
800,1600,673,48,90
800,1600,674,49,90
800,1600,675,49,91
800,1600,676,49,91
800,1600,677,49,91
800,1600,678,49,91
800,1600,679,49,91
800,1600,680,49,91
800,1600,681,49,91
800,1600,682,49,91
800,1600,683,49,92
800,1600,684,49,92
800,1600,685,50,92
800,1600,686,50,92
800,1600,687,50,92
800,1600,688,50,92
800,1600,689,50,92
800,1600,690,50,92
800,1600,691,50,92
800,1600,692,50,93
800,1600,693,50,93
800,1600,694,50,93
800,1600,695,50,93
800,1600,696,50,93
800,1600,697,51,93
800,1600,698,51,93
800,1600,699,51,93
800,1600,700,51,93
800,1600,701,51,94
800,1600,702,51,94
800,1600,703,51,94
800,1600,704,51,94
800,1600,705,51,94
800,1600,706,51,94
800,1600,707,51,94
800,1600,708,52,94
800,1600,709,52,95
800,1600,710,52,95
800,1600,711,52,95
800,1600,712,52,95
800,1600,713,52,95
800,1600,714,52,95
800,1600,715,52,95
800,1600,716,52,95
800,1600,717,52,95
800,1600,718,52,96
800,1600,719,52,96
800,1600,720,53,96
800,1600,721,53,96
800,1600,722,53,96
800,1600,723,53,96
800,1600,724,53,96
800,1600,725,53,96
800,1600,726,53,96
800,1600,727,53,97
800,1600,728,53,97
800,1600,729,53,97
800,1600,730,53,97
800,1600,731,54,97
800,1600,732,54,97
800,1600,733,54,97
800,1600,734,54,97
800,1600,735,54,98
800,1600,736,54,98
800,1600,737,54,98
800,1600,738,54,98
800,1600,739,54,98
800,1600,740,54,98
800,1600,741,54,98
800,1600,742,54,98
800,1600,743,55,98
800,1600,744,55,99
800,1600,745,55,99
800,1600,746,55,99
800,1600,747,55,99
800,1600,748,55,99
800,1600,749,55,99
800,1600,750,55,99
800,1600,751,55,99
800,1600,752,55,99
800,1600,753,55,100
800,1600,754,56,100
800,1600,755,56,100
800,1600,756,56,100
800,1600,757,56,100
800,1600,758,56,100
800,1600,759,56,100
800,1600,760,56,100
800,1600,761,56,101
800,1600,762,56,101
800,1600,763,56,101
800,1600,764,56,101
800,1600,765,56,101
800,1600,766,57,101
800,1600,767,57,101
800,1600,768,57,101
800,1600,769,57,101
800,1600,770,57,102
800,1600,771,57,102
800,1600,772,57,102
800,1600,773,57,102
800,1600,774,57,102
800,1600,775,57,102
800,1600,776,57,102
800,1600,777,58,102
800,1600,778,58,102
800,1600,779,58,103
800,1600,780,58,103
800,1600,781,58,103
800,1600,782,58,103
800,1600,783,58,103
800,1600,784,58,103
800,1600,785,58,103
800,1600,786,58,103
800,1600,787,58,103
800,1600,788,58,104
800,1600,789,59,104
800,1600,790,59,104
800,1600,791,59,104
800,1600,792,59,104
800,1600,793,59,104
800,1600,794,59,104
800,1600,795,59,104
800,1600,796,59,105
800,1600,797,59,105
800,1600,798,59,105
800,1600,799,59,105
800,1600,800,60,105
800,1600,801,60,105
800,1600,802,60,105
800,1600,803,60,105
800,1600,804,60,105
800,1600,805,60,106
800,1600,806,60,106
800,1600,807,60,106
800,1600,808,60,106
800,1600,809,60,106
800,1600,810,60,106
800,1600,811,60,106
800,1600,812,61,106
800,1600,813,61,106
800,1600,814,61,107
800,1600,815,61,107
800,1600,816,61,107
800,1600,817,61,107
800,1600,818,61,107
800,1600,819,61,107
800,1600,820,61,107
800,1600,821,61,107
800,1600,822,61,108
800,1600,823,62,108
800,1600,824,62,108
800,1600,825,62,108
800,1600,826,62,108
800,1600,827,62,108
800,1600,828,62,108
800,1600,829,62,108
800,1600,830,62,108
800,1600,831,62,109
800,1600,832,62,109
800,1600,833,62,109
800,1600,834,62,109
800,1600,835,63,109
800,1600,836,63,109
800,1600,837,63,109
800,1600,838,63,109
800,1600,839,63,109
800,1600,840,63,110
800,1600,841,63,110
800,1600,842,63,110
800,1600,843,63,110
800,1600,844,63,110
800,1600,845,63,110
800,1600,846,64,110
800,1600,847,64,110
800,1600,848,64,110
800,1600,849,64,111
800,1600,850,64,111
800,1600,851,64,111
800,1600,852,64,111
800,1600,853,64,111
800,1600,854,64,111
800,1600,855,64,111
800,1600,856,64,111
800,1600,857,64,112
800,1600,858,65,112
800,1600,859,65,112
800,1600,860,65,112
800,1600,861,65,112
800,1600,862,65,112
800,1600,863,65,112
800,1600,864,65,112
800,1600,865,65,112
800,1600,866,65,113
800,1600,867,65,113
800,1600,868,65,113
800,1600,869,66,113
800,1600,870,66,113
800,1600,871,66,113
800,1600,872,66,113
800,1600,873,66,113
800,1600,874,66,113
800,1600,875,66,114
800,1600,876,66,114
800,1600,877,66,114
800,1600,878,66,114
800,1600,879,66,114
800,1600,880,66,114
800,1600,881,67,114
800,1600,882,67,114
800,1600,883,67,114
800,1600,884,67,115
800,1600,885,67,115
800,1600,886,67,115
800,1600,887,67,115
800,1600,888,67,115
800,1600,889,67,115
800,1600,890,67,115
800,1600,891,67,115
800,1600,892,68,116
800,1600,893,68,116
800,1600,894,68,116
800,1600,895,68,116
800,1600,896,68,116
800,1600,897,68,116
800,1600,898,68,116
800,1600,899,68,116
800,1600,900,68,116
800,1600,901,68,117
800,1600,902,68,117
800,1600,903,69,117
800,1600,904,69,117
800,1600,905,69,117
800,1600,906,69,117
800,1600,907,69,117
800,1600,908,69,117
800,1600,909,69,117
800,1600,910,69,118
800,1600,911,69,118
800,1600,912,69,118
800,1600,913,69,118
800,1600,914,69,118
800,1600,915,70,118
800,1600,916,70,118
800,1600,917,70,118
800,1600,918,70,118
800,1600,919,70,119
800,1600,920,70,119
800,1600,921,70,119
800,1600,922,70,119
800,1600,923,70,119
800,1600,924,70,119
800,1600,925,70,119
800,1600,926,71,119
800,1600,927,71,119
800,1600,928,71,120
800,1600,929,71,120
800,1600,930,71,120
800,1600,931,71,120
800,1600,932,71,120
800,1600,933,71,120
800,1600,934,71,120
800,1600,935,71,120
800,1600,936,71,121
800,1600,937,71,121
800,1600,938,72,121
800,1600,939,72,121
800,1600,940,72,121
800,1600,941,72,121
800,1600,942,72,121
800,1600,943,72,121
800,1600,944,72,121
800,1600,945,72,122
800,1600,946,72,122
800,1600,947,72,122
800,1600,948,72,122
800,1600,949,73,122
800,1600,950,73,122
800,1600,951,73,122
800,1600,952,73,122
800,1600,953,73,122
800,1600,954,73,123
800,1600,955,73,123
800,1600,956,73,123
800,1600,957,73,123
800,1600,958,73,123
800,1600,959,73,123
800,1600,960,74,123
800,1600,961,74,123
800,1600,962,74,123
800,1600,963,74,124
800,1600,964,74,124
800,1600,965,74,124
800,1600,966,74,124
800,1600,967,74,124
800,1600,968,74,124
800,1600,969,74,124
800,1600,970,74,124
800,1600,971,74,124
800,1600,972,75,125
800,1600,973,75,125
800,1600,974,75,125
800,1600,975,75,125
800,1600,976,75,125
800,1600,977,75,125
800,1600,978,75,125
800,1600,979,75,125
800,1600,980,75,126
800,1600,981,75,126
800,1600,982,75,126
800,1600,983,76,126
800,1600,984,76,126
800,1600,985,76,126
800,1600,986,76,126
800,1600,987,76,126
800,1600,988,76,126
800,1600,989,76,127
800,1600,990,76,127
800,1600,991,76,127
800,1600,992,76,127
800,1600,993,76,127
800,1600,994,77,127
800,1600,995,77,127
800,1600,996,77,127
800,1600,997,77,127
800,1600,998,77,128
800,1600,999,77,128
800,1600,1000,77,128
800,1600,1001,77,128
800,1600,1002,77,128
800,1600,1003,77,128
800,1600,1004,77,128
800,1600,1005,77,128
800,1600,1006,78,128
800,1600,1007,78,129
800,1600,1008,78,129
800,1600,1009,78,129
800,1600,1010,78,129
800,1600,1011,78,129
800,1600,1012,78,129
800,1600,1013,78,129
800,1600,1014,78,129
800,1600,1015,78,129
800,1600,1016,78,130
800,1600,1017,79,130
800,1600,1018,79,130
800,1600,1019,79,130
800,1600,1020,79,130
800,1600,1021,79,130
800,1600,1022,79,130
800,1600,1023,79,130
800,1600,1024,79,131
800,1600,1025,79,131
800,1600,1026,79,131
800,1600,1027,79,131
800,1600,1028,80,131
800,1600,1029,80,131
800,1600,1030,80,131
800,1600,1031,80,131
800,1600,1032,80,131
800,1600,1033,80,132
800,1600,1034,80,132
800,1600,1035,80,132
800,1600,1036,80,132
800,1600,1037,80,132
800,1600,1038,80,132
800,1600,1039,80,132
800,1600,1040,81,132
800,1600,1041,81,132
800,1600,1042,81,133
800,1600,1043,81,133
800,1600,1044,81,133
800,1600,1045,81,133
800,1600,1046,81,133
800,1600,1047,81,133
800,1600,1048,81,133
800,1600,1049,81,133
800,1600,1050,81,133
800,1600,1051,82,134
800,1600,1052,82,134
800,1600,1053,82,134
800,1600,1054,82,134
800,1600,1055,82,134
800,1600,1056,82,134
800,1600,1057,82,134
800,1600,1058,82,134
800,1600,1059,82,134
800,1600,1060,82,135
800,1600,1061,82,135
800,1600,1062,83,135
800,1600,1063,83,135
800,1600,1064,83,135
800,1600,1065,83,135
800,1600,1066,83,135
800,1600,1067,83,135
800,1600,1068,83,135
800,1600,1069,83,136
800,1600,1070,83,136
800,1600,1071,83,136
800,1600,1072,83,136
800,1600,1073,83,136
800,1600,1074,84,136
800,1600,1075,84,136
800,1600,1076,84,136
800,1600,1077,84,137
800,1600,1078,84,137
800,1600,1079,84,137
800,1600,1080,84,137
800,1600,1081,84,137
800,1600,1082,84,137
800,1600,1083,84,137
800,1600,1084,84,137
800,1600,1085,85,137
800,1600,1086,85,138
800,1600,1087,85,138
800,1600,1088,85,138
800,1600,1089,85,138
800,1600,1090,85,138
800,1600,1091,85,138
800,1600,1092,85,138
800,1600,1093,85,138
800,1600,1094,85,138
800,1600,1095,85,139
800,1600,1096,86,139
800,1600,1097,86,139
800,1600,1098,86,139
800,1600,1099,86,139
800,1600,1100,86,139
800,1600,1101,86,139
800,1600,1102,86,139
800,1600,1103,86,139
800,1600,1104,86,140
800,1600,1105,86,140
800,1600,1106,86,140
800,1600,1107,86,140
800,1600,1108,87,140
800,1600,1109,87,140
800,1600,1110,87,140
800,1600,1111,87,140
800,1600,1112,87,140
800,1600,1113,87,141
800,1600,1114,87,141
800,1600,1115,87,141
800,1600,1116,87,141
800,1600,1117,87,141
800,1600,1118,87,141
800,1600,1119,88,141
800,1600,1120,88,141
800,1600,1121,88,141
800,1600,1122,88,142
800,1600,1123,88,142
800,1600,1124,88,142
800,1600,1125,88,142
800,1600,1126,88,142
800,1600,1127,88,142
800,1600,1128,88,142
800,1600,1129,88,142
800,1600,1130,89,142
800,1600,1131,89,143
800,1600,1132,89,143
800,1600,1133,89,143
800,1600,1134,89,143
800,1600,1135,89,143
800,1600,1136,89,143
800,1600,1137,89,143
800,1600,1138,89,143
800,1600,1139,89,144
800,1600,1140,89,144
800,1600,1141,90,144
800,1600,1142,90,144
800,1600,1143,90,144
800,1600,1144,90,144
800,1600,1145,90,144
800,1600,1146,90,144
800,1600,1147,90,144
800,1600,1148,90,145
800,1600,1149,90,145
800,1600,1150,90,145
800,1600,1151,90,145
800,1600,1152,90,145
800,1600,1153,91,145
800,1600,1154,91,145
800,1600,1155,91,145
800,1600,1156,91,145
800,1600,1157,91,146
800,1600,1158,91,146
800,1600,1159,91,146
800,1600,1160,91,146
800,1600,1161,91,146
800,1600,1162,91,146
800,1600,1163,91,146
800,1600,1164,92,146
800,1600,1165,92,146
800,1600,1166,92,147
800,1600,1167,92,147
800,1600,1168,92,147
800,1600,1169,92,147
800,1600,1170,92,147
800,1600,1171,92,147
800,1600,1172,92,147
800,1600,1173,92,147
800,1600,1174,92,147
800,1600,1175,93,148
800,1600,1176,93,148
800,1600,1177,93,148
800,1600,1178,93,148
800,1600,1179,93,148
800,1600,1180,93,148
800,1600,1181,93,148
800,1600,1182,93,148
800,1600,1183,93,148
800,1600,1184,93,149
800,1600,1185,93,149
800,1600,1186,94,149
800,1600,1187,94,149
800,1600,1188,94,149
800,1600,1189,94,149
800,1600,1190,94,149
800,1600,1191,94,149
800,1600,1192,94,149
800,1600,1193,94,150
800,1600,1194,94,150
800,1600,1195,94,150
800,1600,1196,94,150
800,1600,1197,94,150
800,1600,1198,95,150
800,1600,1199,95,150
800,1600,1200,95,150
800,1600,1201,95,150
800,1600,1202,95,151
800,1600,1203,95,151
800,1600,1204,95,151
800,1600,1205,95,151
800,1600,1206,95,151
800,1600,1207,95,151
800,1600,1208,95,151
800,1600,1209,96,151
800,1600,1210,96,151
800,1600,1211,96,152
800,1600,1212,96,152
800,1600,1213,96,152
800,1600,1214,96,152
800,1600,1215,96,152
800,1600,1216,96,152
800,1600,1217,96,152
800,1600,1218,96,152
800,1600,1219,96,153
800,1600,1220,97,153
800,1600,1221,97,153
800,1600,1222,97,153
800,1600,1223,97,153
800,1600,1224,97,153
800,1600,1225,97,153
800,1600,1226,97,153
800,1600,1227,97,153
800,1600,1228,97,154
800,1600,1229,97,154
800,1600,1230,97,154
800,1600,1231,98,154
800,1600,1232,98,154
800,1600,1233,98,154
800,1600,1234,98,154
800,1600,1235,98,154
800,1600,1236,98,154
800,1600,1237,98,155
800,1600,1238,98,155
800,1600,1239,98,155
800,1600,1240,98,155
800,1600,1241,98,155
800,1600,1242,98,155
800,1600,1243,99,155
800,1600,1244,99,155
800,1600,1245,99,155
800,1600,1246,99,156
800,1600,1247,99,156
800,1600,1248,99,156
800,1600,1249,99,156
800,1600,1250,99,156
800,1600,1251,99,156
800,1600,1252,99,156
800,1600,1253,99,156
800,1600,1254,100,156
800,1600,1255,100,157
800,1600,1256,100,157
800,1600,1257,100,157
800,1600,1258,100,157
800,1600,1259,100,157
800,1600,1260,100,157
800,1600,1261,100,157
800,1600,1262,100,157
800,1600,1263,100,157
800,1600,1264,100,158
800,1600,1265,101,158
800,1600,1266,101,158
800,1600,1267,101,158
800,1600,1268,101,158
800,1600,1269,101,158
800,1600,1270,101,158
800,1600,1271,101,158
800,1600,1272,101,158
800,1600,1273,101,159
800,1600,1274,101,159
800,1600,1275,101,159
800,1600,1276,102,159
800,1600,1277,102,159
800,1600,1278,102,159
800,1600,1279,102,159
800,1600,1280,102,159
800,1600,1281,102,159
800,1600,1282,102,160
800,1600,1283,102,160
800,1600,1284,102,160
800,1600,1285,102,160
800,1600,1286,102,160
800,1600,1287,103,160
800,1600,1288,103,160
800,1600,1289,103,160
800,1600,1290,103,160
800,1600,1291,103,161
800,1600,1292,103,161
800,1600,1293,103,161
800,1600,1294,103,161
800,1600,1295,103,161
800,1600,1296,103,161
800,1600,1297,103,161
800,1600,1298,103,161
800,1600,1299,104,161
800,1600,1300,104,162
800,1600,1301,104,162
800,1600,1302,104,162
800,1600,1303,104,162
800,1600,1304,104,162
800,1600,1305,104,162
800,1600,1306,104,162
800,1600,1307,104,162
800,1600,1308,104,162
800,1600,1309,104,163
800,1600,1310,105,163
800,1600,1311,105,163
800,1600,1312,105,163
800,1600,1313,105,163
800,1600,1314,105,163
800,1600,1315,105,163
800,1600,1316,105,163
800,1600,1317,105,164
800,1600,1318,105,164
800,1600,1319,105,164
800,1600,1320,105,164
800,1600,1321,106,164
800,1600,1322,106,164
800,1600,1323,106,164
800,1600,1324,106,164
800,1600,1325,106,164
800,1600,1326,106,165
800,1600,1327,106,165
800,1600,1328,106,165
800,1600,1329,106,165
800,1600,1330,106,165
800,1600,1331,106,165
800,1600,1332,107,165
800,1600,1333,107,165
800,1600,1334,107,165
800,1600,1335,107,166
800,1600,1336,107,166
800,1600,1337,107,166
800,1600,1338,107,166
800,1600,1339,107,166
800,1600,1340,107,166
800,1600,1341,107,166
800,1600,1342,107,166
800,1600,1343,108,166
800,1600,1344,108,167
800,1600,1345,108,167
800,1600,1346,108,167
800,1600,1347,108,167
800,1600,1348,108,167
800,1600,1349,108,167
800,1600,1350,108,167
800,1600,1351,108,167
800,1600,1352,108,167
800,1600,1353,108,168
800,1600,1354,108,168
800,1600,1355,109,168
800,1600,1356,109,168
800,1600,1357,109,168
800,1600,1358,109,168
800,1600,1359,109,168
800,1600,1360,109,168
800,1600,1361,109,168
800,1600,1362,109,169
800,1600,1363,109,169
800,1600,1364,109,169
800,1600,1365,109,169
800,1600,1366,110,169
800,1600,1367,110,169
800,1600,1368,110,169
800,1600,1369,110,169
800,1600,1370,110,169
800,1600,1371,110,170
800,1600,1372,110,170
800,1600,1373,110,170
800,1600,1374,110,170
800,1600,1375,110,170
800,1600,1376,110,170
800,1600,1377,111,170
800,1600,1378,111,170
800,1600,1379,111,170
800,1600,1380,111,171
800,1600,1381,111,171
800,1600,1382,111,171
800,1600,1383,111,171
800,1600,1384,111,171
800,1600,1385,111,171
800,1600,1386,111,171
800,1600,1387,111,171
800,1600,1388,112,171
800,1600,1389,112,172
800,1600,1390,112,172
800,1600,1391,112,172
800,1600,1392,112,172
800,1600,1393,112,172
800,1600,1394,112,172
800,1600,1395,112,172
800,1600,1396,112,172
800,1600,1397,112,172
800,1600,1398,112,173
800,1600,1399,113,173
800,1600,1400,113,173
800,1600,1401,113,173
800,1600,1402,113,173
800,1600,1403,113,173
800,1600,1404,113,173
800,1600,1405,113,173
800,1600,1406,113,173
800,1600,1407,113,174
800,1600,1408,113,174
800,1600,1409,113,174
800,1600,1410,113,174
800,1600,1411,114,174
800,1600,1412,114,174
800,1600,1413,114,174
800,1600,1414,114,174
800,1600,1415,114,174
800,1600,1416,114,175
800,1600,1417,114,175
800,1600,1418,114,175
800,1600,1419,114,175
800,1600,1420,114,175
800,1600,1421,114,175
800,1600,1422,115,175
800,1600,1423,115,175
800,1600,1424,115,175
800,1600,1425,115,176
800,1600,1426,115,176
800,1600,1427,115,176
800,1600,1428,115,176
800,1600,1429,115,176
800,1600,1430,115,176
800,1600,1431,115,176
800,1600,1432,115,176
800,1600,1433,116,176
800,1600,1434,116,177
800,1600,1435,116,177
800,1600,1436,116,177
800,1600,1437,116,177
800,1600,1438,116,177
800,1600,1439,116,177
800,1600,1440,116,177
800,1600,1441,116,177
800,1600,1442,116,177
800,1600,1443,116,178
800,1600,1444,117,178
800,1600,1445,117,178
800,1600,1446,117,178
800,1600,1447,117,178
800,1600,1448,117,178
800,1600,1449,117,178
800,1600,1450,117,178
800,1600,1451,117,178
800,1600,1452,117,179
800,1600,1453,117,179
800,1600,1454,117,179
800,1600,1455,118,179
800,1600,1456,118,179
800,1600,1457,118,179
800,1600,1458,118,179
800,1600,1459,118,179
800,1600,1460,118,179
800,1600,1461,118,180
800,1600,1462,118,180
800,1600,1463,118,180
800,1600,1464,118,180
800,1600,1465,118,180
800,1600,1466,119,180
800,1600,1467,119,180
800,1600,1468,119,180
800,1600,1469,119,180
800,1600,1470,119,181
800,1600,1471,119,181
800,1600,1472,119,181
800,1600,1473,119,181
800,1600,1474,119,181
800,1600,1475,119,181
800,1600,1476,119,181
800,1600,1477,120,181
800,1600,1478,120,181
800,1600,1479,120,182
800,1600,1480,120,182
800,1600,1481,120,182
800,1600,1482,120,182
800,1600,1483,120,182
800,1600,1484,120,182
800,1600,1485,120,182
800,1600,1486,120,182
800,1600,1487,120,182
800,1600,1488,120,183
800,1600,1489,121,183
800,1600,1490,121,183
800,1600,1491,121,183
800,1600,1492,121,183
800,1600,1493,121,183
800,1600,1494,121,183
800,1600,1495,121,183
800,1600,1496,121,183
800,1600,1497,121,184
800,1600,1498,121,184
800,1600,1499,121,184
800,1600,1500,122,184
800,1600,1501,122,184
800,1600,1502,122,184
800,1600,1503,122,184
800,1600,1504,122,184
800,1600,1505,122,184
800,1600,1506,122,185
800,1600,1507,122,185
800,1600,1508,122,185
800,1600,1509,122,185
800,1600,1510,122,185
800,1600,1511,123,185
800,1600,1512,123,185
800,1600,1513,123,185
800,1600,1514,123,185
800,1600,1515,123,186
800,1600,1516,123,186
800,1600,1517,123,186
800,1600,1518,123,186
800,1600,1519,123,186
800,1600,1520,123,186
800,1600,1521,123,186
800,1600,1522,124,186
800,1600,1523,124,186
800,1600,1524,124,187
800,1600,1525,124,187
800,1600,1526,124,187
800,1600,1527,124,187
800,1600,1528,124,187
800,1600,1529,124,187
800,1600,1530,124,187
800,1600,1531,124,187
800,1600,1532,124,187
800,1600,1533,125,188
800,1600,1534,125,188
800,1600,1535,125,188
800,1600,1536,125,188
800,1600,1537,125,188
800,1600,1538,125,188
800,1600,1539,125,188
800,1600,1540,125,188
800,1600,1541,125,189
800,1600,1542,125,189
800,1600,1543,125,189
800,1600,1544,126,189
800,1600,1545,126,189
800,1600,1546,126,189
800,1600,1547,126,189
800,1600,1548,126,189
800,1600,1549,126,189
800,1600,1550,126,190
800,1600,1551,126,190
800,1600,1552,126,190
800,1600,1553,126,190
800,1600,1554,126,190
800,1600,1555,127,190
800,1600,1556,127,190
800,1600,1557,127,190
800,1600,1558,127,190
800,1600,1559,127,191
800,1600,1560,127,191
800,1600,1561,127,191
800,1600,1562,127,191
800,1600,1563,127,191
800,1600,1564,127,191
800,1600,1565,127,191
800,1600,1566,128,191
800,1600,1567,128,191
800,1600,1568,128,192
800,1600,1569,128,192
800,1600,1570,128,192
800,1600,1571,128,192
800,1600,1572,128,192
800,1600,1573,128,192
800,1600,1574,128,192
800,1600,1575,128,192
800,1600,1576,128,192
800,1600,1577,128,193
800,1600,1578,129,193
800,1600,1579,129,193
800,1600,1580,129,193
800,1600,1581,129,193
800,1600,1582,129,193
800,1600,1583,129,193
800,1600,1584,129,193
800,1600,1585,129,193
800,1600,1586,129,194
800,1600,1587,129,194
800,1600,1588,129,194
800,1600,1589,130,194
800,1600,1590,130,194
800,1600,1591,130,194
800,1600,1592,130,194
800,1600,1593,130,194
800,1600,1594,130,194
800,1600,1595,130,195
800,1600,1596,130,195
800,1600,1597,130,195
800,1600,1598,130,195
800,1600,1599,130,195
800,1600,1600,131,195
800,3200,1,,
800,3200,2,,
800,3200,3,,
800,3200,4,,
800,3200,5,,
800,3200,6,,
800,3200,7,,
800,3200,8,,
800,3200,9,,
800,3200,10,,10
800,3200,11,,10
800,3200,12,,10
800,3200,13,,10
800,3200,14,,10
800,3200,15,,11
800,3200,16,,11
800,3200,17,,11
800,3200,18,,11
800,3200,19,,11
800,3200,20,,11
800,3200,21,,11
800,3200,22,,12
800,3200,23,,12
800,3200,24,,12
800,3200,25,,12
800,3200,26,,12
800,3200,27,,12
800,3200,28,,12
800,3200,29,,12
800,3200,30,,13
800,3200,31,,13
800,3200,32,,13
800,3200,33,,13
800,3200,34,,13
800,3200,35,,13
800,3200,36,,13
800,3200,37,,14
800,3200,38,,14
800,3200,39,,14
800,3200,40,,14
800,3200,41,,14
800,3200,42,,14
800,3200,43,,14
800,3200,44,,14
800,3200,45,,15
800,3200,46,,15
800,3200,47,,15
800,3200,48,,15
800,3200,49,,15
800,3200,50,,15
800,3200,51,,15
800,3200,52,,15
800,3200,53,,16
800,3200,54,,16
800,3200,55,,16
800,3200,56,,16
800,3200,57,,16
800,3200,58,,16
800,3200,59,,16
800,3200,60,,17
800,3200,61,,17
800,3200,62,,17
800,3200,63,,17
800,3200,64,,17
800,3200,65,,17
800,3200,66,,17
800,3200,67,,17
800,3200,68,,18
800,3200,69,,18
800,3200,70,,18
800,3200,71,,18
800,3200,72,,18
800,3200,73,,18
800,3200,74,,18
800,3200,75,,18
800,3200,76,,19
800,3200,77,,19
800,3200,78,,19
800,3200,79,,19
800,3200,80,,19
800,3200,81,,19
800,3200,82,,19
800,3200,83,,20
800,3200,84,0,20
800,3200,85,0,20
800,3200,86,0,20
800,3200,87,0,20
800,3200,88,0,20
800,3200,89,0,20
800,3200,90,0,20
800,3200,91,0,21
800,3200,92,0,21
800,3200,93,0,21
800,3200,94,0,21
800,3200,95,0,21
800,3200,96,0,21
800,3200,97,1,21
800,3200,98,1,21
800,3200,99,1,22
800,3200,100,1,22
800,3200,101,1,22
800,3200,102,1,22
800,3200,103,1,22
800,3200,104,1,22
800,3200,105,1,22
800,3200,106,1,22
800,3200,107,1,23
800,3200,108,1,23
800,3200,109,1,23
800,3200,110,2,23
800,3200,111,2,23
800,3200,112,2,23
800,3200,113,2,23
800,3200,114,2,23
800,3200,115,2,24
800,3200,116,2,24
800,3200,117,2,24
800,3200,118,2,24
800,3200,119,2,24
800,3200,120,2,24
800,3200,121,2,24
800,3200,122,2,24
800,3200,123,3,25
800,3200,124,3,25
800,3200,125,3,25
800,3200,126,3,25
800,3200,127,3,25
800,3200,128,3,25
800,3200,129,3,25
800,3200,130,3,25
800,3200,131,3,26
800,3200,132,3,26
800,3200,133,3,26
800,3200,134,3,26
800,3200,135,4,26
800,3200,136,4,26
800,3200,137,4,26
800,3200,138,4,26
800,3200,139,4,27
800,3200,140,4,27
800,3200,141,4,27
800,3200,142,4,27
800,3200,143,4,27
800,3200,144,4,27
800,3200,145,4,27
800,3200,146,4,28
800,3200,147,4,28
800,3200,148,5,28
800,3200,149,5,28
800,3200,150,5,28
800,3200,151,5,28
800,3200,152,5,28
800,3200,153,5,28
800,3200,154,5,29
800,3200,155,5,29
800,3200,156,5,29
800,3200,157,5,29
800,3200,158,5,29
800,3200,159,5,29
800,3200,160,6,29
800,3200,161,6,29
800,3200,162,6,30
800,3200,163,6,30
800,3200,164,6,30
800,3200,165,6,30
800,3200,166,6,30
800,3200,167,6,30
800,3200,168,6,30
800,3200,169,6,30
800,3200,170,6,30
800,3200,171,6,31
800,3200,172,6,31
800,3200,173,7,31
800,3200,174,7,31
800,3200,175,7,31
800,3200,176,7,31
800,3200,177,7,31
800,3200,178,7,31
800,3200,179,7,32
800,3200,180,7,32
800,3200,181,7,32
800,3200,182,7,32
800,3200,183,7,32
800,3200,184,7,32
800,3200,185,8,32
800,3200,186,8,32
800,3200,187,8,33
800,3200,188,8,33
800,3200,189,8,33
800,3200,190,8,33
800,3200,191,8,33
800,3200,192,8,33
800,3200,193,8,33
800,3200,194,8,33
800,3200,195,8,34
800,3200,196,8,34
800,3200,197,8,34
800,3200,198,9,34
800,3200,199,9,34
800,3200,200,9,34
800,3200,201,9,34
800,3200,202,9,34
800,3200,203,9,35
800,3200,204,9,35
800,3200,205,9,35
800,3200,206,9,35
800,3200,207,9,35
800,3200,208,9,35
800,3200,209,9,35
800,3200,210,10,35
800,3200,211,10,36
800,3200,212,10,36
800,3200,213,10,36
800,3200,214,10,36
800,3200,215,10,36
800,3200,216,10,36
800,3200,217,10,36
800,3200,218,10,36
800,3200,219,10,37
800,3200,220,10,37
800,3200,221,10,37
800,3200,222,11,37
800,3200,223,11,37
800,3200,224,11,37
800,3200,225,11,37
800,3200,226,11,37
800,3200,227,11,38
800,3200,228,11,38
800,3200,229,11,38
800,3200,230,11,38
800,3200,231,11,38
800,3200,232,11,38
800,3200,233,11,38
800,3200,234,11,38
800,3200,235,12,39
800,3200,236,12,39
800,3200,237,12,39
800,3200,238,12,39
800,3200,239,12,39
800,3200,240,12,39
800,3200,241,12,39
800,3200,242,12,39
800,3200,243,12,39
800,3200,244,12,40
800,3200,245,12,40
800,3200,246,12,40
800,3200,247,13,40
800,3200,248,13,40
800,3200,249,13,40
800,3200,250,13,40
800,3200,251,13,40
800,3200,252,13,41
800,3200,253,13,41
800,3200,254,13,41
800,3200,255,13,41
800,3200,256,13,41
800,3200,257,13,41
800,3200,258,13,41
800,3200,259,14,41
800,3200,260,14,42
800,3200,261,14,42
800,3200,262,14,42
800,3200,263,14,42
800,3200,264,14,42
800,3200,265,14,42
800,3200,266,14,42
800,3200,267,14,42
800,3200,268,14,43
800,3200,269,14,43
800,3200,270,14,43
800,3200,271,15,43
800,3200,272,15,43
800,3200,273,15,43
800,3200,274,15,43
800,3200,275,15,43
800,3200,276,15,44
800,3200,277,15,44
800,3200,278,15,44
800,3200,279,15,44
800,3200,280,15,44
800,3200,281,15,44
800,3200,282,15,44
800,3200,283,15,44
800,3200,284,16,44
800,3200,285,16,45
800,3200,286,16,45
800,3200,287,16,45
800,3200,288,16,45
800,3200,289,16,45
800,3200,290,16,45
800,3200,291,16,45
800,3200,292,16,45
800,3200,293,16,46
800,3200,294,16,46
800,3200,295,16,46
800,3200,296,17,46
800,3200,297,17,46
800,3200,298,17,46
800,3200,299,17,46
800,3200,300,17,46
800,3200,301,17,47
800,3200,302,17,47
800,3200,303,17,47
800,3200,304,17,47
800,3200,305,17,47
800,3200,306,17,47
800,3200,307,17,47
800,3200,308,18,47
800,3200,309,18,48
800,3200,310,18,48
800,3200,311,18,48
800,3200,312,18,48
800,3200,313,18,48
800,3200,314,18,48
800,3200,315,18,48
800,3200,316,18,48
800,3200,317,18,48
800,3200,318,18,49
800,3200,319,18,49
800,3200,320,19,49
800,3200,321,19,49
800,3200,322,19,49
800,3200,323,19,49
800,3200,324,19,49
800,3200,325,19,49
800,3200,326,19,50
800,3200,327,19,50
800,3200,328,19,50
800,3200,329,19,50
800,3200,330,19,50
800,3200,331,19,50
800,3200,332,20,50
800,3200,333,20,50
800,3200,334,20,51
800,3200,335,20,51
800,3200,336,20,51
800,3200,337,20,51
800,3200,338,20,51
800,3200,339,20,51
800,3200,340,20,51
800,3200,341,20,51
800,3200,342,20,51
800,3200,343,20,52
800,3200,344,21,52
800,3200,345,21,52
800,3200,346,21,52
800,3200,347,21,52
800,3200,348,21,52
800,3200,349,21,52
800,3200,350,21,52
800,3200,351,21,53
800,3200,352,21,53
800,3200,353,21,53
800,3200,354,21,53
800,3200,355,21,53
800,3200,356,22,53
800,3200,357,22,53
800,3200,358,22,53
800,3200,359,22,54
800,3200,360,22,54
800,3200,361,22,54
800,3200,362,22,54
800,3200,363,22,54
800,3200,364,22,54
800,3200,365,22,54
800,3200,366,22,54
800,3200,367,22,54
800,3200,368,23,55
800,3200,369,23,55
800,3200,370,23,55
800,3200,371,23,55
800,3200,372,23,55
800,3200,373,23,55
800,3200,374,23,55
800,3200,375,23,55
800,3200,376,23,56
800,3200,377,23,56
800,3200,378,23,56
800,3200,379,23,56
800,3200,380,24,56
800,3200,381,24,56
800,3200,382,24,56
800,3200,383,24,56
800,3200,384,24,56
800,3200,385,24,57
800,3200,386,24,57
800,3200,387,24,57
800,3200,388,24,57
800,3200,389,24,57
800,3200,390,24,57
800,3200,391,24,57
800,3200,392,25,57
800,3200,393,25,58
800,3200,394,25,58
800,3200,395,25,58
800,3200,396,25,58
800,3200,397,25,58
800,3200,398,25,58
800,3200,399,25,58
800,3200,400,25,58
800,3200,401,25,59
800,3200,402,25,59
800,3200,403,25,59
800,3200,404,26,59
800,3200,405,26,59
800,3200,406,26,59
800,3200,407,26,59
800,3200,408,26,59
800,3200,409,26,59
800,3200,410,26,60
800,3200,411,26,60
800,3200,412,26,60
800,3200,413,26,60
800,3200,414,26,60
800,3200,415,26,60
800,3200,416,27,60
800,3200,417,27,60
800,3200,418,27,61
800,3200,419,27,61
800,3200,420,27,61
800,3200,421,27,61
800,3200,422,27,61
800,3200,423,27,61
800,3200,424,27,61
800,3200,425,27,61
800,3200,426,27,61
800,3200,427,27,62
800,3200,428,28,62
800,3200,429,28,62
800,3200,430,28,62
800,3200,431,28,62
800,3200,432,28,62
800,3200,433,28,62
800,3200,434,28,62
800,3200,435,28,63
800,3200,436,28,63
800,3200,437,28,63
800,3200,438,28,63
800,3200,439,28,63
800,3200,440,29,63
800,3200,441,29,63
800,3200,442,29,63
800,3200,443,29,63
800,3200,444,29,64
800,3200,445,29,64
800,3200,446,29,64
800,3200,447,29,64
800,3200,448,29,64
800,3200,449,29,64
800,3200,450,29,64
800,3200,451,30,64
800,3200,452,30,65
800,3200,453,30,65
800,3200,454,30,65
800,3200,455,30,65
800,3200,456,30,65
800,3200,457,30,65
800,3200,458,30,65
800,3200,459,30,65
800,3200,460,30,65
800,3200,461,30,66
800,3200,462,30,66
800,3200,463,31,66
800,3200,464,31,66
800,3200,465,31,66
800,3200,466,31,66
800,3200,467,31,66
800,3200,468,31,66
800,3200,469,31,67
800,3200,470,31,67
800,3200,471,31,67
800,3200,472,31,67
800,3200,473,31,67
800,3200,474,31,67
800,3200,475,32,67
800,3200,476,32,67
800,3200,477,32,68
800,3200,478,32,68
800,3200,479,32,68
800,3200,480,32,68
800,3200,481,32,68
800,3200,482,32,68
800,3200,483,32,68
800,3200,484,32,68
800,3200,485,32,68
800,3200,486,32,69
800,3200,487,33,69
800,3200,488,33,69
800,3200,489,33,69
800,3200,490,33,69
800,3200,491,33,69
800,3200,492,33,69
800,3200,493,33,69
800,3200,494,33,70
800,3200,495,33,70
800,3200,496,33,70
800,3200,497,33,70
800,3200,498,33,70
800,3200,499,34,70
800,3200,500,34,70
800,3200,501,34,70
800,3200,502,34,70
800,3200,503,34,71
800,3200,504,34,71
800,3200,505,34,71
800,3200,506,34,71
800,3200,507,34,71
800,3200,508,34,71
800,3200,509,34,71
800,3200,510,35,71
800,3200,511,35,72
800,3200,512,35,72
800,3200,513,35,72
800,3200,514,35,72
800,3200,515,35,72
800,3200,516,35,72
800,3200,517,35,72
800,3200,518,35,72
800,3200,519,35,72
800,3200,520,35,73
800,3200,521,35,73
800,3200,522,36,73
800,3200,523,36,73
800,3200,524,36,73
800,3200,525,36,73
800,3200,526,36,73
800,3200,527,36,73
800,3200,528,36,73
800,3200,529,36,74
800,3200,530,36,74
800,3200,531,36,74
800,3200,532,36,74
800,3200,533,36,74
800,3200,534,37,74
800,3200,535,37,74
800,3200,536,37,74
800,3200,537,37,75
800,3200,538,37,75
800,3200,539,37,75
800,3200,540,37,75
800,3200,541,37,75
800,3200,542,37,75
800,3200,543,37,75
800,3200,544,37,75
800,3200,545,37,75
800,3200,546,38,76
800,3200,547,38,76
800,3200,548,38,76
800,3200,549,38,76
800,3200,550,38,76
800,3200,551,38,76
800,3200,552,38,76
800,3200,553,38,76
800,3200,554,38,77
800,3200,555,38,77
800,3200,556,38,77
800,3200,557,39,77
800,3200,558,39,77
800,3200,559,39,77
800,3200,560,39,77
800,3200,561,39,77
800,3200,562,39,77
800,3200,563,39,78
800,3200,564,39,78
800,3200,565,39,78
800,3200,566,39,78
800,3200,567,39,78
800,3200,568,39,78
800,3200,569,40,78
800,3200,570,40,78
800,3200,571,40,79
800,3200,572,40,79
800,3200,573,40,79
800,3200,574,40,79
800,3200,575,40,79
800,3200,576,40,79
800,3200,577,40,79
800,3200,578,40,79
800,3200,579,40,79
800,3200,580,40,80
800,3200,581,41,80
800,3200,582,41,80
800,3200,583,41,80
800,3200,584,41,80
800,3200,585,41,80
800,3200,586,41,80
800,3200,587,41,80
800,3200,588,41,81
800,3200,589,41,81
800,3200,590,41,81
800,3200,591,41,81
800,3200,592,42,81
800,3200,593,42,81
800,3200,594,42,81
800,3200,595,42,81
800,3200,596,42,81
800,3200,597,42,82
800,3200,598,42,82
800,3200,599,42,82
800,3200,600,42,82
800,3200,601,42,82
800,3200,602,42,82
800,3200,603,42,82
800,3200,604,43,82
800,3200,605,43,82
800,3200,606,43,83
800,3200,607,43,83
800,3200,608,43,83
800,3200,609,43,83
800,3200,610,43,83
800,3200,611,43,83
800,3200,612,43,83
800,3200,613,43,83
800,3200,614,43,84
800,3200,615,43,84
800,3200,616,44,84
800,3200,617,44,84
800,3200,618,44,84
800,3200,619,44,84
800,3200,620,44,84
800,3200,621,44,84
800,3200,622,44,84
800,3200,623,44,85
800,3200,624,44,85
800,3200,625,44,85
800,3200,626,44,85
800,3200,627,45,85
800,3200,628,45,85
800,3200,629,45,85
800,3200,630,45,85
800,3200,631,45,85
800,3200,632,45,86
800,3200,633,45,86
800,3200,634,45,86
800,3200,635,45,86
800,3200,636,45,86
800,3200,637,45,86
800,3200,638,45,86
800,3200,639,46,86
800,3200,640,46,87
800,3200,641,46,87
800,3200,642,46,87
800,3200,643,46,87
800,3200,644,46,87
800,3200,645,46,87
800,3200,646,46,87
800,3200,647,46,87
800,3200,648,46,87
800,3200,649,46,88
800,3200,650,47,88
800,3200,651,47,88
800,3200,652,47,88
800,3200,653,47,88
800,3200,654,47,88
800,3200,655,47,88
800,3200,656,47,88
800,3200,657,47,89
800,3200,658,47,89
800,3200,659,47,89
800,3200,660,47,89
800,3200,661,47,89
800,3200,662,48,89
800,3200,663,48,89
800,3200,664,48,89
800,3200,665,48,89
800,3200,666,48,90
800,3200,667,48,90
800,3200,668,48,90
800,3200,669,48,90
800,3200,670,48,90
800,3200,671,48,90
800,3200,672,48,90
800,3200,673,48,90
800,3200,674,49,90
800,3200,675,49,91
800,3200,676,49,91
800,3200,677,49,91
800,3200,678,49,91
800,3200,679,49,91
800,3200,680,49,91
800,3200,681,49,91
800,3200,682,49,91
800,3200,683,49,92
800,3200,684,49,92
800,3200,685,50,92
800,3200,686,50,92
800,3200,687,50,92
800,3200,688,50,92
800,3200,689,50,92
800,3200,690,50,92
800,3200,691,50,92
800,3200,692,50,93
800,3200,693,50,93
800,3200,694,50,93
800,3200,695,50,93
800,3200,696,50,93
800,3200,697,51,93
800,3200,698,51,93
800,3200,699,51,93
800,3200,700,51,93
800,3200,701,51,94
800,3200,702,51,94
800,3200,703,51,94
800,3200,704,51,94
800,3200,705,51,94
800,3200,706,51,94
800,3200,707,51,94
800,3200,708,52,94
800,3200,709,52,95
800,3200,710,52,95
800,3200,711,52,95
800,3200,712,52,95
800,3200,713,52,95
800,3200,714,52,95
800,3200,715,52,95
800,3200,716,52,95
800,3200,717,52,95
800,3200,718,52,96
800,3200,719,52,96
800,3200,720,53,96
800,3200,721,53,96
800,3200,722,53,96
800,3200,723,53,96
800,3200,724,53,96
800,3200,725,53,96
800,3200,726,53,96
800,3200,727,53,97
800,3200,728,53,97
800,3200,729,53,97
800,3200,730,53,97
800,3200,731,54,97
800,3200,732,54,97
800,3200,733,54,97
800,3200,734,54,97
800,3200,735,54,98
800,3200,736,54,98
800,3200,737,54,98
800,3200,738,54,98
800,3200,739,54,98
800,3200,740,54,98
800,3200,741,54,98
800,3200,742,54,98
800,3200,743,55,98
800,3200,744,55,99
800,3200,745,55,99
800,3200,746,55,99
800,3200,747,55,99
800,3200,748,55,99
800,3200,749,55,99
800,3200,750,55,99
800,3200,751,55,99
800,3200,752,55,99
800,3200,753,55,100
800,3200,754,56,100
800,3200,755,56,100
800,3200,756,56,100
800,3200,757,56,100
800,3200,758,56,100
800,3200,759,56,100
800,3200,760,56,100
800,3200,761,56,101
800,3200,762,56,101
800,3200,763,56,101
800,3200,764,56,101
800,3200,765,56,101
800,3200,766,57,101
800,3200,767,57,101
800,3200,768,57,101
800,3200,769,57,101
800,3200,770,57,102
800,3200,771,57,102
800,3200,772,57,102
800,3200,773,57,102
800,3200,774,57,102
800,3200,775,57,102
800,3200,776,57,102
800,3200,777,58,102
800,3200,778,58,102
800,3200,779,58,103
800,3200,780,58,103
800,3200,781,58,103
800,3200,782,58,103
800,3200,783,58,103
800,3200,784,58,103
800,3200,785,58,103
800,3200,786,58,103
800,3200,787,58,103
800,3200,788,58,104
800,3200,789,59,104
800,3200,790,59,104
800,3200,791,59,104
800,3200,792,59,104
800,3200,793,59,104
800,3200,794,59,104
800,3200,795,59,104
800,3200,796,59,105
800,3200,797,59,105
800,3200,798,59,105
800,3200,799,59,105
800,3200,800,60,105
800,3200,801,60,105
800,3200,802,60,105
800,3200,803,60,105
800,3200,804,60,105
800,3200,805,60,106
800,3200,806,60,106
800,3200,807,60,106
800,3200,808,60,106
800,3200,809,60,106
800,3200,810,60,106
800,3200,811,60,106
800,3200,812,61,106
800,3200,813,61,106
800,3200,814,61,107
800,3200,815,61,107
800,3200,816,61,107
800,3200,817,61,107
800,3200,818,61,107
800,3200,819,61,107
800,3200,820,61,107
800,3200,821,61,107
800,3200,822,61,108
800,3200,823,62,108
800,3200,824,62,108
800,3200,825,62,108
800,3200,826,62,108
800,3200,827,62,108
800,3200,828,62,108
800,3200,829,62,108
800,3200,830,62,108
800,3200,831,62,109
800,3200,832,62,109
800,3200,833,62,109
800,3200,834,62,109
800,3200,835,63,109
800,3200,836,63,109
800,3200,837,63,109
800,3200,838,63,109
800,3200,839,63,109
800,3200,840,63,110
800,3200,841,63,110
800,3200,842,63,110
800,3200,843,63,110
800,3200,844,63,110
800,3200,845,63,110
800,3200,846,64,110
800,3200,847,64,110
800,3200,848,64,110
800,3200,849,64,111
800,3200,850,64,111
800,3200,851,64,111
800,3200,852,64,111
800,3200,853,64,111
800,3200,854,64,111
800,3200,855,64,111
800,3200,856,64,111
800,3200,857,64,112
800,3200,858,65,112
800,3200,859,65,112
800,3200,860,65,112
800,3200,861,65,112
800,3200,862,65,112
800,3200,863,65,112
800,3200,864,65,112
800,3200,865,65,112
800,3200,866,65,113
800,3200,867,65,113
800,3200,868,65,113
800,3200,869,66,113
800,3200,870,66,113
800,3200,871,66,113
800,3200,872,66,113
800,3200,873,66,113
800,3200,874,66,113
800,3200,875,66,114
800,3200,876,66,114
800,3200,877,66,114
800,3200,878,66,114
800,3200,879,66,114
800,3200,880,66,114
800,3200,881,67,114
800,3200,882,67,114
800,3200,883,67,114
800,3200,884,67,115
800,3200,885,67,115
800,3200,886,67,115
800,3200,887,67,115
800,3200,888,67,115
800,3200,889,67,115
800,3200,890,67,115
800,3200,891,67,115
800,3200,892,68,116
800,3200,893,68,116
800,3200,894,68,116
800,3200,895,68,116
800,3200,896,68,116
800,3200,897,68,116
800,3200,898,68,116
800,3200,899,68,116
800,3200,900,68,116
800,3200,901,68,117
800,3200,902,68,117
800,3200,903,69,117
800,3200,904,69,117
800,3200,905,69,117
800,3200,906,69,117
800,3200,907,69,117
800,3200,908,69,117
800,3200,909,69,117
800,3200,910,69,118
800,3200,911,69,118
800,3200,912,69,118
800,3200,913,69,118
800,3200,914,69,118
800,3200,915,70,118
800,3200,916,70,118
800,3200,917,70,118
800,3200,918,70,118
800,3200,919,70,119
800,3200,920,70,119
800,3200,921,70,119
800,3200,922,70,119
800,3200,923,70,119
800,3200,924,70,119
800,3200,925,70,119
800,3200,926,71,119
800,3200,927,71,119
800,3200,928,71,120
800,3200,929,71,120
800,3200,930,71,120
800,3200,931,71,120
800,3200,932,71,120
800,3200,933,71,120
800,3200,934,71,120
800,3200,935,71,120
800,3200,936,71,121
800,3200,937,71,121
800,3200,938,72,121
800,3200,939,72,121
800,3200,940,72,121
800,3200,941,72,121
800,3200,942,72,121
800,3200,943,72,121
800,3200,944,72,121
800,3200,945,72,122
800,3200,946,72,122
800,3200,947,72,122
800,3200,948,72,122
800,3200,949,73,122
800,3200,950,73,122
800,3200,951,73,122
800,3200,952,73,122
800,3200,953,73,122
800,3200,954,73,123
800,3200,955,73,123
800,3200,956,73,123
800,3200,957,73,123
800,3200,958,73,123
800,3200,959,73,123
800,3200,960,74,123
800,3200,961,74,123
800,3200,962,74,123
800,3200,963,74,124
800,3200,964,74,124
800,3200,965,74,124
800,3200,966,74,124
800,3200,967,74,124
800,3200,968,74,124
800,3200,969,74,124
800,3200,970,74,124
800,3200,971,74,124
800,3200,972,75,125
800,3200,973,75,125
800,3200,974,75,125
800,3200,975,75,125
800,3200,976,75,125
800,3200,977,75,125
800,3200,978,75,125
800,3200,979,75,125
800,3200,980,75,126
800,3200,981,75,126
800,3200,982,75,126
800,3200,983,76,126
800,3200,984,76,126
800,3200,985,76,126
800,3200,986,76,126
800,3200,987,76,126
800,3200,988,76,126
800,3200,989,76,127
800,3200,990,76,127
800,3200,991,76,127
800,3200,992,76,127
800,3200,993,76,127
800,3200,994,77,127
800,3200,995,77,127
800,3200,996,77,127
800,3200,997,77,127
800,3200,998,77,128
800,3200,999,77,128
800,3200,1000,77,128
800,3200,1001,77,128
800,3200,1002,77,128
800,3200,1003,77,128
800,3200,1004,77,128
800,3200,1005,77,128
800,3200,1006,78,128
800,3200,1007,78,129
800,3200,1008,78,129
800,3200,1009,78,129
800,3200,1010,78,129
800,3200,1011,78,129
800,3200,1012,78,129
800,3200,1013,78,129
800,3200,1014,78,129
800,3200,1015,78,129
800,3200,1016,78,130
800,3200,1017,79,130
800,3200,1018,79,130
800,3200,1019,79,130
800,3200,1020,79,130
800,3200,1021,79,130
800,3200,1022,79,130
800,3200,1023,79,130
800,3200,1024,79,131
800,3200,1025,79,131
800,3200,1026,79,131
800,3200,1027,79,131
800,3200,1028,80,131
800,3200,1029,80,131
800,3200,1030,80,131
800,3200,1031,80,131
800,3200,1032,80,131
800,3200,1033,80,132
800,3200,1034,80,132
800,3200,1035,80,132
800,3200,1036,80,132
800,3200,1037,80,132
800,3200,1038,80,132
800,3200,1039,80,132
800,3200,1040,81,132
800,3200,1041,81,132
800,3200,1042,81,133
800,3200,1043,81,133
800,3200,1044,81,133
800,3200,1045,81,133
800,3200,1046,81,133
800,3200,1047,81,133
800,3200,1048,81,133
800,3200,1049,81,133
800,3200,1050,81,133
800,3200,1051,82,134
800,3200,1052,82,134
800,3200,1053,82,134
800,3200,1054,82,134
800,3200,1055,82,134
800,3200,1056,82,134
800,3200,1057,82,134
800,3200,1058,82,134
800,3200,1059,82,134
800,3200,1060,82,135
800,3200,1061,82,135
800,3200,1062,83,135
800,3200,1063,83,135
800,3200,1064,83,135
800,3200,1065,83,135
800,3200,1066,83,135
800,3200,1067,83,135
800,3200,1068,83,135
800,3200,1069,83,136
800,3200,1070,83,136
800,3200,1071,83,136
800,3200,1072,83,136
800,3200,1073,83,136
800,3200,1074,84,136
800,3200,1075,84,136
800,3200,1076,84,136
800,3200,1077,84,137
800,3200,1078,84,137
800,3200,1079,84,137
800,3200,1080,84,137
800,3200,1081,84,137
800,3200,1082,84,137
800,3200,1083,84,137
800,3200,1084,84,137
800,3200,1085,85,137
800,3200,1086,85,138
800,3200,1087,85,138
800,3200,1088,85,138
800,3200,1089,85,138
800,3200,1090,85,138
800,3200,1091,85,138
800,3200,1092,85,138
800,3200,1093,85,138
800,3200,1094,85,138
800,3200,1095,85,139
800,3200,1096,86,139
800,3200,1097,86,139
800,3200,1098,86,139
800,3200,1099,86,139
800,3200,1100,86,139
800,3200,1101,86,139
800,3200,1102,86,139
800,3200,1103,86,139
800,3200,1104,86,140
800,3200,1105,86,140
800,3200,1106,86,140
800,3200,1107,86,140
800,3200,1108,87,140
800,3200,1109,87,140
800,3200,1110,87,140
800,3200,1111,87,140
800,3200,1112,87,140
800,3200,1113,87,141
800,3200,1114,87,141
800,3200,1115,87,141
800,3200,1116,87,141
800,3200,1117,87,141
800,3200,1118,87,141
800,3200,1119,88,141
800,3200,1120,88,141
800,3200,1121,88,141
800,3200,1122,88,142
800,3200,1123,88,142
800,3200,1124,88,142
800,3200,1125,88,142
800,3200,1126,88,142
800,3200,1127,88,142
800,3200,1128,88,142
800,3200,1129,88,142
800,3200,1130,89,142
800,3200,1131,89,143
800,3200,1132,89,143
800,3200,1133,89,143
800,3200,1134,89,143
800,3200,1135,89,143
800,3200,1136,89,143
800,3200,1137,89,143
800,3200,1138,89,143
800,3200,1139,89,144
800,3200,1140,89,144
800,3200,1141,90,144
800,3200,1142,90,144
800,3200,1143,90,144
800,3200,1144,90,144
800,3200,1145,90,144
800,3200,1146,90,144
800,3200,1147,90,144
800,3200,1148,90,145
800,3200,1149,90,145
800,3200,1150,90,145
800,3200,1151,90,145
800,3200,1152,90,145
800,3200,1153,91,145
800,3200,1154,91,145
800,3200,1155,91,145
800,3200,1156,91,145
800,3200,1157,91,146
800,3200,1158,91,146
800,3200,1159,91,146
800,3200,1160,91,146
800,3200,1161,91,146
800,3200,1162,91,146
800,3200,1163,91,146
800,3200,1164,92,146
800,3200,1165,92,146
800,3200,1166,92,147
800,3200,1167,92,147
800,3200,1168,92,147
800,3200,1169,92,147
800,3200,1170,92,147
800,3200,1171,92,147
800,3200,1172,92,147
800,3200,1173,92,147
800,3200,1174,92,147
800,3200,1175,93,148
800,3200,1176,93,148
800,3200,1177,93,148
800,3200,1178,93,148
800,3200,1179,93,148
800,3200,1180,93,148
800,3200,1181,93,148
800,3200,1182,93,148
800,3200,1183,93,148
800,3200,1184,93,149
800,3200,1185,93,149
800,3200,1186,94,149
800,3200,1187,94,149
800,3200,1188,94,149
800,3200,1189,94,149
800,3200,1190,94,149
800,3200,1191,94,149
800,3200,1192,94,149
800,3200,1193,94,150
800,3200,1194,94,150
800,3200,1195,94,150
800,3200,1196,94,150
800,3200,1197,94,150
800,3200,1198,95,150
800,3200,1199,95,150
800,3200,1200,95,150
800,3200,1201,95,150
800,3200,1202,95,151
800,3200,1203,95,151
800,3200,1204,95,151
800,3200,1205,95,151
800,3200,1206,95,151
800,3200,1207,95,151
800,3200,1208,95,151
800,3200,1209,96,151
800,3200,1210,96,151
800,3200,1211,96,152
800,3200,1212,96,152
800,3200,1213,96,152
800,3200,1214,96,152
800,3200,1215,96,152
800,3200,1216,96,152
800,3200,1217,96,152
800,3200,1218,96,152
800,3200,1219,96,153
800,3200,1220,97,153
800,3200,1221,97,153
800,3200,1222,97,153
800,3200,1223,97,153
800,3200,1224,97,153
800,3200,1225,97,153
800,3200,1226,97,153
800,3200,1227,97,153
800,3200,1228,97,154
800,3200,1229,97,154
800,3200,1230,97,154
800,3200,1231,98,154
800,3200,1232,98,154
800,3200,1233,98,154
800,3200,1234,98,154
800,3200,1235,98,154
800,3200,1236,98,154
800,3200,1237,98,155
800,3200,1238,98,155
800,3200,1239,98,155
800,3200,1240,98,155
800,3200,1241,98,155
800,3200,1242,98,155
800,3200,1243,99,155
800,3200,1244,99,155
800,3200,1245,99,155
800,3200,1246,99,156
800,3200,1247,99,156
800,3200,1248,99,156
800,3200,1249,99,156
800,3200,1250,99,156
800,3200,1251,99,156
800,3200,1252,99,156
800,3200,1253,99,156
800,3200,1254,100,156
800,3200,1255,100,157
800,3200,1256,100,157
800,3200,1257,100,157
800,3200,1258,100,157
800,3200,1259,100,157
800,3200,1260,100,157
800,3200,1261,100,157
800,3200,1262,100,157
800,3200,1263,100,157
800,3200,1264,100,158
800,3200,1265,101,158
800,3200,1266,101,158
800,3200,1267,101,158
800,3200,1268,101,158
800,3200,1269,101,158
800,3200,1270,101,158
800,3200,1271,101,158
800,3200,1272,101,158
800,3200,1273,101,159
800,3200,1274,101,159
800,3200,1275,101,159
800,3200,1276,102,159
800,3200,1277,102,159
800,3200,1278,102,159
800,3200,1279,102,159
800,3200,1280,102,159
800,3200,1281,102,159
800,3200,1282,102,160
800,3200,1283,102,160
800,3200,1284,102,160
800,3200,1285,102,160
800,3200,1286,102,160
800,3200,1287,103,160
800,3200,1288,103,160
800,3200,1289,103,160
800,3200,1290,103,160
800,3200,1291,103,161
800,3200,1292,103,161
800,3200,1293,103,161
800,3200,1294,103,161
800,3200,1295,103,161
800,3200,1296,103,161
800,3200,1297,103,161
800,3200,1298,103,161
800,3200,1299,104,161
800,3200,1300,104,162
800,3200,1301,104,162
800,3200,1302,104,162
800,3200,1303,104,162
800,3200,1304,104,162
800,3200,1305,104,162
800,3200,1306,104,162
800,3200,1307,104,162
800,3200,1308,104,162
800,3200,1309,104,163
800,3200,1310,105,163
800,3200,1311,105,163
800,3200,1312,105,163
800,3200,1313,105,163
800,3200,1314,105,163
800,3200,1315,105,163
800,3200,1316,105,163
800,3200,1317,105,164
800,3200,1318,105,164
800,3200,1319,105,164
800,3200,1320,105,164
800,3200,1321,106,164
800,3200,1322,106,164
800,3200,1323,106,164
800,3200,1324,106,164
800,3200,1325,106,164
800,3200,1326,106,165
800,3200,1327,106,165
800,3200,1328,106,165
800,3200,1329,106,165
800,3200,1330,106,165
800,3200,1331,106,165
800,3200,1332,107,165
800,3200,1333,107,165
800,3200,1334,107,165
800,3200,1335,107,166
800,3200,1336,107,166
800,3200,1337,107,166
800,3200,1338,107,166
800,3200,1339,107,166
800,3200,1340,107,166
800,3200,1341,107,166
800,3200,1342,107,166
800,3200,1343,108,166
800,3200,1344,108,167
800,3200,1345,108,167
800,3200,1346,108,167
800,3200,1347,108,167
800,3200,1348,108,167
800,3200,1349,108,167
800,3200,1350,108,167
800,3200,1351,108,167
800,3200,1352,108,167
800,3200,1353,108,168
800,3200,1354,108,168
800,3200,1355,109,168
800,3200,1356,109,168
800,3200,1357,109,168
800,3200,1358,109,168
800,3200,1359,109,168
800,3200,1360,109,168
800,3200,1361,109,168
800,3200,1362,109,169
800,3200,1363,109,169
800,3200,1364,109,169
800,3200,1365,109,169
800,3200,1366,110,169
800,3200,1367,110,169
800,3200,1368,110,169
800,3200,1369,110,169
800,3200,1370,110,169
800,3200,1371,110,170
800,3200,1372,110,170
800,3200,1373,110,170
800,3200,1374,110,170
800,3200,1375,110,170
800,3200,1376,110,170
800,3200,1377,111,170
800,3200,1378,111,170
800,3200,1379,111,170
800,3200,1380,111,171
800,3200,1381,111,171
800,3200,1382,111,171
800,3200,1383,111,171
800,3200,1384,111,171
800,3200,1385,111,171
800,3200,1386,111,171
800,3200,1387,111,171
800,3200,1388,112,171
800,3200,1389,112,172
800,3200,1390,112,172
800,3200,1391,112,172
800,3200,1392,112,172
800,3200,1393,112,172
800,3200,1394,112,172
800,3200,1395,112,172
800,3200,1396,112,172
800,3200,1397,112,172
800,3200,1398,112,173
800,3200,1399,113,173
800,3200,1400,113,173
800,3200,1401,113,173
800,3200,1402,113,173
800,3200,1403,113,173
800,3200,1404,113,173
800,3200,1405,113,173
800,3200,1406,113,173
800,3200,1407,113,174
800,3200,1408,113,174
800,3200,1409,113,174
800,3200,1410,113,174
800,3200,1411,114,174
800,3200,1412,114,174
800,3200,1413,114,174
800,3200,1414,114,174
800,3200,1415,114,174
800,3200,1416,114,175
800,3200,1417,114,175
800,3200,1418,114,175
800,3200,1419,114,175
800,3200,1420,114,175
800,3200,1421,114,175
800,3200,1422,115,175
800,3200,1423,115,175
800,3200,1424,115,175
800,3200,1425,115,176
800,3200,1426,115,176
800,3200,1427,115,176
800,3200,1428,115,176
800,3200,1429,115,176
800,3200,1430,115,176
800,3200,1431,115,176
800,3200,1432,115,176
800,3200,1433,116,176
800,3200,1434,116,177
800,3200,1435,116,177
800,3200,1436,116,177
800,3200,1437,116,177
800,3200,1438,116,177
800,3200,1439,116,177
800,3200,1440,116,177
800,3200,1441,116,177
800,3200,1442,116,177
800,3200,1443,116,178
800,3200,1444,117,178
800,3200,1445,117,178
800,3200,1446,117,178
800,3200,1447,117,178
800,3200,1448,117,178
800,3200,1449,117,178
800,3200,1450,117,178
800,3200,1451,117,178
800,3200,1452,117,179
800,3200,1453,117,179
800,3200,1454,117,179
800,3200,1455,118,179
800,3200,1456,118,179
800,3200,1457,118,179
800,3200,1458,118,179
800,3200,1459,118,179
800,3200,1460,118,179
800,3200,1461,118,180
800,3200,1462,118,180
800,3200,1463,118,180
800,3200,1464,118,180
800,3200,1465,118,180
800,3200,1466,119,180
800,3200,1467,119,180
800,3200,1468,119,180
800,3200,1469,119,180
800,3200,1470,119,181
800,3200,1471,119,181
800,3200,1472,119,181
800,3200,1473,119,181
800,3200,1474,119,181
800,3200,1475,119,181
800,3200,1476,119,181
800,3200,1477,120,181
800,3200,1478,120,181
800,3200,1479,120,182
800,3200,1480,120,182
800,3200,1481,120,182
800,3200,1482,120,182
800,3200,1483,120,182
800,3200,1484,120,182
800,3200,1485,120,182
800,3200,1486,120,182
800,3200,1487,120,182
800,3200,1488,120,183
800,3200,1489,121,183
800,3200,1490,121,183
800,3200,1491,121,183
800,3200,1492,121,183
800,3200,1493,121,183
800,3200,1494,121,183
800,3200,1495,121,183
800,3200,1496,121,183
800,3200,1497,121,184
800,3200,1498,121,184
800,3200,1499,121,184
800,3200,1500,122,184
800,3200,1501,122,184
800,3200,1502,122,184
800,3200,1503,122,184
800,3200,1504,122,184
800,3200,1505,122,184
800,3200,1506,122,185
800,3200,1507,122,185
800,3200,1508,122,185
800,3200,1509,122,185
800,3200,1510,122,185
800,3200,1511,123,185
800,3200,1512,123,185
800,3200,1513,123,185
800,3200,1514,123,185
800,3200,1515,123,186
800,3200,1516,123,186
800,3200,1517,123,186
800,3200,1518,123,186
800,3200,1519,123,186
800,3200,1520,123,186
800,3200,1521,123,186
800,3200,1522,124,186
800,3200,1523,124,186
800,3200,1524,124,187
800,3200,1525,124,187
800,3200,1526,124,187
800,3200,1527,124,187
800,3200,1528,124,187
800,3200,1529,124,187
800,3200,1530,124,187
800,3200,1531,124,187
800,3200,1532,124,187
800,3200,1533,125,188
800,3200,1534,125,188
800,3200,1535,125,188
800,3200,1536,125,188
800,3200,1537,125,188
800,3200,1538,125,188
800,3200,1539,125,188
800,3200,1540,125,188
800,3200,1541,125,189
800,3200,1542,125,189
800,3200,1543,125,189
800,3200,1544,126,189
800,3200,1545,126,189
800,3200,1546,126,189
800,3200,1547,126,189
800,3200,1548,126,189
800,3200,1549,126,189
800,3200,1550,126,190
800,3200,1551,126,190
800,3200,1552,126,190
800,3200,1553,126,190
800,3200,1554,126,190
800,3200,1555,127,190
800,3200,1556,127,190
800,3200,1557,127,190
800,3200,1558,127,190
800,3200,1559,127,191
800,3200,1560,127,191
800,3200,1561,127,191
800,3200,1562,127,191
800,3200,1563,127,191
800,3200,1564,127,191
800,3200,1565,127,191
800,3200,1566,128,191
800,3200,1567,128,191
800,3200,1568,128,192
800,3200,1569,128,192
800,3200,1570,128,192
800,3200,1571,128,192
800,3200,1572,128,192
800,3200,1573,128,192
800,3200,1574,128,192
800,3200,1575,128,192
800,3200,1576,128,192
800,3200,1577,128,193
800,3200,1578,129,193
800,3200,1579,129,193
800,3200,1580,129,193
800,3200,1581,129,193
800,3200,1582,129,193
800,3200,1583,129,193
800,3200,1584,129,193
800,3200,1585,129,193
800,3200,1586,129,194
800,3200,1587,129,194
800,3200,1588,129,194
800,3200,1589,130,194
800,3200,1590,130,194
800,3200,1591,130,194
800,3200,1592,130,194
800,3200,1593,130,194
800,3200,1594,130,194
800,3200,1595,130,195
800,3200,1596,130,195
800,3200,1597,130,195
800,3200,1598,130,195
800,3200,1599,130,195
800,3200,1600,131,195
800,3200,1601,131,195
800,3200,1602,131,195
800,3200,1603,131,195
800,3200,1604,131,196
800,3200,1605,131,196
800,3200,1606,131,196
800,3200,1607,131,196
800,3200,1608,131,196
800,3200,1609,131,196
800,3200,1610,131,196
800,3200,1611,132,196
800,3200,1612,132,196
800,3200,1613,132,197
800,3200,1614,132,197
800,3200,1615,132,197
800,3200,1616,132,197
800,3200,1617,132,197
800,3200,1618,132,197
800,3200,1619,132,197
800,3200,1620,132,197
800,3200,1621,132,197
800,3200,1622,133,198
800,3200,1623,133,198
800,3200,1624,133,198
800,3200,1625,133,198
800,3200,1626,133,198
800,3200,1627,133,198
800,3200,1628,133,198
800,3200,1629,133,198
800,3200,1630,133,198
800,3200,1631,133,199
800,3200,1632,133,199
800,3200,1633,134,199
800,3200,1634,134,199
800,3200,1635,134,199
800,3200,1636,134,199
800,3200,1637,134,199
800,3200,1638,134,199
800,3200,1639,134,199
800,3200,1640,134,199
800,3200,1641,134,200
800,3200,1642,134,200
800,3200,1643,134,200
800,3200,1644,135,200
800,3200,1645,135,200
800,3200,1646,135,200
800,3200,1647,135,200
800,3200,1648,135,200
800,3200,1649,135,200
800,3200,1650,135,201
800,3200,1651,135,201
800,3200,1652,135,201
800,3200,1653,135,201
800,3200,1654,135,201
800,3200,1655,136,201
800,3200,1656,136,201
800,3200,1657,136,201
800,3200,1658,136,201
800,3200,1659,136,202
800,3200,1660,136,202
800,3200,1661,136,202
800,3200,1662,136,202
800,3200,1663,136,202
800,3200,1664,136,202
800,3200,1665,136,202
800,3200,1666,137,202
800,3200,1667,137,202
800,3200,1668,137,203
800,3200,1669,137,203
800,3200,1670,137,203
800,3200,1671,137,203
800,3200,1672,137,203
800,3200,1673,137,203
800,3200,1674,137,203
800,3200,1675,137,203
800,3200,1676,137,203
800,3200,1677,138,204
800,3200,1678,138,204
800,3200,1679,138,204
800,3200,1680,138,204
800,3200,1681,138,204
800,3200,1682,138,204
800,3200,1683,138,204
800,3200,1684,138,204
800,3200,1685,138,204
800,3200,1686,138,205
800,3200,1687,138,205
800,3200,1688,139,205
800,3200,1689,139,205
800,3200,1690,139,205
800,3200,1691,139,205
800,3200,1692,139,205
800,3200,1693,139,205
800,3200,1694,139,205
800,3200,1695,139,206
800,3200,1696,139,206
800,3200,1697,139,206
800,3200,1698,139,206
800,3200,1699,139,206
800,3200,1700,140,206
800,3200,1701,140,206
800,3200,1702,140,206
800,3200,1703,140,206
800,3200,1704,140,207
800,3200,1705,140,207
800,3200,1706,140,207
800,3200,1707,140,207
800,3200,1708,140,207
800,3200,1709,140,207
800,3200,1710,140,207
800,3200,1711,141,207
800,3200,1712,141,207
800,3200,1713,141,208
800,3200,1714,141,208
800,3200,1715,141,208
800,3200,1716,141,208
800,3200,1717,141,208
800,3200,1718,141,208
800,3200,1719,141,208
800,3200,1720,141,208
800,3200,1721,141,208
800,3200,1722,142,209
800,3200,1723,142,209
800,3200,1724,142,209
800,3200,1725,142,209
800,3200,1726,142,209
800,3200,1727,142,209
800,3200,1728,142,209
800,3200,1729,142,209
800,3200,1730,142,209
800,3200,1731,142,210
800,3200,1732,142,210
800,3200,1733,143,210
800,3200,1734,143,210
800,3200,1735,143,210
800,3200,1736,143,210
800,3200,1737,143,210
800,3200,1738,143,210
800,3200,1739,143,210
800,3200,1740,143,211
800,3200,1741,143,211
800,3200,1742,143,211
800,3200,1743,143,211
800,3200,1744,144,211
800,3200,1745,144,211
800,3200,1746,144,211
800,3200,1747,144,211
800,3200,1748,144,211
800,3200,1749,144,212
800,3200,1750,144,212
800,3200,1751,144,212
800,3200,1752,144,212
800,3200,1753,144,212
800,3200,1754,144,212
800,3200,1755,145,212
800,3200,1756,145,212
800,3200,1757,145,212
800,3200,1758,145,213
800,3200,1759,145,213
800,3200,1760,145,213
800,3200,1761,145,213
800,3200,1762,145,213
800,3200,1763,145,213
800,3200,1764,145,213
800,3200,1765,145,213
800,3200,1766,146,213
800,3200,1767,146,214
800,3200,1768,146,214
800,3200,1769,146,214
800,3200,1770,146,214
800,3200,1771,146,214
800,3200,1772,146,214
800,3200,1773,146,214
800,3200,1774,146,214
800,3200,1775,146,214
800,3200,1776,146,215
800,3200,1777,147,215
800,3200,1778,147,215
800,3200,1779,147,215
800,3200,1780,147,215
800,3200,1781,147,215
800,3200,1782,147,215
800,3200,1783,147,215
800,3200,1784,147,215
800,3200,1785,147,216
800,3200,1786,147,216
800,3200,1787,147,216
800,3200,1788,148,216
800,3200,1789,148,216
800,3200,1790,148,216
800,3200,1791,148,216
800,3200,1792,148,216
800,3200,1793,148,216
800,3200,1794,148,217
800,3200,1795,148,217
800,3200,1796,148,217
800,3200,1797,148,217
800,3200,1798,148,217
800,3200,1799,149,217
800,3200,1800,149,217
800,3200,1801,149,217
800,3200,1802,149,217
800,3200,1803,149,218
800,3200,1804,149,218
800,3200,1805,149,218
800,3200,1806,149,218
800,3200,1807,149,218
800,3200,1808,149,218
800,3200,1809,149,218
800,3200,1810,150,218
800,3200,1811,150,218
800,3200,1812,150,219
800,3200,1813,150,219
800,3200,1814,150,219
800,3200,1815,150,219
800,3200,1816,150,219
800,3200,1817,150,219
800,3200,1818,150,219
800,3200,1819,150,219
800,3200,1820,150,219
800,3200,1821,151,220
800,3200,1822,151,220
800,3200,1823,151,220
800,3200,1824,151,220
800,3200,1825,151,220
800,3200,1826,151,220
800,3200,1827,151,220
800,3200,1828,151,220
800,3200,1829,151,220
800,3200,1830,151,221
800,3200,1831,151,221
800,3200,1832,152,221
800,3200,1833,152,221
800,3200,1834,152,221
800,3200,1835,152,221
800,3200,1836,152,221
800,3200,1837,152,221
800,3200,1838,152,221
800,3200,1839,152,222
800,3200,1840,152,222
800,3200,1841,152,222
800,3200,1842,152,222
800,3200,1843,153,222
800,3200,1844,153,222
800,3200,1845,153,222
800,3200,1846,153,222
800,3200,1847,153,222
800,3200,1848,153,223
800,3200,1849,153,223
800,3200,1850,153,223
800,3200,1851,153,223
800,3200,1852,153,223
800,3200,1853,153,223
800,3200,1854,154,223
800,3200,1855,154,223
800,3200,1856,154,223
800,3200,1857,154,224
800,3200,1858,154,224
800,3200,1859,154,224
800,3200,1860,154,224
800,3200,1861,154,224
800,3200,1862,154,224
800,3200,1863,154,224
800,3200,1864,154,224
800,3200,1865,155,224
800,3200,1866,155,225
800,3200,1867,155,225
800,3200,1868,155,225
800,3200,1869,155,225
800,3200,1870,155,225
800,3200,1871,155,225
800,3200,1872,155,225
800,3200,1873,155,225
800,3200,1874,155,225
800,3200,1875,155,225
800,3200,1876,156,226
800,3200,1877,156,226
800,3200,1878,156,226
800,3200,1879,156,226
800,3200,1880,156,226
800,3200,1881,156,226
800,3200,1882,156,226
800,3200,1883,156,226
800,3200,1884,156,226
800,3200,1885,156,227
800,3200,1886,156,227
800,3200,1887,157,227
800,3200,1888,157,227
800,3200,1889,157,227
800,3200,1890,157,227
800,3200,1891,157,227
800,3200,1892,157,227
800,3200,1893,157,227
800,3200,1894,157,228
800,3200,1895,157,228
800,3200,1896,157,228
800,3200,1897,157,228
800,3200,1898,158,228
800,3200,1899,158,228
800,3200,1900,158,228
800,3200,1901,158,228
800,3200,1902,158,228
800,3200,1903,158,229
800,3200,1904,158,229
800,3200,1905,158,229
800,3200,1906,158,229
800,3200,1907,158,229
800,3200,1908,158,229
800,3200,1909,159,229
800,3200,1910,159,229
800,3200,1911,159,229
800,3200,1912,159,230
800,3200,1913,159,230
800,3200,1914,159,230
800,3200,1915,159,230
800,3200,1916,159,230
800,3200,1917,159,230
800,3200,1918,159,230
800,3200,1919,159,230
800,3200,1920,160,230
800,3200,1921,160,231
800,3200,1922,160,231
800,3200,1923,160,231
800,3200,1924,160,231
800,3200,1925,160,231
800,3200,1926,160,231
800,3200,1927,160,231
800,3200,1928,160,231
800,3200,1929,160,231
800,3200,1930,160,232
800,3200,1931,161,232
800,3200,1932,161,232
800,3200,1933,161,232
800,3200,1934,161,232
800,3200,1935,161,232
800,3200,1936,161,232
800,3200,1937,161,232
800,3200,1938,161,232
800,3200,1939,161,233
800,3200,1940,161,233
800,3200,1941,161,233
800,3200,1942,162,233
800,3200,1943,162,233
800,3200,1944,162,233
800,3200,1945,162,233
800,3200,1946,162,233
800,3200,1947,162,233
800,3200,1948,162,234
800,3200,1949,162,234
800,3200,1950,162,234
800,3200,1951,162,234
800,3200,1952,162,234
800,3200,1953,163,234
800,3200,1954,163,234
800,3200,1955,163,234
800,3200,1956,163,234
800,3200,1957,163,235
800,3200,1958,163,235
800,3200,1959,163,235
800,3200,1960,163,235
800,3200,1961,163,235
800,3200,1962,163,235
800,3200,1963,163,235
800,3200,1964,164,235
800,3200,1965,164,235
800,3200,1966,164,236
800,3200,1967,164,236
800,3200,1968,164,236
800,3200,1969,164,236
800,3200,1970,164,236
800,3200,1971,164,236
800,3200,1972,164,236
800,3200,1973,164,236
800,3200,1974,164,236
800,3200,1975,165,237
800,3200,1976,165,237
800,3200,1977,165,237
800,3200,1978,165,237
800,3200,1979,165,237
800,3200,1980,165,237
800,3200,1981,165,237
800,3200,1982,165,237
800,3200,1983,165,237
800,3200,1984,165,238
800,3200,1985,165,238
800,3200,1986,166,238
800,3200,1987,166,238
800,3200,1988,166,238
800,3200,1989,166,238
800,3200,1990,166,238
800,3200,1991,166,238
800,3200,1992,166,238
800,3200,1993,166,239
800,3200,1994,166,239
800,3200,1995,166,239
800,3200,1996,166,239
800,3200,1997,167,239
800,3200,1998,167,239
800,3200,1999,167,239
800,3200,2000,167,239
800,3200,2001,167,239
800,3200,2002,167,239
800,3200,2003,167,240
800,3200,2004,167,240
800,3200,2005,167,240
800,3200,2006,167,240
800,3200,2007,167,240
800,3200,2008,168,240
800,3200,2009,168,240
800,3200,2010,168,240
800,3200,2011,168,240
800,3200,2012,168,241
800,3200,2013,168,241
800,3200,2014,168,241
800,3200,2015,168,241
800,3200,2016,168,241
800,3200,2017,168,241
800,3200,2018,168,241
800,3200,2019,169,241
800,3200,2020,169,241
800,3200,2021,169,242
800,3200,2022,169,242
800,3200,2023,169,242
800,3200,2024,169,242
800,3200,2025,169,242
800,3200,2026,169,242
800,3200,2027,169,242
800,3200,2028,169,242
800,3200,2029,169,242
800,3200,2030,170,243
800,3200,2031,170,243
800,3200,2032,170,243
800,3200,2033,170,243
800,3200,2034,170,243
800,3200,2035,170,243
800,3200,2036,170,243
800,3200,2037,170,243
800,3200,2038,170,243
800,3200,2039,170,244
800,3200,2040,170,244
800,3200,2041,171,244
800,3200,2042,171,244
800,3200,2043,171,244
800,3200,2044,171,244
800,3200,2045,171,244
800,3200,2046,171,244
800,3200,2047,171,244
800,3200,2048,171,245
800,3200,2049,171,245
800,3200,2050,171,245
800,3200,2051,171,245
800,3200,2052,172,245
800,3200,2053,172,245
800,3200,2054,172,245
800,3200,2055,172,245
800,3200,2056,172,245
800,3200,2057,172,246
800,3200,2058,172,246
800,3200,2059,172,246
800,3200,2060,172,246
800,3200,2061,172,246
800,3200,2062,172,246
800,3200,2063,173,246
800,3200,2064,173,246
800,3200,2065,173,246
800,3200,2066,173,247
800,3200,2067,173,247
800,3200,2068,173,247
800,3200,2069,173,247
800,3200,2070,173,247
800,3200,2071,173,247
800,3200,2072,173,247
800,3200,2073,173,247
800,3200,2074,174,247
800,3200,2075,174,248
800,3200,2076,174,248
800,3200,2077,174,248
800,3200,2078,174,248
800,3200,2079,174,248
800,3200,2080,174,248
800,3200,2081,174,248
800,3200,2082,174,248
800,3200,2083,174,248
800,3200,2084,174,249
800,3200,2085,175,249
800,3200,2086,175,249
800,3200,2087,175,249
800,3200,2088,175,249
800,3200,2089,175,249
800,3200,2090,175,249
800,3200,2091,175,249
800,3200,2092,175,249
800,3200,2093,175,250
800,3200,2094,175,250
800,3200,2095,175,250
800,3200,2096,176,250
800,3200,2097,176,250
800,3200,2098,176,250
800,3200,2099,176,250
800,3200,2100,176,250
800,3200,2101,176,250
800,3200,2102,176,250
800,3200,2103,176,251
800,3200,2104,176,251
800,3200,2105,176,251
800,3200,2106,176,251
800,3200,2107,177,251
800,3200,2108,177,251
800,3200,2109,177,251
800,3200,2110,177,251
800,3200,2111,177,251
800,3200,2112,177,252
800,3200,2113,177,252
800,3200,2114,177,252
800,3200,2115,177,252
800,3200,2116,177,252
800,3200,2117,177,252
800,3200,2118,178,252
800,3200,2119,178,252
800,3200,2120,178,252
800,3200,2121,178,253
800,3200,2122,178,253
800,3200,2123,178,253
800,3200,2124,178,253
800,3200,2125,178,253
800,3200,2126,178,253
800,3200,2127,178,253
800,3200,2128,178,253
800,3200,2129,179,253
800,3200,2130,179,254
800,3200,2131,179,254
800,3200,2132,179,254
800,3200,2133,179,254
800,3200,2134,179,254
800,3200,2135,179,254
800,3200,2136,179,254
800,3200,2137,179,254
800,3200,2138,179,254
800,3200,2139,179,255
800,3200,2140,180,255
800,3200,2141,180,255
800,3200,2142,180,255
800,3200,2143,180,255
800,3200,2144,180,255
800,3200,2145,180,255
800,3200,2146,180,255
800,3200,2147,180,255
800,3200,2148,180,256
800,3200,2149,180,256
800,3200,2150,180,256
800,3200,2151,181,256
800,3200,2152,181,256
800,3200,2153,181,256
800,3200,2154,181,256
800,3200,2155,181,256
800,3200,2156,181,256
800,3200,2157,181,257
800,3200,2158,181,257
800,3200,2159,181,257
800,3200,2160,181,257
800,3200,2161,181,257
800,3200,2162,182,257
800,3200,2163,182,257
800,3200,2164,182,257
800,3200,2165,182,257
800,3200,2166,182,258
800,3200,2167,182,258
800,3200,2168,182,258
800,3200,2169,182,258
800,3200,2170,182,258
800,3200,2171,182,258
800,3200,2172,182,258
800,3200,2173,183,258
800,3200,2174,183,258
800,3200,2175,183,259
800,3200,2176,183,259
800,3200,2177,183,259
800,3200,2178,183,259
800,3200,2179,183,259
800,3200,2180,183,259
800,3200,2181,183,259
800,3200,2182,183,259
800,3200,2183,183,259
800,3200,2184,184,259
800,3200,2185,184,260
800,3200,2186,184,260
800,3200,2187,184,260
800,3200,2188,184,260
800,3200,2189,184,260
800,3200,2190,184,260
800,3200,2191,184,260
800,3200,2192,184,260
800,3200,2193,184,260
800,3200,2194,184,261
800,3200,2195,185,261
800,3200,2196,185,261
800,3200,2197,185,261
800,3200,2198,185,261
800,3200,2199,185,261
800,3200,2200,185,261
800,3200,2201,185,261
800,3200,2202,185,261
800,3200,2203,185,262
800,3200,2204,185,262
800,3200,2205,185,262
800,3200,2206,186,262
800,3200,2207,186,262
800,3200,2208,186,262
800,3200,2209,186,262
800,3200,2210,186,262
800,3200,2211,186,262
800,3200,2212,186,263
800,3200,2213,186,263
800,3200,2214,186,263
800,3200,2215,186,263
800,3200,2216,186,263
800,3200,2217,187,263
800,3200,2218,187,263
800,3200,2219,187,263
800,3200,2220,187,263
800,3200,2221,187,264
800,3200,2222,187,264
800,3200,2223,187,264
800,3200,2224,187,264
800,3200,2225,187,264
800,3200,2226,187,264
800,3200,2227,187,264
800,3200,2228,188,264
800,3200,2229,188,264
800,3200,2230,188,265
800,3200,2231,188,265
800,3200,2232,188,265
800,3200,2233,188,265
800,3200,2234,188,265
800,3200,2235,188,265
800,3200,2236,188,265
800,3200,2237,188,265
800,3200,2238,188,265
800,3200,2239,189,266
800,3200,2240,189,266
800,3200,2241,189,266
800,3200,2242,189,266
800,3200,2243,189,266
800,3200,2244,189,266
800,3200,2245,189,266
800,3200,2246,189,266
800,3200,2247,189,266
800,3200,2248,189,267
800,3200,2249,189,267
800,3200,2250,190,267
800,3200,2251,190,267
800,3200,2252,190,267
800,3200,2253,190,267
800,3200,2254,190,267
800,3200,2255,190,267
800,3200,2256,190,267
800,3200,2257,190,267
800,3200,2258,190,268
800,3200,2259,190,268
800,3200,2260,190,268
800,3200,2261,191,268
800,3200,2262,191,268
800,3200,2263,191,268
800,3200,2264,191,268
800,3200,2265,191,268
800,3200,2266,191,268
800,3200,2267,191,269
800,3200,2268,191,269
800,3200,2269,191,269
800,3200,2270,191,269
800,3200,2271,191,269
800,3200,2272,192,269
800,3200,2273,192,269
800,3200,2274,192,269
800,3200,2275,192,269
800,3200,2276,192,270
800,3200,2277,192,270
800,3200,2278,192,270
800,3200,2279,192,270
800,3200,2280,192,270
800,3200,2281,192,270
800,3200,2282,192,270
800,3200,2283,193,270
800,3200,2284,193,270
800,3200,2285,193,271
800,3200,2286,193,271
800,3200,2287,193,271
800,3200,2288,193,271
800,3200,2289,193,271
800,3200,2290,193,271
800,3200,2291,193,271
800,3200,2292,193,271
800,3200,2293,193,271
800,3200,2294,194,272
800,3200,2295,194,272
800,3200,2296,194,272
800,3200,2297,194,272
800,3200,2298,194,272
800,3200,2299,194,272
800,3200,2300,194,272
800,3200,2301,194,272
800,3200,2302,194,272
800,3200,2303,194,273
800,3200,2304,195,273
800,3200,2305,195,273
800,3200,2306,195,273
800,3200,2307,195,273
800,3200,2308,195,273
800,3200,2309,195,273
800,3200,2310,195,273
800,3200,2311,195,273
800,3200,2312,195,274
800,3200,2313,195,274
800,3200,2314,195,274
800,3200,2315,196,274
800,3200,2316,196,274
800,3200,2317,196,274
800,3200,2318,196,274
800,3200,2319,196,274
800,3200,2320,196,274
800,3200,2321,196,275
800,3200,2322,196,275
800,3200,2323,196,275
800,3200,2324,196,275
800,3200,2325,196,275
800,3200,2326,197,275
800,3200,2327,197,275
800,3200,2328,197,275
800,3200,2329,197,275
800,3200,2330,197,275
800,3200,2331,197,276
800,3200,2332,197,276
800,3200,2333,197,276
800,3200,2334,197,276
800,3200,2335,197,276
800,3200,2336,197,276
800,3200,2337,198,276
800,3200,2338,198,276
800,3200,2339,198,276
800,3200,2340,198,277
800,3200,2341,198,277
800,3200,2342,198,277
800,3200,2343,198,277
800,3200,2344,198,277
800,3200,2345,198,277
800,3200,2346,198,277
800,3200,2347,198,277
800,3200,2348,199,277
800,3200,2349,199,278
800,3200,2350,199,278
800,3200,2351,199,278
800,3200,2352,199,278
800,3200,2353,199,278
800,3200,2354,199,278
800,3200,2355,199,278
800,3200,2356,199,278
800,3200,2357,199,278
800,3200,2358,199,279
800,3200,2359,200,279
800,3200,2360,200,279
800,3200,2361,200,279
800,3200,2362,200,279
800,3200,2363,200,279
800,3200,2364,200,279
800,3200,2365,200,279
800,3200,2366,200,279
800,3200,2367,200,280
800,3200,2368,200,280
800,3200,2369,200,280
800,3200,2370,201,280
800,3200,2371,201,280
800,3200,2372,201,280
800,3200,2373,201,280
800,3200,2374,201,280
800,3200,2375,201,280
800,3200,2376,201,281
800,3200,2377,201,281
800,3200,2378,201,281
800,3200,2379,201,281
800,3200,2380,201,281
800,3200,2381,202,281
800,3200,2382,202,281
800,3200,2383,202,281
800,3200,2384,202,281
800,3200,2385,202,282
800,3200,2386,202,282
800,3200,2387,202,282
800,3200,2388,202,282
800,3200,2389,202,282
800,3200,2390,202,282
800,3200,2391,202,282
800,3200,2392,203,282
800,3200,2393,203,282
800,3200,2394,203,282
800,3200,2395,203,283
800,3200,2396,203,283
800,3200,2397,203,283
800,3200,2398,203,283
800,3200,2399,203,283
800,3200,2400,203,283
800,3200,2401,203,283
800,3200,2402,203,283
800,3200,2403,204,283
800,3200,2404,204,284
800,3200,2405,204,284
800,3200,2406,204,284
800,3200,2407,204,284
800,3200,2408,204,284
800,3200,2409,204,284
800,3200,2410,204,284
800,3200,2411,204,284
800,3200,2412,204,284
800,3200,2413,204,285
800,3200,2414,205,285
800,3200,2415,205,285
800,3200,2416,205,285
800,3200,2417,205,285
800,3200,2418,205,285
800,3200,2419,205,285
800,3200,2420,205,285
800,3200,2421,205,285
800,3200,2422,205,286
800,3200,2423,205,286
800,3200,2424,205,286
800,3200,2425,206,286
800,3200,2426,206,286
800,3200,2427,206,286
800,3200,2428,206,286
800,3200,2429,206,286
800,3200,2430,206,286
800,3200,2431,206,287
800,3200,2432,206,287
800,3200,2433,206,287
800,3200,2434,206,287
800,3200,2435,206,287
800,3200,2436,207,287
800,3200,2437,207,287
800,3200,2438,207,287
800,3200,2439,207,287
800,3200,2440,207,288
800,3200,2441,207,288
800,3200,2442,207,288
800,3200,2443,207,288
800,3200,2444,207,288
800,3200,2445,207,288
800,3200,2446,207,288
800,3200,2447,208,288
800,3200,2448,208,288
800,3200,2449,208,289
800,3200,2450,208,289
800,3200,2451,208,289
800,3200,2452,208,289
800,3200,2453,208,289
800,3200,2454,208,289
800,3200,2455,208,289
800,3200,2456,208,289
800,3200,2457,209,289
800,3200,2458,209,289
800,3200,2459,209,290
800,3200,2460,209,290
800,3200,2461,209,290
800,3200,2462,209,290
800,3200,2463,209,290
800,3200,2464,209,290
800,3200,2465,209,290
800,3200,2466,209,290
800,3200,2467,209,290
800,3200,2468,210,291
800,3200,2469,210,291
800,3200,2470,210,291
800,3200,2471,210,291
800,3200,2472,210,291
800,3200,2473,210,291
800,3200,2474,210,291
800,3200,2475,210,291
800,3200,2476,210,291
800,3200,2477,210,292
800,3200,2478,210,292
800,3200,2479,211,292
800,3200,2480,211,292
800,3200,2481,211,292
800,3200,2482,211,292
800,3200,2483,211,292
800,3200,2484,211,292
800,3200,2485,211,292
800,3200,2486,211,293
800,3200,2487,211,293
800,3200,2488,211,293
800,3200,2489,211,293
800,3200,2490,212,293
800,3200,2491,212,293
800,3200,2492,212,293
800,3200,2493,212,293
800,3200,2494,212,293
800,3200,2495,212,294
800,3200,2496,212,294
800,3200,2497,212,294
800,3200,2498,212,294
800,3200,2499,212,294
800,3200,2500,212,294
800,3200,2501,213,294
800,3200,2502,213,294
800,3200,2503,213,294
800,3200,2504,213,295
800,3200,2505,213,295
800,3200,2506,213,295
800,3200,2507,213,295
800,3200,2508,213,295
800,3200,2509,213,295
800,3200,2510,213,295
800,3200,2511,213,295
800,3200,2512,214,295
800,3200,2513,214,295
800,3200,2514,214,296
800,3200,2515,214,296
800,3200,2516,214,296
800,3200,2517,214,296
800,3200,2518,214,296
800,3200,2519,214,296
800,3200,2520,214,296
800,3200,2521,214,296
800,3200,2522,214,296
800,3200,2523,215,297
800,3200,2524,215,297
800,3200,2525,215,297
800,3200,2526,215,297
800,3200,2527,215,297
800,3200,2528,215,297
800,3200,2529,215,297
800,3200,2530,215,297
800,3200,2531,215,297
800,3200,2532,215,298
800,3200,2533,215,298
800,3200,2534,216,298
800,3200,2535,216,298
800,3200,2536,216,298
800,3200,2537,216,298
800,3200,2538,216,298
800,3200,2539,216,298
800,3200,2540,216,298
800,3200,2541,216,299
800,3200,2542,216,299
800,3200,2543,216,299
800,3200,2544,216,299
800,3200,2545,217,299
800,3200,2546,217,299
800,3200,2547,217,299
800,3200,2548,217,299
800,3200,2549,217,299
800,3200,2550,217,300
800,3200,2551,217,300
800,3200,2552,217,300
800,3200,2553,217,300
800,3200,2554,217,300
800,3200,2555,217,300
800,3200,2556,218,300
800,3200,2557,218,300
800,3200,2558,218,300
800,3200,2559,218,301
800,3200,2560,218,301
800,3200,2561,218,301
800,3200,2562,218,301
800,3200,2563,218,301
800,3200,2564,218,301
800,3200,2565,218,301
800,3200,2566,219,301
800,3200,2567,219,301
800,3200,2568,219,301
800,3200,2569,219,302
800,3200,2570,219,302
800,3200,2571,219,302
800,3200,2572,219,302
800,3200,2573,219,302
800,3200,2574,219,302
800,3200,2575,219,302
800,3200,2576,219,302
800,3200,2577,220,302
800,3200,2578,220,303
800,3200,2579,220,303
800,3200,2580,220,303
800,3200,2581,220,303
800,3200,2582,220,303
800,3200,2583,220,303
800,3200,2584,220,303
800,3200,2585,220,303
800,3200,2586,220,303
800,3200,2587,220,304
800,3200,2588,221,304
800,3200,2589,221,304
800,3200,2590,221,304
800,3200,2591,221,304
800,3200,2592,221,304
800,3200,2593,221,304
800,3200,2594,221,304
800,3200,2595,221,304
800,3200,2596,221,305
800,3200,2597,221,305
800,3200,2598,221,305
800,3200,2599,222,305
800,3200,2600,222,305
800,3200,2601,222,305
800,3200,2602,222,305
800,3200,2603,222,305
800,3200,2604,222,305
800,3200,2605,222,306
800,3200,2606,222,306
800,3200,2607,222,306
800,3200,2608,222,306
800,3200,2609,222,306
800,3200,2610,223,306
800,3200,2611,223,306
800,3200,2612,223,306
800,3200,2613,223,306
800,3200,2614,223,307
800,3200,2615,223,307
800,3200,2616,223,307
800,3200,2617,223,307
800,3200,2618,223,307
800,3200,2619,223,307
800,3200,2620,223,307
800,3200,2621,224,307
800,3200,2622,224,307
800,3200,2623,224,307
800,3200,2624,224,308
800,3200,2625,224,308
800,3200,2626,224,308
800,3200,2627,224,308
800,3200,2628,224,308
800,3200,2629,224,308
800,3200,2630,224,308
800,3200,2631,224,308
800,3200,2632,225,308
800,3200,2633,225,309
800,3200,2634,225,309
800,3200,2635,225,309
800,3200,2636,225,309
800,3200,2637,225,309
800,3200,2638,225,309
800,3200,2639,225,309
800,3200,2640,225,309
800,3200,2641,225,309
800,3200,2642,225,310
800,3200,2643,226,310
800,3200,2644,226,310
800,3200,2645,226,310
800,3200,2646,226,310
800,3200,2647,226,310
800,3200,2648,226,310
800,3200,2649,226,310
800,3200,2650,226,310
800,3200,2651,226,311
800,3200,2652,226,311
800,3200,2653,226,311
800,3200,2654,227,311
800,3200,2655,227,311
800,3200,2656,227,311
800,3200,2657,227,311
800,3200,2658,227,311
800,3200,2659,227,311
800,3200,2660,227,312
800,3200,2661,227,312
800,3200,2662,227,312
800,3200,2663,227,312
800,3200,2664,228,312
800,3200,2665,228,312
800,3200,2666,228,312
800,3200,2667,228,312
800,3200,2668,228,312
800,3200,2669,228,312
800,3200,2670,228,313
800,3200,2671,228,313
800,3200,2672,228,313
800,3200,2673,228,313
800,3200,2674,228,313
800,3200,2675,229,313
800,3200,2676,229,313
800,3200,2677,229,313
800,3200,2678,229,313
800,3200,2679,229,314
800,3200,2680,229,314
800,3200,2681,229,314
800,3200,2682,229,314
800,3200,2683,229,314
800,3200,2684,229,314
800,3200,2685,229,314
800,3200,2686,230,314
800,3200,2687,230,314
800,3200,2688,230,315
800,3200,2689,230,315
800,3200,2690,230,315
800,3200,2691,230,315
800,3200,2692,230,315
800,3200,2693,230,315
800,3200,2694,230,315
800,3200,2695,230,315
800,3200,2696,230,315
800,3200,2697,231,316
800,3200,2698,231,316
800,3200,2699,231,316
800,3200,2700,231,316
800,3200,2701,231,316
800,3200,2702,231,316
800,3200,2703,231,316
800,3200,2704,231,316
800,3200,2705,231,316
800,3200,2706,231,317
800,3200,2707,231,317
800,3200,2708,232,317
800,3200,2709,232,317
800,3200,2710,232,317
800,3200,2711,232,317
800,3200,2712,232,317
800,3200,2713,232,317
800,3200,2714,232,317
800,3200,2715,232,318
800,3200,2716,232,318
800,3200,2717,232,318
800,3200,2718,232,318
800,3200,2719,233,318
800,3200,2720,233,318
800,3200,2721,233,318
800,3200,2722,233,318
800,3200,2723,233,318
800,3200,2724,233,318
800,3200,2725,233,319
800,3200,2726,233,319
800,3200,2727,233,319
800,3200,2728,233,319
800,3200,2729,233,319
800,3200,2730,234,319
800,3200,2731,234,319
800,3200,2732,234,319
800,3200,2733,234,319
800,3200,2734,234,320
800,3200,2735,234,320
800,3200,2736,234,320
800,3200,2737,234,320
800,3200,2738,234,320
800,3200,2739,234,320
800,3200,2740,234,320
800,3200,2741,235,320
800,3200,2742,235,320
800,3200,2743,235,321
800,3200,2744,235,321
800,3200,2745,235,321
800,3200,2746,235,321
800,3200,2747,235,321
800,3200,2748,235,321
800,3200,2749,235,321
800,3200,2750,235,321
800,3200,2751,236,321
800,3200,2752,236,322
800,3200,2753,236,322
800,3200,2754,236,322
800,3200,2755,236,322
800,3200,2756,236,322
800,3200,2757,236,322
800,3200,2758,236,322
800,3200,2759,236,322
800,3200,2760,236,322
800,3200,2761,236,323
800,3200,2762,237,323
800,3200,2763,237,323
800,3200,2764,237,323
800,3200,2765,237,323
800,3200,2766,237,323
800,3200,2767,237,323
800,3200,2768,237,323
800,3200,2769,237,323
800,3200,2770,237,323
800,3200,2771,237,324
800,3200,2772,237,324
800,3200,2773,238,324
800,3200,2774,238,324
800,3200,2775,238,324
800,3200,2776,238,324
800,3200,2777,238,324
800,3200,2778,238,324
800,3200,2779,238,324
800,3200,2780,238,325
800,3200,2781,238,325
800,3200,2782,238,325
800,3200,2783,238,325
800,3200,2784,239,325
800,3200,2785,239,325
800,3200,2786,239,325
800,3200,2787,239,325
800,3200,2788,239,325
800,3200,2789,239,326
800,3200,2790,239,326
800,3200,2791,239,326
800,3200,2792,239,326
800,3200,2793,239,326
800,3200,2794,239,326
800,3200,2795,240,326
800,3200,2796,240,326
800,3200,2797,240,326
800,3200,2798,240,327
800,3200,2799,240,327
800,3200,2800,240,327
800,3200,2801,240,327
800,3200,2802,240,327
800,3200,2803,240,327
800,3200,2804,240,327
800,3200,2805,240,327
800,3200,2806,241,327
800,3200,2807,241,328
800,3200,2808,241,328
800,3200,2809,241,328
800,3200,2810,241,328
800,3200,2811,241,328
800,3200,2812,241,328
800,3200,2813,241,328
800,3200,2814,241,328
800,3200,2815,241,328
800,3200,2816,241,328
800,3200,2817,242,329
800,3200,2818,242,329
800,3200,2819,242,329
800,3200,2820,242,329
800,3200,2821,242,329
800,3200,2822,242,329
800,3200,2823,242,329
800,3200,2824,242,329
800,3200,2825,242,329
800,3200,2826,242,330
800,3200,2827,243,330
800,3200,2828,243,330
800,3200,2829,243,330
800,3200,2830,243,330
800,3200,2831,243,330
800,3200,2832,243,330
800,3200,2833,243,330
800,3200,2834,243,330
800,3200,2835,243,331
800,3200,2836,243,331
800,3200,2837,243,331
800,3200,2838,244,331
800,3200,2839,244,331
800,3200,2840,244,331
800,3200,2841,244,331
800,3200,2842,244,331
800,3200,2843,244,331
800,3200,2844,244,332
800,3200,2845,244,332
800,3200,2846,244,332
800,3200,2847,244,332
800,3200,2848,244,332
800,3200,2849,245,332
800,3200,2850,245,332
800,3200,2851,245,332
800,3200,2852,245,332
800,3200,2853,245,333
800,3200,2854,245,333
800,3200,2855,245,333
800,3200,2856,245,333
800,3200,2857,245,333
800,3200,2858,245,333
800,3200,2859,245,333
800,3200,2860,246,333
800,3200,2861,246,333
800,3200,2862,246,333
800,3200,2863,246,334
800,3200,2864,246,334
800,3200,2865,246,334
800,3200,2866,246,334
800,3200,2867,246,334
800,3200,2868,246,334
800,3200,2869,246,334
800,3200,2870,246,334
800,3200,2871,247,334
800,3200,2872,247,335
800,3200,2873,247,335
800,3200,2874,247,335
800,3200,2875,247,335
800,3200,2876,247,335
800,3200,2877,247,335
800,3200,2878,247,335
800,3200,2879,247,335
800,3200,2880,247,335
800,3200,2881,247,336
800,3200,2882,248,336
800,3200,2883,248,336
800,3200,2884,248,336
800,3200,2885,248,336
800,3200,2886,248,336
800,3200,2887,248,336
800,3200,2888,248,336
800,3200,2889,248,336
800,3200,2890,248,337
800,3200,2891,248,337
800,3200,2892,248,337
800,3200,2893,249,337
800,3200,2894,249,337
800,3200,2895,249,337
800,3200,2896,249,337
800,3200,2897,249,337
800,3200,2898,249,337
800,3200,2899,249,338
800,3200,2900,249,338
800,3200,2901,249,338
800,3200,2902,249,338
800,3200,2903,250,338
800,3200,2904,250,338
800,3200,2905,250,338
800,3200,2906,250,338
800,3200,2907,250,338
800,3200,2908,250,338
800,3200,2909,250,339
800,3200,2910,250,339
800,3200,2911,250,339
800,3200,2912,250,339
800,3200,2913,250,339
800,3200,2914,251,339
800,3200,2915,251,339
800,3200,2916,251,339
800,3200,2917,251,339
800,3200,2918,251,340
800,3200,2919,251,340
800,3200,2920,251,340
800,3200,2921,251,340
800,3200,2922,251,340
800,3200,2923,251,340
800,3200,2924,251,340
800,3200,2925,252,340
800,3200,2926,252,340
800,3200,2927,252,341
800,3200,2928,252,341
800,3200,2929,252,341
800,3200,2930,252,341
800,3200,2931,252,341
800,3200,2932,252,341
800,3200,2933,252,341
800,3200,2934,252,341
800,3200,2935,252,341
800,3200,2936,253,342
800,3200,2937,253,342
800,3200,2938,253,342
800,3200,2939,253,342
800,3200,2940,253,342
800,3200,2941,253,342
800,3200,2942,253,342
800,3200,2943,253,342
800,3200,2944,253,342
800,3200,2945,253,342
800,3200,2946,253,343
800,3200,2947,254,343
800,3200,2948,254,343
800,3200,2949,254,343
800,3200,2950,254,343
800,3200,2951,254,343
800,3200,2952,254,343
800,3200,2953,254,343
800,3200,2954,254,343
800,3200,2955,254,344
800,3200,2956,254,344
800,3200,2957,254,344
800,3200,2958,255,344
800,3200,2959,255,344
800,3200,2960,255,344
800,3200,2961,255,344
800,3200,2962,255,344
800,3200,2963,255,344
800,3200,2964,255,345
800,3200,2965,255,345
800,3200,2966,255,345
800,3200,2967,255,345
800,3200,2968,256,345
800,3200,2969,256,345
800,3200,2970,256,345
800,3200,2971,256,345
800,3200,2972,256,345
800,3200,2973,256,346
800,3200,2974,256,346
800,3200,2975,256,346
800,3200,2976,256,346
800,3200,2977,256,346
800,3200,2978,256,346
800,3200,2979,257,346
800,3200,2980,257,346
800,3200,2981,257,346
800,3200,2982,257,347
800,3200,2983,257,347
800,3200,2984,257,347
800,3200,2985,257,347
800,3200,2986,257,347
800,3200,2987,257,347
800,3200,2988,257,347
800,3200,2989,257,347
800,3200,2990,258,347
800,3200,2991,258,347
800,3200,2992,258,348
800,3200,2993,258,348
800,3200,2994,258,348
800,3200,2995,258,348
800,3200,2996,258,348
800,3200,2997,258,348
800,3200,2998,258,348
800,3200,2999,258,348
800,3200,3000,258,348
800,3200,3001,259,349
800,3200,3002,259,349
800,3200,3003,259,349
800,3200,3004,259,349
800,3200,3005,259,349
800,3200,3006,259,349
800,3200,3007,259,349
800,3200,3008,259,349
800,3200,3009,259,349
800,3200,3010,259,350
800,3200,3011,259,350
800,3200,3012,260,350
800,3200,3013,260,350
800,3200,3014,260,350
800,3200,3015,260,350
800,3200,3016,260,350
800,3200,3017,260,350
800,3200,3018,260,350
800,3200,3019,260,351
800,3200,3020,260,351
800,3200,3021,260,351
800,3200,3022,260,351
800,3200,3023,261,351
800,3200,3024,261,351
800,3200,3025,261,351
800,3200,3026,261,351
800,3200,3027,261,351
800,3200,3028,261,352
800,3200,3029,261,352
800,3200,3030,261,352
800,3200,3031,261,352
800,3200,3032,261,352
800,3200,3033,262,352
800,3200,3034,262,352
800,3200,3035,262,352
800,3200,3036,262,352
800,3200,3037,262,352
800,3200,3038,262,353
800,3200,3039,262,353
800,3200,3040,262,353
800,3200,3041,262,353
800,3200,3042,262,353
800,3200,3043,262,353
800,3200,3044,263,353
800,3200,3045,263,353
800,3200,3046,263,353
800,3200,3047,263,354
800,3200,3048,263,354
800,3200,3049,263,354
800,3200,3050,263,354
800,3200,3051,263,354
800,3200,3052,263,354
800,3200,3053,263,354
800,3200,3054,263,354
800,3200,3055,264,354
800,3200,3056,264,355
800,3200,3057,264,355
800,3200,3058,264,355
800,3200,3059,264,355
800,3200,3060,264,355
800,3200,3061,264,355
800,3200,3062,264,355
800,3200,3063,264,355
800,3200,3064,264,355
800,3200,3065,264,356
800,3200,3066,265,356
800,3200,3067,265,356
800,3200,3068,265,356
800,3200,3069,265,356
800,3200,3070,265,356
800,3200,3071,265,356
800,3200,3072,265,356
800,3200,3073,265,356
800,3200,3074,265,356
800,3200,3075,265,357
800,3200,3076,265,357
800,3200,3077,266,357
800,3200,3078,266,357
800,3200,3079,266,357
800,3200,3080,266,357
800,3200,3081,266,357
800,3200,3082,266,357
800,3200,3083,266,357
800,3200,3084,266,358
800,3200,3085,266,358
800,3200,3086,266,358
800,3200,3087,266,358
800,3200,3088,267,358
800,3200,3089,267,358
800,3200,3090,267,358
800,3200,3091,267,358
800,3200,3092,267,358
800,3200,3093,267,359
800,3200,3094,267,359
800,3200,3095,267,359
800,3200,3096,267,359
800,3200,3097,267,359
800,3200,3098,268,359
800,3200,3099,268,359
800,3200,3100,268,359
800,3200,3101,268,359
800,3200,3102,268,360
800,3200,3103,268,360
800,3200,3104,268,360
800,3200,3105,268,360
800,3200,3106,268,360
800,3200,3107,268,360
800,3200,3108,268,360
800,3200,3109,269,360
800,3200,3110,269,360
800,3200,3111,269,360
800,3200,3112,269,361
800,3200,3113,269,361
800,3200,3114,269,361
800,3200,3115,269,361
800,3200,3116,269,361
800,3200,3117,269,361
800,3200,3118,269,361
800,3200,3119,269,361
800,3200,3120,270,361
800,3200,3121,270,362
800,3200,3122,270,362
800,3200,3123,270,362
800,3200,3124,270,362
800,3200,3125,270,362
800,3200,3126,270,362
800,3200,3127,270,362
800,3200,3128,270,362
800,3200,3129,270,362
800,3200,3130,270,363
800,3200,3131,271,363
800,3200,3132,271,363
800,3200,3133,271,363
800,3200,3134,271,363
800,3200,3135,271,363
800,3200,3136,271,363
800,3200,3137,271,363
800,3200,3138,271,363
800,3200,3139,271,364
800,3200,3140,271,364
800,3200,3141,271,364
800,3200,3142,272,364
800,3200,3143,272,364
800,3200,3144,272,364
800,3200,3145,272,364
800,3200,3146,272,364
800,3200,3147,272,364
800,3200,3148,272,365
800,3200,3149,272,365
800,3200,3150,272,365
800,3200,3151,272,365
800,3200,3152,273,365
800,3200,3153,273,365
800,3200,3154,273,365
800,3200,3155,273,365
800,3200,3156,273,365
800,3200,3157,273,365
800,3200,3158,273,366
800,3200,3159,273,366
800,3200,3160,273,366
800,3200,3161,273,366
800,3200,3162,273,366
800,3200,3163,274,366
800,3200,3164,274,366
800,3200,3165,274,366
800,3200,3166,274,366
800,3200,3167,274,367
800,3200,3168,274,367
800,3200,3169,274,367
800,3200,3170,274,367
800,3200,3171,274,367
800,3200,3172,274,367
800,3200,3173,274,367
800,3200,3174,275,367
800,3200,3175,275,367
800,3200,3176,275,368
800,3200,3177,275,368
800,3200,3178,275,368
800,3200,3179,275,368
800,3200,3180,275,368
800,3200,3181,275,368
800,3200,3182,275,368
800,3200,3183,275,368
800,3200,3184,275,368
800,3200,3185,276,369
800,3200,3186,276,369
800,3200,3187,276,369
800,3200,3188,276,369
800,3200,3189,276,369
800,3200,3190,276,369
800,3200,3191,276,369
800,3200,3192,276,369
800,3200,3193,276,369
800,3200,3194,276,369
800,3200,3195,276,370
800,3200,3196,277,370
800,3200,3197,277,370
800,3200,3198,277,370
800,3200,3199,277,370
800,3200,3200,277,370
1600,1600,1,,
1600,1600,2,,
1600,1600,3,,
1600,1600,4,,
1600,1600,5,,
1600,1600,6,,
1600,1600,7,,
1600,1600,8,,
1600,1600,9,,
1600,1600,10,,
1600,1600,11,,
1600,1600,12,,
1600,1600,13,,13
1600,1600,14,,13
1600,1600,15,,13
1600,1600,16,,14
1600,1600,17,,14
1600,1600,18,,14
1600,1600,19,,14
1600,1600,20,,14
1600,1600,21,,14
1600,1600,22,,14
1600,1600,23,,14
1600,1600,24,,15
1600,1600,25,,15
1600,1600,26,,15
1600,1600,27,,15
1600,1600,28,,15
1600,1600,29,,15
1600,1600,30,,15
1600,1600,31,,15
1600,1600,32,,16
1600,1600,33,,16
1600,1600,34,,16
1600,1600,35,,16
1600,1600,36,,16
1600,1600,37,,16
1600,1600,38,,16
1600,1600,39,,16
1600,1600,40,,17
1600,1600,41,,17
1600,1600,42,,17
1600,1600,43,,17
1600,1600,44,,17
1600,1600,45,,17
1600,1600,46,,17
1600,1600,47,,17
1600,1600,48,,18
1600,1600,49,,18
1600,1600,50,,18
1600,1600,51,,18
1600,1600,52,,18
1600,1600,53,,18
1600,1600,54,,18
1600,1600,55,,18
1600,1600,56,,19
1600,1600,57,,19
1600,1600,58,,19
1600,1600,59,,19
1600,1600,60,,19
1600,1600,61,,19
1600,1600,62,,19
1600,1600,63,,19
1600,1600,64,,20
1600,1600,65,,20
1600,1600,66,,20
1600,1600,67,,20
1600,1600,68,,20
1600,1600,69,,20
1600,1600,70,,20
1600,1600,71,,20
1600,1600,72,,21
1600,1600,73,,21
1600,1600,74,,21
1600,1600,75,,21
1600,1600,76,,21
1600,1600,77,,21
1600,1600,78,,21
1600,1600,79,,21
1600,1600,80,,21
1600,1600,81,,22
1600,1600,82,,22
1600,1600,83,,22
1600,1600,84,,22
1600,1600,85,,22
1600,1600,86,,22
1600,1600,87,,22
1600,1600,88,,22
1600,1600,89,,23
1600,1600,90,,23
1600,1600,91,,23
1600,1600,92,,23
1600,1600,93,,23
1600,1600,94,,23
1600,1600,95,,23
1600,1600,96,,23
1600,1600,97,,24
1600,1600,98,,24
1600,1600,99,,24
1600,1600,100,,24
1600,1600,101,,24
1600,1600,102,,24
1600,1600,103,,24
1600,1600,104,,24
1600,1600,105,,25
1600,1600,106,,25
1600,1600,107,,25
1600,1600,108,,25
1600,1600,109,,25
1600,1600,110,,25
1600,1600,111,,25
1600,1600,112,,25
1600,1600,113,,26
1600,1600,114,0,26
1600,1600,115,0,26
1600,1600,116,0,26
1600,1600,117,0,26
1600,1600,118,0,26
1600,1600,119,0,26
1600,1600,120,0,26
1600,1600,121,0,26
1600,1600,122,0,27
1600,1600,123,0,27
1600,1600,124,0,27
1600,1600,125,0,27
1600,1600,126,1,27
1600,1600,127,1,27
1600,1600,128,1,27
1600,1600,129,1,27
1600,1600,130,1,28
1600,1600,131,1,28
1600,1600,132,1,28
1600,1600,133,1,28
1600,1600,134,1,28
1600,1600,135,1,28
1600,1600,136,1,28
1600,1600,137,1,28
1600,1600,138,2,29
1600,1600,139,2,29
1600,1600,140,2,29
1600,1600,141,2,29
1600,1600,142,2,29
1600,1600,143,2,29
1600,1600,144,2,29
1600,1600,145,2,29
1600,1600,146,2,30
1600,1600,147,2,30
1600,1600,148,2,30
1600,1600,149,3,30
1600,1600,150,3,30
1600,1600,151,3,30
1600,1600,152,3,30
1600,1600,153,3,30
1600,1600,154,3,30
1600,1600,155,3,31
1600,1600,156,3,31
1600,1600,157,3,31
1600,1600,158,3,31
1600,1600,159,3,31
1600,1600,160,3,31
1600,1600,161,4,31
1600,1600,162,4,31
1600,1600,163,4,32
1600,1600,164,4,32
1600,1600,165,4,32
1600,1600,166,4,32
1600,1600,167,4,32
1600,1600,168,4,32
1600,1600,169,4,32
1600,1600,170,4,32
1600,1600,171,4,33
1600,1600,172,4,33
1600,1600,173,5,33
1600,1600,174,5,33
1600,1600,175,5,33
1600,1600,176,5,33
1600,1600,177,5,33
1600,1600,178,5,33
1600,1600,179,5,33
1600,1600,180,5,34
1600,1600,181,5,34
1600,1600,182,5,34
1600,1600,183,5,34
1600,1600,184,5,34
1600,1600,185,6,34
1600,1600,186,6,34
1600,1600,187,6,34
1600,1600,188,6,35
1600,1600,189,6,35
1600,1600,190,6,35
1600,1600,191,6,35
1600,1600,192,6,35
1600,1600,193,6,35
1600,1600,194,6,35
1600,1600,195,6,35
1600,1600,196,6,36
1600,1600,197,7,36
1600,1600,198,7,36
1600,1600,199,7,36
1600,1600,200,7,36
1600,1600,201,7,36
1600,1600,202,7,36
1600,1600,203,7,36
1600,1600,204,7,36
1600,1600,205,7,37
1600,1600,206,7,37
1600,1600,207,7,37
1600,1600,208,7,37
1600,1600,209,8,37
1600,1600,210,8,37
1600,1600,211,8,37
1600,1600,212,8,37
1600,1600,213,8,38
1600,1600,214,8,38
1600,1600,215,8,38
1600,1600,216,8,38
1600,1600,217,8,38
1600,1600,218,8,38
1600,1600,219,8,38
1600,1600,220,8,38
1600,1600,221,9,38
1600,1600,222,9,39
1600,1600,223,9,39
1600,1600,224,9,39
1600,1600,225,9,39
1600,1600,226,9,39
1600,1600,227,9,39
1600,1600,228,9,39
1600,1600,229,9,39
1600,1600,230,9,40
1600,1600,231,9,40
1600,1600,232,10,40
1600,1600,233,10,40
1600,1600,234,10,40
1600,1600,235,10,40
1600,1600,236,10,40
1600,1600,237,10,40
1600,1600,238,10,41
1600,1600,239,10,41
1600,1600,240,10,41
1600,1600,241,10,41
1600,1600,242,10,41
1600,1600,243,10,41
1600,1600,244,11,41
1600,1600,245,11,41
1600,1600,246,11,41
1600,1600,247,11,42
1600,1600,248,11,42
1600,1600,249,11,42
1600,1600,250,11,42
1600,1600,251,11,42
1600,1600,252,11,42
1600,1600,253,11,42
1600,1600,254,11,42
1600,1600,255,11,43
1600,1600,256,12,43
1600,1600,257,12,43
1600,1600,258,12,43
1600,1600,259,12,43
1600,1600,260,12,43
1600,1600,261,12,43
1600,1600,262,12,43
1600,1600,263,12,43
1600,1600,264,12,44
1600,1600,265,12,44
1600,1600,266,12,44
1600,1600,267,12,44
1600,1600,268,13,44
1600,1600,269,13,44
1600,1600,270,13,44
1600,1600,271,13,44
1600,1600,272,13,45
1600,1600,273,13,45
1600,1600,274,13,45
1600,1600,275,13,45
1600,1600,276,13,45
1600,1600,277,13,45
1600,1600,278,13,45
1600,1600,279,14,45
1600,1600,280,14,45
1600,1600,281,14,46
1600,1600,282,14,46
1600,1600,283,14,46
1600,1600,284,14,46
1600,1600,285,14,46
1600,1600,286,14,46
1600,1600,287,14,46
1600,1600,288,14,46
1600,1600,289,14,47
1600,1600,290,14,47
1600,1600,291,15,47
1600,1600,292,15,47
1600,1600,293,15,47
1600,1600,294,15,47
1600,1600,295,15,47
1600,1600,296,15,47
1600,1600,297,15,47
1600,1600,298,15,48
1600,1600,299,15,48
1600,1600,300,15,48
1600,1600,301,15,48
1600,1600,302,15,48
1600,1600,303,16,48
1600,1600,304,16,48
1600,1600,305,16,48
1600,1600,306,16,49
1600,1600,307,16,49
1600,1600,308,16,49
1600,1600,309,16,49
1600,1600,310,16,49
1600,1600,311,16,49
1600,1600,312,16,49
1600,1600,313,16,49
1600,1600,314,16,49
1600,1600,315,17,50
1600,1600,316,17,50
1600,1600,317,17,50
1600,1600,318,17,50
1600,1600,319,17,50
1600,1600,320,17,50
1600,1600,321,17,50
1600,1600,322,17,50
1600,1600,323,17,51
1600,1600,324,17,51
1600,1600,325,17,51
1600,1600,326,18,51
1600,1600,327,18,51
1600,1600,328,18,51
1600,1600,329,18,51
1600,1600,330,18,51
1600,1600,331,18,51
1600,1600,332,18,52
1600,1600,333,18,52
1600,1600,334,18,52
1600,1600,335,18,52
1600,1600,336,18,52
1600,1600,337,18,52
1600,1600,338,19,52
1600,1600,339,19,52
1600,1600,340,19,53
1600,1600,341,19,53
1600,1600,342,19,53
1600,1600,343,19,53
1600,1600,344,19,53
1600,1600,345,19,53
1600,1600,346,19,53
1600,1600,347,19,53
1600,1600,348,19,53
1600,1600,349,19,54
1600,1600,350,20,54
1600,1600,351,20,54
1600,1600,352,20,54
1600,1600,353,20,54
1600,1600,354,20,54
1600,1600,355,20,54
1600,1600,356,20,54
1600,1600,357,20,55
1600,1600,358,20,55
1600,1600,359,20,55
1600,1600,360,20,55
1600,1600,361,21,55
1600,1600,362,21,55
1600,1600,363,21,55
1600,1600,364,21,55
1600,1600,365,21,55
1600,1600,366,21,56
1600,1600,367,21,56
1600,1600,368,21,56
1600,1600,369,21,56
1600,1600,370,21,56
1600,1600,371,21,56
1600,1600,372,21,56
1600,1600,373,22,56
1600,1600,374,22,57
1600,1600,375,22,57
1600,1600,376,22,57
1600,1600,377,22,57
1600,1600,378,22,57
1600,1600,379,22,57
1600,1600,380,22,57
1600,1600,381,22,57
1600,1600,382,22,57
1600,1600,383,22,58
1600,1600,384,23,58
1600,1600,385,23,58
1600,1600,386,23,58
1600,1600,387,23,58
1600,1600,388,23,58
1600,1600,389,23,58
1600,1600,390,23,58
1600,1600,391,23,58
1600,1600,392,23,59
1600,1600,393,23,59
1600,1600,394,23,59
1600,1600,395,23,59
1600,1600,396,24,59
1600,1600,397,24,59
1600,1600,398,24,59
1600,1600,399,24,59
1600,1600,400,24,60
1600,1600,401,24,60
1600,1600,402,24,60
1600,1600,403,24,60
1600,1600,404,24,60
1600,1600,405,24,60
1600,1600,406,24,60
1600,1600,407,24,60
1600,1600,408,25,60
1600,1600,409,25,61
1600,1600,410,25,61
1600,1600,411,25,61
1600,1600,412,25,61
1600,1600,413,25,61
1600,1600,414,25,61
1600,1600,415,25,61
1600,1600,416,25,61
1600,1600,417,25,62
1600,1600,418,25,62
1600,1600,419,26,62
1600,1600,420,26,62
1600,1600,421,26,62
1600,1600,422,26,62
1600,1600,423,26,62
1600,1600,424,26,62
1600,1600,425,26,62
1600,1600,426,26,63
1600,1600,427,26,63
1600,1600,428,26,63
1600,1600,429,26,63
1600,1600,430,26,63
1600,1600,431,27,63
1600,1600,432,27,63
1600,1600,433,27,63
1600,1600,434,27,63
1600,1600,435,27,64
1600,1600,436,27,64
1600,1600,437,27,64
1600,1600,438,27,64
1600,1600,439,27,64
1600,1600,440,27,64
1600,1600,441,27,64
1600,1600,442,28,64
1600,1600,443,28,65
1600,1600,444,28,65
1600,1600,445,28,65
1600,1600,446,28,65
1600,1600,447,28,65
1600,1600,448,28,65
1600,1600,449,28,65
1600,1600,450,28,65
1600,1600,451,28,65
1600,1600,452,28,66
1600,1600,453,28,66
1600,1600,454,29,66
1600,1600,455,29,66
1600,1600,456,29,66
1600,1600,457,29,66
1600,1600,458,29,66
1600,1600,459,29,66
1600,1600,460,29,67
1600,1600,461,29,67
1600,1600,462,29,67
1600,1600,463,29,67
1600,1600,464,29,67
1600,1600,465,30,67
1600,1600,466,30,67
1600,1600,467,30,67
1600,1600,468,30,67
1600,1600,469,30,68
1600,1600,470,30,68
1600,1600,471,30,68
1600,1600,472,30,68
1600,1600,473,30,68
1600,1600,474,30,68
1600,1600,475,30,68
1600,1600,476,30,68
1600,1600,477,31,68
1600,1600,478,31,69
1600,1600,479,31,69
1600,1600,480,31,69
1600,1600,481,31,69
1600,1600,482,31,69
1600,1600,483,31,69
1600,1600,484,31,69
1600,1600,485,31,69
1600,1600,486,31,70
1600,1600,487,31,70
1600,1600,488,32,70
1600,1600,489,32,70
1600,1600,490,32,70
1600,1600,491,32,70
1600,1600,492,32,70
1600,1600,493,32,70
1600,1600,494,32,70
1600,1600,495,32,71
1600,1600,496,32,71
1600,1600,497,32,71
1600,1600,498,32,71
1600,1600,499,32,71
1600,1600,500,33,71
1600,1600,501,33,71
1600,1600,502,33,71
1600,1600,503,33,71
1600,1600,504,33,72
1600,1600,505,33,72
1600,1600,506,33,72
1600,1600,507,33,72
1600,1600,508,33,72
1600,1600,509,33,72
1600,1600,510,33,72
1600,1600,511,34,72
1600,1600,512,34,73
1600,1600,513,34,73
1600,1600,514,34,73
1600,1600,515,34,73
1600,1600,516,34,73
1600,1600,517,34,73
1600,1600,518,34,73
1600,1600,519,34,73
1600,1600,520,34,73
1600,1600,521,34,74
1600,1600,522,34,74
1600,1600,523,35,74
1600,1600,524,35,74
1600,1600,525,35,74
1600,1600,526,35,74
1600,1600,527,35,74
1600,1600,528,35,74
1600,1600,529,35,74
1600,1600,530,35,75
1600,1600,531,35,75
1600,1600,532,35,75
1600,1600,533,35,75
1600,1600,534,36,75
1600,1600,535,36,75
1600,1600,536,36,75
1600,1600,537,36,75
1600,1600,538,36,76
1600,1600,539,36,76
1600,1600,540,36,76
1600,1600,541,36,76
1600,1600,542,36,76
1600,1600,543,36,76
1600,1600,544,36,76
1600,1600,545,36,76
1600,1600,546,37,76
1600,1600,547,37,77
1600,1600,548,37,77
1600,1600,549,37,77
1600,1600,550,37,77
1600,1600,551,37,77
1600,1600,552,37,77
1600,1600,553,37,77
1600,1600,554,37,77
1600,1600,555,37,77
1600,1600,556,37,78
1600,1600,557,38,78
1600,1600,558,38,78
1600,1600,559,38,78
1600,1600,560,38,78
1600,1600,561,38,78
1600,1600,562,38,78
1600,1600,563,38,78
1600,1600,564,38,79
1600,1600,565,38,79
1600,1600,566,38,79
1600,1600,567,38,79
1600,1600,568,38,79
1600,1600,569,39,79
1600,1600,570,39,79
1600,1600,571,39,79
1600,1600,572,39,79
1600,1600,573,39,80
1600,1600,574,39,80
1600,1600,575,39,80
1600,1600,576,39,80
1600,1600,577,39,80
1600,1600,578,39,80
1600,1600,579,39,80
1600,1600,580,40,80
1600,1600,581,40,80
1600,1600,582,40,81
1600,1600,583,40,81
1600,1600,584,40,81
1600,1600,585,40,81
1600,1600,586,40,81
1600,1600,587,40,81
1600,1600,588,40,81
1600,1600,589,40,81
1600,1600,590,40,81
1600,1600,591,41,82
1600,1600,592,41,82
1600,1600,593,41,82
1600,1600,594,41,82
1600,1600,595,41,82
1600,1600,596,41,82
1600,1600,597,41,82
1600,1600,598,41,82
1600,1600,599,41,83
1600,1600,600,41,83
1600,1600,601,41,83
1600,1600,602,41,83
1600,1600,603,42,83
1600,1600,604,42,83
1600,1600,605,42,83
1600,1600,606,42,83
1600,1600,607,42,83
1600,1600,608,42,84
1600,1600,609,42,84
1600,1600,610,42,84
1600,1600,611,42,84
1600,1600,612,42,84
1600,1600,613,42,84
1600,1600,614,43,84
1600,1600,615,43,84
1600,1600,616,43,84
1600,1600,617,43,85
1600,1600,618,43,85
1600,1600,619,43,85
1600,1600,620,43,85
1600,1600,621,43,85
1600,1600,622,43,85
1600,1600,623,43,85
1600,1600,624,43,85
1600,1600,625,43,85
1600,1600,626,44,86
1600,1600,627,44,86
1600,1600,628,44,86
1600,1600,629,44,86
1600,1600,630,44,86
1600,1600,631,44,86
1600,1600,632,44,86
1600,1600,633,44,86
1600,1600,634,44,87
1600,1600,635,44,87
1600,1600,636,44,87
1600,1600,637,45,87
1600,1600,638,45,87
1600,1600,639,45,87
1600,1600,640,45,87
1600,1600,641,45,87
1600,1600,642,45,87
1600,1600,643,45,88
1600,1600,644,45,88
1600,1600,645,45,88
1600,1600,646,45,88
1600,1600,647,45,88
1600,1600,648,46,88
1600,1600,649,46,88
1600,1600,650,46,88
1600,1600,651,46,88
1600,1600,652,46,89
1600,1600,653,46,89
1600,1600,654,46,89
1600,1600,655,46,89
1600,1600,656,46,89
1600,1600,657,46,89
1600,1600,658,46,89
1600,1600,659,46,89
1600,1600,660,47,89
1600,1600,661,47,90
1600,1600,662,47,90
1600,1600,663,47,90
1600,1600,664,47,90
1600,1600,665,47,90
1600,1600,666,47,90
1600,1600,667,47,90
1600,1600,668,47,90
1600,1600,669,47,91
1600,1600,670,47,91
1600,1600,671,48,91
1600,1600,672,48,91
1600,1600,673,48,91
1600,1600,674,48,91
1600,1600,675,48,91
1600,1600,676,48,91
1600,1600,677,48,91
1600,1600,678,48,92
1600,1600,679,48,92
1600,1600,680,48,92
1600,1600,681,48,92
1600,1600,682,49,92
1600,1600,683,49,92
1600,1600,684,49,92
1600,1600,685,49,92
1600,1600,686,49,92
1600,1600,687,49,93
1600,1600,688,49,93
1600,1600,689,49,93
1600,1600,690,49,93
1600,1600,691,49,93
1600,1600,692,49,93
1600,1600,693,49,93
1600,1600,694,50,93
1600,1600,695,50,93
1600,1600,696,50,94
1600,1600,697,50,94
1600,1600,698,50,94
1600,1600,699,50,94
1600,1600,700,50,94
1600,1600,701,50,94
1600,1600,702,50,94
1600,1600,703,50,94
1600,1600,704,50,95
1600,1600,705,51,95
1600,1600,706,51,95
1600,1600,707,51,95
1600,1600,708,51,95
1600,1600,709,51,95
1600,1600,710,51,95
1600,1600,711,51,95
1600,1600,712,51,95
1600,1600,713,51,96
1600,1600,714,51,96
1600,1600,715,51,96
1600,1600,716,52,96
1600,1600,717,52,96
1600,1600,718,52,96
1600,1600,719,52,96
1600,1600,720,52,96
1600,1600,721,52,96
1600,1600,722,52,97
1600,1600,723,52,97
1600,1600,724,52,97
1600,1600,725,52,97
1600,1600,726,52,97
1600,1600,727,52,97
1600,1600,728,53,97
1600,1600,729,53,97
1600,1600,730,53,97
1600,1600,731,53,98
1600,1600,732,53,98
1600,1600,733,53,98
1600,1600,734,53,98
1600,1600,735,53,98
1600,1600,736,53,98
1600,1600,737,53,98
1600,1600,738,53,98
1600,1600,739,54,98
1600,1600,740,54,99
1600,1600,741,54,99
1600,1600,742,54,99
1600,1600,743,54,99
1600,1600,744,54,99
1600,1600,745,54,99
1600,1600,746,54,99
1600,1600,747,54,99
1600,1600,748,54,100
1600,1600,749,54,100
1600,1600,750,55,100
1600,1600,751,55,100
1600,1600,752,55,100
1600,1600,753,55,100
1600,1600,754,55,100
1600,1600,755,55,100
1600,1600,756,55,100
1600,1600,757,55,101
1600,1600,758,55,101
1600,1600,759,55,101
1600,1600,760,55,101
1600,1600,761,55,101
1600,1600,762,56,101
1600,1600,763,56,101
1600,1600,764,56,101
1600,1600,765,56,101
1600,1600,766,56,102
1600,1600,767,56,102
1600,1600,768,56,102
1600,1600,769,56,102
1600,1600,770,56,102
1600,1600,771,56,102
1600,1600,772,56,102
1600,1600,773,57,102
1600,1600,774,57,102
1600,1600,775,57,103
1600,1600,776,57,103
1600,1600,777,57,103
1600,1600,778,57,103
1600,1600,779,57,103
1600,1600,780,57,103
1600,1600,781,57,103
1600,1600,782,57,103
1600,1600,783,57,103
1600,1600,784,58,104
1600,1600,785,58,104
1600,1600,786,58,104
1600,1600,787,58,104
1600,1600,788,58,104
1600,1600,789,58,104
1600,1600,790,58,104
1600,1600,791,58,104
1600,1600,792,58,105
1600,1600,793,58,105
1600,1600,794,58,105
1600,1600,795,58,105
1600,1600,796,59,105
1600,1600,797,59,105
1600,1600,798,59,105
1600,1600,799,59,105
1600,1600,800,59,105
1600,1600,801,59,106
1600,1600,802,59,106
1600,1600,803,59,106
1600,1600,804,59,106
1600,1600,805,59,106
1600,1600,806,59,106
1600,1600,807,60,106
1600,1600,808,60,106
1600,1600,809,60,106
1600,1600,810,60,107
1600,1600,811,60,107
1600,1600,812,60,107
1600,1600,813,60,107
1600,1600,814,60,107
1600,1600,815,60,107
1600,1600,816,60,107
1600,1600,817,60,107
1600,1600,818,61,107
1600,1600,819,61,108
1600,1600,820,61,108
1600,1600,821,61,108
1600,1600,822,61,108
1600,1600,823,61,108
1600,1600,824,61,108
1600,1600,825,61,108
1600,1600,826,61,108
1600,1600,827,61,108
1600,1600,828,61,109
1600,1600,829,61,109
1600,1600,830,62,109
1600,1600,831,62,109
1600,1600,832,62,109
1600,1600,833,62,109
1600,1600,834,62,109
1600,1600,835,62,109
1600,1600,836,62,109
1600,1600,837,62,110
1600,1600,838,62,110
1600,1600,839,62,110
1600,1600,840,62,110
1600,1600,841,63,110
1600,1600,842,63,110
1600,1600,843,63,110
1600,1600,844,63,110
1600,1600,845,63,111
1600,1600,846,63,111
1600,1600,847,63,111
1600,1600,848,63,111
1600,1600,849,63,111
1600,1600,850,63,111
1600,1600,851,63,111
1600,1600,852,64,111
1600,1600,853,64,111
1600,1600,854,64,112
1600,1600,855,64,112
1600,1600,856,64,112
1600,1600,857,64,112
1600,1600,858,64,112
1600,1600,859,64,112
1600,1600,860,64,112
1600,1600,861,64,112
1600,1600,862,64,112
1600,1600,863,65,113
1600,1600,864,65,113
1600,1600,865,65,113
1600,1600,866,65,113
1600,1600,867,65,113
1600,1600,868,65,113
1600,1600,869,65,113
1600,1600,870,65,113
1600,1600,871,65,113
1600,1600,872,65,114
1600,1600,873,65,114
1600,1600,874,65,114
1600,1600,875,66,114
1600,1600,876,66,114
1600,1600,877,66,114
1600,1600,878,66,114
1600,1600,879,66,114
1600,1600,880,66,114
1600,1600,881,66,115
1600,1600,882,66,115
1600,1600,883,66,115
1600,1600,884,66,115
1600,1600,885,66,115
1600,1600,886,67,115
1600,1600,887,67,115
1600,1600,888,67,115
1600,1600,889,67,115
1600,1600,890,67,116
1600,1600,891,67,116
1600,1600,892,67,116
1600,1600,893,67,116
1600,1600,894,67,116
1600,1600,895,67,116
1600,1600,896,67,116
1600,1600,897,68,116
1600,1600,898,68,116
1600,1600,899,68,117
1600,1600,900,68,117
1600,1600,901,68,117
1600,1600,902,68,117
1600,1600,903,68,117
1600,1600,904,68,117
1600,1600,905,68,117
1600,1600,906,68,117
1600,1600,907,68,118
1600,1600,908,69,118
1600,1600,909,69,118
1600,1600,910,69,118
1600,1600,911,69,118
1600,1600,912,69,118
1600,1600,913,69,118
1600,1600,914,69,118
1600,1600,915,69,118
1600,1600,916,69,119
1600,1600,917,69,119
1600,1600,918,69,119
1600,1600,919,70,119
1600,1600,920,70,119
1600,1600,921,70,119
1600,1600,922,70,119
1600,1600,923,70,119
1600,1600,924,70,119
1600,1600,925,70,120
1600,1600,926,70,120
1600,1600,927,70,120
1600,1600,928,70,120
1600,1600,929,70,120
1600,1600,930,70,120
1600,1600,931,71,120
1600,1600,932,71,120
1600,1600,933,71,120
1600,1600,934,71,121
1600,1600,935,71,121
1600,1600,936,71,121
1600,1600,937,71,121
1600,1600,938,71,121
1600,1600,939,71,121
1600,1600,940,71,121
1600,1600,941,71,121
1600,1600,942,72,121
1600,1600,943,72,122
1600,1600,944,72,122
1600,1600,945,72,122
1600,1600,946,72,122
1600,1600,947,72,122
1600,1600,948,72,122
1600,1600,949,72,122
1600,1600,950,72,122
1600,1600,951,72,122
1600,1600,952,72,123
1600,1600,953,73,123
1600,1600,954,73,123
1600,1600,955,73,123
1600,1600,956,73,123
1600,1600,957,73,123
1600,1600,958,73,123
1600,1600,959,73,123
1600,1600,960,73,123
1600,1600,961,73,124
1600,1600,962,73,124
1600,1600,963,73,124
1600,1600,964,74,124
1600,1600,965,74,124
1600,1600,966,74,124
1600,1600,967,74,124
1600,1600,968,74,124
1600,1600,969,74,124
1600,1600,970,74,125
1600,1600,971,74,125
1600,1600,972,74,125
1600,1600,973,74,125
1600,1600,974,74,125
1600,1600,975,74,125
1600,1600,976,75,125
1600,1600,977,75,125
1600,1600,978,75,126
1600,1600,979,75,126
1600,1600,980,75,126
1600,1600,981,75,126
1600,1600,982,75,126
1600,1600,983,75,126
1600,1600,984,75,126
1600,1600,985,75,126
1600,1600,986,75,126
1600,1600,987,76,127
1600,1600,988,76,127
1600,1600,989,76,127
1600,1600,990,76,127
1600,1600,991,76,127
1600,1600,992,76,127
1600,1600,993,76,127
1600,1600,994,76,127
1600,1600,995,76,127
1600,1600,996,76,128
1600,1600,997,76,128
1600,1600,998,77,128
1600,1600,999,77,128
1600,1600,1000,77,128
1600,1600,1001,77,128
1600,1600,1002,77,128
1600,1600,1003,77,128
1600,1600,1004,77,128
1600,1600,1005,77,129
1600,1600,1006,77,129
1600,1600,1007,77,129
1600,1600,1008,77,129
1600,1600,1009,78,129
1600,1600,1010,78,129
1600,1600,1011,78,129
1600,1600,1012,78,129
1600,1600,1013,78,129
1600,1600,1014,78,130
1600,1600,1015,78,130
1600,1600,1016,78,130
1600,1600,1017,78,130
1600,1600,1018,78,130
1600,1600,1019,78,130
1600,1600,1020,79,130
1600,1600,1021,79,130
1600,1600,1022,79,130
1600,1600,1023,79,131
1600,1600,1024,79,131
1600,1600,1025,79,131
1600,1600,1026,79,131
1600,1600,1027,79,131
1600,1600,1028,79,131
1600,1600,1029,79,131
1600,1600,1030,79,131
1600,1600,1031,80,131
1600,1600,1032,80,132
1600,1600,1033,80,132
1600,1600,1034,80,132
1600,1600,1035,80,132
1600,1600,1036,80,132
1600,1600,1037,80,132
1600,1600,1038,80,132
1600,1600,1039,80,132
1600,1600,1040,80,132
1600,1600,1041,80,133
1600,1600,1042,80,133
1600,1600,1043,81,133
1600,1600,1044,81,133
1600,1600,1045,81,133
1600,1600,1046,81,133
1600,1600,1047,81,133
1600,1600,1048,81,133
1600,1600,1049,81,133
1600,1600,1050,81,134
1600,1600,1051,81,134
1600,1600,1052,81,134
1600,1600,1053,81,134
1600,1600,1054,82,134
1600,1600,1055,82,134
1600,1600,1056,82,134
1600,1600,1057,82,134
1600,1600,1058,82,134
1600,1600,1059,82,135
1600,1600,1060,82,135
1600,1600,1061,82,135
1600,1600,1062,82,135
1600,1600,1063,82,135
1600,1600,1064,82,135
1600,1600,1065,83,135
1600,1600,1066,83,135
1600,1600,1067,83,135
1600,1600,1068,83,136
1600,1600,1069,83,136
1600,1600,1070,83,136
1600,1600,1071,83,136
1600,1600,1072,83,136
1600,1600,1073,83,136
1600,1600,1074,83,136
1600,1600,1075,83,136
1600,1600,1076,84,137
1600,1600,1077,84,137
1600,1600,1078,84,137
1600,1600,1079,84,137
1600,1600,1080,84,137
1600,1600,1081,84,137
1600,1600,1082,84,137
1600,1600,1083,84,137
1600,1600,1084,84,137
1600,1600,1085,84,138
1600,1600,1086,84,138
1600,1600,1087,85,138
1600,1600,1088,85,138
1600,1600,1089,85,138
1600,1600,1090,85,138
1600,1600,1091,85,138
1600,1600,1092,85,138
1600,1600,1093,85,138
1600,1600,1094,85,139
1600,1600,1095,85,139
1600,1600,1096,85,139
1600,1600,1097,85,139
1600,1600,1098,86,139
1600,1600,1099,86,139
1600,1600,1100,86,139
1600,1600,1101,86,139
1600,1600,1102,86,139
1600,1600,1103,86,140
1600,1600,1104,86,140
1600,1600,1105,86,140
1600,1600,1106,86,140
1600,1600,1107,86,140
1600,1600,1108,86,140
1600,1600,1109,86,140
1600,1600,1110,87,140
1600,1600,1111,87,140
1600,1600,1112,87,141
1600,1600,1113,87,141
1600,1600,1114,87,141
1600,1600,1115,87,141
1600,1600,1116,87,141
1600,1600,1117,87,141
1600,1600,1118,87,141
1600,1600,1119,87,141
1600,1600,1120,87,141
1600,1600,1121,88,142
1600,1600,1122,88,142
1600,1600,1123,88,142
1600,1600,1124,88,142
1600,1600,1125,88,142
1600,1600,1126,88,142
1600,1600,1127,88,142
1600,1600,1128,88,142
1600,1600,1129,88,142
1600,1600,1130,88,143
1600,1600,1131,88,143
1600,1600,1132,89,143
1600,1600,1133,89,143
1600,1600,1134,89,143
1600,1600,1135,89,143
1600,1600,1136,89,143
1600,1600,1137,89,143
1600,1600,1138,89,143
1600,1600,1139,89,144
1600,1600,1140,89,144
1600,1600,1141,89,144
1600,1600,1142,89,144
1600,1600,1143,90,144
1600,1600,1144,90,144
1600,1600,1145,90,144
1600,1600,1146,90,144
1600,1600,1147,90,144
1600,1600,1148,90,145
1600,1600,1149,90,145
1600,1600,1150,90,145
1600,1600,1151,90,145
1600,1600,1152,90,145
1600,1600,1153,90,145
1600,1600,1154,91,145
1600,1600,1155,91,145
1600,1600,1156,91,145
1600,1600,1157,91,146
1600,1600,1158,91,146
1600,1600,1159,91,146
1600,1600,1160,91,146
1600,1600,1161,91,146
1600,1600,1162,91,146
1600,1600,1163,91,146
1600,1600,1164,91,146
1600,1600,1165,92,146
1600,1600,1166,92,147
1600,1600,1167,92,147
1600,1600,1168,92,147
1600,1600,1169,92,147
1600,1600,1170,92,147
1600,1600,1171,92,147
1600,1600,1172,92,147
1600,1600,1173,92,147
1600,1600,1174,92,147
1600,1600,1175,92,148
1600,1600,1176,93,148
1600,1600,1177,93,148
1600,1600,1178,93,148
1600,1600,1179,93,148
1600,1600,1180,93,148
1600,1600,1181,93,148
1600,1600,1182,93,148
1600,1600,1183,93,148
1600,1600,1184,93,149
1600,1600,1185,93,149
1600,1600,1186,93,149
1600,1600,1187,93,149
1600,1600,1188,94,149
1600,1600,1189,94,149
1600,1600,1190,94,149
1600,1600,1191,94,149
1600,1600,1192,94,149
1600,1600,1193,94,150
1600,1600,1194,94,150
1600,1600,1195,94,150
1600,1600,1196,94,150
1600,1600,1197,94,150
1600,1600,1198,94,150
1600,1600,1199,95,150
1600,1600,1200,95,150
1600,1600,1201,95,150
1600,1600,1202,95,151
1600,1600,1203,95,151
1600,1600,1204,95,151
1600,1600,1205,95,151
1600,1600,1206,95,151
1600,1600,1207,95,151
1600,1600,1208,95,151
1600,1600,1209,95,151
1600,1600,1210,96,151
1600,1600,1211,96,152
1600,1600,1212,96,152
1600,1600,1213,96,152
1600,1600,1214,96,152
1600,1600,1215,96,152
1600,1600,1216,96,152
1600,1600,1217,96,152
1600,1600,1218,96,152
1600,1600,1219,96,152
1600,1600,1220,96,153
1600,1600,1221,97,153
1600,1600,1222,97,153
1600,1600,1223,97,153
1600,1600,1224,97,153
1600,1600,1225,97,153
1600,1600,1226,97,153
1600,1600,1227,97,153
1600,1600,1228,97,153
1600,1600,1229,97,154
1600,1600,1230,97,154
1600,1600,1231,97,154
1600,1600,1232,98,154
1600,1600,1233,98,154
1600,1600,1234,98,154
1600,1600,1235,98,154
1600,1600,1236,98,154
1600,1600,1237,98,154
1600,1600,1238,98,155
1600,1600,1239,98,155
1600,1600,1240,98,155
1600,1600,1241,98,155
1600,1600,1242,98,155
1600,1600,1243,99,155
1600,1600,1244,99,155
1600,1600,1245,99,155
1600,1600,1246,99,155
1600,1600,1247,99,156
1600,1600,1248,99,156
1600,1600,1249,99,156
1600,1600,1250,99,156
1600,1600,1251,99,156
1600,1600,1252,99,156
1600,1600,1253,99,156
1600,1600,1254,100,156
1600,1600,1255,100,156
1600,1600,1256,100,157
1600,1600,1257,100,157
1600,1600,1258,100,157
1600,1600,1259,100,157
1600,1600,1260,100,157
1600,1600,1261,100,157
1600,1600,1262,100,157
1600,1600,1263,100,157
1600,1600,1264,100,157
1600,1600,1265,101,158
1600,1600,1266,101,158
1600,1600,1267,101,158
1600,1600,1268,101,158
1600,1600,1269,101,158
1600,1600,1270,101,158
1600,1600,1271,101,158
1600,1600,1272,101,158
1600,1600,1273,101,158
1600,1600,1274,101,159
1600,1600,1275,101,159
1600,1600,1276,102,159
1600,1600,1277,102,159
1600,1600,1278,102,159
1600,1600,1279,102,159
1600,1600,1280,102,159
1600,1600,1281,102,159
1600,1600,1282,102,159
1600,1600,1283,102,160
1600,1600,1284,102,160
1600,1600,1285,102,160
1600,1600,1286,102,160
1600,1600,1287,103,160
1600,1600,1288,103,160
1600,1600,1289,103,160
1600,1600,1290,103,160
1600,1600,1291,103,160
1600,1600,1292,103,161
1600,1600,1293,103,161
1600,1600,1294,103,161
1600,1600,1295,103,161
1600,1600,1296,103,161
1600,1600,1297,103,161
1600,1600,1298,103,161
1600,1600,1299,104,161
1600,1600,1300,104,161
1600,1600,1301,104,162
1600,1600,1302,104,162
1600,1600,1303,104,162
1600,1600,1304,104,162
1600,1600,1305,104,162
1600,1600,1306,104,162
1600,1600,1307,104,162
1600,1600,1308,104,162
1600,1600,1309,104,162
1600,1600,1310,105,163
1600,1600,1311,105,163
1600,1600,1312,105,163
1600,1600,1313,105,163
1600,1600,1314,105,163
1600,1600,1315,105,163
1600,1600,1316,105,163
1600,1600,1317,105,163
1600,1600,1318,105,163
1600,1600,1319,105,164
1600,1600,1320,105,164
1600,1600,1321,106,164
1600,1600,1322,106,164
1600,1600,1323,106,164
1600,1600,1324,106,164
1600,1600,1325,106,164
1600,1600,1326,106,164
1600,1600,1327,106,164
1600,1600,1328,106,165
1600,1600,1329,106,165
1600,1600,1330,106,165
1600,1600,1331,106,165
1600,1600,1332,107,165
1600,1600,1333,107,165
1600,1600,1334,107,165
1600,1600,1335,107,165
1600,1600,1336,107,165
1600,1600,1337,107,166
1600,1600,1338,107,166
1600,1600,1339,107,166
1600,1600,1340,107,166
1600,1600,1341,107,166
1600,1600,1342,107,166
1600,1600,1343,108,166
1600,1600,1344,108,166
1600,1600,1345,108,166
1600,1600,1346,108,167
1600,1600,1347,108,167
1600,1600,1348,108,167
1600,1600,1349,108,167
1600,1600,1350,108,167
1600,1600,1351,108,167
1600,1600,1352,108,167
1600,1600,1353,108,167
1600,1600,1354,109,167
1600,1600,1355,109,168
1600,1600,1356,109,168
1600,1600,1357,109,168
1600,1600,1358,109,168
1600,1600,1359,109,168
1600,1600,1360,109,168
1600,1600,1361,109,168
1600,1600,1362,109,168
1600,1600,1363,109,168
1600,1600,1364,109,169
1600,1600,1365,110,169
1600,1600,1366,110,169
1600,1600,1367,110,169
1600,1600,1368,110,169
1600,1600,1369,110,169
1600,1600,1370,110,169
1600,1600,1371,110,169
1600,1600,1372,110,169
1600,1600,1373,110,170
1600,1600,1374,110,170
1600,1600,1375,110,170
1600,1600,1376,111,170
1600,1600,1377,111,170
1600,1600,1378,111,170
1600,1600,1379,111,170
1600,1600,1380,111,170
1600,1600,1381,111,170
1600,1600,1382,111,171
1600,1600,1383,111,171
1600,1600,1384,111,171
1600,1600,1385,111,171
1600,1600,1386,111,171
1600,1600,1387,112,171
1600,1600,1388,112,171
1600,1600,1389,112,171
1600,1600,1390,112,171
1600,1600,1391,112,172
1600,1600,1392,112,172
1600,1600,1393,112,172
1600,1600,1394,112,172
1600,1600,1395,112,172
1600,1600,1396,112,172
1600,1600,1397,112,172
1600,1600,1398,113,172
1600,1600,1399,113,172
1600,1600,1400,113,173
1600,1600,1401,113,173
1600,1600,1402,113,173
1600,1600,1403,113,173
1600,1600,1404,113,173
1600,1600,1405,113,173
1600,1600,1406,113,173
1600,1600,1407,113,173
1600,1600,1408,113,173
1600,1600,1409,114,174
1600,1600,1410,114,174
1600,1600,1411,114,174
1600,1600,1412,114,174
1600,1600,1413,114,174
1600,1600,1414,114,174
1600,1600,1415,114,174
1600,1600,1416,114,174
1600,1600,1417,114,174
1600,1600,1418,114,175
1600,1600,1419,114,175
1600,1600,1420,115,175
1600,1600,1421,115,175
1600,1600,1422,115,175
1600,1600,1423,115,175
1600,1600,1424,115,175
1600,1600,1425,115,175
1600,1600,1426,115,175
1600,1600,1427,115,176
1600,1600,1428,115,176
1600,1600,1429,115,176
1600,1600,1430,115,176
1600,1600,1431,116,176
1600,1600,1432,116,176
1600,1600,1433,116,176
1600,1600,1434,116,176
1600,1600,1435,116,176
1600,1600,1436,116,177
1600,1600,1437,116,177
1600,1600,1438,116,177
1600,1600,1439,116,177
1600,1600,1440,116,177
1600,1600,1441,116,177
1600,1600,1442,117,177
1600,1600,1443,117,177
1600,1600,1444,117,177
1600,1600,1445,117,178
1600,1600,1446,117,178
1600,1600,1447,117,178
1600,1600,1448,117,178
1600,1600,1449,117,178
1600,1600,1450,117,178
1600,1600,1451,117,178
1600,1600,1452,117,178
1600,1600,1453,118,178
1600,1600,1454,118,179
1600,1600,1455,118,179
1600,1600,1456,118,179
1600,1600,1457,118,179
1600,1600,1458,118,179
1600,1600,1459,118,179
1600,1600,1460,118,179
1600,1600,1461,118,179
1600,1600,1462,118,179
1600,1600,1463,118,180
1600,1600,1464,119,180
1600,1600,1465,119,180
1600,1600,1466,119,180
1600,1600,1467,119,180
1600,1600,1468,119,180
1600,1600,1469,119,180
1600,1600,1470,119,180
1600,1600,1471,119,180
1600,1600,1472,119,181
1600,1600,1473,119,181
1600,1600,1474,119,181
1600,1600,1475,120,181
1600,1600,1476,120,181
1600,1600,1477,120,181
1600,1600,1478,120,181
1600,1600,1479,120,181
1600,1600,1480,120,181
1600,1600,1481,120,182
1600,1600,1482,120,182
1600,1600,1483,120,182
1600,1600,1484,120,182
1600,1600,1485,120,182
1600,1600,1486,121,182
1600,1600,1487,121,182
1600,1600,1488,121,182
1600,1600,1489,121,182
1600,1600,1490,121,183
1600,1600,1491,121,183
1600,1600,1492,121,183
1600,1600,1493,121,183
1600,1600,1494,121,183
1600,1600,1495,121,183
1600,1600,1496,121,183
1600,1600,1497,122,183
1600,1600,1498,122,183
1600,1600,1499,122,184
1600,1600,1500,122,184
1600,1600,1501,122,184
1600,1600,1502,122,184
1600,1600,1503,122,184
1600,1600,1504,122,184
1600,1600,1505,122,184
1600,1600,1506,122,184
1600,1600,1507,122,184
1600,1600,1508,122,185
1600,1600,1509,123,185
1600,1600,1510,123,185
1600,1600,1511,123,185
1600,1600,1512,123,185
1600,1600,1513,123,185
1600,1600,1514,123,185
1600,1600,1515,123,185
1600,1600,1516,123,185
1600,1600,1517,123,186
1600,1600,1518,123,186
1600,1600,1519,123,186
1600,1600,1520,124,186
1600,1600,1521,124,186
1600,1600,1522,124,186
1600,1600,1523,124,186
1600,1600,1524,124,186
1600,1600,1525,124,186
1600,1600,1526,124,187
1600,1600,1527,124,187
1600,1600,1528,124,187
1600,1600,1529,124,187
1600,1600,1530,124,187
1600,1600,1531,125,187
1600,1600,1532,125,187
1600,1600,1533,125,187
1600,1600,1534,125,187
1600,1600,1535,125,188
1600,1600,1536,125,188
1600,1600,1537,125,188
1600,1600,1538,125,188
1600,1600,1539,125,188
1600,1600,1540,125,188
1600,1600,1541,125,188
1600,1600,1542,126,188
1600,1600,1543,126,188
1600,1600,1544,126,189
1600,1600,1545,126,189
1600,1600,1546,126,189
1600,1600,1547,126,189
1600,1600,1548,126,189
1600,1600,1549,126,189
1600,1600,1550,126,189
1600,1600,1551,126,189
1600,1600,1552,126,189
1600,1600,1553,127,190
1600,1600,1554,127,190
1600,1600,1555,127,190
1600,1600,1556,127,190
1600,1600,1557,127,190
1600,1600,1558,127,190
1600,1600,1559,127,190
1600,1600,1560,127,190
1600,1600,1561,127,190
1600,1600,1562,127,191
1600,1600,1563,127,191
1600,1600,1564,128,191
1600,1600,1565,128,191
1600,1600,1566,128,191
1600,1600,1567,128,191
1600,1600,1568,128,191
1600,1600,1569,128,191
1600,1600,1570,128,191
1600,1600,1571,128,192
1600,1600,1572,128,192
1600,1600,1573,128,192
1600,1600,1574,128,192
1600,1600,1575,129,192
1600,1600,1576,129,192
1600,1600,1577,129,192
1600,1600,1578,129,192
1600,1600,1579,129,192
1600,1600,1580,129,193
1600,1600,1581,129,193
1600,1600,1582,129,193
1600,1600,1583,129,193
1600,1600,1584,129,193
1600,1600,1585,129,193
1600,1600,1586,130,193
1600,1600,1587,130,193
1600,1600,1588,130,193
1600,1600,1589,130,194
1600,1600,1590,130,194
1600,1600,1591,130,194
1600,1600,1592,130,194
1600,1600,1593,130,194
1600,1600,1594,130,194
1600,1600,1595,130,194
1600,1600,1596,130,194
1600,1600,1597,131,194
1600,1600,1598,131,194
1600,1600,1599,131,195
1600,1600,1600,131,195
1600,3200,1,,
1600,3200,2,,
1600,3200,3,,
1600,3200,4,,
1600,3200,5,,
1600,3200,6,,
1600,3200,7,,
1600,3200,8,,
1600,3200,9,,
1600,3200,10,,
1600,3200,11,,
1600,3200,12,,
1600,3200,13,,13
1600,3200,14,,13
1600,3200,15,,13
1600,3200,16,,14
1600,3200,17,,14
1600,3200,18,,14
1600,3200,19,,14
1600,3200,20,,14
1600,3200,21,,14
1600,3200,22,,14
1600,3200,23,,14
1600,3200,24,,15
1600,3200,25,,15
1600,3200,26,,15
1600,3200,27,,15
1600,3200,28,,15
1600,3200,29,,15
1600,3200,30,,15
1600,3200,31,,15
1600,3200,32,,16
1600,3200,33,,16
1600,3200,34,,16
1600,3200,35,,16
1600,3200,36,,16
1600,3200,37,,16
1600,3200,38,,16
1600,3200,39,,16
1600,3200,40,,17
1600,3200,41,,17
1600,3200,42,,17
1600,3200,43,,17
1600,3200,44,,17
1600,3200,45,,17
1600,3200,46,,17
1600,3200,47,,17
1600,3200,48,,18
1600,3200,49,,18
1600,3200,50,,18
1600,3200,51,,18
1600,3200,52,,18
1600,3200,53,,18
1600,3200,54,,18
1600,3200,55,,18
1600,3200,56,,19
1600,3200,57,,19
1600,3200,58,,19
1600,3200,59,,19
1600,3200,60,,19
1600,3200,61,,19
1600,3200,62,,19
1600,3200,63,,19
1600,3200,64,,20
1600,3200,65,,20
1600,3200,66,,20
1600,3200,67,,20
1600,3200,68,,20
1600,3200,69,,20
1600,3200,70,,20
1600,3200,71,,20
1600,3200,72,,21
1600,3200,73,,21
1600,3200,74,,21
1600,3200,75,,21
1600,3200,76,,21
1600,3200,77,,21
1600,3200,78,,21
1600,3200,79,,21
1600,3200,80,,21
1600,3200,81,,22
1600,3200,82,,22
1600,3200,83,,22
1600,3200,84,,22
1600,3200,85,,22
1600,3200,86,,22
1600,3200,87,,22
1600,3200,88,,22
1600,3200,89,,23
1600,3200,90,,23
1600,3200,91,,23
1600,3200,92,,23
1600,3200,93,,23
1600,3200,94,,23
1600,3200,95,,23
1600,3200,96,,23
1600,3200,97,,24
1600,3200,98,,24
1600,3200,99,,24
1600,3200,100,,24
1600,3200,101,,24
1600,3200,102,,24
1600,3200,103,,24
1600,3200,104,,24
1600,3200,105,,25
1600,3200,106,,25
1600,3200,107,,25
1600,3200,108,,25
1600,3200,109,,25
1600,3200,110,,25
1600,3200,111,,25
1600,3200,112,,25
1600,3200,113,,26
1600,3200,114,0,26
1600,3200,115,0,26
1600,3200,116,0,26
1600,3200,117,0,26
1600,3200,118,0,26
1600,3200,119,0,26
1600,3200,120,0,26
1600,3200,121,0,26
1600,3200,122,0,27
1600,3200,123,0,27
1600,3200,124,0,27
1600,3200,125,0,27
1600,3200,126,1,27
1600,3200,127,1,27
1600,3200,128,1,27
1600,3200,129,1,27
1600,3200,130,1,28
1600,3200,131,1,28
1600,3200,132,1,28
1600,3200,133,1,28
1600,3200,134,1,28
1600,3200,135,1,28
1600,3200,136,1,28
1600,3200,137,1,28
1600,3200,138,2,29
1600,3200,139,2,29
1600,3200,140,2,29
1600,3200,141,2,29
1600,3200,142,2,29
1600,3200,143,2,29
1600,3200,144,2,29
1600,3200,145,2,29
1600,3200,146,2,30
1600,3200,147,2,30
1600,3200,148,2,30
1600,3200,149,3,30
1600,3200,150,3,30
1600,3200,151,3,30
1600,3200,152,3,30
1600,3200,153,3,30
1600,3200,154,3,30
1600,3200,155,3,31
1600,3200,156,3,31
1600,3200,157,3,31
1600,3200,158,3,31
1600,3200,159,3,31
1600,3200,160,3,31
1600,3200,161,4,31
1600,3200,162,4,31
1600,3200,163,4,32
1600,3200,164,4,32
1600,3200,165,4,32
1600,3200,166,4,32
1600,3200,167,4,32
1600,3200,168,4,32
1600,3200,169,4,32
1600,3200,170,4,32
1600,3200,171,4,33
1600,3200,172,4,33
1600,3200,173,5,33
1600,3200,174,5,33
1600,3200,175,5,33
1600,3200,176,5,33
1600,3200,177,5,33
1600,3200,178,5,33
1600,3200,179,5,33
1600,3200,180,5,34
1600,3200,181,5,34
1600,3200,182,5,34
1600,3200,183,5,34
1600,3200,184,5,34
1600,3200,185,6,34
1600,3200,186,6,34
1600,3200,187,6,34
1600,3200,188,6,35
1600,3200,189,6,35
1600,3200,190,6,35
1600,3200,191,6,35
1600,3200,192,6,35
1600,3200,193,6,35
1600,3200,194,6,35
1600,3200,195,6,35
1600,3200,196,6,36
1600,3200,197,7,36
1600,3200,198,7,36
1600,3200,199,7,36
1600,3200,200,7,36
1600,3200,201,7,36
1600,3200,202,7,36
1600,3200,203,7,36
1600,3200,204,7,36
1600,3200,205,7,37
1600,3200,206,7,37
1600,3200,207,7,37
1600,3200,208,7,37
1600,3200,209,8,37
1600,3200,210,8,37
1600,3200,211,8,37
1600,3200,212,8,37
1600,3200,213,8,38
1600,3200,214,8,38
1600,3200,215,8,38
1600,3200,216,8,38
1600,3200,217,8,38
1600,3200,218,8,38
1600,3200,219,8,38
1600,3200,220,8,38
1600,3200,221,9,38
1600,3200,222,9,39
1600,3200,223,9,39
1600,3200,224,9,39
1600,3200,225,9,39
1600,3200,226,9,39
1600,3200,227,9,39
1600,3200,228,9,39
1600,3200,229,9,39
1600,3200,230,9,40
1600,3200,231,9,40
1600,3200,232,10,40
1600,3200,233,10,40
1600,3200,234,10,40
1600,3200,235,10,40
1600,3200,236,10,40
1600,3200,237,10,40
1600,3200,238,10,41
1600,3200,239,10,41
1600,3200,240,10,41
1600,3200,241,10,41
1600,3200,242,10,41
1600,3200,243,10,41
1600,3200,244,11,41
1600,3200,245,11,41
1600,3200,246,11,41
1600,3200,247,11,42
1600,3200,248,11,42
1600,3200,249,11,42
1600,3200,250,11,42
1600,3200,251,11,42
1600,3200,252,11,42
1600,3200,253,11,42
1600,3200,254,11,42
1600,3200,255,11,43
1600,3200,256,12,43
1600,3200,257,12,43
1600,3200,258,12,43
1600,3200,259,12,43
1600,3200,260,12,43
1600,3200,261,12,43
1600,3200,262,12,43
1600,3200,263,12,43
1600,3200,264,12,44
1600,3200,265,12,44
1600,3200,266,12,44
1600,3200,267,12,44
1600,3200,268,13,44
1600,3200,269,13,44
1600,3200,270,13,44
1600,3200,271,13,44
1600,3200,272,13,45
1600,3200,273,13,45
1600,3200,274,13,45
1600,3200,275,13,45
1600,3200,276,13,45
1600,3200,277,13,45
1600,3200,278,13,45
1600,3200,279,14,45
1600,3200,280,14,45
1600,3200,281,14,46
1600,3200,282,14,46
1600,3200,283,14,46
1600,3200,284,14,46
1600,3200,285,14,46
1600,3200,286,14,46
1600,3200,287,14,46
1600,3200,288,14,46
1600,3200,289,14,47
1600,3200,290,14,47
1600,3200,291,15,47
1600,3200,292,15,47
1600,3200,293,15,47
1600,3200,294,15,47
1600,3200,295,15,47
1600,3200,296,15,47
1600,3200,297,15,47
1600,3200,298,15,48
1600,3200,299,15,48
1600,3200,300,15,48
1600,3200,301,15,48
1600,3200,302,15,48
1600,3200,303,16,48
1600,3200,304,16,48
1600,3200,305,16,48
1600,3200,306,16,49
1600,3200,307,16,49
1600,3200,308,16,49
1600,3200,309,16,49
1600,3200,310,16,49
1600,3200,311,16,49
1600,3200,312,16,49
1600,3200,313,16,49
1600,3200,314,16,49
1600,3200,315,17,50
1600,3200,316,17,50
1600,3200,317,17,50
1600,3200,318,17,50
1600,3200,319,17,50
1600,3200,320,17,50
1600,3200,321,17,50
1600,3200,322,17,50
1600,3200,323,17,51
1600,3200,324,17,51
1600,3200,325,17,51
1600,3200,326,18,51
1600,3200,327,18,51
1600,3200,328,18,51
1600,3200,329,18,51
1600,3200,330,18,51
1600,3200,331,18,51
1600,3200,332,18,52
1600,3200,333,18,52
1600,3200,334,18,52
1600,3200,335,18,52
1600,3200,336,18,52
1600,3200,337,18,52
1600,3200,338,19,52
1600,3200,339,19,52
1600,3200,340,19,53
1600,3200,341,19,53
1600,3200,342,19,53
1600,3200,343,19,53
1600,3200,344,19,53
1600,3200,345,19,53
1600,3200,346,19,53
1600,3200,347,19,53
1600,3200,348,19,53
1600,3200,349,19,54
1600,3200,350,20,54
1600,3200,351,20,54
1600,3200,352,20,54
1600,3200,353,20,54
1600,3200,354,20,54
1600,3200,355,20,54
1600,3200,356,20,54
1600,3200,357,20,55
1600,3200,358,20,55
1600,3200,359,20,55
1600,3200,360,20,55
1600,3200,361,21,55
1600,3200,362,21,55
1600,3200,363,21,55
1600,3200,364,21,55
1600,3200,365,21,55
1600,3200,366,21,56
1600,3200,367,21,56
1600,3200,368,21,56
1600,3200,369,21,56
1600,3200,370,21,56
1600,3200,371,21,56
1600,3200,372,21,56
1600,3200,373,22,56
1600,3200,374,22,57
1600,3200,375,22,57
1600,3200,376,22,57
1600,3200,377,22,57
1600,3200,378,22,57
1600,3200,379,22,57
1600,3200,380,22,57
1600,3200,381,22,57
1600,3200,382,22,57
1600,3200,383,22,58
1600,3200,384,23,58
1600,3200,385,23,58
1600,3200,386,23,58
1600,3200,387,23,58
1600,3200,388,23,58
1600,3200,389,23,58
1600,3200,390,23,58
1600,3200,391,23,58
1600,3200,392,23,59
1600,3200,393,23,59
1600,3200,394,23,59
1600,3200,395,23,59
1600,3200,396,24,59
1600,3200,397,24,59
1600,3200,398,24,59
1600,3200,399,24,59
1600,3200,400,24,60
1600,3200,401,24,60
1600,3200,402,24,60
1600,3200,403,24,60
1600,3200,404,24,60
1600,3200,405,24,60
1600,3200,406,24,60
1600,3200,407,24,60
1600,3200,408,25,60
1600,3200,409,25,61
1600,3200,410,25,61
1600,3200,411,25,61
1600,3200,412,25,61
1600,3200,413,25,61
1600,3200,414,25,61
1600,3200,415,25,61
1600,3200,416,25,61
1600,3200,417,25,62
1600,3200,418,25,62
1600,3200,419,26,62
1600,3200,420,26,62
1600,3200,421,26,62
1600,3200,422,26,62
1600,3200,423,26,62
1600,3200,424,26,62
1600,3200,425,26,62
1600,3200,426,26,63
1600,3200,427,26,63
1600,3200,428,26,63
1600,3200,429,26,63
1600,3200,430,26,63
1600,3200,431,27,63
1600,3200,432,27,63
1600,3200,433,27,63
1600,3200,434,27,63
1600,3200,435,27,64
1600,3200,436,27,64
1600,3200,437,27,64
1600,3200,438,27,64
1600,3200,439,27,64
1600,3200,440,27,64
1600,3200,441,27,64
1600,3200,442,28,64
1600,3200,443,28,65
1600,3200,444,28,65
1600,3200,445,28,65
1600,3200,446,28,65
1600,3200,447,28,65
1600,3200,448,28,65
1600,3200,449,28,65
1600,3200,450,28,65
1600,3200,451,28,65
1600,3200,452,28,66
1600,3200,453,28,66
1600,3200,454,29,66
1600,3200,455,29,66
1600,3200,456,29,66
1600,3200,457,29,66
1600,3200,458,29,66
1600,3200,459,29,66
1600,3200,460,29,67
1600,3200,461,29,67
1600,3200,462,29,67
1600,3200,463,29,67
1600,3200,464,29,67
1600,3200,465,30,67
1600,3200,466,30,67
1600,3200,467,30,67
1600,3200,468,30,67
1600,3200,469,30,68
1600,3200,470,30,68
1600,3200,471,30,68
1600,3200,472,30,68
1600,3200,473,30,68
1600,3200,474,30,68
1600,3200,475,30,68
1600,3200,476,30,68
1600,3200,477,31,68
1600,3200,478,31,69
1600,3200,479,31,69
1600,3200,480,31,69
1600,3200,481,31,69
1600,3200,482,31,69
1600,3200,483,31,69
1600,3200,484,31,69
1600,3200,485,31,69
1600,3200,486,31,70
1600,3200,487,31,70
1600,3200,488,32,70
1600,3200,489,32,70
1600,3200,490,32,70
1600,3200,491,32,70
1600,3200,492,32,70
1600,3200,493,32,70
1600,3200,494,32,70
1600,3200,495,32,71
1600,3200,496,32,71
1600,3200,497,32,71
1600,3200,498,32,71
1600,3200,499,32,71
1600,3200,500,33,71
1600,3200,501,33,71
1600,3200,502,33,71
1600,3200,503,33,71
1600,3200,504,33,72
1600,3200,505,33,72
1600,3200,506,33,72
1600,3200,507,33,72
1600,3200,508,33,72
1600,3200,509,33,72
1600,3200,510,33,72
1600,3200,511,34,72
1600,3200,512,34,73
1600,3200,513,34,73
1600,3200,514,34,73
1600,3200,515,34,73
1600,3200,516,34,73
1600,3200,517,34,73
1600,3200,518,34,73
1600,3200,519,34,73
1600,3200,520,34,73
1600,3200,521,34,74
1600,3200,522,34,74
1600,3200,523,35,74
1600,3200,524,35,74
1600,3200,525,35,74
1600,3200,526,35,74
1600,3200,527,35,74
1600,3200,528,35,74
1600,3200,529,35,74
1600,3200,530,35,75
1600,3200,531,35,75
1600,3200,532,35,75
1600,3200,533,35,75
1600,3200,534,36,75
1600,3200,535,36,75
1600,3200,536,36,75
1600,3200,537,36,75
1600,3200,538,36,76
1600,3200,539,36,76
1600,3200,540,36,76
1600,3200,541,36,76
1600,3200,542,36,76
1600,3200,543,36,76
1600,3200,544,36,76
1600,3200,545,36,76
1600,3200,546,37,76
1600,3200,547,37,77
1600,3200,548,37,77
1600,3200,549,37,77
1600,3200,550,37,77
1600,3200,551,37,77
1600,3200,552,37,77
1600,3200,553,37,77
1600,3200,554,37,77
1600,3200,555,37,77
1600,3200,556,37,78
1600,3200,557,38,78
1600,3200,558,38,78
1600,3200,559,38,78
1600,3200,560,38,78
1600,3200,561,38,78
1600,3200,562,38,78
1600,3200,563,38,78
1600,3200,564,38,79
1600,3200,565,38,79
1600,3200,566,38,79
1600,3200,567,38,79
1600,3200,568,38,79
1600,3200,569,39,79
1600,3200,570,39,79
1600,3200,571,39,79
1600,3200,572,39,79
1600,3200,573,39,80
1600,3200,574,39,80
1600,3200,575,39,80
1600,3200,576,39,80
1600,3200,577,39,80
1600,3200,578,39,80
1600,3200,579,39,80
1600,3200,580,40,80
1600,3200,581,40,80
1600,3200,582,40,81
1600,3200,583,40,81
1600,3200,584,40,81
1600,3200,585,40,81
1600,3200,586,40,81
1600,3200,587,40,81
1600,3200,588,40,81
1600,3200,589,40,81
1600,3200,590,40,81
1600,3200,591,41,82
1600,3200,592,41,82
1600,3200,593,41,82
1600,3200,594,41,82
1600,3200,595,41,82
1600,3200,596,41,82
1600,3200,597,41,82
1600,3200,598,41,82
1600,3200,599,41,83
1600,3200,600,41,83
1600,3200,601,41,83
1600,3200,602,41,83
1600,3200,603,42,83
1600,3200,604,42,83
1600,3200,605,42,83
1600,3200,606,42,83
1600,3200,607,42,83
1600,3200,608,42,84
1600,3200,609,42,84
1600,3200,610,42,84
1600,3200,611,42,84
1600,3200,612,42,84
1600,3200,613,42,84
1600,3200,614,43,84
1600,3200,615,43,84
1600,3200,616,43,84
1600,3200,617,43,85
1600,3200,618,43,85
1600,3200,619,43,85
1600,3200,620,43,85
1600,3200,621,43,85
1600,3200,622,43,85
1600,3200,623,43,85
1600,3200,624,43,85
1600,3200,625,43,85
1600,3200,626,44,86
1600,3200,627,44,86
1600,3200,628,44,86
1600,3200,629,44,86
1600,3200,630,44,86
1600,3200,631,44,86
1600,3200,632,44,86
1600,3200,633,44,86
1600,3200,634,44,87
1600,3200,635,44,87
1600,3200,636,44,87
1600,3200,637,45,87
1600,3200,638,45,87
1600,3200,639,45,87
1600,3200,640,45,87
1600,3200,641,45,87
1600,3200,642,45,87
1600,3200,643,45,88
1600,3200,644,45,88
1600,3200,645,45,88
1600,3200,646,45,88
1600,3200,647,45,88
1600,3200,648,46,88
1600,3200,649,46,88
1600,3200,650,46,88
1600,3200,651,46,88
1600,3200,652,46,89
1600,3200,653,46,89
1600,3200,654,46,89
1600,3200,655,46,89
1600,3200,656,46,89
1600,3200,657,46,89
1600,3200,658,46,89
1600,3200,659,46,89
1600,3200,660,47,89
1600,3200,661,47,90
1600,3200,662,47,90
1600,3200,663,47,90
1600,3200,664,47,90
1600,3200,665,47,90
1600,3200,666,47,90
1600,3200,667,47,90
1600,3200,668,47,90
1600,3200,669,47,91
1600,3200,670,47,91
1600,3200,671,48,91
1600,3200,672,48,91
1600,3200,673,48,91
1600,3200,674,48,91
1600,3200,675,48,91
1600,3200,676,48,91
1600,3200,677,48,91
1600,3200,678,48,92
1600,3200,679,48,92
1600,3200,680,48,92
1600,3200,681,48,92
1600,3200,682,49,92
1600,3200,683,49,92
1600,3200,684,49,92
1600,3200,685,49,92
1600,3200,686,49,92
1600,3200,687,49,93
1600,3200,688,49,93
1600,3200,689,49,93
1600,3200,690,49,93
1600,3200,691,49,93
1600,3200,692,49,93
1600,3200,693,49,93
1600,3200,694,50,93
1600,3200,695,50,93
1600,3200,696,50,94
1600,3200,697,50,94
1600,3200,698,50,94
1600,3200,699,50,94
1600,3200,700,50,94
1600,3200,701,50,94
1600,3200,702,50,94
1600,3200,703,50,94
1600,3200,704,50,95
1600,3200,705,51,95
1600,3200,706,51,95
1600,3200,707,51,95
1600,3200,708,51,95
1600,3200,709,51,95
1600,3200,710,51,95
1600,3200,711,51,95
1600,3200,712,51,95
1600,3200,713,51,96
1600,3200,714,51,96
1600,3200,715,51,96
1600,3200,716,52,96
1600,3200,717,52,96
1600,3200,718,52,96
1600,3200,719,52,96
1600,3200,720,52,96
1600,3200,721,52,96
1600,3200,722,52,97
1600,3200,723,52,97
1600,3200,724,52,97
1600,3200,725,52,97
1600,3200,726,52,97
1600,3200,727,52,97
1600,3200,728,53,97
1600,3200,729,53,97
1600,3200,730,53,97
1600,3200,731,53,98
1600,3200,732,53,98
1600,3200,733,53,98
1600,3200,734,53,98
1600,3200,735,53,98
1600,3200,736,53,98
1600,3200,737,53,98
1600,3200,738,53,98
1600,3200,739,54,98
1600,3200,740,54,99
1600,3200,741,54,99
1600,3200,742,54,99
1600,3200,743,54,99
1600,3200,744,54,99
1600,3200,745,54,99
1600,3200,746,54,99
1600,3200,747,54,99
1600,3200,748,54,100
1600,3200,749,54,100
1600,3200,750,55,100
1600,3200,751,55,100
1600,3200,752,55,100
1600,3200,753,55,100
1600,3200,754,55,100
1600,3200,755,55,100
1600,3200,756,55,100
1600,3200,757,55,101
1600,3200,758,55,101
1600,3200,759,55,101
1600,3200,760,55,101
1600,3200,761,55,101
1600,3200,762,56,101
1600,3200,763,56,101
1600,3200,764,56,101
1600,3200,765,56,101
1600,3200,766,56,102
1600,3200,767,56,102
1600,3200,768,56,102
1600,3200,769,56,102
1600,3200,770,56,102
1600,3200,771,56,102
1600,3200,772,56,102
1600,3200,773,57,102
1600,3200,774,57,102
1600,3200,775,57,103
1600,3200,776,57,103
1600,3200,777,57,103
1600,3200,778,57,103
1600,3200,779,57,103
1600,3200,780,57,103
1600,3200,781,57,103
1600,3200,782,57,103
1600,3200,783,57,103
1600,3200,784,58,104
1600,3200,785,58,104
1600,3200,786,58,104
1600,3200,787,58,104
1600,3200,788,58,104
1600,3200,789,58,104
1600,3200,790,58,104
1600,3200,791,58,104
1600,3200,792,58,105
1600,3200,793,58,105
1600,3200,794,58,105
1600,3200,795,58,105
1600,3200,796,59,105
1600,3200,797,59,105
1600,3200,798,59,105
1600,3200,799,59,105
1600,3200,800,59,105
1600,3200,801,59,106
1600,3200,802,59,106
1600,3200,803,59,106
1600,3200,804,59,106
1600,3200,805,59,106
1600,3200,806,59,106
1600,3200,807,60,106
1600,3200,808,60,106
1600,3200,809,60,106
1600,3200,810,60,107
1600,3200,811,60,107
1600,3200,812,60,107
1600,3200,813,60,107
1600,3200,814,60,107
1600,3200,815,60,107
1600,3200,816,60,107
1600,3200,817,60,107
1600,3200,818,61,107
1600,3200,819,61,108
1600,3200,820,61,108
1600,3200,821,61,108
1600,3200,822,61,108
1600,3200,823,61,108
1600,3200,824,61,108
1600,3200,825,61,108
1600,3200,826,61,108
1600,3200,827,61,108
1600,3200,828,61,109
1600,3200,829,61,109
1600,3200,830,62,109
1600,3200,831,62,109
1600,3200,832,62,109
1600,3200,833,62,109
1600,3200,834,62,109
1600,3200,835,62,109
1600,3200,836,62,109
1600,3200,837,62,110
1600,3200,838,62,110
1600,3200,839,62,110
1600,3200,840,62,110
1600,3200,841,63,110
1600,3200,842,63,110
1600,3200,843,63,110
1600,3200,844,63,110
1600,3200,845,63,111
1600,3200,846,63,111
1600,3200,847,63,111
1600,3200,848,63,111
1600,3200,849,63,111
1600,3200,850,63,111
1600,3200,851,63,111
1600,3200,852,64,111
1600,3200,853,64,111
1600,3200,854,64,112
1600,3200,855,64,112
1600,3200,856,64,112
1600,3200,857,64,112
1600,3200,858,64,112
1600,3200,859,64,112
1600,3200,860,64,112
1600,3200,861,64,112
1600,3200,862,64,112
1600,3200,863,65,113
1600,3200,864,65,113
1600,3200,865,65,113
1600,3200,866,65,113
1600,3200,867,65,113
1600,3200,868,65,113
1600,3200,869,65,113
1600,3200,870,65,113
1600,3200,871,65,113
1600,3200,872,65,114
1600,3200,873,65,114
1600,3200,874,65,114
1600,3200,875,66,114
1600,3200,876,66,114
1600,3200,877,66,114
1600,3200,878,66,114
1600,3200,879,66,114
1600,3200,880,66,114
1600,3200,881,66,115
1600,3200,882,66,115
1600,3200,883,66,115
1600,3200,884,66,115
1600,3200,885,66,115
1600,3200,886,67,115
1600,3200,887,67,115
1600,3200,888,67,115
1600,3200,889,67,115
1600,3200,890,67,116
1600,3200,891,67,116
1600,3200,892,67,116
1600,3200,893,67,116
1600,3200,894,67,116
1600,3200,895,67,116
1600,3200,896,67,116
1600,3200,897,68,116
1600,3200,898,68,116
1600,3200,899,68,117
1600,3200,900,68,117
1600,3200,901,68,117
1600,3200,902,68,117
1600,3200,903,68,117
1600,3200,904,68,117
1600,3200,905,68,117
1600,3200,906,68,117
1600,3200,907,68,118
1600,3200,908,69,118
1600,3200,909,69,118
1600,3200,910,69,118
1600,3200,911,69,118
1600,3200,912,69,118
1600,3200,913,69,118
1600,3200,914,69,118
1600,3200,915,69,118
1600,3200,916,69,119
1600,3200,917,69,119
1600,3200,918,69,119
1600,3200,919,70,119
1600,3200,920,70,119
1600,3200,921,70,119
1600,3200,922,70,119
1600,3200,923,70,119
1600,3200,924,70,119
1600,3200,925,70,120
1600,3200,926,70,120
1600,3200,927,70,120
1600,3200,928,70,120
1600,3200,929,70,120
1600,3200,930,70,120
1600,3200,931,71,120
1600,3200,932,71,120
1600,3200,933,71,120
1600,3200,934,71,121
1600,3200,935,71,121
1600,3200,936,71,121
1600,3200,937,71,121
1600,3200,938,71,121
1600,3200,939,71,121
1600,3200,940,71,121
1600,3200,941,71,121
1600,3200,942,72,121
1600,3200,943,72,122
1600,3200,944,72,122
1600,3200,945,72,122
1600,3200,946,72,122
1600,3200,947,72,122
1600,3200,948,72,122
1600,3200,949,72,122
1600,3200,950,72,122
1600,3200,951,72,122
1600,3200,952,72,123
1600,3200,953,73,123
1600,3200,954,73,123
1600,3200,955,73,123
1600,3200,956,73,123
1600,3200,957,73,123
1600,3200,958,73,123
1600,3200,959,73,123
1600,3200,960,73,123
1600,3200,961,73,124
1600,3200,962,73,124
1600,3200,963,73,124
1600,3200,964,74,124
1600,3200,965,74,124
1600,3200,966,74,124
1600,3200,967,74,124
1600,3200,968,74,124
1600,3200,969,74,124
1600,3200,970,74,125
1600,3200,971,74,125
1600,3200,972,74,125
1600,3200,973,74,125
1600,3200,974,74,125
1600,3200,975,74,125
1600,3200,976,75,125
1600,3200,977,75,125
1600,3200,978,75,126
1600,3200,979,75,126
1600,3200,980,75,126
1600,3200,981,75,126
1600,3200,982,75,126
1600,3200,983,75,126
1600,3200,984,75,126
1600,3200,985,75,126
1600,3200,986,75,126
1600,3200,987,76,127
1600,3200,988,76,127
1600,3200,989,76,127
1600,3200,990,76,127
1600,3200,991,76,127
1600,3200,992,76,127
1600,3200,993,76,127
1600,3200,994,76,127
1600,3200,995,76,127
1600,3200,996,76,128
1600,3200,997,76,128
1600,3200,998,77,128
1600,3200,999,77,128
1600,3200,1000,77,128
1600,3200,1001,77,128
1600,3200,1002,77,128
1600,3200,1003,77,128
1600,3200,1004,77,128
1600,3200,1005,77,129
1600,3200,1006,77,129
1600,3200,1007,77,129
1600,3200,1008,77,129
1600,3200,1009,78,129
1600,3200,1010,78,129
1600,3200,1011,78,129
1600,3200,1012,78,129
1600,3200,1013,78,129
1600,3200,1014,78,130
1600,3200,1015,78,130
1600,3200,1016,78,130
1600,3200,1017,78,130
1600,3200,1018,78,130
1600,3200,1019,78,130
1600,3200,1020,79,130
1600,3200,1021,79,130
1600,3200,1022,79,130
1600,3200,1023,79,131
1600,3200,1024,79,131
1600,3200,1025,79,131
1600,3200,1026,79,131
1600,3200,1027,79,131
1600,3200,1028,79,131
1600,3200,1029,79,131
1600,3200,1030,79,131
1600,3200,1031,80,131
1600,3200,1032,80,132
1600,3200,1033,80,132
1600,3200,1034,80,132
1600,3200,1035,80,132
1600,3200,1036,80,132
1600,3200,1037,80,132
1600,3200,1038,80,132
1600,3200,1039,80,132
1600,3200,1040,80,132
1600,3200,1041,80,133
1600,3200,1042,80,133
1600,3200,1043,81,133
1600,3200,1044,81,133
1600,3200,1045,81,133
1600,3200,1046,81,133
1600,3200,1047,81,133
1600,3200,1048,81,133
1600,3200,1049,81,133
1600,3200,1050,81,134
1600,3200,1051,81,134
1600,3200,1052,81,134
1600,3200,1053,81,134
1600,3200,1054,82,134
1600,3200,1055,82,134
1600,3200,1056,82,134
1600,3200,1057,82,134
1600,3200,1058,82,134
1600,3200,1059,82,135
1600,3200,1060,82,135
1600,3200,1061,82,135
1600,3200,1062,82,135
1600,3200,1063,82,135
1600,3200,1064,82,135
1600,3200,1065,83,135
1600,3200,1066,83,135
1600,3200,1067,83,135
1600,3200,1068,83,136
1600,3200,1069,83,136
1600,3200,1070,83,136
1600,3200,1071,83,136
1600,3200,1072,83,136
1600,3200,1073,83,136
1600,3200,1074,83,136
1600,3200,1075,83,136
1600,3200,1076,84,137
1600,3200,1077,84,137
1600,3200,1078,84,137
1600,3200,1079,84,137
1600,3200,1080,84,137
1600,3200,1081,84,137
1600,3200,1082,84,137
1600,3200,1083,84,137
1600,3200,1084,84,137
1600,3200,1085,84,138
1600,3200,1086,84,138
1600,3200,1087,85,138
1600,3200,1088,85,138
1600,3200,1089,85,138
1600,3200,1090,85,138
1600,3200,1091,85,138
1600,3200,1092,85,138
1600,3200,1093,85,138
1600,3200,1094,85,139
1600,3200,1095,85,139
1600,3200,1096,85,139
1600,3200,1097,85,139
1600,3200,1098,86,139
1600,3200,1099,86,139
1600,3200,1100,86,139
1600,3200,1101,86,139
1600,3200,1102,86,139
1600,3200,1103,86,140
1600,3200,1104,86,140
1600,3200,1105,86,140
1600,3200,1106,86,140
1600,3200,1107,86,140
1600,3200,1108,86,140
1600,3200,1109,86,140
1600,3200,1110,87,140
1600,3200,1111,87,140
1600,3200,1112,87,141
1600,3200,1113,87,141
1600,3200,1114,87,141
1600,3200,1115,87,141
1600,3200,1116,87,141
1600,3200,1117,87,141
1600,3200,1118,87,141
1600,3200,1119,87,141
1600,3200,1120,87,141
1600,3200,1121,88,142
1600,3200,1122,88,142
1600,3200,1123,88,142
1600,3200,1124,88,142
1600,3200,1125,88,142
1600,3200,1126,88,142
1600,3200,1127,88,142
1600,3200,1128,88,142
1600,3200,1129,88,142
1600,3200,1130,88,143
1600,3200,1131,88,143
1600,3200,1132,89,143
1600,3200,1133,89,143
1600,3200,1134,89,143
1600,3200,1135,89,143
1600,3200,1136,89,143
1600,3200,1137,89,143
1600,3200,1138,89,143
1600,3200,1139,89,144
1600,3200,1140,89,144
1600,3200,1141,89,144
1600,3200,1142,89,144
1600,3200,1143,90,144
1600,3200,1144,90,144
1600,3200,1145,90,144
1600,3200,1146,90,144
1600,3200,1147,90,144
1600,3200,1148,90,145
1600,3200,1149,90,145
1600,3200,1150,90,145
1600,3200,1151,90,145
1600,3200,1152,90,145
1600,3200,1153,90,145
1600,3200,1154,91,145
1600,3200,1155,91,145
1600,3200,1156,91,145
1600,3200,1157,91,146
1600,3200,1158,91,146
1600,3200,1159,91,146
1600,3200,1160,91,146
1600,3200,1161,91,146
1600,3200,1162,91,146
1600,3200,1163,91,146
1600,3200,1164,91,146
1600,3200,1165,92,146
1600,3200,1166,92,147
1600,3200,1167,92,147
1600,3200,1168,92,147
1600,3200,1169,92,147
1600,3200,1170,92,147
1600,3200,1171,92,147
1600,3200,1172,92,147
1600,3200,1173,92,147
1600,3200,1174,92,147
1600,3200,1175,92,148
1600,3200,1176,93,148
1600,3200,1177,93,148
1600,3200,1178,93,148
1600,3200,1179,93,148
1600,3200,1180,93,148
1600,3200,1181,93,148
1600,3200,1182,93,148
1600,3200,1183,93,148
1600,3200,1184,93,149
1600,3200,1185,93,149
1600,3200,1186,93,149
1600,3200,1187,93,149
1600,3200,1188,94,149
1600,3200,1189,94,149
1600,3200,1190,94,149
1600,3200,1191,94,149
1600,3200,1192,94,149
1600,3200,1193,94,150
1600,3200,1194,94,150
1600,3200,1195,94,150
1600,3200,1196,94,150
1600,3200,1197,94,150
1600,3200,1198,94,150
1600,3200,1199,95,150
1600,3200,1200,95,150
1600,3200,1201,95,150
1600,3200,1202,95,151
1600,3200,1203,95,151
1600,3200,1204,95,151
1600,3200,1205,95,151
1600,3200,1206,95,151
1600,3200,1207,95,151
1600,3200,1208,95,151
1600,3200,1209,95,151
1600,3200,1210,96,151
1600,3200,1211,96,152
1600,3200,1212,96,152
1600,3200,1213,96,152
1600,3200,1214,96,152
1600,3200,1215,96,152
1600,3200,1216,96,152
1600,3200,1217,96,152
1600,3200,1218,96,152
1600,3200,1219,96,152
1600,3200,1220,96,153
1600,3200,1221,97,153
1600,3200,1222,97,153
1600,3200,1223,97,153
1600,3200,1224,97,153
1600,3200,1225,97,153
1600,3200,1226,97,153
1600,3200,1227,97,153
1600,3200,1228,97,153
1600,3200,1229,97,154
1600,3200,1230,97,154
1600,3200,1231,97,154
1600,3200,1232,98,154
1600,3200,1233,98,154
1600,3200,1234,98,154
1600,3200,1235,98,154
1600,3200,1236,98,154
1600,3200,1237,98,154
1600,3200,1238,98,155
1600,3200,1239,98,155
1600,3200,1240,98,155
1600,3200,1241,98,155
1600,3200,1242,98,155
1600,3200,1243,99,155
1600,3200,1244,99,155
1600,3200,1245,99,155
1600,3200,1246,99,155
1600,3200,1247,99,156
1600,3200,1248,99,156
1600,3200,1249,99,156
1600,3200,1250,99,156
1600,3200,1251,99,156
1600,3200,1252,99,156
1600,3200,1253,99,156
1600,3200,1254,100,156
1600,3200,1255,100,156
1600,3200,1256,100,157
1600,3200,1257,100,157
1600,3200,1258,100,157
1600,3200,1259,100,157
1600,3200,1260,100,157
1600,3200,1261,100,157
1600,3200,1262,100,157
1600,3200,1263,100,157
1600,3200,1264,100,157
1600,3200,1265,101,158
1600,3200,1266,101,158
1600,3200,1267,101,158
1600,3200,1268,101,158
1600,3200,1269,101,158
1600,3200,1270,101,158
1600,3200,1271,101,158
1600,3200,1272,101,158
1600,3200,1273,101,158
1600,3200,1274,101,159
1600,3200,1275,101,159
1600,3200,1276,102,159
1600,3200,1277,102,159
1600,3200,1278,102,159
1600,3200,1279,102,159
1600,3200,1280,102,159
1600,3200,1281,102,159
1600,3200,1282,102,159
1600,3200,1283,102,160
1600,3200,1284,102,160
1600,3200,1285,102,160
1600,3200,1286,102,160
1600,3200,1287,103,160
1600,3200,1288,103,160
1600,3200,1289,103,160
1600,3200,1290,103,160
1600,3200,1291,103,160
1600,3200,1292,103,161
1600,3200,1293,103,161
1600,3200,1294,103,161
1600,3200,1295,103,161
1600,3200,1296,103,161
1600,3200,1297,103,161
1600,3200,1298,103,161
1600,3200,1299,104,161
1600,3200,1300,104,161
1600,3200,1301,104,162
1600,3200,1302,104,162
1600,3200,1303,104,162
1600,3200,1304,104,162
1600,3200,1305,104,162
1600,3200,1306,104,162
1600,3200,1307,104,162
1600,3200,1308,104,162
1600,3200,1309,104,162
1600,3200,1310,105,163
1600,3200,1311,105,163
1600,3200,1312,105,163
1600,3200,1313,105,163
1600,3200,1314,105,163
1600,3200,1315,105,163
1600,3200,1316,105,163
1600,3200,1317,105,163
1600,3200,1318,105,163
1600,3200,1319,105,164
1600,3200,1320,105,164
1600,3200,1321,106,164
1600,3200,1322,106,164
1600,3200,1323,106,164
1600,3200,1324,106,164
1600,3200,1325,106,164
1600,3200,1326,106,164
1600,3200,1327,106,164
1600,3200,1328,106,165
1600,3200,1329,106,165
1600,3200,1330,106,165
1600,3200,1331,106,165
1600,3200,1332,107,165
1600,3200,1333,107,165
1600,3200,1334,107,165
1600,3200,1335,107,165
1600,3200,1336,107,165
1600,3200,1337,107,166
1600,3200,1338,107,166
1600,3200,1339,107,166
1600,3200,1340,107,166
1600,3200,1341,107,166
1600,3200,1342,107,166
1600,3200,1343,108,166
1600,3200,1344,108,166
1600,3200,1345,108,166
1600,3200,1346,108,167
1600,3200,1347,108,167
1600,3200,1348,108,167
1600,3200,1349,108,167
1600,3200,1350,108,167
1600,3200,1351,108,167
1600,3200,1352,108,167
1600,3200,1353,108,167
1600,3200,1354,109,167
1600,3200,1355,109,168
1600,3200,1356,109,168
1600,3200,1357,109,168
1600,3200,1358,109,168
1600,3200,1359,109,168
1600,3200,1360,109,168
1600,3200,1361,109,168
1600,3200,1362,109,168
1600,3200,1363,109,168
1600,3200,1364,109,169
1600,3200,1365,110,169
1600,3200,1366,110,169
1600,3200,1367,110,169
1600,3200,1368,110,169
1600,3200,1369,110,169
1600,3200,1370,110,169
1600,3200,1371,110,169
1600,3200,1372,110,169
1600,3200,1373,110,170
1600,3200,1374,110,170
1600,3200,1375,110,170
1600,3200,1376,111,170
1600,3200,1377,111,170
1600,3200,1378,111,170
1600,3200,1379,111,170
1600,3200,1380,111,170
1600,3200,1381,111,170
1600,3200,1382,111,171
1600,3200,1383,111,171
1600,3200,1384,111,171
1600,3200,1385,111,171
1600,3200,1386,111,171
1600,3200,1387,112,171
1600,3200,1388,112,171
1600,3200,1389,112,171
1600,3200,1390,112,171
1600,3200,1391,112,172
1600,3200,1392,112,172
1600,3200,1393,112,172
1600,3200,1394,112,172
1600,3200,1395,112,172
1600,3200,1396,112,172
1600,3200,1397,112,172
1600,3200,1398,113,172
1600,3200,1399,113,172
1600,3200,1400,113,173
1600,3200,1401,113,173
1600,3200,1402,113,173
1600,3200,1403,113,173
1600,3200,1404,113,173
1600,3200,1405,113,173
1600,3200,1406,113,173
1600,3200,1407,113,173
1600,3200,1408,113,173
1600,3200,1409,114,174
1600,3200,1410,114,174
1600,3200,1411,114,174
1600,3200,1412,114,174
1600,3200,1413,114,174
1600,3200,1414,114,174
1600,3200,1415,114,174
1600,3200,1416,114,174
1600,3200,1417,114,174
1600,3200,1418,114,175
1600,3200,1419,114,175
1600,3200,1420,115,175
1600,3200,1421,115,175
1600,3200,1422,115,175
1600,3200,1423,115,175
1600,3200,1424,115,175
1600,3200,1425,115,175
1600,3200,1426,115,175
1600,3200,1427,115,176
1600,3200,1428,115,176
1600,3200,1429,115,176
1600,3200,1430,115,176
1600,3200,1431,116,176
1600,3200,1432,116,176
1600,3200,1433,116,176
1600,3200,1434,116,176
1600,3200,1435,116,176
1600,3200,1436,116,177
1600,3200,1437,116,177
1600,3200,1438,116,177
1600,3200,1439,116,177
1600,3200,1440,116,177
1600,3200,1441,116,177
1600,3200,1442,117,177
1600,3200,1443,117,177
1600,3200,1444,117,177
1600,3200,1445,117,178
1600,3200,1446,117,178
1600,3200,1447,117,178
1600,3200,1448,117,178
1600,3200,1449,117,178
1600,3200,1450,117,178
1600,3200,1451,117,178
1600,3200,1452,117,178
1600,3200,1453,118,178
1600,3200,1454,118,179
1600,3200,1455,118,179
1600,3200,1456,118,179
1600,3200,1457,118,179
1600,3200,1458,118,179
1600,3200,1459,118,179
1600,3200,1460,118,179
1600,3200,1461,118,179
1600,3200,1462,118,179
1600,3200,1463,118,180
1600,3200,1464,119,180
1600,3200,1465,119,180
1600,3200,1466,119,180
1600,3200,1467,119,180
1600,3200,1468,119,180
1600,3200,1469,119,180
1600,3200,1470,119,180
1600,3200,1471,119,180
1600,3200,1472,119,181
1600,3200,1473,119,181
1600,3200,1474,119,181
1600,3200,1475,120,181
1600,3200,1476,120,181
1600,3200,1477,120,181
1600,3200,1478,120,181
1600,3200,1479,120,181
1600,3200,1480,120,181
1600,3200,1481,120,182
1600,3200,1482,120,182
1600,3200,1483,120,182
1600,3200,1484,120,182
1600,3200,1485,120,182
1600,3200,1486,121,182
1600,3200,1487,121,182
1600,3200,1488,121,182
1600,3200,1489,121,182
1600,3200,1490,121,183
1600,3200,1491,121,183
1600,3200,1492,121,183
1600,3200,1493,121,183
1600,3200,1494,121,183
1600,3200,1495,121,183
1600,3200,1496,121,183
1600,3200,1497,122,183
1600,3200,1498,122,183
1600,3200,1499,122,184
1600,3200,1500,122,184
1600,3200,1501,122,184
1600,3200,1502,122,184
1600,3200,1503,122,184
1600,3200,1504,122,184
1600,3200,1505,122,184
1600,3200,1506,122,184
1600,3200,1507,122,184
1600,3200,1508,122,185
1600,3200,1509,123,185
1600,3200,1510,123,185
1600,3200,1511,123,185
1600,3200,1512,123,185
1600,3200,1513,123,185
1600,3200,1514,123,185
1600,3200,1515,123,185
1600,3200,1516,123,185
1600,3200,1517,123,186
1600,3200,1518,123,186
1600,3200,1519,123,186
1600,3200,1520,124,186
1600,3200,1521,124,186
1600,3200,1522,124,186
1600,3200,1523,124,186
1600,3200,1524,124,186
1600,3200,1525,124,186
1600,3200,1526,124,187
1600,3200,1527,124,187
1600,3200,1528,124,187
1600,3200,1529,124,187
1600,3200,1530,124,187
1600,3200,1531,125,187
1600,3200,1532,125,187
1600,3200,1533,125,187
1600,3200,1534,125,187
1600,3200,1535,125,188
1600,3200,1536,125,188
1600,3200,1537,125,188
1600,3200,1538,125,188
1600,3200,1539,125,188
1600,3200,1540,125,188
1600,3200,1541,125,188
1600,3200,1542,126,188
1600,3200,1543,126,188
1600,3200,1544,126,189
1600,3200,1545,126,189
1600,3200,1546,126,189
1600,3200,1547,126,189
1600,3200,1548,126,189
1600,3200,1549,126,189
1600,3200,1550,126,189
1600,3200,1551,126,189
1600,3200,1552,126,189
1600,3200,1553,127,190
1600,3200,1554,127,190
1600,3200,1555,127,190
1600,3200,1556,127,190
1600,3200,1557,127,190
1600,3200,1558,127,190
1600,3200,1559,127,190
1600,3200,1560,127,190
1600,3200,1561,127,190
1600,3200,1562,127,191
1600,3200,1563,127,191
1600,3200,1564,128,191
1600,3200,1565,128,191
1600,3200,1566,128,191
1600,3200,1567,128,191
1600,3200,1568,128,191
1600,3200,1569,128,191
1600,3200,1570,128,191
1600,3200,1571,128,192
1600,3200,1572,128,192
1600,3200,1573,128,192
1600,3200,1574,128,192
1600,3200,1575,129,192
1600,3200,1576,129,192
1600,3200,1577,129,192
1600,3200,1578,129,192
1600,3200,1579,129,192
1600,3200,1580,129,193
1600,3200,1581,129,193
1600,3200,1582,129,193
1600,3200,1583,129,193
1600,3200,1584,129,193
1600,3200,1585,129,193
1600,3200,1586,130,193
1600,3200,1587,130,193
1600,3200,1588,130,193
1600,3200,1589,130,194
1600,3200,1590,130,194
1600,3200,1591,130,194
1600,3200,1592,130,194
1600,3200,1593,130,194
1600,3200,1594,130,194
1600,3200,1595,130,194
1600,3200,1596,130,194
1600,3200,1597,131,194
1600,3200,1598,131,194
1600,3200,1599,131,195
1600,3200,1600,131,195
1600,3200,1601,131,195
1600,3200,1602,131,195
1600,3200,1603,131,195
1600,3200,1604,131,195
1600,3200,1605,131,195
1600,3200,1606,131,195
1600,3200,1607,131,195
1600,3200,1608,132,196
1600,3200,1609,132,196
1600,3200,1610,132,196
1600,3200,1611,132,196
1600,3200,1612,132,196
1600,3200,1613,132,196
1600,3200,1614,132,196
1600,3200,1615,132,196
1600,3200,1616,132,196
1600,3200,1617,132,197
1600,3200,1618,132,197
1600,3200,1619,133,197
1600,3200,1620,133,197
1600,3200,1621,133,197
1600,3200,1622,133,197
1600,3200,1623,133,197
1600,3200,1624,133,197
1600,3200,1625,133,197
1600,3200,1626,133,198
1600,3200,1627,133,198
1600,3200,1628,133,198
1600,3200,1629,133,198
1600,3200,1630,134,198
1600,3200,1631,134,198
1600,3200,1632,134,198
1600,3200,1633,134,198
1600,3200,1634,134,198
1600,3200,1635,134,199
1600,3200,1636,134,199
1600,3200,1637,134,199
1600,3200,1638,134,199
1600,3200,1639,134,199
1600,3200,1640,134,199
1600,3200,1641,135,199
1600,3200,1642,135,199
1600,3200,1643,135,199
1600,3200,1644,135,200
1600,3200,1645,135,200
1600,3200,1646,135,200
1600,3200,1647,135,200
1600,3200,1648,135,200
1600,3200,1649,135,200
1600,3200,1650,135,200
1600,3200,1651,135,200
1600,3200,1652,136,200
1600,3200,1653,136,201
1600,3200,1654,136,201
1600,3200,1655,136,201
1600,3200,1656,136,201
1600,3200,1657,136,201
1600,3200,1658,136,201
1600,3200,1659,136,201
1600,3200,1660,136,201
1600,3200,1661,136,201
1600,3200,1662,136,202
1600,3200,1663,137,202
1600,3200,1664,137,202
1600,3200,1665,137,202
1600,3200,1666,137,202
1600,3200,1667,137,202
1600,3200,1668,137,202
1600,3200,1669,137,202
1600,3200,1670,137,202
1600,3200,1671,137,203
1600,3200,1672,137,203
1600,3200,1673,137,203
1600,3200,1674,138,203
1600,3200,1675,138,203
1600,3200,1676,138,203
1600,3200,1677,138,203
1600,3200,1678,138,203
1600,3200,1679,138,203
1600,3200,1680,138,204
1600,3200,1681,138,204
1600,3200,1682,138,204
1600,3200,1683,138,204
1600,3200,1684,138,204
1600,3200,1685,139,204
1600,3200,1686,139,204
1600,3200,1687,139,204
1600,3200,1688,139,204
1600,3200,1689,139,205
1600,3200,1690,139,205
1600,3200,1691,139,205
1600,3200,1692,139,205
1600,3200,1693,139,205
1600,3200,1694,139,205
1600,3200,1695,140,205
1600,3200,1696,140,205
1600,3200,1697,140,205
1600,3200,1698,140,206
1600,3200,1699,140,206
1600,3200,1700,140,206
1600,3200,1701,140,206
1600,3200,1702,140,206
1600,3200,1703,140,206
1600,3200,1704,140,206
1600,3200,1705,140,206
1600,3200,1706,141,206
1600,3200,1707,141,207
1600,3200,1708,141,207
1600,3200,1709,141,207
1600,3200,1710,141,207
1600,3200,1711,141,207
1600,3200,1712,141,207
1600,3200,1713,141,207
1600,3200,1714,141,207
1600,3200,1715,141,207
1600,3200,1716,141,208
1600,3200,1717,142,208
1600,3200,1718,142,208
1600,3200,1719,142,208
1600,3200,1720,142,208
1600,3200,1721,142,208
1600,3200,1722,142,208
1600,3200,1723,142,208
1600,3200,1724,142,208
1600,3200,1725,142,208
1600,3200,1726,142,209
1600,3200,1727,142,209
1600,3200,1728,143,209
1600,3200,1729,143,209
1600,3200,1730,143,209
1600,3200,1731,143,209
1600,3200,1732,143,209
1600,3200,1733,143,209
1600,3200,1734,143,209
1600,3200,1735,143,210
1600,3200,1736,143,210
1600,3200,1737,143,210
1600,3200,1738,143,210
1600,3200,1739,144,210
1600,3200,1740,144,210
1600,3200,1741,144,210
1600,3200,1742,144,210
1600,3200,1743,144,210
1600,3200,1744,144,211
1600,3200,1745,144,211
1600,3200,1746,144,211
1600,3200,1747,144,211
1600,3200,1748,144,211
1600,3200,1749,144,211
1600,3200,1750,145,211
1600,3200,1751,145,211
1600,3200,1752,145,211
1600,3200,1753,145,212
1600,3200,1754,145,212
1600,3200,1755,145,212
1600,3200,1756,145,212
1600,3200,1757,145,212
1600,3200,1758,145,212
1600,3200,1759,145,212
1600,3200,1760,145,212
1600,3200,1761,146,212
1600,3200,1762,146,213
1600,3200,1763,146,213
1600,3200,1764,146,213
1600,3200,1765,146,213
1600,3200,1766,146,213
1600,3200,1767,146,213
1600,3200,1768,146,213
1600,3200,1769,146,213
1600,3200,1770,146,213
1600,3200,1771,146,214
1600,3200,1772,147,214
1600,3200,1773,147,214
1600,3200,1774,147,214
1600,3200,1775,147,214
1600,3200,1776,147,214
1600,3200,1777,147,214
1600,3200,1778,147,214
1600,3200,1779,147,214
1600,3200,1780,147,215
1600,3200,1781,147,215
1600,3200,1782,147,215
1600,3200,1783,148,215
1600,3200,1784,148,215
1600,3200,1785,148,215
1600,3200,1786,148,215
1600,3200,1787,148,215
1600,3200,1788,148,215
1600,3200,1789,148,216
1600,3200,1790,148,216
1600,3200,1791,148,216
1600,3200,1792,148,216
1600,3200,1793,148,216
1600,3200,1794,149,216
1600,3200,1795,149,216
1600,3200,1796,149,216
1600,3200,1797,149,216
1600,3200,1798,149,217
1600,3200,1799,149,217
1600,3200,1800,149,217
1600,3200,1801,149,217
1600,3200,1802,149,217
1600,3200,1803,149,217
1600,3200,1804,149,217
1600,3200,1805,150,217
1600,3200,1806,150,217
1600,3200,1807,150,218
1600,3200,1808,150,218
1600,3200,1809,150,218
1600,3200,1810,150,218
1600,3200,1811,150,218
1600,3200,1812,150,218
1600,3200,1813,150,218
1600,3200,1814,150,218
1600,3200,1815,150,218
1600,3200,1816,151,218
1600,3200,1817,151,219
1600,3200,1818,151,219
1600,3200,1819,151,219
1600,3200,1820,151,219
1600,3200,1821,151,219
1600,3200,1822,151,219
1600,3200,1823,151,219
1600,3200,1824,151,219
1600,3200,1825,151,219
1600,3200,1826,151,220
1600,3200,1827,152,220
1600,3200,1828,152,220
1600,3200,1829,152,220
1600,3200,1830,152,220
1600,3200,1831,152,220
1600,3200,1832,152,220
1600,3200,1833,152,220
1600,3200,1834,152,220
1600,3200,1835,152,221
1600,3200,1836,152,221
1600,3200,1837,152,221
1600,3200,1838,153,221
1600,3200,1839,153,221
1600,3200,1840,153,221
1600,3200,1841,153,221
1600,3200,1842,153,221
1600,3200,1843,153,221
1600,3200,1844,153,222
1600,3200,1845,153,222
1600,3200,1846,153,222
1600,3200,1847,153,222
1600,3200,1848,153,222
1600,3200,1849,154,222
1600,3200,1850,154,222
1600,3200,1851,154,222
1600,3200,1852,154,222
1600,3200,1853,154,223
1600,3200,1854,154,223
1600,3200,1855,154,223
1600,3200,1856,154,223
1600,3200,1857,154,223
1600,3200,1858,154,223
1600,3200,1859,154,223
1600,3200,1860,155,223
1600,3200,1861,155,223
1600,3200,1862,155,224
1600,3200,1863,155,224
1600,3200,1864,155,224
1600,3200,1865,155,224
1600,3200,1866,155,224
1600,3200,1867,155,224
1600,3200,1868,155,224
1600,3200,1869,155,224
1600,3200,1870,155,224
1600,3200,1871,156,225
1600,3200,1872,156,225
1600,3200,1873,156,225
1600,3200,1874,156,225
1600,3200,1875,156,225
1600,3200,1876,156,225
1600,3200,1877,156,225
1600,3200,1878,156,225
1600,3200,1879,156,225
1600,3200,1880,156,226
1600,3200,1881,156,226
1600,3200,1882,157,226
1600,3200,1883,157,226
1600,3200,1884,157,226
1600,3200,1885,157,226
1600,3200,1886,157,226
1600,3200,1887,157,226
1600,3200,1888,157,226
1600,3200,1889,157,227
1600,3200,1890,157,227
1600,3200,1891,157,227
1600,3200,1892,157,227
1600,3200,1893,158,227
1600,3200,1894,158,227
1600,3200,1895,158,227
1600,3200,1896,158,227
1600,3200,1897,158,227
1600,3200,1898,158,227
1600,3200,1899,158,228
1600,3200,1900,158,228
1600,3200,1901,158,228
1600,3200,1902,158,228
1600,3200,1903,158,228
1600,3200,1904,159,228
1600,3200,1905,159,228
1600,3200,1906,159,228
1600,3200,1907,159,228
1600,3200,1908,159,229
1600,3200,1909,159,229
1600,3200,1910,159,229
1600,3200,1911,159,229
1600,3200,1912,159,229
1600,3200,1913,159,229
1600,3200,1914,159,229
1600,3200,1915,160,229
1600,3200,1916,160,229
1600,3200,1917,160,230
1600,3200,1918,160,230
1600,3200,1919,160,230
1600,3200,1920,160,230
1600,3200,1921,160,230
1600,3200,1922,160,230
1600,3200,1923,160,230
1600,3200,1924,160,230
1600,3200,1925,161,230
1600,3200,1926,161,231
1600,3200,1927,161,231
1600,3200,1928,161,231
1600,3200,1929,161,231
1600,3200,1930,161,231
1600,3200,1931,161,231
1600,3200,1932,161,231
1600,3200,1933,161,231
1600,3200,1934,161,231
1600,3200,1935,161,232
1600,3200,1936,162,232
1600,3200,1937,162,232
1600,3200,1938,162,232
1600,3200,1939,162,232
1600,3200,1940,162,232
1600,3200,1941,162,232
1600,3200,1942,162,232
1600,3200,1943,162,232
1600,3200,1944,162,233
1600,3200,1945,162,233
1600,3200,1946,162,233
1600,3200,1947,163,233
1600,3200,1948,163,233
1600,3200,1949,163,233
1600,3200,1950,163,233
1600,3200,1951,163,233
1600,3200,1952,163,233
1600,3200,1953,163,234
1600,3200,1954,163,234
1600,3200,1955,163,234
1600,3200,1956,163,234
1600,3200,1957,163,234
1600,3200,1958,164,234
1600,3200,1959,164,234
1600,3200,1960,164,234
1600,3200,1961,164,234
1600,3200,1962,164,235
1600,3200,1963,164,235
1600,3200,1964,164,235
1600,3200,1965,164,235
1600,3200,1966,164,235
1600,3200,1967,164,235
1600,3200,1968,164,235
1600,3200,1969,165,235
1600,3200,1970,165,235
1600,3200,1971,165,235
1600,3200,1972,165,236
1600,3200,1973,165,236
1600,3200,1974,165,236
1600,3200,1975,165,236
1600,3200,1976,165,236
1600,3200,1977,165,236
1600,3200,1978,165,236
1600,3200,1979,165,236
1600,3200,1980,166,236
1600,3200,1981,166,237
1600,3200,1982,166,237
1600,3200,1983,166,237
1600,3200,1984,166,237
1600,3200,1985,166,237
1600,3200,1986,166,237
1600,3200,1987,166,237
1600,3200,1988,166,237
1600,3200,1989,166,237
1600,3200,1990,166,238
1600,3200,1991,167,238
1600,3200,1992,167,238
1600,3200,1993,167,238
1600,3200,1994,167,238
1600,3200,1995,167,238
1600,3200,1996,167,238
1600,3200,1997,167,238
1600,3200,1998,167,238
1600,3200,1999,167,239
1600,3200,2000,167,239
1600,3200,2001,167,239
1600,3200,2002,168,239
1600,3200,2003,168,239
1600,3200,2004,168,239
1600,3200,2005,168,239
1600,3200,2006,168,239
1600,3200,2007,168,239
1600,3200,2008,168,240
1600,3200,2009,168,240
1600,3200,2010,168,240
1600,3200,2011,168,240
1600,3200,2012,168,240
1600,3200,2013,169,240
1600,3200,2014,169,240
1600,3200,2015,169,240
1600,3200,2016,169,240
1600,3200,2017,169,241
1600,3200,2018,169,241
1600,3200,2019,169,241
1600,3200,2020,169,241
1600,3200,2021,169,241
1600,3200,2022,169,241
1600,3200,2023,169,241
1600,3200,2024,170,241
1600,3200,2025,170,241
1600,3200,2026,170,242
1600,3200,2027,170,242
1600,3200,2028,170,242
1600,3200,2029,170,242
1600,3200,2030,170,242
1600,3200,2031,170,242
1600,3200,2032,170,242
1600,3200,2033,170,242
1600,3200,2034,170,242
1600,3200,2035,171,243
1600,3200,2036,171,243
1600,3200,2037,171,243
1600,3200,2038,171,243
1600,3200,2039,171,243
1600,3200,2040,171,243
1600,3200,2041,171,243
1600,3200,2042,171,243
1600,3200,2043,171,243
1600,3200,2044,171,243
1600,3200,2045,171,244
1600,3200,2046,172,244
1600,3200,2047,172,244
1600,3200,2048,172,244
1600,3200,2049,172,244
1600,3200,2050,172,244
1600,3200,2051,172,244
1600,3200,2052,172,244
1600,3200,2053,172,244
1600,3200,2054,172,245
1600,3200,2055,172,245
1600,3200,2056,173,245
1600,3200,2057,173,245
1600,3200,2058,173,245
1600,3200,2059,173,245
1600,3200,2060,173,245
1600,3200,2061,173,245
1600,3200,2062,173,245
1600,3200,2063,173,246
1600,3200,2064,173,246
1600,3200,2065,173,246
1600,3200,2066,173,246
1600,3200,2067,174,246
1600,3200,2068,174,246
1600,3200,2069,174,246
1600,3200,2070,174,246
1600,3200,2071,174,246
1600,3200,2072,174,247
1600,3200,2073,174,247
1600,3200,2074,174,247
1600,3200,2075,174,247
1600,3200,2076,174,247
1600,3200,2077,174,247
1600,3200,2078,175,247
1600,3200,2079,175,247
1600,3200,2080,175,247
1600,3200,2081,175,248
1600,3200,2082,175,248
1600,3200,2083,175,248
1600,3200,2084,175,248
1600,3200,2085,175,248
1600,3200,2086,175,248
1600,3200,2087,175,248
1600,3200,2088,175,248
1600,3200,2089,176,248
1600,3200,2090,176,249
1600,3200,2091,176,249
1600,3200,2092,176,249
1600,3200,2093,176,249
1600,3200,2094,176,249
1600,3200,2095,176,249
1600,3200,2096,176,249
1600,3200,2097,176,249
1600,3200,2098,176,249
1600,3200,2099,176,250
1600,3200,2100,177,250
1600,3200,2101,177,250
1600,3200,2102,177,250
1600,3200,2103,177,250
1600,3200,2104,177,250
1600,3200,2105,177,250
1600,3200,2106,177,250
1600,3200,2107,177,250
1600,3200,2108,177,250
1600,3200,2109,177,251
1600,3200,2110,177,251
1600,3200,2111,178,251
1600,3200,2112,178,251
1600,3200,2113,178,251
1600,3200,2114,178,251
1600,3200,2115,178,251
1600,3200,2116,178,251
1600,3200,2117,178,251
1600,3200,2118,178,252
1600,3200,2119,178,252
1600,3200,2120,178,252
1600,3200,2121,178,252
1600,3200,2122,179,252
1600,3200,2123,179,252
1600,3200,2124,179,252
1600,3200,2125,179,252
1600,3200,2126,179,252
1600,3200,2127,179,253
1600,3200,2128,179,253
1600,3200,2129,179,253
1600,3200,2130,179,253
1600,3200,2131,179,253
1600,3200,2132,179,253
1600,3200,2133,180,253
1600,3200,2134,180,253
1600,3200,2135,180,253
1600,3200,2136,180,254
1600,3200,2137,180,254
1600,3200,2138,180,254
1600,3200,2139,180,254
1600,3200,2140,180,254
1600,3200,2141,180,254
1600,3200,2142,180,254
1600,3200,2143,180,254
1600,3200,2144,181,254
1600,3200,2145,181,255
1600,3200,2146,181,255
1600,3200,2147,181,255
1600,3200,2148,181,255
1600,3200,2149,181,255
1600,3200,2150,181,255
1600,3200,2151,181,255
1600,3200,2152,181,255
1600,3200,2153,181,255
1600,3200,2154,181,256
1600,3200,2155,182,256
1600,3200,2156,182,256
1600,3200,2157,182,256
1600,3200,2158,182,256
1600,3200,2159,182,256
1600,3200,2160,182,256
1600,3200,2161,182,256
1600,3200,2162,182,256
1600,3200,2163,182,256
1600,3200,2164,182,257
1600,3200,2165,183,257
1600,3200,2166,183,257
1600,3200,2167,183,257
1600,3200,2168,183,257
1600,3200,2169,183,257
1600,3200,2170,183,257
1600,3200,2171,183,257
1600,3200,2172,183,257
1600,3200,2173,183,258
1600,3200,2174,183,258
1600,3200,2175,183,258
1600,3200,2176,184,258
1600,3200,2177,184,258
1600,3200,2178,184,258
1600,3200,2179,184,258
1600,3200,2180,184,258
1600,3200,2181,184,258
1600,3200,2182,184,259
1600,3200,2183,184,259
1600,3200,2184,184,259
1600,3200,2185,184,259
1600,3200,2186,184,259
1600,3200,2187,185,259
1600,3200,2188,185,259
1600,3200,2189,185,259
1600,3200,2190,185,259
1600,3200,2191,185,260
1600,3200,2192,185,260
1600,3200,2193,185,260
1600,3200,2194,185,260
1600,3200,2195,185,260
1600,3200,2196,185,260
1600,3200,2197,185,260
1600,3200,2198,186,260
1600,3200,2199,186,260
1600,3200,2200,186,261
1600,3200,2201,186,261
1600,3200,2202,186,261
1600,3200,2203,186,261
1600,3200,2204,186,261
1600,3200,2205,186,261
1600,3200,2206,186,261
1600,3200,2207,186,261
1600,3200,2208,186,261
1600,3200,2209,187,262
1600,3200,2210,187,262
1600,3200,2211,187,262
1600,3200,2212,187,262
1600,3200,2213,187,262
1600,3200,2214,187,262
1600,3200,2215,187,262
1600,3200,2216,187,262
1600,3200,2217,187,262
1600,3200,2218,187,262
1600,3200,2219,187,263
1600,3200,2220,188,263
1600,3200,2221,188,263
1600,3200,2222,188,263
1600,3200,2223,188,263
1600,3200,2224,188,263
1600,3200,2225,188,263
1600,3200,2226,188,263
1600,3200,2227,188,263
1600,3200,2228,188,264
1600,3200,2229,188,264
1600,3200,2230,188,264
1600,3200,2231,189,264
1600,3200,2232,189,264
1600,3200,2233,189,264
1600,3200,2234,189,264
1600,3200,2235,189,264
1600,3200,2236,189,264
1600,3200,2237,189,265
1600,3200,2238,189,265
1600,3200,2239,189,265
1600,3200,2240,189,265
1600,3200,2241,189,265
1600,3200,2242,190,265
1600,3200,2243,190,265
1600,3200,2244,190,265
1600,3200,2245,190,265
1600,3200,2246,190,266
1600,3200,2247,190,266
1600,3200,2248,190,266
1600,3200,2249,190,266
1600,3200,2250,190,266
1600,3200,2251,190,266
1600,3200,2252,191,266
1600,3200,2253,191,266
1600,3200,2254,191,266
1600,3200,2255,191,267
1600,3200,2256,191,267
1600,3200,2257,191,267
1600,3200,2258,191,267
1600,3200,2259,191,267
1600,3200,2260,191,267
1600,3200,2261,191,267
1600,3200,2262,191,267
1600,3200,2263,192,267
1600,3200,2264,192,268
1600,3200,2265,192,268
1600,3200,2266,192,268
1600,3200,2267,192,268
1600,3200,2268,192,268
1600,3200,2269,192,268
1600,3200,2270,192,268
1600,3200,2271,192,268
1600,3200,2272,192,268
1600,3200,2273,192,268
1600,3200,2274,193,269
1600,3200,2275,193,269
1600,3200,2276,193,269
1600,3200,2277,193,269
1600,3200,2278,193,269
1600,3200,2279,193,269
1600,3200,2280,193,269
1600,3200,2281,193,269
1600,3200,2282,193,269
1600,3200,2283,193,270
1600,3200,2284,193,270
1600,3200,2285,194,270
1600,3200,2286,194,270
1600,3200,2287,194,270
1600,3200,2288,194,270
1600,3200,2289,194,270
1600,3200,2290,194,270
1600,3200,2291,194,270
1600,3200,2292,194,271
1600,3200,2293,194,271
1600,3200,2294,194,271
1600,3200,2295,194,271
1600,3200,2296,195,271
1600,3200,2297,195,271
1600,3200,2298,195,271
1600,3200,2299,195,271
1600,3200,2300,195,271
1600,3200,2301,195,272
1600,3200,2302,195,272
1600,3200,2303,195,272
1600,3200,2304,195,272
1600,3200,2305,195,272
1600,3200,2306,195,272
1600,3200,2307,196,272
1600,3200,2308,196,272
1600,3200,2309,196,272
1600,3200,2310,196,273
1600,3200,2311,196,273
1600,3200,2312,196,273
1600,3200,2313,196,273
1600,3200,2314,196,273
1600,3200,2315,196,273
1600,3200,2316,196,273
1600,3200,2317,196,273
1600,3200,2318,197,273
1600,3200,2319,197,274
1600,3200,2320,197,274
1600,3200,2321,197,274
1600,3200,2322,197,274
1600,3200,2323,197,274
1600,3200,2324,197,274
1600,3200,2325,197,274
1600,3200,2326,197,274
1600,3200,2327,197,274
1600,3200,2328,197,274
1600,3200,2329,198,275
1600,3200,2330,198,275
1600,3200,2331,198,275
1600,3200,2332,198,275
1600,3200,2333,198,275
1600,3200,2334,198,275
1600,3200,2335,198,275
1600,3200,2336,198,275
1600,3200,2337,198,275
1600,3200,2338,198,276
1600,3200,2339,199,276
1600,3200,2340,199,276
1600,3200,2341,199,276
1600,3200,2342,199,276
1600,3200,2343,199,276
1600,3200,2344,199,276
1600,3200,2345,199,276
1600,3200,2346,199,276
1600,3200,2347,199,277
1600,3200,2348,199,277
1600,3200,2349,199,277
1600,3200,2350,200,277
1600,3200,2351,200,277
1600,3200,2352,200,277
1600,3200,2353,200,277
1600,3200,2354,200,277
1600,3200,2355,200,277
1600,3200,2356,200,278
1600,3200,2357,200,278
1600,3200,2358,200,278
1600,3200,2359,200,278
1600,3200,2360,200,278
1600,3200,2361,201,278
1600,3200,2362,201,278
1600,3200,2363,201,278
1600,3200,2364,201,278
1600,3200,2365,201,279
1600,3200,2366,201,279
1600,3200,2367,201,279
1600,3200,2368,201,279
1600,3200,2369,201,279
1600,3200,2370,201,279
1600,3200,2371,201,279
1600,3200,2372,202,279
1600,3200,2373,202,279
1600,3200,2374,202,279
1600,3200,2375,202,280
1600,3200,2376,202,280
1600,3200,2377,202,280
1600,3200,2378,202,280
1600,3200,2379,202,280
1600,3200,2380,202,280
1600,3200,2381,202,280
1600,3200,2382,202,280
1600,3200,2383,203,280
1600,3200,2384,203,281
1600,3200,2385,203,281
1600,3200,2386,203,281
1600,3200,2387,203,281
1600,3200,2388,203,281
1600,3200,2389,203,281
1600,3200,2390,203,281
1600,3200,2391,203,281
1600,3200,2392,203,281
1600,3200,2393,203,282
1600,3200,2394,204,282
1600,3200,2395,204,282
1600,3200,2396,204,282
1600,3200,2397,204,282
1600,3200,2398,204,282
1600,3200,2399,204,282
1600,3200,2400,204,282
1600,3200,2401,204,282
1600,3200,2402,204,283
1600,3200,2403,204,283
1600,3200,2404,204,283
1600,3200,2405,205,283
1600,3200,2406,205,283
1600,3200,2407,205,283
1600,3200,2408,205,283
1600,3200,2409,205,283
1600,3200,2410,205,283
1600,3200,2411,205,284
1600,3200,2412,205,284
1600,3200,2413,205,284
1600,3200,2414,205,284
1600,3200,2415,206,284
1600,3200,2416,206,284
1600,3200,2417,206,284
1600,3200,2418,206,284
1600,3200,2419,206,284
1600,3200,2420,206,284
1600,3200,2421,206,285
1600,3200,2422,206,285
1600,3200,2423,206,285
1600,3200,2424,206,285
1600,3200,2425,206,285
1600,3200,2426,207,285
1600,3200,2427,207,285
1600,3200,2428,207,285
1600,3200,2429,207,285
1600,3200,2430,207,286
1600,3200,2431,207,286
1600,3200,2432,207,286
1600,3200,2433,207,286
1600,3200,2434,207,286
1600,3200,2435,207,286
1600,3200,2436,207,286
1600,3200,2437,208,286
1600,3200,2438,208,286
1600,3200,2439,208,287
1600,3200,2440,208,287
1600,3200,2441,208,287
1600,3200,2442,208,287
1600,3200,2443,208,287
1600,3200,2444,208,287
1600,3200,2445,208,287
1600,3200,2446,208,287
1600,3200,2447,208,287
1600,3200,2448,209,288
1600,3200,2449,209,288
1600,3200,2450,209,288
1600,3200,2451,209,288
1600,3200,2452,209,288
1600,3200,2453,209,288
1600,3200,2454,209,288
1600,3200,2455,209,288
1600,3200,2456,209,288
1600,3200,2457,209,289
1600,3200,2458,209,289
1600,3200,2459,210,289
1600,3200,2460,210,289
1600,3200,2461,210,289
1600,3200,2462,210,289
1600,3200,2463,210,289
1600,3200,2464,210,289
1600,3200,2465,210,289
1600,3200,2466,210,290
1600,3200,2467,210,290
1600,3200,2468,210,290
1600,3200,2469,210,290
1600,3200,2470,211,290
1600,3200,2471,211,290
1600,3200,2472,211,290
1600,3200,2473,211,290
1600,3200,2474,211,290
1600,3200,2475,211,290
1600,3200,2476,211,291
1600,3200,2477,211,291
1600,3200,2478,211,291
1600,3200,2479,211,291
1600,3200,2480,212,291
1600,3200,2481,212,291
1600,3200,2482,212,291
1600,3200,2483,212,291
1600,3200,2484,212,291
1600,3200,2485,212,292
1600,3200,2486,212,292
1600,3200,2487,212,292
1600,3200,2488,212,292
1600,3200,2489,212,292
1600,3200,2490,212,292
1600,3200,2491,213,292
1600,3200,2492,213,292
1600,3200,2493,213,292
1600,3200,2494,213,293
1600,3200,2495,213,293
1600,3200,2496,213,293
1600,3200,2497,213,293
1600,3200,2498,213,293
1600,3200,2499,213,293
1600,3200,2500,213,293
1600,3200,2501,213,293
1600,3200,2502,214,293
1600,3200,2503,214,294
1600,3200,2504,214,294
1600,3200,2505,214,294
1600,3200,2506,214,294
1600,3200,2507,214,294
1600,3200,2508,214,294
1600,3200,2509,214,294
1600,3200,2510,214,294
1600,3200,2511,214,294
1600,3200,2512,214,294
1600,3200,2513,215,295
1600,3200,2514,215,295
1600,3200,2515,215,295
1600,3200,2516,215,295
1600,3200,2517,215,295
1600,3200,2518,215,295
1600,3200,2519,215,295
1600,3200,2520,215,295
1600,3200,2521,215,295
1600,3200,2522,215,296
1600,3200,2523,215,296
1600,3200,2524,216,296
1600,3200,2525,216,296
1600,3200,2526,216,296
1600,3200,2527,216,296
1600,3200,2528,216,296
1600,3200,2529,216,296
1600,3200,2530,216,296
1600,3200,2531,216,297
1600,3200,2532,216,297
1600,3200,2533,216,297
1600,3200,2534,216,297
1600,3200,2535,217,297
1600,3200,2536,217,297
1600,3200,2537,217,297
1600,3200,2538,217,297
1600,3200,2539,217,297
1600,3200,2540,217,298
1600,3200,2541,217,298
1600,3200,2542,217,298
1600,3200,2543,217,298
1600,3200,2544,217,298
1600,3200,2545,218,298
1600,3200,2546,218,298
1600,3200,2547,218,298
1600,3200,2548,218,298
1600,3200,2549,218,299
1600,3200,2550,218,299
1600,3200,2551,218,299
1600,3200,2552,218,299
1600,3200,2553,218,299
1600,3200,2554,218,299
1600,3200,2555,218,299
1600,3200,2556,219,299
1600,3200,2557,219,299
1600,3200,2558,219,299
1600,3200,2559,219,300
1600,3200,2560,219,300
1600,3200,2561,219,300
1600,3200,2562,219,300
1600,3200,2563,219,300
1600,3200,2564,219,300
1600,3200,2565,219,300
1600,3200,2566,219,300
1600,3200,2567,220,300
1600,3200,2568,220,301
1600,3200,2569,220,301
1600,3200,2570,220,301
1600,3200,2571,220,301
1600,3200,2572,220,301
1600,3200,2573,220,301
1600,3200,2574,220,301
1600,3200,2575,220,301
1600,3200,2576,220,301
1600,3200,2577,220,302
1600,3200,2578,221,302
1600,3200,2579,221,302
1600,3200,2580,221,302
1600,3200,2581,221,302
1600,3200,2582,221,302
1600,3200,2583,221,302
1600,3200,2584,221,302
1600,3200,2585,221,302
1600,3200,2586,221,303
1600,3200,2587,221,303
1600,3200,2588,221,303
1600,3200,2589,222,303
1600,3200,2590,222,303
1600,3200,2591,222,303
1600,3200,2592,222,303
1600,3200,2593,222,303
1600,3200,2594,222,303
1600,3200,2595,222,304
1600,3200,2596,222,304
1600,3200,2597,222,304
1600,3200,2598,222,304
1600,3200,2599,222,304
1600,3200,2600,223,304
1600,3200,2601,223,304
1600,3200,2602,223,304
1600,3200,2603,223,304
1600,3200,2604,223,304
1600,3200,2605,223,305
1600,3200,2606,223,305
1600,3200,2607,223,305
1600,3200,2608,223,305
1600,3200,2609,223,305
1600,3200,2610,224,305
1600,3200,2611,224,305
1600,3200,2612,224,305
1600,3200,2613,224,305
1600,3200,2614,224,306
1600,3200,2615,224,306
1600,3200,2616,224,306
1600,3200,2617,224,306
1600,3200,2618,224,306
1600,3200,2619,224,306
1600,3200,2620,224,306
1600,3200,2621,225,306
1600,3200,2622,225,306
1600,3200,2623,225,307
1600,3200,2624,225,307
1600,3200,2625,225,307
1600,3200,2626,225,307
1600,3200,2627,225,307
1600,3200,2628,225,307
1600,3200,2629,225,307
1600,3200,2630,225,307
1600,3200,2631,225,307
1600,3200,2632,226,308
1600,3200,2633,226,308
1600,3200,2634,226,308
1600,3200,2635,226,308
1600,3200,2636,226,308
1600,3200,2637,226,308
1600,3200,2638,226,308
1600,3200,2639,226,308
1600,3200,2640,226,308
1600,3200,2641,226,309
1600,3200,2642,226,309
1600,3200,2643,227,309
1600,3200,2644,227,309
1600,3200,2645,227,309
1600,3200,2646,227,309
1600,3200,2647,227,309
1600,3200,2648,227,309
1600,3200,2649,227,309
1600,3200,2650,227,309
1600,3200,2651,227,310
1600,3200,2652,227,310
1600,3200,2653,227,310
1600,3200,2654,228,310
1600,3200,2655,228,310
1600,3200,2656,228,310
1600,3200,2657,228,310
1600,3200,2658,228,310
1600,3200,2659,228,310
1600,3200,2660,228,311
1600,3200,2661,228,311
1600,3200,2662,228,311
1600,3200,2663,228,311
1600,3200,2664,229,311
1600,3200,2665,229,311
1600,3200,2666,229,311
1600,3200,2667,229,311
1600,3200,2668,229,311
1600,3200,2669,229,312
1600,3200,2670,229,312
1600,3200,2671,229,312
1600,3200,2672,229,312
1600,3200,2673,229,312
1600,3200,2674,229,312
1600,3200,2675,230,312
1600,3200,2676,230,312
1600,3200,2677,230,312
1600,3200,2678,230,313
1600,3200,2679,230,313
1600,3200,2680,230,313
1600,3200,2681,230,313
1600,3200,2682,230,313
1600,3200,2683,230,313
1600,3200,2684,230,313
1600,3200,2685,230,313
1600,3200,2686,231,313
1600,3200,2687,231,313
1600,3200,2688,231,314
1600,3200,2689,231,314
1600,3200,2690,231,314
1600,3200,2691,231,314
1600,3200,2692,231,314
1600,3200,2693,231,314
1600,3200,2694,231,314
1600,3200,2695,231,314
1600,3200,2696,231,314
1600,3200,2697,232,315
1600,3200,2698,232,315
1600,3200,2699,232,315
1600,3200,2700,232,315
1600,3200,2701,232,315
1600,3200,2702,232,315
1600,3200,2703,232,315
1600,3200,2704,232,315
1600,3200,2705,232,315
1600,3200,2706,232,316
1600,3200,2707,232,316
1600,3200,2708,233,316
1600,3200,2709,233,316
1600,3200,2710,233,316
1600,3200,2711,233,316
1600,3200,2712,233,316
1600,3200,2713,233,316
1600,3200,2714,233,316
1600,3200,2715,233,317
1600,3200,2716,233,317
1600,3200,2717,233,317
1600,3200,2718,234,317
1600,3200,2719,234,317
1600,3200,2720,234,317
1600,3200,2721,234,317
1600,3200,2722,234,317
1600,3200,2723,234,317
1600,3200,2724,234,317
1600,3200,2725,234,318
1600,3200,2726,234,318
1600,3200,2727,234,318
1600,3200,2728,234,318
1600,3200,2729,235,318
1600,3200,2730,235,318
1600,3200,2731,235,318
1600,3200,2732,235,318
1600,3200,2733,235,318
1600,3200,2734,235,319
1600,3200,2735,235,319
1600,3200,2736,235,319
1600,3200,2737,235,319
1600,3200,2738,235,319
1600,3200,2739,235,319
1600,3200,2740,236,319
1600,3200,2741,236,319
1600,3200,2742,236,319
1600,3200,2743,236,320
1600,3200,2744,236,320
1600,3200,2745,236,320
1600,3200,2746,236,320
1600,3200,2747,236,320
1600,3200,2748,236,320
1600,3200,2749,236,320
1600,3200,2750,236,320
1600,3200,2751,237,320
1600,3200,2752,237,321
1600,3200,2753,237,321
1600,3200,2754,237,321
1600,3200,2755,237,321
1600,3200,2756,237,321
1600,3200,2757,237,321
1600,3200,2758,237,321
1600,3200,2759,237,321
1600,3200,2760,237,321
1600,3200,2761,237,322
1600,3200,2762,238,322
1600,3200,2763,238,322
1600,3200,2764,238,322
1600,3200,2765,238,322
1600,3200,2766,238,322
1600,3200,2767,238,322
1600,3200,2768,238,322
1600,3200,2769,238,322
1600,3200,2770,238,322
1600,3200,2771,238,323
1600,3200,2772,238,323
1600,3200,2773,239,323
1600,3200,2774,239,323
1600,3200,2775,239,323
1600,3200,2776,239,323
1600,3200,2777,239,323
1600,3200,2778,239,323
1600,3200,2779,239,323
1600,3200,2780,239,324
1600,3200,2781,239,324
1600,3200,2782,239,324
1600,3200,2783,240,324
1600,3200,2784,240,324
1600,3200,2785,240,324
1600,3200,2786,240,324
1600,3200,2787,240,324
1600,3200,2788,240,324
1600,3200,2789,240,325
1600,3200,2790,240,325
1600,3200,2791,240,325
1600,3200,2792,240,325
1600,3200,2793,240,325
1600,3200,2794,241,325
1600,3200,2795,241,325
1600,3200,2796,241,325
1600,3200,2797,241,325
1600,3200,2798,241,326
1600,3200,2799,241,326
1600,3200,2800,241,326
1600,3200,2801,241,326
1600,3200,2802,241,326
1600,3200,2803,241,326
1600,3200,2804,241,326
1600,3200,2805,242,326
1600,3200,2806,242,326
1600,3200,2807,242,326
1600,3200,2808,242,327
1600,3200,2809,242,327
1600,3200,2810,242,327
1600,3200,2811,242,327
1600,3200,2812,242,327
1600,3200,2813,242,327
1600,3200,2814,242,327
1600,3200,2815,242,327
1600,3200,2816,243,327
1600,3200,2817,243,328
1600,3200,2818,243,328
1600,3200,2819,243,328
1600,3200,2820,243,328
1600,3200,2821,243,328
1600,3200,2822,243,328
1600,3200,2823,243,328
1600,3200,2824,243,328
1600,3200,2825,243,328
1600,3200,2826,244,329
1600,3200,2827,244,329
1600,3200,2828,244,329
1600,3200,2829,244,329
1600,3200,2830,244,329
1600,3200,2831,244,329
1600,3200,2832,244,329
1600,3200,2833,244,329
1600,3200,2834,244,329
1600,3200,2835,244,330
1600,3200,2836,244,330
1600,3200,2837,245,330
1600,3200,2838,245,330
1600,3200,2839,245,330
1600,3200,2840,245,330
1600,3200,2841,245,330
1600,3200,2842,245,330
1600,3200,2843,245,330
1600,3200,2844,245,330
1600,3200,2845,245,331
1600,3200,2846,245,331
1600,3200,2847,245,331
1600,3200,2848,246,331
1600,3200,2849,246,331
1600,3200,2850,246,331
1600,3200,2851,246,331
1600,3200,2852,246,331
1600,3200,2853,246,331
1600,3200,2854,246,332
1600,3200,2855,246,332
1600,3200,2856,246,332
1600,3200,2857,246,332
1600,3200,2858,246,332
1600,3200,2859,247,332
1600,3200,2860,247,332
1600,3200,2861,247,332
1600,3200,2862,247,332
1600,3200,2863,247,333
1600,3200,2864,247,333
1600,3200,2865,247,333
1600,3200,2866,247,333
1600,3200,2867,247,333
1600,3200,2868,247,333
1600,3200,2869,247,333
1600,3200,2870,248,333
1600,3200,2871,248,333
1600,3200,2872,248,334
1600,3200,2873,248,334
1600,3200,2874,248,334
1600,3200,2875,248,334
1600,3200,2876,248,334
1600,3200,2877,248,334
1600,3200,2878,248,334
1600,3200,2879,248,334
1600,3200,2880,249,334
1600,3200,2881,249,334
1600,3200,2882,249,335
1600,3200,2883,249,335
1600,3200,2884,249,335
1600,3200,2885,249,335
1600,3200,2886,249,335
1600,3200,2887,249,335
1600,3200,2888,249,335
1600,3200,2889,249,335
1600,3200,2890,249,335
1600,3200,2891,250,336
1600,3200,2892,250,336
1600,3200,2893,250,336
1600,3200,2894,250,336
1600,3200,2895,250,336
1600,3200,2896,250,336
1600,3200,2897,250,336
1600,3200,2898,250,336
1600,3200,2899,250,336
1600,3200,2900,250,337
1600,3200,2901,250,337
1600,3200,2902,251,337
1600,3200,2903,251,337
1600,3200,2904,251,337
1600,3200,2905,251,337
1600,3200,2906,251,337
1600,3200,2907,251,337
1600,3200,2908,251,337
1600,3200,2909,251,338
1600,3200,2910,251,338
1600,3200,2911,251,338
1600,3200,2912,251,338
1600,3200,2913,252,338
1600,3200,2914,252,338
1600,3200,2915,252,338
1600,3200,2916,252,338
1600,3200,2917,252,338
1600,3200,2918,252,338
1600,3200,2919,252,339
1600,3200,2920,252,339
1600,3200,2921,252,339
1600,3200,2922,252,339
1600,3200,2923,252,339
1600,3200,2924,253,339
1600,3200,2925,253,339
1600,3200,2926,253,339
1600,3200,2927,253,339
1600,3200,2928,253,340
1600,3200,2929,253,340
1600,3200,2930,253,340
1600,3200,2931,253,340
1600,3200,2932,253,340
1600,3200,2933,253,340
1600,3200,2934,254,340
1600,3200,2935,254,340
1600,3200,2936,254,340
1600,3200,2937,254,341
1600,3200,2938,254,341
1600,3200,2939,254,341
1600,3200,2940,254,341
1600,3200,2941,254,341
1600,3200,2942,254,341
1600,3200,2943,254,341
1600,3200,2944,254,341
1600,3200,2945,255,341
1600,3200,2946,255,342
1600,3200,2947,255,342
1600,3200,2948,255,342
1600,3200,2949,255,342
1600,3200,2950,255,342
1600,3200,2951,255,342
1600,3200,2952,255,342
1600,3200,2953,255,342
1600,3200,2954,255,342
1600,3200,2955,255,342
1600,3200,2956,256,343
1600,3200,2957,256,343
1600,3200,2958,256,343
1600,3200,2959,256,343
1600,3200,2960,256,343
1600,3200,2961,256,343
1600,3200,2962,256,343
1600,3200,2963,256,343
1600,3200,2964,256,343
1600,3200,2965,256,344
1600,3200,2966,256,344
1600,3200,2967,257,344
1600,3200,2968,257,344
1600,3200,2969,257,344
1600,3200,2970,257,344
1600,3200,2971,257,344
1600,3200,2972,257,344
1600,3200,2973,257,344
1600,3200,2974,257,345
1600,3200,2975,257,345
1600,3200,2976,257,345
1600,3200,2977,258,345
1600,3200,2978,258,345
1600,3200,2979,258,345
1600,3200,2980,258,345
1600,3200,2981,258,345
1600,3200,2982,258,345
1600,3200,2983,258,346
1600,3200,2984,258,346
1600,3200,2985,258,346
1600,3200,2986,258,346
1600,3200,2987,258,346
1600,3200,2988,259,346
1600,3200,2989,259,346
1600,3200,2990,259,346
1600,3200,2991,259,346
1600,3200,2992,259,346
1600,3200,2993,259,347
1600,3200,2994,259,347
1600,3200,2995,259,347
1600,3200,2996,259,347
1600,3200,2997,259,347
1600,3200,2998,259,347
1600,3200,2999,260,347
1600,3200,3000,260,347
1600,3200,3001,260,347
1600,3200,3002,260,348
1600,3200,3003,260,348
1600,3200,3004,260,348
1600,3200,3005,260,348
1600,3200,3006,260,348
1600,3200,3007,260,348
1600,3200,3008,260,348
1600,3200,3009,260,348
1600,3200,3010,261,348
1600,3200,3011,261,349
1600,3200,3012,261,349
1600,3200,3013,261,349
1600,3200,3014,261,349
1600,3200,3015,261,349
1600,3200,3016,261,349
1600,3200,3017,261,349
1600,3200,3018,261,349
1600,3200,3019,261,349
1600,3200,3020,261,350
1600,3200,3021,262,350
1600,3200,3022,262,350
1600,3200,3023,262,350
1600,3200,3024,262,350
1600,3200,3025,262,350
1600,3200,3026,262,350
1600,3200,3027,262,350
1600,3200,3028,262,350
1600,3200,3029,262,350
1600,3200,3030,262,351
1600,3200,3031,263,351
1600,3200,3032,263,351
1600,3200,3033,263,351
1600,3200,3034,263,351
1600,3200,3035,263,351
1600,3200,3036,263,351
1600,3200,3037,263,351
1600,3200,3038,263,351
1600,3200,3039,263,352
1600,3200,3040,263,352
1600,3200,3041,263,352
1600,3200,3042,264,352
1600,3200,3043,264,352
1600,3200,3044,264,352
1600,3200,3045,264,352
1600,3200,3046,264,352
1600,3200,3047,264,352
1600,3200,3048,264,353
1600,3200,3049,264,353
1600,3200,3050,264,353
1600,3200,3051,264,353
1600,3200,3052,264,353
1600,3200,3053,265,353
1600,3200,3054,265,353
1600,3200,3055,265,353
1600,3200,3056,265,353
1600,3200,3057,265,354
1600,3200,3058,265,354
1600,3200,3059,265,354
1600,3200,3060,265,354
1600,3200,3061,265,354
1600,3200,3062,265,354
1600,3200,3063,265,354
1600,3200,3064,266,354
1600,3200,3065,266,354
1600,3200,3066,266,354
1600,3200,3067,266,355
1600,3200,3068,266,355
1600,3200,3069,266,355
1600,3200,3070,266,355
1600,3200,3071,266,355
1600,3200,3072,266,355
1600,3200,3073,266,355
1600,3200,3074,267,355
1600,3200,3075,267,355
1600,3200,3076,267,356
1600,3200,3077,267,356
1600,3200,3078,267,356
1600,3200,3079,267,356
1600,3200,3080,267,356
1600,3200,3081,267,356
1600,3200,3082,267,356
1600,3200,3083,267,356
1600,3200,3084,267,356
1600,3200,3085,268,357
1600,3200,3086,268,357
1600,3200,3087,268,357
1600,3200,3088,268,357
1600,3200,3089,268,357
1600,3200,3090,268,357
1600,3200,3091,268,357
1600,3200,3092,268,357
1600,3200,3093,268,357
1600,3200,3094,268,358
1600,3200,3095,268,358
1600,3200,3096,269,358
1600,3200,3097,269,358
1600,3200,3098,269,358
1600,3200,3099,269,358
1600,3200,3100,269,358
1600,3200,3101,269,358
1600,3200,3102,269,358
1600,3200,3103,269,358
1600,3200,3104,269,359
1600,3200,3105,269,359
1600,3200,3106,269,359
1600,3200,3107,270,359
1600,3200,3108,270,359
1600,3200,3109,270,359
1600,3200,3110,270,359
1600,3200,3111,270,359
1600,3200,3112,270,359
1600,3200,3113,270,360
1600,3200,3114,270,360
1600,3200,3115,270,360
1600,3200,3116,270,360
1600,3200,3117,271,360
1600,3200,3118,271,360
1600,3200,3119,271,360
1600,3200,3120,271,360
1600,3200,3121,271,360
1600,3200,3122,271,361
1600,3200,3123,271,361
1600,3200,3124,271,361
1600,3200,3125,271,361
1600,3200,3126,271,361
1600,3200,3127,271,361
1600,3200,3128,272,361
1600,3200,3129,272,361
1600,3200,3130,272,361
1600,3200,3131,272,362
1600,3200,3132,272,362
1600,3200,3133,272,362
1600,3200,3134,272,362
1600,3200,3135,272,362
1600,3200,3136,272,362
1600,3200,3137,272,362
1600,3200,3138,272,362
1600,3200,3139,273,362
1600,3200,3140,273,362
1600,3200,3141,273,363
1600,3200,3142,273,363
1600,3200,3143,273,363
1600,3200,3144,273,363
1600,3200,3145,273,363
1600,3200,3146,273,363
1600,3200,3147,273,363
1600,3200,3148,273,363
1600,3200,3149,273,363
1600,3200,3150,274,364
1600,3200,3151,274,364
1600,3200,3152,274,364
1600,3200,3153,274,364
1600,3200,3154,274,364
1600,3200,3155,274,364
1600,3200,3156,274,364
1600,3200,3157,274,364
1600,3200,3158,274,364
1600,3200,3159,274,365
1600,3200,3160,274,365
1600,3200,3161,275,365
1600,3200,3162,275,365
1600,3200,3163,275,365
1600,3200,3164,275,365
1600,3200,3165,275,365
1600,3200,3166,275,365
1600,3200,3167,275,365
1600,3200,3168,275,365
1600,3200,3169,275,366
1600,3200,3170,275,366
1600,3200,3171,276,366
1600,3200,3172,276,366
1600,3200,3173,276,366
1600,3200,3174,276,366
1600,3200,3175,276,366
1600,3200,3176,276,366
1600,3200,3177,276,366
1600,3200,3178,276,367
1600,3200,3179,276,367
1600,3200,3180,276,367
1600,3200,3181,276,367
1600,3200,3182,277,367
1600,3200,3183,277,367
1600,3200,3184,277,367
1600,3200,3185,277,367
1600,3200,3186,277,367
1600,3200,3187,277,368
1600,3200,3188,277,368
1600,3200,3189,277,368
1600,3200,3190,277,368
1600,3200,3191,277,368
1600,3200,3192,277,368
1600,3200,3193,278,368
1600,3200,3194,278,368
1600,3200,3195,278,368
1600,3200,3196,278,369
1600,3200,3197,278,369
1600,3200,3198,278,369
1600,3200,3199,278,369
1600,3200,3200,278,369
