p1,kappa,N_max,h_accept,h_reject,feasible_terminal_count
0.12,1.0,524,-8.251291798606495,1.8903717578961645,0
0.12,1.0,838,-8.251291798606495,1.8903717578961645,0
0.12,1.0,1153,-8.251291798606495,1.8903717578961645,0
0.12,1.0,1467,-8.251291798606495,1.8903717578961645,0
0.12,1.0,1782,-8.251291798606495,1.8903717578961645,0
0.12,1.0,2096,-8.251291798606495,1.8903717578961645,0
0.12,1.0,524,-8.251291798606495,2.3903717578961645,0
0.12,1.0,838,-8.251291798606495,2.3903717578961645,0
0.12,1.0,1153,-8.251291798606495,2.3903717578961645,0
0.12,1.0,1467,-8.251291798606495,2.3903717578961645,0
0.12,1.0,1782,-8.251291798606495,2.3903717578961645,0
0.12,1.0,2096,-8.251291798606495,2.3903717578961645,0
0.12,1.0,524,-8.251291798606495,2.6403717578961645,0
0.12,1.0,838,-8.251291798606495,2.6403717578961645,0
0.12,1.0,1153,-8.251291798606495,2.6403717578961645,0
0.12,1.0,1467,-8.251291798606495,2.6403717578961645,0
0.12,1.0,1782,-8.251291798606495,2.6403717578961645,0
0.12,1.0,2096,-8.251291798606495,2.6403717578961645,0
0.12,1.0,524,-8.251291798606495,2.8903717578961645,0
0.12,1.0,838,-8.251291798606495,2.8903717578961645,0
0.12,1.0,1153,-8.251291798606495,2.8903717578961645,0
0.12,1.0,1467,-8.251291798606495,2.8903717578961645,0
0.12,1.0,1782,-8.251291798606495,2.8903717578961645,0
0.12,1.0,2096,-8.251291798606495,2.8903717578961645,0
0.12,1.0,524,-8.251291798606495,3.3903717578961645,0
0.12,1.0,838,-8.251291798606495,3.3903717578961645,0
0.12,1.0,1153,-8.251291798606495,3.3903717578961645,0
0.12,1.0,1467,-8.251291798606495,3.3903717578961645,0
0.12,1.0,1782,-8.251291798606495,3.3903717578961645,0
0.12,1.0,2096,-8.251291798606495,3.3903717578961645,0
0.12,1.0,524,-8.251291798606495,3.8903717578961645,0
0.12,1.0,838,-8.251291798606495,3.8903717578961645,0
0.12,1.0,1153,-8.251291798606495,3.8903717578961645,0
0.12,1.0,1467,-8.251291798606495,3.8903717578961645,0
0.12,1.0,1782,-8.251291798606495,3.8903717578961645,0
0.12,1.0,2096,-8.251291798606495,3.8903717578961645,0
0.12,1.0,524,-8.251291798606495,4.8903717578961645,0
0.12,1.0,838,-8.251291798606495,4.8903717578961645,0
0.12,1.0,1153,-8.251291798606495,4.8903717578961645,0
0.12,1.0,1467,-8.251291798606495,4.8903717578961645,0
0.12,1.0,1782,-8.251291798606495,4.8903717578961645,0
0.12,1.0,2096,-8.251291798606495,4.8903717578961645,1
0.12,1.0,524,-7.251291798606495,1.8903717578961645,0
0.12,1.0,838,-7.251291798606495,1.8903717578961645,0
0.12,1.0,1153,-7.251291798606495,1.8903717578961645,0
0.12,1.0,1467,-7.251291798606495,1.8903717578961645,0
0.12,1.0,1782,-7.251291798606495,1.8903717578961645,0
0.12,1.0,2096,-7.251291798606495,1.8903717578961645,0
0.12,1.0,524,-7.251291798606495,2.3903717578961645,0
0.12,1.0,838,-7.251291798606495,2.3903717578961645,0
0.12,1.0,1153,-7.251291798606495,2.3903717578961645,0
0.12,1.0,1467,-7.251291798606495,2.3903717578961645,0
0.12,1.0,1782,-7.251291798606495,2.3903717578961645,0
0.12,1.0,2096,-7.251291798606495,2.3903717578961645,0
0.12,1.0,524,-7.251291798606495,2.6403717578961645,0
0.12,1.0,838,-7.251291798606495,2.6403717578961645,0
0.12,1.0,1153,-7.251291798606495,2.6403717578961645,0
0.12,1.0,1467,-7.251291798606495,2.6403717578961645,0
0.12,1.0,1782,-7.251291798606495,2.6403717578961645,0
0.12,1.0,2096,-7.251291798606495,2.6403717578961645,0
0.12,1.0,524,-7.251291798606495,2.8903717578961645,0
0.12,1.0,838,-7.251291798606495,2.8903717578961645,0
0.12,1.0,1153,-7.251291798606495,2.8903717578961645,0
0.12,1.0,1467,-7.251291798606495,2.8903717578961645,0
0.12,1.0,1782,-7.251291798606495,2.8903717578961645,0
0.12,1.0,2096,-7.251291798606495,2.8903717578961645,0
0.12,1.0,524,-7.251291798606495,3.3903717578961645,0
0.12,1.0,838,-7.251291798606495,3.3903717578961645,0
0.12,1.0,1153,-7.251291798606495,3.3903717578961645,0
0.12,1.0,1467,-7.251291798606495,3.3903717578961645,0
0.12,1.0,1782,-7.251291798606495,3.3903717578961645,0
0.12,1.0,2096,-7.251291798606495,3.3903717578961645,0
0.12,1.0,524,-7.251291798606495,3.8903717578961645,0
0.12,1.0,838,-7.251291798606495,3.8903717578961645,0
0.12,1.0,1153,-7.251291798606495,3.8903717578961645,0
0.12,1.0,1467,-7.251291798606495,3.8903717578961645,0
0.12,1.0,1782,-7.251291798606495,3.8903717578961645,0
0.12,1.0,2096,-7.251291798606495,3.8903717578961645,0
0.12,1.0,524,-7.251291798606495,4.8903717578961645,0
0.12,1.0,838,-7.251291798606495,4.8903717578961645,0
0.12,1.0,1153,-7.251291798606495,4.8903717578961645,0
0.12,1.0,1467,-7.251291798606495,4.8903717578961645,0
0.12,1.0,1782,-7.251291798606495,4.8903717578961645,0
0.12,1.0,2096,-7.251291798606495,4.8903717578961645,1
0.12,1.0,524,-6.251291798606495,1.8903717578961645,0
0.12,1.0,838,-6.251291798606495,1.8903717578961645,0
0.12,1.0,1153,-6.251291798606495,1.8903717578961645,0
0.12,1.0,1467,-6.251291798606495,1.8903717578961645,0
0.12,1.0,1782,-6.251291798606495,1.8903717578961645,0
0.12,1.0,2096,-6.251291798606495,1.8903717578961645,0
0.12,1.0,524,-6.251291798606495,2.3903717578961645,0
0.12,1.0,838,-6.251291798606495,2.3903717578961645,0
0.12,1.0,1153,-6.251291798606495,2.3903717578961645,0
0.12,1.0,1467,-6.251291798606495,2.3903717578961645,0
0.12,1.0,1782,-6.251291798606495,2.3903717578961645,0
0.12,1.0,2096,-6.251291798606495,2.3903717578961645,0
0.12,1.0,524,-6.251291798606495,2.6403717578961645,0
0.12,1.0,838,-6.251291798606495,2.6403717578961645,0
0.12,1.0,1153,-6.251291798606495,2.6403717578961645,0
0.12,1.0,1467,-6.251291798606495,2.6403717578961645,0
0.12,1.0,1782,-6.251291798606495,2.6403717578961645,0
0.12,1.0,2096,-6.251291798606495,2.6403717578961645,0
0.12,1.0,524,-6.251291798606495,2.8903717578961645,0
0.12,1.0,838,-6.251291798606495,2.8903717578961645,0
0.12,1.0,1153,-6.251291798606495,2.8903717578961645,0
0.12,1.0,1467,-6.251291798606495,2.8903717578961645,0
0.12,1.0,1782,-6.251291798606495,2.8903717578961645,0
0.12,1.0,2096,-6.251291798606495,2.8903717578961645,0
0.12,1.0,524,-6.251291798606495,3.3903717578961645,0
0.12,1.0,838,-6.251291798606495,3.3903717578961645,0
0.12,1.0,1153,-6.251291798606495,3.3903717578961645,0
0.12,1.0,1467,-6.251291798606495,3.3903717578961645,0
0.12,1.0,1782,-6.251291798606495,3.3903717578961645,0
0.12,1.0,2096,-6.251291798606495,3.3903717578961645,0
0.12,1.0,524,-6.251291798606495,3.8903717578961645,0
0.12,1.0,838,-6.251291798606495,3.8903717578961645,0
0.12,1.0,1153,-6.251291798606495,3.8903717578961645,0
0.12,1.0,1467,-6.251291798606495,3.8903717578961645,0
0.12,1.0,1782,-6.251291798606495,3.8903717578961645,0
0.12,1.0,2096,-6.251291798606495,3.8903717578961645,0
0.12,1.0,524,-6.251291798606495,4.8903717578961645,0
0.12,1.0,838,-6.251291798606495,4.8903717578961645,0
0.12,1.0,1153,-6.251291798606495,4.8903717578961645,0
0.12,1.0,1467,-6.251291798606495,4.8903717578961645,0
0.12,1.0,1782,-6.251291798606495,4.8903717578961645,0
0.12,1.0,2096,-6.251291798606495,4.8903717578961645,1
0.12,1.0,524,-5.251291798606495,1.8903717578961645,0
0.12,1.0,838,-5.251291798606495,1.8903717578961645,0
0.12,1.0,1153,-5.251291798606495,1.8903717578961645,0
0.12,1.0,1467,-5.251291798606495,1.8903717578961645,0
0.12,1.0,1782,-5.251291798606495,1.8903717578961645,0
0.12,1.0,2096,-5.251291798606495,1.8903717578961645,0
0.12,1.0,524,-5.251291798606495,2.3903717578961645,0
0.12,1.0,838,-5.251291798606495,2.3903717578961645,0
0.12,1.0,1153,-5.251291798606495,2.3903717578961645,0
0.12,1.0,1467,-5.251291798606495,2.3903717578961645,0
0.12,1.0,1782,-5.251291798606495,2.3903717578961645,0
0.12,1.0,2096,-5.251291798606495,2.3903717578961645,0
0.12,1.0,524,-5.251291798606495,2.6403717578961645,0
0.12,1.0,838,-5.251291798606495,2.6403717578961645,0
0.12,1.0,1153,-5.251291798606495,2.6403717578961645,0
0.12,1.0,1467,-5.251291798606495,2.6403717578961645,0
0.12,1.0,1782,-5.251291798606495,2.6403717578961645,0
0.12,1.0,2096,-5.251291798606495,2.6403717578961645,0
0.12,1.0,524,-5.251291798606495,2.8903717578961645,0
0.12,1.0,838,-5.251291798606495,2.8903717578961645,0
0.12,1.0,1153,-5.251291798606495,2.8903717578961645,0
0.12,1.0,1467,-5.251291798606495,2.8903717578961645,0
0.12,1.0,1782,-5.251291798606495,2.8903717578961645,0
0.12,1.0,2096,-5.251291798606495,2.8903717578961645,0
0.12,1.0,524,-5.251291798606495,3.3903717578961645,0
0.12,1.0,838,-5.251291798606495,3.3903717578961645,0
0.12,1.0,1153,-5.251291798606495,3.3903717578961645,0
0.12,1.0,1467,-5.251291798606495,3.3903717578961645,0
0.12,1.0,1782,-5.251291798606495,3.3903717578961645,0
0.12,1.0,2096,-5.251291798606495,3.3903717578961645,0
0.12,1.0,524,-5.251291798606495,3.8903717578961645,0
0.12,1.0,838,-5.251291798606495,3.8903717578961645,0
0.12,1.0,1153,-5.251291798606495,3.8903717578961645,0
0.12,1.0,1467,-5.251291798606495,3.8903717578961645,0
0.12,1.0,1782,-5.251291798606495,3.8903717578961645,0
0.12,1.0,2096,-5.251291798606495,3.8903717578961645,0
0.12,1.0,524,-5.251291798606495,4.8903717578961645,0
0.12,1.0,838,-5.251291798606495,4.8903717578961645,0
0.12,1.0,1153,-5.251291798606495,4.8903717578961645,0
0.12,1.0,1467,-5.251291798606495,4.8903717578961645,0
0.12,1.0,1782,-5.251291798606495,4.8903717578961645,0
0.12,1.0,2096,-5.251291798606495,4.8903717578961645,1
0.12,1.0,524,-4.251291798606495,1.8903717578961645,0
0.12,1.0,838,-4.251291798606495,1.8903717578961645,0
0.12,1.0,1153,-4.251291798606495,1.8903717578961645,0
0.12,1.0,1467,-4.251291798606495,1.8903717578961645,0
0.12,1.0,1782,-4.251291798606495,1.8903717578961645,0
0.12,1.0,2096,-4.251291798606495,1.8903717578961645,0
0.12,1.0,524,-4.251291798606495,2.3903717578961645,0
0.12,1.0,838,-4.251291798606495,2.3903717578961645,0
0.12,1.0,1153,-4.251291798606495,2.3903717578961645,0
0.12,1.0,1467,-4.251291798606495,2.3903717578961645,0
0.12,1.0,1782,-4.251291798606495,2.3903717578961645,0
0.12,1.0,2096,-4.251291798606495,2.3903717578961645,0
0.12,1.0,524,-4.251291798606495,2.6403717578961645,0
0.12,1.0,838,-4.251291798606495,2.6403717578961645,0
0.12,1.0,1153,-4.251291798606495,2.6403717578961645,0
0.12,1.0,1467,-4.251291798606495,2.6403717578961645,0
0.12,1.0,1782,-4.251291798606495,2.6403717578961645,0
0.12,1.0,2096,-4.251291798606495,2.6403717578961645,0
0.12,1.0,524,-4.251291798606495,2.8903717578961645,0
0.12,1.0,838,-4.251291798606495,2.8903717578961645,0
0.12,1.0,1153,-4.251291798606495,2.8903717578961645,0
0.12,1.0,1467,-4.251291798606495,2.8903717578961645,0
0.12,1.0,1782,-4.251291798606495,2.8903717578961645,0
0.12,1.0,2096,-4.251291798606495,2.8903717578961645,0
0.12,1.0,524,-4.251291798606495,3.3903717578961645,0
0.12,1.0,838,-4.251291798606495,3.3903717578961645,0
0.12,1.0,1153,-4.251291798606495,3.3903717578961645,0
0.12,1.0,1467,-4.251291798606495,3.3903717578961645,0
0.12,1.0,1782,-4.251291798606495,3.3903717578961645,0
0.12,1.0,2096,-4.251291798606495,3.3903717578961645,0
0.12,1.0,524,-4.251291798606495,3.8903717578961645,0
0.12,1.0,838,-4.251291798606495,3.8903717578961645,0
0.12,1.0,1153,-4.251291798606495,3.8903717578961645,0
0.12,1.0,1467,-4.251291798606495,3.8903717578961645,0
0.12,1.0,1782,-4.251291798606495,3.8903717578961645,0
0.12,1.0,2096,-4.251291798606495,3.8903717578961645,0
0.12,1.0,524,-4.251291798606495,4.8903717578961645,0
0.12,1.0,838,-4.251291798606495,4.8903717578961645,0
0.12,1.0,1153,-4.251291798606495,4.8903717578961645,0
0.12,1.0,1467,-4.251291798606495,4.8903717578961645,0
0.12,1.0,1782,-4.251291798606495,4.8903717578961645,0
0.12,1.0,2096,-4.251291798606495,4.8903717578961645,0
0.12,1.0,524,-3.251291798606495,1.8903717578961645,0
0.12,1.0,838,-3.251291798606495,1.8903717578961645,0
0.12,1.0,1153,-3.251291798606495,1.8903717578961645,0
0.12,1.0,1467,-3.251291798606495,1.8903717578961645,0
0.12,1.0,1782,-3.251291798606495,1.8903717578961645,0
0.12,1.0,2096,-3.251291798606495,1.8903717578961645,0
0.12,1.0,524,-3.251291798606495,2.3903717578961645,0
0.12,1.0,838,-3.251291798606495,2.3903717578961645,0
0.12,1.0,1153,-3.251291798606495,2.3903717578961645,0
0.12,1.0,1467,-3.251291798606495,2.3903717578961645,0
0.12,1.0,1782,-3.251291798606495,2.3903717578961645,0
0.12,1.0,2096,-3.251291798606495,2.3903717578961645,0
0.12,1.0,524,-3.251291798606495,2.6403717578961645,0
0.12,1.0,838,-3.251291798606495,2.6403717578961645,0
0.12,1.0,1153,-3.251291798606495,2.6403717578961645,0
0.12,1.0,1467,-3.251291798606495,2.6403717578961645,0
0.12,1.0,1782,-3.251291798606495,2.6403717578961645,0
0.12,1.0,2096,-3.251291798606495,2.6403717578961645,0
0.12,1.0,524,-3.251291798606495,2.8903717578961645,0
0.12,1.0,838,-3.251291798606495,2.8903717578961645,0
0.12,1.0,1153,-3.251291798606495,2.8903717578961645,0
0.12,1.0,1467,-3.251291798606495,2.8903717578961645,0
0.12,1.0,1782,-3.251291798606495,2.8903717578961645,0
0.12,1.0,2096,-3.251291798606495,2.8903717578961645,0
0.12,1.0,524,-3.251291798606495,3.3903717578961645,0
0.12,1.0,838,-3.251291798606495,3.3903717578961645,0
0.12,1.0,1153,-3.251291798606495,3.3903717578961645,0
0.12,1.0,1467,-3.251291798606495,3.3903717578961645,0
0.12,1.0,1782,-3.251291798606495,3.3903717578961645,0
0.12,1.0,2096,-3.251291798606495,3.3903717578961645,0
0.12,1.0,524,-3.251291798606495,3.8903717578961645,0
0.12,1.0,838,-3.251291798606495,3.8903717578961645,0
0.12,1.0,1153,-3.251291798606495,3.8903717578961645,0
0.12,1.0,1467,-3.251291798606495,3.8903717578961645,0
0.12,1.0,1782,-3.251291798606495,3.8903717578961645,0
0.12,1.0,2096,-3.251291798606495,3.8903717578961645,0
0.12,1.0,524,-3.251291798606495,4.8903717578961645,0
0.12,1.0,838,-3.251291798606495,4.8903717578961645,0
0.12,1.0,1153,-3.251291798606495,4.8903717578961645,0
0.12,1.0,1467,-3.251291798606495,4.8903717578961645,0
0.12,1.0,1782,-3.251291798606495,4.8903717578961645,0
0.12,1.0,2096,-3.251291798606495,4.8903717578961645,0
0.12,1.0,524,-2.251291798606495,1.8903717578961645,0
0.12,1.0,838,-2.251291798606495,1.8903717578961645,0
0.12,1.0,1153,-2.251291798606495,1.8903717578961645,0
0.12,1.0,1467,-2.251291798606495,1.8903717578961645,0
0.12,1.0,1782,-2.251291798606495,1.8903717578961645,0
0.12,1.0,2096,-2.251291798606495,1.8903717578961645,0
0.12,1.0,524,-2.251291798606495,2.3903717578961645,0
0.12,1.0,838,-2.251291798606495,2.3903717578961645,0
0.12,1.0,1153,-2.251291798606495,2.3903717578961645,0
0.12,1.0,1467,-2.251291798606495,2.3903717578961645,0
0.12,1.0,1782,-2.251291798606495,2.3903717578961645,0
0.12,1.0,2096,-2.251291798606495,2.3903717578961645,0
0.12,1.0,524,-2.251291798606495,2.6403717578961645,0
0.12,1.0,838,-2.251291798606495,2.6403717578961645,0
0.12,1.0,1153,-2.251291798606495,2.6403717578961645,0
0.12,1.0,1467,-2.251291798606495,2.6403717578961645,0
0.12,1.0,1782,-2.251291798606495,2.6403717578961645,0
0.12,1.0,2096,-2.251291798606495,2.6403717578961645,0
0.12,1.0,524,-2.251291798606495,2.8903717578961645,0
0.12,1.0,838,-2.251291798606495,2.8903717578961645,0
0.12,1.0,1153,-2.251291798606495,2.8903717578961645,0
0.12,1.0,1467,-2.251291798606495,2.8903717578961645,0
0.12,1.0,1782,-2.251291798606495,2.8903717578961645,0
0.12,1.0,2096,-2.251291798606495,2.8903717578961645,0
0.12,1.0,524,-2.251291798606495,3.3903717578961645,0
0.12,1.0,838,-2.251291798606495,3.3903717578961645,0
0.12,1.0,1153,-2.251291798606495,3.3903717578961645,0
0.12,1.0,1467,-2.251291798606495,3.3903717578961645,0
0.12,1.0,1782,-2.251291798606495,3.3903717578961645,0
0.12,1.0,2096,-2.251291798606495,3.3903717578961645,0
0.12,1.0,524,-2.251291798606495,3.8903717578961645,0
0.12,1.0,838,-2.251291798606495,3.8903717578961645,0
0.12,1.0,1153,-2.251291798606495,3.8903717578961645,0
0.12,1.0,1467,-2.251291798606495,3.8903717578961645,0
0.12,1.0,1782,-2.251291798606495,3.8903717578961645,0
0.12,1.0,2096,-2.251291798606495,3.8903717578961645,0
0.12,1.0,524,-2.251291798606495,4.8903717578961645,0
0.12,1.0,838,-2.251291798606495,4.8903717578961645,0
0.12,1.0,1153,-2.251291798606495,4.8903717578961645,0
0.12,1.0,1467,-2.251291798606495,4.8903717578961645,0
0.12,1.0,1782,-2.251291798606495,4.8903717578961645,0
0.12,1.0,2096,-2.251291798606495,4.8903717578961645,0
0.12,1.0,524,-1.2512917986064949,1.8903717578961645,0
0.12,1.0,838,-1.2512917986064949,1.8903717578961645,0
0.12,1.0,1153,-1.2512917986064949,1.8903717578961645,0
0.12,1.0,1467,-1.2512917986064949,1.8903717578961645,0
0.12,1.0,1782,-1.2512917986064949,1.8903717578961645,0
0.12,1.0,2096,-1.2512917986064949,1.8903717578961645,0
0.12,1.0,524,-1.2512917986064949,2.3903717578961645,0
0.12,1.0,838,-1.2512917986064949,2.3903717578961645,0
0.12,1.0,1153,-1.2512917986064949,2.3903717578961645,0
0.12,1.0,1467,-1.2512917986064949,2.3903717578961645,0
0.12,1.0,1782,-1.2512917986064949,2.3903717578961645,0
0.12,1.0,2096,-1.2512917986064949,2.3903717578961645,0
0.12,1.0,524,-1.2512917986064949,2.6403717578961645,0
0.12,1.0,838,-1.2512917986064949,2.6403717578961645,0
0.12,1.0,1153,-1.2512917986064949,2.6403717578961645,0
0.12,1.0,1467,-1.2512917986064949,2.6403717578961645,0
0.12,1.0,1782,-1.2512917986064949,2.6403717578961645,0
0.12,1.0,2096,-1.2512917986064949,2.6403717578961645,0
0.12,1.0,524,-1.2512917986064949,2.8903717578961645,0
0.12,1.0,838,-1.2512917986064949,2.8903717578961645,0
0.12,1.0,1153,-1.2512917986064949,2.8903717578961645,0
0.12,1.0,1467,-1.2512917986064949,2.8903717578961645,0
0.12,1.0,1782,-1.2512917986064949,2.8903717578961645,0
0.12,1.0,2096,-1.2512917986064949,2.8903717578961645,0
0.12,1.0,524,-1.2512917986064949,3.3903717578961645,0
0.12,1.0,838,-1.2512917986064949,3.3903717578961645,0
0.12,1.0,1153,-1.2512917986064949,3.3903717578961645,0
0.12,1.0,1467,-1.2512917986064949,3.3903717578961645,0
0.12,1.0,1782,-1.2512917986064949,3.3903717578961645,0
0.12,1.0,2096,-1.2512917986064949,3.3903717578961645,0
0.12,1.0,524,-1.2512917986064949,3.8903717578961645,0
0.12,1.0,838,-1.2512917986064949,3.8903717578961645,0
0.12,1.0,1153,-1.2512917986064949,3.8903717578961645,0
0.12,1.0,1467,-1.2512917986064949,3.8903717578961645,0
0.12,1.0,1782,-1.2512917986064949,3.8903717578961645,0
0.12,1.0,2096,-1.2512917986064949,3.8903717578961645,0
0.12,1.0,524,-1.2512917986064949,4.8903717578961645,0
0.12,1.0,838,-1.2512917986064949,4.8903717578961645,0
0.12,1.0,1153,-1.2512917986064949,4.8903717578961645,0
0.12,1.0,1467,-1.2512917986064949,4.8903717578961645,0
0.12,1.0,1782,-1.2512917986064949,4.8903717578961645,0
0.12,1.0,2096,-1.2512917986064949,4.8903717578961645,0
0.12,1.25,655,-8.251291798606495,1.8903717578961645,0
0.12,1.25,1048,-8.251291798606495,1.8903717578961645,0
0.12,1.25,1441,-8.251291798606495,1.8903717578961645,0
0.12,1.25,1834,-8.251291798606495,1.8903717578961645,0
0.12,1.25,2096,-8.251291798606495,1.8903717578961645,0
0.12,1.25,2227,-8.251291798606495,1.8903717578961645,0
0.12,1.25,2620,-8.251291798606495,1.8903717578961645,0
0.12,1.25,655,-8.251291798606495,2.3903717578961645,0
0.12,1.25,1048,-8.251291798606495,2.3903717578961645,0
0.12,1.25,1441,-8.251291798606495,2.3903717578961645,0
0.12,1.25,1834,-8.251291798606495,2.3903717578961645,0
0.12,1.25,2096,-8.251291798606495,2.3903717578961645,0
0.12,1.25,2227,-8.251291798606495,2.3903717578961645,0
0.12,1.25,2620,-8.251291798606495,2.3903717578961645,0
0.12,1.25,655,-8.251291798606495,2.6403717578961645,0
0.12,1.25,1048,-8.251291798606495,2.6403717578961645,0
0.12,1.25,1441,-8.251291798606495,2.6403717578961645,0
0.12,1.25,1834,-8.251291798606495,2.6403717578961645,0
0.12,1.25,2096,-8.251291798606495,2.6403717578961645,0
0.12,1.25,2227,-8.251291798606495,2.6403717578961645,0
0.12,1.25,2620,-8.251291798606495,2.6403717578961645,0
0.12,1.25,655,-8.251291798606495,2.8903717578961645,0
0.12,1.25,1048,-8.251291798606495,2.8903717578961645,0
0.12,1.25,1441,-8.251291798606495,2.8903717578961645,0
0.12,1.25,1834,-8.251291798606495,2.8903717578961645,0
0.12,1.25,2096,-8.251291798606495,2.8903717578961645,0
0.12,1.25,2227,-8.251291798606495,2.8903717578961645,0
0.12,1.25,2620,-8.251291798606495,2.8903717578961645,1
0.12,1.25,655,-8.251291798606495,3.3903717578961645,0
0.12,1.25,1048,-8.251291798606495,3.3903717578961645,0
0.12,1.25,1441,-8.251291798606495,3.3903717578961645,0
0.12,1.25,1834,-8.251291798606495,3.3903717578961645,0
0.12,1.25,2096,-8.251291798606495,3.3903717578961645,0
0.12,1.25,2227,-8.251291798606495,3.3903717578961645,0
0.12,1.25,2620,-8.251291798606495,3.3903717578961645,6
0.12,1.25,655,-8.251291798606495,3.8903717578961645,0
0.12,1.25,1048,-8.251291798606495,3.8903717578961645,0
0.12,1.25,1441,-8.251291798606495,3.8903717578961645,0
0.12,1.25,1834,-8.251291798606495,3.8903717578961645,0
0.12,1.25,2096,-8.251291798606495,3.8903717578961645,0
0.12,1.25,2227,-8.251291798606495,3.8903717578961645,1
0.12,1.25,2620,-8.251291798606495,3.8903717578961645,6
0.12,1.25,655,-8.251291798606495,4.8903717578961645,0
0.12,1.25,1048,-8.251291798606495,4.8903717578961645,0
0.12,1.25,1441,-8.251291798606495,4.8903717578961645,0
0.12,1.25,1834,-8.251291798606495,4.8903717578961645,0
0.12,1.25,2096,-8.251291798606495,4.8903717578961645,1
0.12,1.25,2227,-8.251291798606495,4.8903717578961645,2
0.12,1.25,2620,-8.251291798606495,4.8903717578961645,5
0.12,1.25,655,-7.251291798606495,1.8903717578961645,0
0.12,1.25,1048,-7.251291798606495,1.8903717578961645,0
0.12,1.25,1441,-7.251291798606495,1.8903717578961645,0
0.12,1.25,1834,-7.251291798606495,1.8903717578961645,0
0.12,1.25,2096,-7.251291798606495,1.8903717578961645,0
0.12,1.25,2227,-7.251291798606495,1.8903717578961645,0
0.12,1.25,2620,-7.251291798606495,1.8903717578961645,0
0.12,1.25,655,-7.251291798606495,2.3903717578961645,0
0.12,1.25,1048,-7.251291798606495,2.3903717578961645,0
0.12,1.25,1441,-7.251291798606495,2.3903717578961645,0
0.12,1.25,1834,-7.251291798606495,2.3903717578961645,0
0.12,1.25,2096,-7.251291798606495,2.3903717578961645,0
0.12,1.25,2227,-7.251291798606495,2.3903717578961645,0
0.12,1.25,2620,-7.251291798606495,2.3903717578961645,0
0.12,1.25,655,-7.251291798606495,2.6403717578961645,0
0.12,1.25,1048,-7.251291798606495,2.6403717578961645,0
0.12,1.25,1441,-7.251291798606495,2.6403717578961645,0
0.12,1.25,1834,-7.251291798606495,2.6403717578961645,0
0.12,1.25,2096,-7.251291798606495,2.6403717578961645,0
0.12,1.25,2227,-7.251291798606495,2.6403717578961645,0
0.12,1.25,2620,-7.251291798606495,2.6403717578961645,0
0.12,1.25,655,-7.251291798606495,2.8903717578961645,0
0.12,1.25,1048,-7.251291798606495,2.8903717578961645,0
0.12,1.25,1441,-7.251291798606495,2.8903717578961645,0
0.12,1.25,1834,-7.251291798606495,2.8903717578961645,0
0.12,1.25,2096,-7.251291798606495,2.8903717578961645,0
0.12,1.25,2227,-7.251291798606495,2.8903717578961645,0
0.12,1.25,2620,-7.251291798606495,2.8903717578961645,1
0.12,1.25,655,-7.251291798606495,3.3903717578961645,0
0.12,1.25,1048,-7.251291798606495,3.3903717578961645,0
0.12,1.25,1441,-7.251291798606495,3.3903717578961645,0
0.12,1.25,1834,-7.251291798606495,3.3903717578961645,0
0.12,1.25,2096,-7.251291798606495,3.3903717578961645,0
0.12,1.25,2227,-7.251291798606495,3.3903717578961645,0
0.12,1.25,2620,-7.251291798606495,3.3903717578961645,6
0.12,1.25,655,-7.251291798606495,3.8903717578961645,0
0.12,1.25,1048,-7.251291798606495,3.8903717578961645,0
0.12,1.25,1441,-7.251291798606495,3.8903717578961645,0
0.12,1.25,1834,-7.251291798606495,3.8903717578961645,0
0.12,1.25,2096,-7.251291798606495,3.8903717578961645,0
0.12,1.25,2227,-7.251291798606495,3.8903717578961645,1
0.12,1.25,2620,-7.251291798606495,3.8903717578961645,6
0.12,1.25,655,-7.251291798606495,4.8903717578961645,0
0.12,1.25,1048,-7.251291798606495,4.8903717578961645,0
0.12,1.25,1441,-7.251291798606495,4.8903717578961645,0
0.12,1.25,1834,-7.251291798606495,4.8903717578961645,0
0.12,1.25,2096,-7.251291798606495,4.8903717578961645,1
0.12,1.25,2227,-7.251291798606495,4.8903717578961645,2
0.12,1.25,2620,-7.251291798606495,4.8903717578961645,5
0.12,1.25,655,-6.251291798606495,1.8903717578961645,0
0.12,1.25,1048,-6.251291798606495,1.8903717578961645,0
0.12,1.25,1441,-6.251291798606495,1.8903717578961645,0
0.12,1.25,1834,-6.251291798606495,1.8903717578961645,0
0.12,1.25,2096,-6.251291798606495,1.8903717578961645,0
0.12,1.25,2227,-6.251291798606495,1.8903717578961645,0
0.12,1.25,2620,-6.251291798606495,1.8903717578961645,0
0.12,1.25,655,-6.251291798606495,2.3903717578961645,0
0.12,1.25,1048,-6.251291798606495,2.3903717578961645,0
0.12,1.25,1441,-6.251291798606495,2.3903717578961645,0
0.12,1.25,1834,-6.251291798606495,2.3903717578961645,0
0.12,1.25,2096,-6.251291798606495,2.3903717578961645,0
0.12,1.25,2227,-6.251291798606495,2.3903717578961645,0
0.12,1.25,2620,-6.251291798606495,2.3903717578961645,0
0.12,1.25,655,-6.251291798606495,2.6403717578961645,0
0.12,1.25,1048,-6.251291798606495,2.6403717578961645,0
0.12,1.25,1441,-6.251291798606495,2.6403717578961645,0
0.12,1.25,1834,-6.251291798606495,2.6403717578961645,0
0.12,1.25,2096,-6.251291798606495,2.6403717578961645,0
0.12,1.25,2227,-6.251291798606495,2.6403717578961645,0
0.12,1.25,2620,-6.251291798606495,2.6403717578961645,0
0.12,1.25,655,-6.251291798606495,2.8903717578961645,0
0.12,1.25,1048,-6.251291798606495,2.8903717578961645,0
0.12,1.25,1441,-6.251291798606495,2.8903717578961645,0
0.12,1.25,1834,-6.251291798606495,2.8903717578961645,0
0.12,1.25,2096,-6.251291798606495,2.8903717578961645,0
0.12,1.25,2227,-6.251291798606495,2.8903717578961645,0
0.12,1.25,2620,-6.251291798606495,2.8903717578961645,1
0.12,1.25,655,-6.251291798606495,3.3903717578961645,0
0.12,1.25,1048,-6.251291798606495,3.3903717578961645,0
0.12,1.25,1441,-6.251291798606495,3.3903717578961645,0
0.12,1.25,1834,-6.251291798606495,3.3903717578961645,0
0.12,1.25,2096,-6.251291798606495,3.3903717578961645,0
0.12,1.25,2227,-6.251291798606495,3.3903717578961645,0
0.12,1.25,2620,-6.251291798606495,3.3903717578961645,6
0.12,1.25,655,-6.251291798606495,3.8903717578961645,0
0.12,1.25,1048,-6.251291798606495,3.8903717578961645,0
0.12,1.25,1441,-6.251291798606495,3.8903717578961645,0
0.12,1.25,1834,-6.251291798606495,3.8903717578961645,0
0.12,1.25,2096,-6.251291798606495,3.8903717578961645,0
0.12,1.25,2227,-6.251291798606495,3.8903717578961645,1
0.12,1.25,2620,-6.251291798606495,3.8903717578961645,6
0.12,1.25,655,-6.251291798606495,4.8903717578961645,0
0.12,1.25,1048,-6.251291798606495,4.8903717578961645,0
0.12,1.25,1441,-6.251291798606495,4.8903717578961645,0
0.12,1.25,1834,-6.251291798606495,4.8903717578961645,0
0.12,1.25,2096,-6.251291798606495,4.8903717578961645,1
0.12,1.25,2227,-6.251291798606495,4.8903717578961645,2
0.12,1.25,2620,-6.251291798606495,4.8903717578961645,5
0.12,1.25,655,-5.251291798606495,1.8903717578961645,0
0.12,1.25,1048,-5.251291798606495,1.8903717578961645,0
0.12,1.25,1441,-5.251291798606495,1.8903717578961645,0
0.12,1.25,1834,-5.251291798606495,1.8903717578961645,0
0.12,1.25,2096,-5.251291798606495,1.8903717578961645,0
0.12,1.25,2227,-5.251291798606495,1.8903717578961645,0
0.12,1.25,2620,-5.251291798606495,1.8903717578961645,0
0.12,1.25,655,-5.251291798606495,2.3903717578961645,0
0.12,1.25,1048,-5.251291798606495,2.3903717578961645,0
0.12,1.25,1441,-5.251291798606495,2.3903717578961645,0
0.12,1.25,1834,-5.251291798606495,2.3903717578961645,0
0.12,1.25,2096,-5.251291798606495,2.3903717578961645,0
0.12,1.25,2227,-5.251291798606495,2.3903717578961645,0
0.12,1.25,2620,-5.251291798606495,2.3903717578961645,0
0.12,1.25,655,-5.251291798606495,2.6403717578961645,0
0.12,1.25,1048,-5.251291798606495,2.6403717578961645,0
0.12,1.25,1441,-5.251291798606495,2.6403717578961645,0
0.12,1.25,1834,-5.251291798606495,2.6403717578961645,0
0.12,1.25,2096,-5.251291798606495,2.6403717578961645,0
0.12,1.25,2227,-5.251291798606495,2.6403717578961645,0
0.12,1.25,2620,-5.251291798606495,2.6403717578961645,0
0.12,1.25,655,-5.251291798606495,2.8903717578961645,0
0.12,1.25,1048,-5.251291798606495,2.8903717578961645,0
0.12,1.25,1441,-5.251291798606495,2.8903717578961645,0
0.12,1.25,1834,-5.251291798606495,2.8903717578961645,0
0.12,1.25,2096,-5.251291798606495,2.8903717578961645,0
0.12,1.25,2227,-5.251291798606495,2.8903717578961645,0
0.12,1.25,2620,-5.251291798606495,2.8903717578961645,1
0.12,1.25,655,-5.251291798606495,3.3903717578961645,0
0.12,1.25,1048,-5.251291798606495,3.3903717578961645,0
0.12,1.25,1441,-5.251291798606495,3.3903717578961645,0
0.12,1.25,1834,-5.251291798606495,3.3903717578961645,0
0.12,1.25,2096,-5.251291798606495,3.3903717578961645,0
0.12,1.25,2227,-5.251291798606495,3.3903717578961645,0
0.12,1.25,2620,-5.251291798606495,3.3903717578961645,5
0.12,1.25,655,-5.251291798606495,3.8903717578961645,0
0.12,1.25,1048,-5.251291798606495,3.8903717578961645,0
0.12,1.25,1441,-5.251291798606495,3.8903717578961645,0
0.12,1.25,1834,-5.251291798606495,3.8903717578961645,0
0.12,1.25,2096,-5.251291798606495,3.8903717578961645,0
0.12,1.25,2227,-5.251291798606495,3.8903717578961645,1
0.12,1.25,2620,-5.251291798606495,3.8903717578961645,6
0.12,1.25,655,-5.251291798606495,4.8903717578961645,0
0.12,1.25,1048,-5.251291798606495,4.8903717578961645,0
0.12,1.25,1441,-5.251291798606495,4.8903717578961645,0
0.12,1.25,1834,-5.251291798606495,4.8903717578961645,0
0.12,1.25,2096,-5.251291798606495,4.8903717578961645,1
0.12,1.25,2227,-5.251291798606495,4.8903717578961645,2
0.12,1.25,2620,-5.251291798606495,4.8903717578961645,5
0.12,1.25,655,-4.251291798606495,1.8903717578961645,0
0.12,1.25,1048,-4.251291798606495,1.8903717578961645,0
0.12,1.25,1441,-4.251291798606495,1.8903717578961645,0
0.12,1.25,1834,-4.251291798606495,1.8903717578961645,0
0.12,1.25,2096,-4.251291798606495,1.8903717578961645,0
0.12,1.25,2227,-4.251291798606495,1.8903717578961645,0
0.12,1.25,2620,-4.251291798606495,1.8903717578961645,0
0.12,1.25,655,-4.251291798606495,2.3903717578961645,0
0.12,1.25,1048,-4.251291798606495,2.3903717578961645,0
0.12,1.25,1441,-4.251291798606495,2.3903717578961645,0
0.12,1.25,1834,-4.251291798606495,2.3903717578961645,0
0.12,1.25,2096,-4.251291798606495,2.3903717578961645,0
0.12,1.25,2227,-4.251291798606495,2.3903717578961645,0
0.12,1.25,2620,-4.251291798606495,2.3903717578961645,0
0.12,1.25,655,-4.251291798606495,2.6403717578961645,0
0.12,1.25,1048,-4.251291798606495,2.6403717578961645,0
0.12,1.25,1441,-4.251291798606495,2.6403717578961645,0
0.12,1.25,1834,-4.251291798606495,2.6403717578961645,0
0.12,1.25,2096,-4.251291798606495,2.6403717578961645,0
0.12,1.25,2227,-4.251291798606495,2.6403717578961645,0
0.12,1.25,2620,-4.251291798606495,2.6403717578961645,0
0.12,1.25,655,-4.251291798606495,2.8903717578961645,0
0.12,1.25,1048,-4.251291798606495,2.8903717578961645,0
0.12,1.25,1441,-4.251291798606495,2.8903717578961645,0
0.12,1.25,1834,-4.251291798606495,2.8903717578961645,0
0.12,1.25,2096,-4.251291798606495,2.8903717578961645,0
0.12,1.25,2227,-4.251291798606495,2.8903717578961645,0
0.12,1.25,2620,-4.251291798606495,2.8903717578961645,1
0.12,1.25,655,-4.251291798606495,3.3903717578961645,0
0.12,1.25,1048,-4.251291798606495,3.3903717578961645,0
0.12,1.25,1441,-4.251291798606495,3.3903717578961645,0
0.12,1.25,1834,-4.251291798606495,3.3903717578961645,0
0.12,1.25,2096,-4.251291798606495,3.3903717578961645,0
0.12,1.25,2227,-4.251291798606495,3.3903717578961645,0
0.12,1.25,2620,-4.251291798606495,3.3903717578961645,5
0.12,1.25,655,-4.251291798606495,3.8903717578961645,0
0.12,1.25,1048,-4.251291798606495,3.8903717578961645,0
0.12,1.25,1441,-4.251291798606495,3.8903717578961645,0
0.12,1.25,1834,-4.251291798606495,3.8903717578961645,0
0.12,1.25,2096,-4.251291798606495,3.8903717578961645,0
0.12,1.25,2227,-4.251291798606495,3.8903717578961645,1
0.12,1.25,2620,-4.251291798606495,3.8903717578961645,6
0.12,1.25,655,-4.251291798606495,4.8903717578961645,0
0.12,1.25,1048,-4.251291798606495,4.8903717578961645,0
0.12,1.25,1441,-4.251291798606495,4.8903717578961645,0
0.12,1.25,1834,-4.251291798606495,4.8903717578961645,0
0.12,1.25,2096,-4.251291798606495,4.8903717578961645,0
0.12,1.25,2227,-4.251291798606495,4.8903717578961645,2
0.12,1.25,2620,-4.251291798606495,4.8903717578961645,6
0.12,1.25,655,-3.251291798606495,1.8903717578961645,0
0.12,1.25,1048,-3.251291798606495,1.8903717578961645,0
0.12,1.25,1441,-3.251291798606495,1.8903717578961645,0
0.12,1.25,1834,-3.251291798606495,1.8903717578961645,0
0.12,1.25,2096,-3.251291798606495,1.8903717578961645,0
0.12,1.25,2227,-3.251291798606495,1.8903717578961645,0
0.12,1.25,2620,-3.251291798606495,1.8903717578961645,0
0.12,1.25,655,-3.251291798606495,2.3903717578961645,0
0.12,1.25,1048,-3.251291798606495,2.3903717578961645,0
0.12,1.25,1441,-3.251291798606495,2.3903717578961645,0
0.12,1.25,1834,-3.251291798606495,2.3903717578961645,0
0.12,1.25,2096,-3.251291798606495,2.3903717578961645,0
0.12,1.25,2227,-3.251291798606495,2.3903717578961645,0
0.12,1.25,2620,-3.251291798606495,2.3903717578961645,0
0.12,1.25,655,-3.251291798606495,2.6403717578961645,0
0.12,1.25,1048,-3.251291798606495,2.6403717578961645,0
0.12,1.25,1441,-3.251291798606495,2.6403717578961645,0
0.12,1.25,1834,-3.251291798606495,2.6403717578961645,0
0.12,1.25,2096,-3.251291798606495,2.6403717578961645,0
0.12,1.25,2227,-3.251291798606495,2.6403717578961645,0
0.12,1.25,2620,-3.251291798606495,2.6403717578961645,0
0.12,1.25,655,-3.251291798606495,2.8903717578961645,0
0.12,1.25,1048,-3.251291798606495,2.8903717578961645,0
0.12,1.25,1441,-3.251291798606495,2.8903717578961645,0
0.12,1.25,1834,-3.251291798606495,2.8903717578961645,0
0.12,1.25,2096,-3.251291798606495,2.8903717578961645,0
0.12,1.25,2227,-3.251291798606495,2.8903717578961645,0
0.12,1.25,2620,-3.251291798606495,2.8903717578961645,1
0.12,1.25,655,-3.251291798606495,3.3903717578961645,0
0.12,1.25,1048,-3.251291798606495,3.3903717578961645,0
0.12,1.25,1441,-3.251291798606495,3.3903717578961645,0
0.12,1.25,1834,-3.251291798606495,3.3903717578961645,0
0.12,1.25,2096,-3.251291798606495,3.3903717578961645,0
0.12,1.25,2227,-3.251291798606495,3.3903717578961645,1
0.12,1.25,2620,-3.251291798606495,3.3903717578961645,4
0.12,1.25,655,-3.251291798606495,3.8903717578961645,0
0.12,1.25,1048,-3.251291798606495,3.8903717578961645,0
0.12,1.25,1441,-3.251291798606495,3.8903717578961645,0
0.12,1.25,1834,-3.251291798606495,3.8903717578961645,0
0.12,1.25,2096,-3.251291798606495,3.8903717578961645,0
0.12,1.25,2227,-3.251291798606495,3.8903717578961645,1
0.12,1.25,2620,-3.251291798606495,3.8903717578961645,5
0.12,1.25,655,-3.251291798606495,4.8903717578961645,0
0.12,1.25,1048,-3.251291798606495,4.8903717578961645,0
0.12,1.25,1441,-3.251291798606495,4.8903717578961645,0
0.12,1.25,1834,-3.251291798606495,4.8903717578961645,0
0.12,1.25,2096,-3.251291798606495,4.8903717578961645,0
0.12,1.25,2227,-3.251291798606495,4.8903717578961645,1
0.12,1.25,2620,-3.251291798606495,4.8903717578961645,5
0.12,1.25,655,-2.251291798606495,1.8903717578961645,0
0.12,1.25,1048,-2.251291798606495,1.8903717578961645,0
0.12,1.25,1441,-2.251291798606495,1.8903717578961645,0
0.12,1.25,1834,-2.251291798606495,1.8903717578961645,0
0.12,1.25,2096,-2.251291798606495,1.8903717578961645,0
0.12,1.25,2227,-2.251291798606495,1.8903717578961645,0
0.12,1.25,2620,-2.251291798606495,1.8903717578961645,0
0.12,1.25,655,-2.251291798606495,2.3903717578961645,0
0.12,1.25,1048,-2.251291798606495,2.3903717578961645,0
0.12,1.25,1441,-2.251291798606495,2.3903717578961645,0
0.12,1.25,1834,-2.251291798606495,2.3903717578961645,0
0.12,1.25,2096,-2.251291798606495,2.3903717578961645,0
0.12,1.25,2227,-2.251291798606495,2.3903717578961645,0
0.12,1.25,2620,-2.251291798606495,2.3903717578961645,0
0.12,1.25,655,-2.251291798606495,2.6403717578961645,0
0.12,1.25,1048,-2.251291798606495,2.6403717578961645,0
0.12,1.25,1441,-2.251291798606495,2.6403717578961645,0
0.12,1.25,1834,-2.251291798606495,2.6403717578961645,0
0.12,1.25,2096,-2.251291798606495,2.6403717578961645,0
0.12,1.25,2227,-2.251291798606495,2.6403717578961645,0
0.12,1.25,2620,-2.251291798606495,2.6403717578961645,0
0.12,1.25,655,-2.251291798606495,2.8903717578961645,0
0.12,1.25,1048,-2.251291798606495,2.8903717578961645,0
0.12,1.25,1441,-2.251291798606495,2.8903717578961645,0
0.12,1.25,1834,-2.251291798606495,2.8903717578961645,0
0.12,1.25,2096,-2.251291798606495,2.8903717578961645,0
0.12,1.25,2227,-2.251291798606495,2.8903717578961645,0
0.12,1.25,2620,-2.251291798606495,2.8903717578961645,0
0.12,1.25,655,-2.251291798606495,3.3903717578961645,0
0.12,1.25,1048,-2.251291798606495,3.3903717578961645,0
0.12,1.25,1441,-2.251291798606495,3.3903717578961645,0
0.12,1.25,1834,-2.251291798606495,3.3903717578961645,0
0.12,1.25,2096,-2.251291798606495,3.3903717578961645,0
0.12,1.25,2227,-2.251291798606495,3.3903717578961645,0
0.12,1.25,2620,-2.251291798606495,3.3903717578961645,0
0.12,1.25,655,-2.251291798606495,3.8903717578961645,0
0.12,1.25,1048,-2.251291798606495,3.8903717578961645,0
0.12,1.25,1441,-2.251291798606495,3.8903717578961645,0
0.12,1.25,1834,-2.251291798606495,3.8903717578961645,0
0.12,1.25,2096,-2.251291798606495,3.8903717578961645,0
0.12,1.25,2227,-2.251291798606495,3.8903717578961645,0
0.12,1.25,2620,-2.251291798606495,3.8903717578961645,0
0.12,1.25,655,-2.251291798606495,4.8903717578961645,0
0.12,1.25,1048,-2.251291798606495,4.8903717578961645,0
0.12,1.25,1441,-2.251291798606495,4.8903717578961645,0
0.12,1.25,1834,-2.251291798606495,4.8903717578961645,0
0.12,1.25,2096,-2.251291798606495,4.8903717578961645,0
0.12,1.25,2227,-2.251291798606495,4.8903717578961645,0
0.12,1.25,2620,-2.251291798606495,4.8903717578961645,0
0.12,1.25,655,-1.2512917986064949,1.8903717578961645,0
0.12,1.25,1048,-1.2512917986064949,1.8903717578961645,0
0.12,1.25,1441,-1.2512917986064949,1.8903717578961645,0
0.12,1.25,1834,-1.2512917986064949,1.8903717578961645,0
0.12,1.25,2096,-1.2512917986064949,1.8903717578961645,0
0.12,1.25,2227,-1.2512917986064949,1.8903717578961645,0
0.12,1.25,2620,-1.2512917986064949,1.8903717578961645,0
0.12,1.25,655,-1.2512917986064949,2.3903717578961645,0
0.12,1.25,1048,-1.2512917986064949,2.3903717578961645,0
0.12,1.25,1441,-1.2512917986064949,2.3903717578961645,0
0.12,1.25,1834,-1.2512917986064949,2.3903717578961645,0
0.12,1.25,2096,-1.2512917986064949,2.3903717578961645,0
0.12,1.25,2227,-1.2512917986064949,2.3903717578961645,0
0.12,1.25,2620,-1.2512917986064949,2.3903717578961645,0
0.12,1.25,655,-1.2512917986064949,2.6403717578961645,0
0.12,1.25,1048,-1.2512917986064949,2.6403717578961645,0
0.12,1.25,1441,-1.2512917986064949,2.6403717578961645,0
0.12,1.25,1834,-1.2512917986064949,2.6403717578961645,0
0.12,1.25,2096,-1.2512917986064949,2.6403717578961645,0
0.12,1.25,2227,-1.2512917986064949,2.6403717578961645,0
0.12,1.25,2620,-1.2512917986064949,2.6403717578961645,0
0.12,1.25,655,-1.2512917986064949,2.8903717578961645,0
0.12,1.25,1048,-1.2512917986064949,2.8903717578961645,0
0.12,1.25,1441,-1.2512917986064949,2.8903717578961645,0
0.12,1.25,1834,-1.2512917986064949,2.8903717578961645,0
0.12,1.25,2096,-1.2512917986064949,2.8903717578961645,0
0.12,1.25,2227,-1.2512917986064949,2.8903717578961645,0
0.12,1.25,2620,-1.2512917986064949,2.8903717578961645,0
0.12,1.25,655,-1.2512917986064949,3.3903717578961645,0
0.12,1.25,1048,-1.2512917986064949,3.3903717578961645,0
0.12,1.25,1441,-1.2512917986064949,3.3903717578961645,0
0.12,1.25,1834,-1.2512917986064949,3.3903717578961645,0
0.12,1.25,2096,-1.2512917986064949,3.3903717578961645,0
0.12,1.25,2227,-1.2512917986064949,3.3903717578961645,0
0.12,1.25,2620,-1.2512917986064949,3.3903717578961645,0
0.12,1.25,655,-1.2512917986064949,3.8903717578961645,0
0.12,1.25,1048,-1.2512917986064949,3.8903717578961645,0
0.12,1.25,1441,-1.2512917986064949,3.8903717578961645,0
0.12,1.25,1834,-1.2512917986064949,3.8903717578961645,0
0.12,1.25,2096,-1.2512917986064949,3.8903717578961645,0
0.12,1.25,2227,-1.2512917986064949,3.8903717578961645,0
0.12,1.25,2620,-1.2512917986064949,3.8903717578961645,0
0.12,1.25,655,-1.2512917986064949,4.8903717578961645,0
0.12,1.25,1048,-1.2512917986064949,4.8903717578961645,0
0.12,1.25,1441,-1.2512917986064949,4.8903717578961645,0
0.12,1.25,1834,-1.2512917986064949,4.8903717578961645,0
0.12,1.25,2096,-1.2512917986064949,4.8903717578961645,0
0.12,1.25,2227,-1.2512917986064949,4.8903717578961645,0
0.12,1.25,2620,-1.2512917986064949,4.8903717578961645,0
0.12,1.5,786,-8.251291798606495,1.8903717578961645,0
0.12,1.5,1258,-8.251291798606495,1.8903717578961645,0
0.12,1.5,1729,-8.251291798606495,1.8903717578961645,0
0.12,1.5,2096,-8.251291798606495,1.8903717578961645,0
0.12,1.5,2201,-8.251291798606495,1.8903717578961645,0
0.12,1.5,2672,-8.251291798606495,1.8903717578961645,0
0.12,1.5,3144,-8.251291798606495,1.8903717578961645,0
0.12,1.5,786,-8.251291798606495,2.3903717578961645,0
0.12,1.5,1258,-8.251291798606495,2.3903717578961645,0
0.12,1.5,1729,-8.251291798606495,2.3903717578961645,0
0.12,1.5,2096,-8.251291798606495,2.3903717578961645,0
0.12,1.5,2201,-8.251291798606495,2.3903717578961645,0
0.12,1.5,2672,-8.251291798606495,2.3903717578961645,0
0.12,1.5,3144,-8.251291798606495,2.3903717578961645,0
0.12,1.5,786,-8.251291798606495,2.6403717578961645,0
0.12,1.5,1258,-8.251291798606495,2.6403717578961645,0
0.12,1.5,1729,-8.251291798606495,2.6403717578961645,0
0.12,1.5,2096,-8.251291798606495,2.6403717578961645,0
0.12,1.5,2201,-8.251291798606495,2.6403717578961645,0
0.12,1.5,2672,-8.251291798606495,2.6403717578961645,0
0.12,1.5,3144,-8.251291798606495,2.6403717578961645,0
0.12,1.5,786,-8.251291798606495,2.8903717578961645,0
0.12,1.5,1258,-8.251291798606495,2.8903717578961645,0
0.12,1.5,1729,-8.251291798606495,2.8903717578961645,0
0.12,1.5,2096,-8.251291798606495,2.8903717578961645,0
0.12,1.5,2201,-8.251291798606495,2.8903717578961645,0
0.12,1.5,2672,-8.251291798606495,2.8903717578961645,2
0.12,1.5,3144,-8.251291798606495,2.8903717578961645,2792
0.12,1.5,786,-8.251291798606495,3.3903717578961645,0
0.12,1.5,1258,-8.251291798606495,3.3903717578961645,0
0.12,1.5,1729,-8.251291798606495,3.3903717578961645,0
0.12,1.5,2096,-8.251291798606495,3.3903717578961645,0
0.12,1.5,2201,-8.251291798606495,3.3903717578961645,0
0.12,1.5,2672,-8.251291798606495,3.3903717578961645,6
0.12,1.5,3144,-8.251291798606495,3.3903717578961645,13
0.12,1.5,786,-8.251291798606495,3.8903717578961645,0
0.12,1.5,1258,-8.251291798606495,3.8903717578961645,0
0.12,1.5,1729,-8.251291798606495,3.8903717578961645,0
0.12,1.5,2096,-8.251291798606495,3.8903717578961645,0
0.12,1.5,2201,-8.251291798606495,3.8903717578961645,1
0.12,1.5,2672,-8.251291798606495,3.8903717578961645,6
0.12,1.5,3144,-8.251291798606495,3.8903717578961645,13
0.12,1.5,786,-8.251291798606495,4.8903717578961645,0
0.12,1.5,1258,-8.251291798606495,4.8903717578961645,0
0.12,1.5,1729,-8.251291798606495,4.8903717578961645,0
0.12,1.5,2096,-8.251291798606495,4.8903717578961645,1
0.12,1.5,2201,-8.251291798606495,4.8903717578961645,1
0.12,1.5,2672,-8.251291798606495,4.8903717578961645,6
0.12,1.5,3144,-8.251291798606495,4.8903717578961645,12
0.12,1.5,786,-7.251291798606495,1.8903717578961645,0
0.12,1.5,1258,-7.251291798606495,1.8903717578961645,0
0.12,1.5,1729,-7.251291798606495,1.8903717578961645,0
0.12,1.5,2096,-7.251291798606495,1.8903717578961645,0
0.12,1.5,2201,-7.251291798606495,1.8903717578961645,0
0.12,1.5,2672,-7.251291798606495,1.8903717578961645,0
0.12,1.5,3144,-7.251291798606495,1.8903717578961645,0
0.12,1.5,786,-7.251291798606495,2.3903717578961645,0
0.12,1.5,1258,-7.251291798606495,2.3903717578961645,0
0.12,1.5,1729,-7.251291798606495,2.3903717578961645,0
0.12,1.5,2096,-7.251291798606495,2.3903717578961645,0
0.12,1.5,2201,-7.251291798606495,2.3903717578961645,0
0.12,1.5,2672,-7.251291798606495,2.3903717578961645,0
0.12,1.5,3144,-7.251291798606495,2.3903717578961645,0
0.12,1.5,786,-7.251291798606495,2.6403717578961645,0
0.12,1.5,1258,-7.251291798606495,2.6403717578961645,0
0.12,1.5,1729,-7.251291798606495,2.6403717578961645,0
0.12,1.5,2096,-7.251291798606495,2.6403717578961645,0
0.12,1.5,2201,-7.251291798606495,2.6403717578961645,0
0.12,1.5,2672,-7.251291798606495,2.6403717578961645,0
0.12,1.5,3144,-7.251291798606495,2.6403717578961645,0
0.12,1.5,786,-7.251291798606495,2.8903717578961645,0
0.12,1.5,1258,-7.251291798606495,2.8903717578961645,0
0.12,1.5,1729,-7.251291798606495,2.8903717578961645,0
0.12,1.5,2096,-7.251291798606495,2.8903717578961645,0
0.12,1.5,2201,-7.251291798606495,2.8903717578961645,0
0.12,1.5,2672,-7.251291798606495,2.8903717578961645,2
0.12,1.5,3144,-7.251291798606495,2.8903717578961645,2792
0.12,1.5,786,-7.251291798606495,3.3903717578961645,0
0.12,1.5,1258,-7.251291798606495,3.3903717578961645,0
0.12,1.5,1729,-7.251291798606495,3.3903717578961645,0
0.12,1.5,2096,-7.251291798606495,3.3903717578961645,0
0.12,1.5,2201,-7.251291798606495,3.3903717578961645,0
0.12,1.5,2672,-7.251291798606495,3.3903717578961645,6
0.12,1.5,3144,-7.251291798606495,3.3903717578961645,13
0.12,1.5,786,-7.251291798606495,3.8903717578961645,0
0.12,1.5,1258,-7.251291798606495,3.8903717578961645,0
0.12,1.5,1729,-7.251291798606495,3.8903717578961645,0
0.12,1.5,2096,-7.251291798606495,3.8903717578961645,0
0.12,1.5,2201,-7.251291798606495,3.8903717578961645,1
0.12,1.5,2672,-7.251291798606495,3.8903717578961645,6
0.12,1.5,3144,-7.251291798606495,3.8903717578961645,13
0.12,1.5,786,-7.251291798606495,4.8903717578961645,0
0.12,1.5,1258,-7.251291798606495,4.8903717578961645,0
0.12,1.5,1729,-7.251291798606495,4.8903717578961645,0
0.12,1.5,2096,-7.251291798606495,4.8903717578961645,1
0.12,1.5,2201,-7.251291798606495,4.8903717578961645,1
0.12,1.5,2672,-7.251291798606495,4.8903717578961645,6
0.12,1.5,3144,-7.251291798606495,4.8903717578961645,12
0.12,1.5,786,-6.251291798606495,1.8903717578961645,0
0.12,1.5,1258,-6.251291798606495,1.8903717578961645,0
0.12,1.5,1729,-6.251291798606495,1.8903717578961645,0
0.12,1.5,2096,-6.251291798606495,1.8903717578961645,0
0.12,1.5,2201,-6.251291798606495,1.8903717578961645,0
0.12,1.5,2672,-6.251291798606495,1.8903717578961645,0
0.12,1.5,3144,-6.251291798606495,1.8903717578961645,0
0.12,1.5,786,-6.251291798606495,2.3903717578961645,0
0.12,1.5,1258,-6.251291798606495,2.3903717578961645,0
0.12,1.5,1729,-6.251291798606495,2.3903717578961645,0
0.12,1.5,2096,-6.251291798606495,2.3903717578961645,0
0.12,1.5,2201,-6.251291798606495,2.3903717578961645,0
0.12,1.5,2672,-6.251291798606495,2.3903717578961645,0
0.12,1.5,3144,-6.251291798606495,2.3903717578961645,0
0.12,1.5,786,-6.251291798606495,2.6403717578961645,0
0.12,1.5,1258,-6.251291798606495,2.6403717578961645,0
0.12,1.5,1729,-6.251291798606495,2.6403717578961645,0
0.12,1.5,2096,-6.251291798606495,2.6403717578961645,0
0.12,1.5,2201,-6.251291798606495,2.6403717578961645,0
0.12,1.5,2672,-6.251291798606495,2.6403717578961645,0
0.12,1.5,3144,-6.251291798606495,2.6403717578961645,0
0.12,1.5,786,-6.251291798606495,2.8903717578961645,0
0.12,1.5,1258,-6.251291798606495,2.8903717578961645,0
0.12,1.5,1729,-6.251291798606495,2.8903717578961645,0
0.12,1.5,2096,-6.251291798606495,2.8903717578961645,0
0.12,1.5,2201,-6.251291798606495,2.8903717578961645,0
0.12,1.5,2672,-6.251291798606495,2.8903717578961645,2
0.12,1.5,3144,-6.251291798606495,2.8903717578961645,2792
0.12,1.5,786,-6.251291798606495,3.3903717578961645,0
0.12,1.5,1258,-6.251291798606495,3.3903717578961645,0
0.12,1.5,1729,-6.251291798606495,3.3903717578961645,0
0.12,1.5,2096,-6.251291798606495,3.3903717578961645,0
0.12,1.5,2201,-6.251291798606495,3.3903717578961645,0
0.12,1.5,2672,-6.251291798606495,3.3903717578961645,6
0.12,1.5,3144,-6.251291798606495,3.3903717578961645,13
0.12,1.5,786,-6.251291798606495,3.8903717578961645,0
0.12,1.5,1258,-6.251291798606495,3.8903717578961645,0
0.12,1.5,1729,-6.251291798606495,3.8903717578961645,0
0.12,1.5,2096,-6.251291798606495,3.8903717578961645,0
0.12,1.5,2201,-6.251291798606495,3.8903717578961645,1
0.12,1.5,2672,-6.251291798606495,3.8903717578961645,6
0.12,1.5,3144,-6.251291798606495,3.8903717578961645,13
0.12,1.5,786,-6.251291798606495,4.8903717578961645,0
0.12,1.5,1258,-6.251291798606495,4.8903717578961645,0
0.12,1.5,1729,-6.251291798606495,4.8903717578961645,0
0.12,1.5,2096,-6.251291798606495,4.8903717578961645,1
0.12,1.5,2201,-6.251291798606495,4.8903717578961645,1
0.12,1.5,2672,-6.251291798606495,4.8903717578961645,6
0.12,1.5,3144,-6.251291798606495,4.8903717578961645,12
0.12,1.5,786,-5.251291798606495,1.8903717578961645,0
0.12,1.5,1258,-5.251291798606495,1.8903717578961645,0
0.12,1.5,1729,-5.251291798606495,1.8903717578961645,0
0.12,1.5,2096,-5.251291798606495,1.8903717578961645,0
0.12,1.5,2201,-5.251291798606495,1.8903717578961645,0
0.12,1.5,2672,-5.251291798606495,1.8903717578961645,0
0.12,1.5,3144,-5.251291798606495,1.8903717578961645,0
0.12,1.5,786,-5.251291798606495,2.3903717578961645,0
0.12,1.5,1258,-5.251291798606495,2.3903717578961645,0
0.12,1.5,1729,-5.251291798606495,2.3903717578961645,0
0.12,1.5,2096,-5.251291798606495,2.3903717578961645,0
0.12,1.5,2201,-5.251291798606495,2.3903717578961645,0
0.12,1.5,2672,-5.251291798606495,2.3903717578961645,0
0.12,1.5,3144,-5.251291798606495,2.3903717578961645,0
0.12,1.5,786,-5.251291798606495,2.6403717578961645,0
0.12,1.5,1258,-5.251291798606495,2.6403717578961645,0
0.12,1.5,1729,-5.251291798606495,2.6403717578961645,0
0.12,1.5,2096,-5.251291798606495,2.6403717578961645,0
0.12,1.5,2201,-5.251291798606495,2.6403717578961645,0
0.12,1.5,2672,-5.251291798606495,2.6403717578961645,0
0.12,1.5,3144,-5.251291798606495,2.6403717578961645,0
0.12,1.5,786,-5.251291798606495,2.8903717578961645,0
0.12,1.5,1258,-5.251291798606495,2.8903717578961645,0
0.12,1.5,1729,-5.251291798606495,2.8903717578961645,0
0.12,1.5,2096,-5.251291798606495,2.8903717578961645,0
0.12,1.5,2201,-5.251291798606495,2.8903717578961645,0
0.12,1.5,2672,-5.251291798606495,2.8903717578961645,2
0.12,1.5,3144,-5.251291798606495,2.8903717578961645,2792
0.12,1.5,786,-5.251291798606495,3.3903717578961645,0
0.12,1.5,1258,-5.251291798606495,3.3903717578961645,0
0.12,1.5,1729,-5.251291798606495,3.3903717578961645,0
0.12,1.5,2096,-5.251291798606495,3.3903717578961645,0
0.12,1.5,2201,-5.251291798606495,3.3903717578961645,0
0.12,1.5,2672,-5.251291798606495,3.3903717578961645,6
0.12,1.5,3144,-5.251291798606495,3.3903717578961645,13
0.12,1.5,786,-5.251291798606495,3.8903717578961645,0
0.12,1.5,1258,-5.251291798606495,3.8903717578961645,0
0.12,1.5,1729,-5.251291798606495,3.8903717578961645,0
0.12,1.5,2096,-5.251291798606495,3.8903717578961645,0
0.12,1.5,2201,-5.251291798606495,3.8903717578961645,1
0.12,1.5,2672,-5.251291798606495,3.8903717578961645,6
0.12,1.5,3144,-5.251291798606495,3.8903717578961645,13
0.12,1.5,786,-5.251291798606495,4.8903717578961645,0
0.12,1.5,1258,-5.251291798606495,4.8903717578961645,0
0.12,1.5,1729,-5.251291798606495,4.8903717578961645,0
0.12,1.5,2096,-5.251291798606495,4.8903717578961645,1
0.12,1.5,2201,-5.251291798606495,4.8903717578961645,1
0.12,1.5,2672,-5.251291798606495,4.8903717578961645,6
0.12,1.5,3144,-5.251291798606495,4.8903717578961645,12
0.12,1.5,786,-4.251291798606495,1.8903717578961645,0
0.12,1.5,1258,-4.251291798606495,1.8903717578961645,0
0.12,1.5,1729,-4.251291798606495,1.8903717578961645,0
0.12,1.5,2096,-4.251291798606495,1.8903717578961645,0
0.12,1.5,2201,-4.251291798606495,1.8903717578961645,0
0.12,1.5,2672,-4.251291798606495,1.8903717578961645,0
0.12,1.5,3144,-4.251291798606495,1.8903717578961645,0
0.12,1.5,786,-4.251291798606495,2.3903717578961645,0
0.12,1.5,1258,-4.251291798606495,2.3903717578961645,0
0.12,1.5,1729,-4.251291798606495,2.3903717578961645,0
0.12,1.5,2096,-4.251291798606495,2.3903717578961645,0
0.12,1.5,2201,-4.251291798606495,2.3903717578961645,0
0.12,1.5,2672,-4.251291798606495,2.3903717578961645,0
0.12,1.5,3144,-4.251291798606495,2.3903717578961645,0
0.12,1.5,786,-4.251291798606495,2.6403717578961645,0
0.12,1.5,1258,-4.251291798606495,2.6403717578961645,0
0.12,1.5,1729,-4.251291798606495,2.6403717578961645,0
0.12,1.5,2096,-4.251291798606495,2.6403717578961645,0
0.12,1.5,2201,-4.251291798606495,2.6403717578961645,0
0.12,1.5,2672,-4.251291798606495,2.6403717578961645,0
0.12,1.5,3144,-4.251291798606495,2.6403717578961645,0
0.12,1.5,786,-4.251291798606495,2.8903717578961645,0
0.12,1.5,1258,-4.251291798606495,2.8903717578961645,0
0.12,1.5,1729,-4.251291798606495,2.8903717578961645,0
0.12,1.5,2096,-4.251291798606495,2.8903717578961645,0
0.12,1.5,2201,-4.251291798606495,2.8903717578961645,0
0.12,1.5,2672,-4.251291798606495,2.8903717578961645,2
0.12,1.5,3144,-4.251291798606495,2.8903717578961645,2792
0.12,1.5,786,-4.251291798606495,3.3903717578961645,0
0.12,1.5,1258,-4.251291798606495,3.3903717578961645,0
0.12,1.5,1729,-4.251291798606495,3.3903717578961645,0
0.12,1.5,2096,-4.251291798606495,3.3903717578961645,0
0.12,1.5,2201,-4.251291798606495,3.3903717578961645,0
0.12,1.5,2672,-4.251291798606495,3.3903717578961645,6
0.12,1.5,3144,-4.251291798606495,3.3903717578961645,13
0.12,1.5,786,-4.251291798606495,3.8903717578961645,0
0.12,1.5,1258,-4.251291798606495,3.8903717578961645,0
0.12,1.5,1729,-4.251291798606495,3.8903717578961645,0
0.12,1.5,2096,-4.251291798606495,3.8903717578961645,0
0.12,1.5,2201,-4.251291798606495,3.8903717578961645,1
0.12,1.5,2672,-4.251291798606495,3.8903717578961645,6
0.12,1.5,3144,-4.251291798606495,3.8903717578961645,13
0.12,1.5,786,-4.251291798606495,4.8903717578961645,0
0.12,1.5,1258,-4.251291798606495,4.8903717578961645,0
0.12,1.5,1729,-4.251291798606495,4.8903717578961645,0
0.12,1.5,2096,-4.251291798606495,4.8903717578961645,0
0.12,1.5,2201,-4.251291798606495,4.8903717578961645,2
0.12,1.5,2672,-4.251291798606495,4.8903717578961645,6
0.12,1.5,3144,-4.251291798606495,4.8903717578961645,12
0.12,1.5,786,-3.251291798606495,1.8903717578961645,0
0.12,1.5,1258,-3.251291798606495,1.8903717578961645,0
0.12,1.5,1729,-3.251291798606495,1.8903717578961645,0
0.12,1.5,2096,-3.251291798606495,1.8903717578961645,0
0.12,1.5,2201,-3.251291798606495,1.8903717578961645,0
0.12,1.5,2672,-3.251291798606495,1.8903717578961645,0
0.12,1.5,3144,-3.251291798606495,1.8903717578961645,0
0.12,1.5,786,-3.251291798606495,2.3903717578961645,0
0.12,1.5,1258,-3.251291798606495,2.3903717578961645,0
0.12,1.5,1729,-3.251291798606495,2.3903717578961645,0
0.12,1.5,2096,-3.251291798606495,2.3903717578961645,0
0.12,1.5,2201,-3.251291798606495,2.3903717578961645,0
0.12,1.5,2672,-3.251291798606495,2.3903717578961645,0
0.12,1.5,3144,-3.251291798606495,2.3903717578961645,0
0.12,1.5,786,-3.251291798606495,2.6403717578961645,0
0.12,1.5,1258,-3.251291798606495,2.6403717578961645,0
0.12,1.5,1729,-3.251291798606495,2.6403717578961645,0
0.12,1.5,2096,-3.251291798606495,2.6403717578961645,0
0.12,1.5,2201,-3.251291798606495,2.6403717578961645,0
0.12,1.5,2672,-3.251291798606495,2.6403717578961645,0
0.12,1.5,3144,-3.251291798606495,2.6403717578961645,0
0.12,1.5,786,-3.251291798606495,2.8903717578961645,0
0.12,1.5,1258,-3.251291798606495,2.8903717578961645,0
0.12,1.5,1729,-3.251291798606495,2.8903717578961645,0
0.12,1.5,2096,-3.251291798606495,2.8903717578961645,0
0.12,1.5,2201,-3.251291798606495,2.8903717578961645,0
0.12,1.5,2672,-3.251291798606495,2.8903717578961645,1
0.12,1.5,3144,-3.251291798606495,2.8903717578961645,2793
0.12,1.5,786,-3.251291798606495,3.3903717578961645,0
0.12,1.5,1258,-3.251291798606495,3.3903717578961645,0
0.12,1.5,1729,-3.251291798606495,3.3903717578961645,0
0.12,1.5,2096,-3.251291798606495,3.3903717578961645,0
0.12,1.5,2201,-3.251291798606495,3.3903717578961645,0
0.12,1.5,2672,-3.251291798606495,3.3903717578961645,6
0.12,1.5,3144,-3.251291798606495,3.3903717578961645,12
0.12,1.5,786,-3.251291798606495,3.8903717578961645,0
0.12,1.5,1258,-3.251291798606495,3.8903717578961645,0
0.12,1.5,1729,-3.251291798606495,3.8903717578961645,0
0.12,1.5,2096,-3.251291798606495,3.8903717578961645,0
0.12,1.5,2201,-3.251291798606495,3.8903717578961645,0
0.12,1.5,2672,-3.251291798606495,3.8903717578961645,6
0.12,1.5,3144,-3.251291798606495,3.8903717578961645,12
0.12,1.5,786,-3.251291798606495,4.8903717578961645,0
0.12,1.5,1258,-3.251291798606495,4.8903717578961645,0
0.12,1.5,1729,-3.251291798606495,4.8903717578961645,0
0.12,1.5,2096,-3.251291798606495,4.8903717578961645,0
0.12,1.5,2201,-3.251291798606495,4.8903717578961645,1
0.12,1.5,2672,-3.251291798606495,4.8903717578961645,6
0.12,1.5,3144,-3.251291798606495,4.8903717578961645,12
0.12,1.5,786,-2.251291798606495,1.8903717578961645,0
0.12,1.5,1258,-2.251291798606495,1.8903717578961645,0
0.12,1.5,1729,-2.251291798606495,1.8903717578961645,0
0.12,1.5,2096,-2.251291798606495,1.8903717578961645,0
0.12,1.5,2201,-2.251291798606495,1.8903717578961645,0
0.12,1.5,2672,-2.251291798606495,1.8903717578961645,0
0.12,1.5,3144,-2.251291798606495,1.8903717578961645,0
0.12,1.5,786,-2.251291798606495,2.3903717578961645,0
0.12,1.5,1258,-2.251291798606495,2.3903717578961645,0
0.12,1.5,1729,-2.251291798606495,2.3903717578961645,0
0.12,1.5,2096,-2.251291798606495,2.3903717578961645,0
0.12,1.5,2201,-2.251291798606495,2.3903717578961645,0
0.12,1.5,2672,-2.251291798606495,2.3903717578961645,0
0.12,1.5,3144,-2.251291798606495,2.3903717578961645,0
0.12,1.5,786,-2.251291798606495,2.6403717578961645,0
0.12,1.5,1258,-2.251291798606495,2.6403717578961645,0
0.12,1.5,1729,-2.251291798606495,2.6403717578961645,0
0.12,1.5,2096,-2.251291798606495,2.6403717578961645,0
0.12,1.5,2201,-2.251291798606495,2.6403717578961645,0
0.12,1.5,2672,-2.251291798606495,2.6403717578961645,0
0.12,1.5,3144,-2.251291798606495,2.6403717578961645,0
0.12,1.5,786,-2.251291798606495,2.8903717578961645,0
0.12,1.5,1258,-2.251291798606495,2.8903717578961645,0
0.12,1.5,1729,-2.251291798606495,2.8903717578961645,0
0.12,1.5,2096,-2.251291798606495,2.8903717578961645,0
0.12,1.5,2201,-2.251291798606495,2.8903717578961645,0
0.12,1.5,2672,-2.251291798606495,2.8903717578961645,0
0.12,1.5,3144,-2.251291798606495,2.8903717578961645,0
0.12,1.5,786,-2.251291798606495,3.3903717578961645,0
0.12,1.5,1258,-2.251291798606495,3.3903717578961645,0
0.12,1.5,1729,-2.251291798606495,3.3903717578961645,0
0.12,1.5,2096,-2.251291798606495,3.3903717578961645,0
0.12,1.5,2201,-2.251291798606495,3.3903717578961645,0
0.12,1.5,2672,-2.251291798606495,3.3903717578961645,0
0.12,1.5,3144,-2.251291798606495,3.3903717578961645,0
0.12,1.5,786,-2.251291798606495,3.8903717578961645,0
0.12,1.5,1258,-2.251291798606495,3.8903717578961645,0
0.12,1.5,1729,-2.251291798606495,3.8903717578961645,0
0.12,1.5,2096,-2.251291798606495,3.8903717578961645,0
0.12,1.5,2201,-2.251291798606495,3.8903717578961645,0
0.12,1.5,2672,-2.251291798606495,3.8903717578961645,0
0.12,1.5,3144,-2.251291798606495,3.8903717578961645,2
0.12,1.5,786,-2.251291798606495,4.8903717578961645,0
0.12,1.5,1258,-2.251291798606495,4.8903717578961645,0
0.12,1.5,1729,-2.251291798606495,4.8903717578961645,0
0.12,1.5,2096,-2.251291798606495,4.8903717578961645,0
0.12,1.5,2201,-2.251291798606495,4.8903717578961645,0
0.12,1.5,2672,-2.251291798606495,4.8903717578961645,0
0.12,1.5,3144,-2.251291798606495,4.8903717578961645,3
0.12,1.5,786,-1.2512917986064949,1.8903717578961645,0
0.12,1.5,1258,-1.2512917986064949,1.8903717578961645,0
0.12,1.5,1729,-1.2512917986064949,1.8903717578961645,0
0.12,1.5,2096,-1.2512917986064949,1.8903717578961645,0
0.12,1.5,2201,-1.2512917986064949,1.8903717578961645,0
0.12,1.5,2672,-1.2512917986064949,1.8903717578961645,0
0.12,1.5,3144,-1.2512917986064949,1.8903717578961645,0
0.12,1.5,786,-1.2512917986064949,2.3903717578961645,0
0.12,1.5,1258,-1.2512917986064949,2.3903717578961645,0
0.12,1.5,1729,-1.2512917986064949,2.3903717578961645,0
0.12,1.5,2096,-1.2512917986064949,2.3903717578961645,0
0.12,1.5,2201,-1.2512917986064949,2.3903717578961645,0
0.12,1.5,2672,-1.2512917986064949,2.3903717578961645,0
0.12,1.5,3144,-1.2512917986064949,2.3903717578961645,0
0.12,1.5,786,-1.2512917986064949,2.6403717578961645,0
0.12,1.5,1258,-1.2512917986064949,2.6403717578961645,0
0.12,1.5,1729,-1.2512917986064949,2.6403717578961645,0
0.12,1.5,2096,-1.2512917986064949,2.6403717578961645,0
0.12,1.5,2201,-1.2512917986064949,2.6403717578961645,0
0.12,1.5,2672,-1.2512917986064949,2.6403717578961645,0
0.12,1.5,3144,-1.2512917986064949,2.6403717578961645,0
0.12,1.5,786,-1.2512917986064949,2.8903717578961645,0
0.12,1.5,1258,-1.2512917986064949,2.8903717578961645,0
0.12,1.5,1729,-1.2512917986064949,2.8903717578961645,0
0.12,1.5,2096,-1.2512917986064949,2.8903717578961645,0
0.12,1.5,2201,-1.2512917986064949,2.8903717578961645,0
0.12,1.5,2672,-1.2512917986064949,2.8903717578961645,0
0.12,1.5,3144,-1.2512917986064949,2.8903717578961645,0
0.12,1.5,786,-1.2512917986064949,3.3903717578961645,0
0.12,1.5,1258,-1.2512917986064949,3.3903717578961645,0
0.12,1.5,1729,-1.2512917986064949,3.3903717578961645,0
0.12,1.5,2096,-1.2512917986064949,3.3903717578961645,0
0.12,1.5,2201,-1.2512917986064949,3.3903717578961645,0
0.12,1.5,2672,-1.2512917986064949,3.3903717578961645,0
0.12,1.5,3144,-1.2512917986064949,3.3903717578961645,0
0.12,1.5,786,-1.2512917986064949,3.8903717578961645,0
0.12,1.5,1258,-1.2512917986064949,3.8903717578961645,0
0.12,1.5,1729,-1.2512917986064949,3.8903717578961645,0
0.12,1.5,2096,-1.2512917986064949,3.8903717578961645,0
0.12,1.5,2201,-1.2512917986064949,3.8903717578961645,0
0.12,1.5,2672,-1.2512917986064949,3.8903717578961645,0
0.12,1.5,3144,-1.2512917986064949,3.8903717578961645,0
0.12,1.5,786,-1.2512917986064949,4.8903717578961645,0
0.12,1.5,1258,-1.2512917986064949,4.8903717578961645,0
0.12,1.5,1729,-1.2512917986064949,4.8903717578961645,0
0.12,1.5,2096,-1.2512917986064949,4.8903717578961645,0
0.12,1.5,2201,-1.2512917986064949,4.8903717578961645,0
0.12,1.5,2672,-1.2512917986064949,4.8903717578961645,0
0.12,1.5,3144,-1.2512917986064949,4.8903717578961645,0
0.12,2.0,1048,-8.251291798606495,1.8903717578961645,0
0.12,2.0,1677,-8.251291798606495,1.8903717578961645,0
0.12,2.0,2096,-8.251291798606495,1.8903717578961645,0
0.12,2.0,2306,-8.251291798606495,1.8903717578961645,0
0.12,2.0,2934,-8.251291798606495,1.8903717578961645,0
0.12,2.0,3563,-8.251291798606495,1.8903717578961645,0
0.12,2.0,4192,-8.251291798606495,1.8903717578961645,0
0.12,2.0,1048,-8.251291798606495,2.3903717578961645,0
0.12,2.0,1677,-8.251291798606495,2.3903717578961645,0
0.12,2.0,2096,-8.251291798606495,2.3903717578961645,0
0.12,2.0,2306,-8.251291798606495,2.3903717578961645,0
0.12,2.0,2934,-8.251291798606495,2.3903717578961645,0
0.12,2.0,3563,-8.251291798606495,2.3903717578961645,0
0.12,2.0,4192,-8.251291798606495,2.3903717578961645,0
0.12,2.0,1048,-8.251291798606495,2.6403717578961645,0
0.12,2.0,1677,-8.251291798606495,2.6403717578961645,0
0.12,2.0,2096,-8.251291798606495,2.6403717578961645,0
0.12,2.0,2306,-8.251291798606495,2.6403717578961645,0
0.12,2.0,2934,-8.251291798606495,2.6403717578961645,0
0.12,2.0,3563,-8.251291798606495,2.6403717578961645,0
0.12,2.0,4192,-8.251291798606495,2.6403717578961645,0
0.12,2.0,1048,-8.251291798606495,2.8903717578961645,0
0.12,2.0,1677,-8.251291798606495,2.8903717578961645,0
0.12,2.0,2096,-8.251291798606495,2.8903717578961645,0
0.12,2.0,2306,-8.251291798606495,2.8903717578961645,0
0.12,2.0,2934,-8.251291798606495,2.8903717578961645,2605
0.12,2.0,3563,-8.251291798606495,2.8903717578961645,3164
0.12,2.0,4192,-8.251291798606495,2.8903717578961645,0
0.12,2.0,1048,-8.251291798606495,3.3903717578961645,0
0.12,2.0,1677,-8.251291798606495,3.3903717578961645,0
0.12,2.0,2096,-8.251291798606495,3.3903717578961645,0
0.12,2.0,2306,-8.251291798606495,3.3903717578961645,1
0.12,2.0,2934,-8.251291798606495,3.3903717578961645,9
0.12,2.0,3563,-8.251291798606495,3.3903717578961645,3175
0.12,2.0,4192,-8.251291798606495,3.3903717578961645,3737
0.12,2.0,1048,-8.251291798606495,3.8903717578961645,0
0.12,2.0,1677,-8.251291798606495,3.8903717578961645,0
0.12,2.0,2096,-8.251291798606495,3.8903717578961645,0
0.12,2.0,2306,-8.251291798606495,3.8903717578961645,2
0.12,2.0,2934,-8.251291798606495,3.8903717578961645,10
0.12,2.0,3563,-8.251291798606495,3.8903717578961645,21
0.12,2.0,4192,-8.251291798606495,3.8903717578961645,3740
0.12,2.0,1048,-8.251291798606495,4.8903717578961645,0
0.12,2.0,1677,-8.251291798606495,4.8903717578961645,0
0.12,2.0,2096,-8.251291798606495,4.8903717578961645,1
0.12,2.0,2306,-8.251291798606495,4.8903717578961645,2
0.12,2.0,2934,-8.251291798606495,4.8903717578961645,10
0.12,2.0,3563,-8.251291798606495,4.8903717578961645,18
0.12,2.0,4192,-8.251291798606495,4.8903717578961645,28
0.12,2.0,1048,-7.251291798606495,1.8903717578961645,0
0.12,2.0,1677,-7.251291798606495,1.8903717578961645,0
0.12,2.0,2096,-7.251291798606495,1.8903717578961645,0
0.12,2.0,2306,-7.251291798606495,1.8903717578961645,0
0.12,2.0,2934,-7.251291798606495,1.8903717578961645,0
0.12,2.0,3563,-7.251291798606495,1.8903717578961645,0
0.12,2.0,4192,-7.251291798606495,1.8903717578961645,0
0.12,2.0,1048,-7.251291798606495,2.3903717578961645,0
0.12,2.0,1677,-7.251291798606495,2.3903717578961645,0
0.12,2.0,2096,-7.251291798606495,2.3903717578961645,0
0.12,2.0,2306,-7.251291798606495,2.3903717578961645,0
0.12,2.0,2934,-7.251291798606495,2.3903717578961645,0
0.12,2.0,3563,-7.251291798606495,2.3903717578961645,0
0.12,2.0,4192,-7.251291798606495,2.3903717578961645,0
0.12,2.0,1048,-7.251291798606495,2.6403717578961645,0
0.12,2.0,1677,-7.251291798606495,2.6403717578961645,0
0.12,2.0,2096,-7.251291798606495,2.6403717578961645,0
0.12,2.0,2306,-7.251291798606495,2.6403717578961645,0
0.12,2.0,2934,-7.251291798606495,2.6403717578961645,0
0.12,2.0,3563,-7.251291798606495,2.6403717578961645,0
0.12,2.0,4192,-7.251291798606495,2.6403717578961645,0
0.12,2.0,1048,-7.251291798606495,2.8903717578961645,0
0.12,2.0,1677,-7.251291798606495,2.8903717578961645,0
0.12,2.0,2096,-7.251291798606495,2.8903717578961645,0
0.12,2.0,2306,-7.251291798606495,2.8903717578961645,0
0.12,2.0,2934,-7.251291798606495,2.8903717578961645,2605
0.12,2.0,3563,-7.251291798606495,2.8903717578961645,3164
0.12,2.0,4192,-7.251291798606495,2.8903717578961645,0
0.12,2.0,1048,-7.251291798606495,3.3903717578961645,0
0.12,2.0,1677,-7.251291798606495,3.3903717578961645,0
0.12,2.0,2096,-7.251291798606495,3.3903717578961645,0
0.12,2.0,2306,-7.251291798606495,3.3903717578961645,1
0.12,2.0,2934,-7.251291798606495,3.3903717578961645,9
0.12,2.0,3563,-7.251291798606495,3.3903717578961645,3175
0.12,2.0,4192,-7.251291798606495,3.3903717578961645,3738
0.12,2.0,1048,-7.251291798606495,3.8903717578961645,0
0.12,2.0,1677,-7.251291798606495,3.8903717578961645,0
0.12,2.0,2096,-7.251291798606495,3.8903717578961645,0
0.12,2.0,2306,-7.251291798606495,3.8903717578961645,2
0.12,2.0,2934,-7.251291798606495,3.8903717578961645,10
0.12,2.0,3563,-7.251291798606495,3.8903717578961645,21
0.12,2.0,4192,-7.251291798606495,3.8903717578961645,3740
0.12,2.0,1048,-7.251291798606495,4.8903717578961645,0
0.12,2.0,1677,-7.251291798606495,4.8903717578961645,0
0.12,2.0,2096,-7.251291798606495,4.8903717578961645,1
0.12,2.0,2306,-7.251291798606495,4.8903717578961645,2
0.12,2.0,2934,-7.251291798606495,4.8903717578961645,10
0.12,2.0,3563,-7.251291798606495,4.8903717578961645,18
0.12,2.0,4192,-7.251291798606495,4.8903717578961645,28
0.12,2.0,1048,-6.251291798606495,1.8903717578961645,0
0.12,2.0,1677,-6.251291798606495,1.8903717578961645,0
0.12,2.0,2096,-6.251291798606495,1.8903717578961645,0
0.12,2.0,2306,-6.251291798606495,1.8903717578961645,0
0.12,2.0,2934,-6.251291798606495,1.8903717578961645,0
0.12,2.0,3563,-6.251291798606495,1.8903717578961645,0
0.12,2.0,4192,-6.251291798606495,1.8903717578961645,0
0.12,2.0,1048,-6.251291798606495,2.3903717578961645,0
0.12,2.0,1677,-6.251291798606495,2.3903717578961645,0
0.12,2.0,2096,-6.251291798606495,2.3903717578961645,0
0.12,2.0,2306,-6.251291798606495,2.3903717578961645,0
0.12,2.0,2934,-6.251291798606495,2.3903717578961645,0
0.12,2.0,3563,-6.251291798606495,2.3903717578961645,0
0.12,2.0,4192,-6.251291798606495,2.3903717578961645,0
0.12,2.0,1048,-6.251291798606495,2.6403717578961645,0
0.12,2.0,1677,-6.251291798606495,2.6403717578961645,0
0.12,2.0,2096,-6.251291798606495,2.6403717578961645,0
0.12,2.0,2306,-6.251291798606495,2.6403717578961645,0
0.12,2.0,2934,-6.251291798606495,2.6403717578961645,0
0.12,2.0,3563,-6.251291798606495,2.6403717578961645,0
0.12,2.0,4192,-6.251291798606495,2.6403717578961645,0
0.12,2.0,1048,-6.251291798606495,2.8903717578961645,0
0.12,2.0,1677,-6.251291798606495,2.8903717578961645,0
0.12,2.0,2096,-6.251291798606495,2.8903717578961645,0
0.12,2.0,2306,-6.251291798606495,2.8903717578961645,0
0.12,2.0,2934,-6.251291798606495,2.8903717578961645,2605
0.12,2.0,3563,-6.251291798606495,2.8903717578961645,3164
0.12,2.0,4192,-6.251291798606495,2.8903717578961645,0
0.12,2.0,1048,-6.251291798606495,3.3903717578961645,0
0.12,2.0,1677,-6.251291798606495,3.3903717578961645,0
0.12,2.0,2096,-6.251291798606495,3.3903717578961645,0
0.12,2.0,2306,-6.251291798606495,3.3903717578961645,1
0.12,2.0,2934,-6.251291798606495,3.3903717578961645,9
0.12,2.0,3563,-6.251291798606495,3.3903717578961645,3175
0.12,2.0,4192,-6.251291798606495,3.3903717578961645,3738
0.12,2.0,1048,-6.251291798606495,3.8903717578961645,0
0.12,2.0,1677,-6.251291798606495,3.8903717578961645,0
0.12,2.0,2096,-6.251291798606495,3.8903717578961645,0
0.12,2.0,2306,-6.251291798606495,3.8903717578961645,2
0.12,2.0,2934,-6.251291798606495,3.8903717578961645,10
0.12,2.0,3563,-6.251291798606495,3.8903717578961645,21
0.12,2.0,4192,-6.251291798606495,3.8903717578961645,3740
0.12,2.0,1048,-6.251291798606495,4.8903717578961645,0
0.12,2.0,1677,-6.251291798606495,4.8903717578961645,0
0.12,2.0,2096,-6.251291798606495,4.8903717578961645,1
0.12,2.0,2306,-6.251291798606495,4.8903717578961645,2
0.12,2.0,2934,-6.251291798606495,4.8903717578961645,10
0.12,2.0,3563,-6.251291798606495,4.8903717578961645,18
0.12,2.0,4192,-6.251291798606495,4.8903717578961645,28
0.12,2.0,1048,-5.251291798606495,1.8903717578961645,0
0.12,2.0,1677,-5.251291798606495,1.8903717578961645,0
0.12,2.0,2096,-5.251291798606495,1.8903717578961645,0
0.12,2.0,2306,-5.251291798606495,1.8903717578961645,0
0.12,2.0,2934,-5.251291798606495,1.8903717578961645,0
0.12,2.0,3563,-5.251291798606495,1.8903717578961645,0
0.12,2.0,4192,-5.251291798606495,1.8903717578961645,0
0.12,2.0,1048,-5.251291798606495,2.3903717578961645,0
0.12,2.0,1677,-5.251291798606495,2.3903717578961645,0
0.12,2.0,2096,-5.251291798606495,2.3903717578961645,0
0.12,2.0,2306,-5.251291798606495,2.3903717578961645,0
0.12,2.0,2934,-5.251291798606495,2.3903717578961645,0
0.12,2.0,3563,-5.251291798606495,2.3903717578961645,0
0.12,2.0,4192,-5.251291798606495,2.3903717578961645,0
0.12,2.0,1048,-5.251291798606495,2.6403717578961645,0
0.12,2.0,1677,-5.251291798606495,2.6403717578961645,0
0.12,2.0,2096,-5.251291798606495,2.6403717578961645,0
0.12,2.0,2306,-5.251291798606495,2.6403717578961645,0
0.12,2.0,2934,-5.251291798606495,2.6403717578961645,0
0.12,2.0,3563,-5.251291798606495,2.6403717578961645,0
0.12,2.0,4192,-5.251291798606495,2.6403717578961645,0
0.12,2.0,1048,-5.251291798606495,2.8903717578961645,0
0.12,2.0,1677,-5.251291798606495,2.8903717578961645,0
0.12,2.0,2096,-5.251291798606495,2.8903717578961645,0
0.12,2.0,2306,-5.251291798606495,2.8903717578961645,0
0.12,2.0,2934,-5.251291798606495,2.8903717578961645,2605
0.12,2.0,3563,-5.251291798606495,2.8903717578961645,3164
0.12,2.0,4192,-5.251291798606495,2.8903717578961645,0
0.12,2.0,1048,-5.251291798606495,3.3903717578961645,0
0.12,2.0,1677,-5.251291798606495,3.3903717578961645,0
0.12,2.0,2096,-5.251291798606495,3.3903717578961645,0
0.12,2.0,2306,-5.251291798606495,3.3903717578961645,1
0.12,2.0,2934,-5.251291798606495,3.3903717578961645,9
0.12,2.0,3563,-5.251291798606495,3.3903717578961645,3175
0.12,2.0,4192,-5.251291798606495,3.3903717578961645,3738
0.12,2.0,1048,-5.251291798606495,3.8903717578961645,0
0.12,2.0,1677,-5.251291798606495,3.8903717578961645,0
0.12,2.0,2096,-5.251291798606495,3.8903717578961645,0
0.12,2.0,2306,-5.251291798606495,3.8903717578961645,2
0.12,2.0,2934,-5.251291798606495,3.8903717578961645,10
0.12,2.0,3563,-5.251291798606495,3.8903717578961645,21
0.12,2.0,4192,-5.251291798606495,3.8903717578961645,3740
0.12,2.0,1048,-5.251291798606495,4.8903717578961645,0
0.12,2.0,1677,-5.251291798606495,4.8903717578961645,0
0.12,2.0,2096,-5.251291798606495,4.8903717578961645,1
0.12,2.0,2306,-5.251291798606495,4.8903717578961645,2
0.12,2.0,2934,-5.251291798606495,4.8903717578961645,10
0.12,2.0,3563,-5.251291798606495,4.8903717578961645,18
0.12,2.0,4192,-5.251291798606495,4.8903717578961645,29
0.12,2.0,1048,-4.251291798606495,1.8903717578961645,0
0.12,2.0,1677,-4.251291798606495,1.8903717578961645,0
0.12,2.0,2096,-4.251291798606495,1.8903717578961645,0
0.12,2.0,2306,-4.251291798606495,1.8903717578961645,0
0.12,2.0,2934,-4.251291798606495,1.8903717578961645,0
0.12,2.0,3563,-4.251291798606495,1.8903717578961645,0
0.12,2.0,4192,-4.251291798606495,1.8903717578961645,0
0.12,2.0,1048,-4.251291798606495,2.3903717578961645,0
0.12,2.0,1677,-4.251291798606495,2.3903717578961645,0
0.12,2.0,2096,-4.251291798606495,2.3903717578961645,0
0.12,2.0,2306,-4.251291798606495,2.3903717578961645,0
0.12,2.0,2934,-4.251291798606495,2.3903717578961645,0
0.12,2.0,3563,-4.251291798606495,2.3903717578961645,0
0.12,2.0,4192,-4.251291798606495,2.3903717578961645,0
0.12,2.0,1048,-4.251291798606495,2.6403717578961645,0
0.12,2.0,1677,-4.251291798606495,2.6403717578961645,0
0.12,2.0,2096,-4.251291798606495,2.6403717578961645,0
0.12,2.0,2306,-4.251291798606495,2.6403717578961645,0
0.12,2.0,2934,-4.251291798606495,2.6403717578961645,0
0.12,2.0,3563,-4.251291798606495,2.6403717578961645,0
0.12,2.0,4192,-4.251291798606495,2.6403717578961645,0
0.12,2.0,1048,-4.251291798606495,2.8903717578961645,0
0.12,2.0,1677,-4.251291798606495,2.8903717578961645,0
0.12,2.0,2096,-4.251291798606495,2.8903717578961645,0
0.12,2.0,2306,-4.251291798606495,2.8903717578961645,0
0.12,2.0,2934,-4.251291798606495,2.8903717578961645,2606
0.12,2.0,3563,-4.251291798606495,2.8903717578961645,3164
0.12,2.0,4192,-4.251291798606495,2.8903717578961645,0
0.12,2.0,1048,-4.251291798606495,3.3903717578961645,0
0.12,2.0,1677,-4.251291798606495,3.3903717578961645,0
0.12,2.0,2096,-4.251291798606495,3.3903717578961645,0
0.12,2.0,2306,-4.251291798606495,3.3903717578961645,1
0.12,2.0,2934,-4.251291798606495,3.3903717578961645,9
0.12,2.0,3563,-4.251291798606495,3.3903717578961645,3175
0.12,2.0,4192,-4.251291798606495,3.3903717578961645,3739
0.12,2.0,1048,-4.251291798606495,3.8903717578961645,0
0.12,2.0,1677,-4.251291798606495,3.8903717578961645,0
0.12,2.0,2096,-4.251291798606495,3.8903717578961645,0
0.12,2.0,2306,-4.251291798606495,3.8903717578961645,2
0.12,2.0,2934,-4.251291798606495,3.8903717578961645,10
0.12,2.0,3563,-4.251291798606495,3.8903717578961645,20
0.12,2.0,4192,-4.251291798606495,3.8903717578961645,3742
0.12,2.0,1048,-4.251291798606495,4.8903717578961645,0
0.12,2.0,1677,-4.251291798606495,4.8903717578961645,0
0.12,2.0,2096,-4.251291798606495,4.8903717578961645,0
0.12,2.0,2306,-4.251291798606495,4.8903717578961645,2
0.12,2.0,2934,-4.251291798606495,4.8903717578961645,10
0.12,2.0,3563,-4.251291798606495,4.8903717578961645,19
0.12,2.0,4192,-4.251291798606495,4.8903717578961645,29
0.12,2.0,1048,-3.251291798606495,1.8903717578961645,0
0.12,2.0,1677,-3.251291798606495,1.8903717578961645,0
0.12,2.0,2096,-3.251291798606495,1.8903717578961645,0
0.12,2.0,2306,-3.251291798606495,1.8903717578961645,0
0.12,2.0,2934,-3.251291798606495,1.8903717578961645,0
0.12,2.0,3563,-3.251291798606495,1.8903717578961645,0
0.12,2.0,4192,-3.251291798606495,1.8903717578961645,0
0.12,2.0,1048,-3.251291798606495,2.3903717578961645,0
0.12,2.0,1677,-3.251291798606495,2.3903717578961645,0
0.12,2.0,2096,-3.251291798606495,2.3903717578961645,0
0.12,2.0,2306,-3.251291798606495,2.3903717578961645,0
0.12,2.0,2934,-3.251291798606495,2.3903717578961645,0
0.12,2.0,3563,-3.251291798606495,2.3903717578961645,0
0.12,2.0,4192,-3.251291798606495,2.3903717578961645,0
0.12,2.0,1048,-3.251291798606495,2.6403717578961645,0
0.12,2.0,1677,-3.251291798606495,2.6403717578961645,0
0.12,2.0,2096,-3.251291798606495,2.6403717578961645,0
0.12,2.0,2306,-3.251291798606495,2.6403717578961645,0
0.12,2.0,2934,-3.251291798606495,2.6403717578961645,0
0.12,2.0,3563,-3.251291798606495,2.6403717578961645,0
0.12,2.0,4192,-3.251291798606495,2.6403717578961645,0
0.12,2.0,1048,-3.251291798606495,2.8903717578961645,0
0.12,2.0,1677,-3.251291798606495,2.8903717578961645,0
0.12,2.0,2096,-3.251291798606495,2.8903717578961645,0
0.12,2.0,2306,-3.251291798606495,2.8903717578961645,0
0.12,2.0,2934,-3.251291798606495,2.8903717578961645,6
0.12,2.0,3563,-3.251291798606495,2.8903717578961645,3166
0.12,2.0,4192,-3.251291798606495,2.8903717578961645,3726
0.12,2.0,1048,-3.251291798606495,3.3903717578961645,0
0.12,2.0,1677,-3.251291798606495,3.3903717578961645,0
0.12,2.0,2096,-3.251291798606495,3.3903717578961645,0
0.12,2.0,2306,-3.251291798606495,3.3903717578961645,1
0.12,2.0,2934,-3.251291798606495,3.3903717578961645,9
0.12,2.0,3563,-3.251291798606495,3.3903717578961645,3177
0.12,2.0,4192,-3.251291798606495,3.3903717578961645,3742
0.12,2.0,1048,-3.251291798606495,3.8903717578961645,0
0.12,2.0,1677,-3.251291798606495,3.8903717578961645,0
0.12,2.0,2096,-3.251291798606495,3.8903717578961645,0
0.12,2.0,2306,-3.251291798606495,3.8903717578961645,1
0.12,2.0,2934,-3.251291798606495,3.8903717578961645,10
0.12,2.0,3563,-3.251291798606495,3.8903717578961645,20
0.12,2.0,4192,-3.251291798606495,3.8903717578961645,3747
0.12,2.0,1048,-3.251291798606495,4.8903717578961645,0
0.12,2.0,1677,-3.251291798606495,4.8903717578961645,0
0.12,2.0,2096,-3.251291798606495,4.8903717578961645,0
0.12,2.0,2306,-3.251291798606495,4.8903717578961645,2
0.12,2.0,2934,-3.251291798606495,4.8903717578961645,10
0.12,2.0,3563,-3.251291798606495,4.8903717578961645,19
0.12,2.0,4192,-3.251291798606495,4.8903717578961645,478
0.12,2.0,1048,-2.251291798606495,1.8903717578961645,0
0.12,2.0,1677,-2.251291798606495,1.8903717578961645,0
0.12,2.0,2096,-2.251291798606495,1.8903717578961645,0
0.12,2.0,2306,-2.251291798606495,1.8903717578961645,0
0.12,2.0,2934,-2.251291798606495,1.8903717578961645,0
0.12,2.0,3563,-2.251291798606495,1.8903717578961645,0
0.12,2.0,4192,-2.251291798606495,1.8903717578961645,0
0.12,2.0,1048,-2.251291798606495,2.3903717578961645,0
0.12,2.0,1677,-2.251291798606495,2.3903717578961645,0
0.12,2.0,2096,-2.251291798606495,2.3903717578961645,0
0.12,2.0,2306,-2.251291798606495,2.3903717578961645,0
0.12,2.0,2934,-2.251291798606495,2.3903717578961645,0
0.12,2.0,3563,-2.251291798606495,2.3903717578961645,0
0.12,2.0,4192,-2.251291798606495,2.3903717578961645,0
0.12,2.0,1048,-2.251291798606495,2.6403717578961645,0
0.12,2.0,1677,-2.251291798606495,2.6403717578961645,0
0.12,2.0,2096,-2.251291798606495,2.6403717578961645,0
0.12,2.0,2306,-2.251291798606495,2.6403717578961645,0
0.12,2.0,2934,-2.251291798606495,2.6403717578961645,0
0.12,2.0,3563,-2.251291798606495,2.6403717578961645,0
0.12,2.0,4192,-2.251291798606495,2.6403717578961645,0
0.12,2.0,1048,-2.251291798606495,2.8903717578961645,0
0.12,2.0,1677,-2.251291798606495,2.8903717578961645,0
0.12,2.0,2096,-2.251291798606495,2.8903717578961645,0
0.12,2.0,2306,-2.251291798606495,2.8903717578961645,0
0.12,2.0,2934,-2.251291798606495,2.8903717578961645,0
0.12,2.0,3563,-2.251291798606495,2.8903717578961645,0
0.12,2.0,4192,-2.251291798606495,2.8903717578961645,2
0.12,2.0,1048,-2.251291798606495,3.3903717578961645,0
0.12,2.0,1677,-2.251291798606495,3.3903717578961645,0
0.12,2.0,2096,-2.251291798606495,3.3903717578961645,0
0.12,2.0,2306,-2.251291798606495,3.3903717578961645,0
0.12,2.0,2934,-2.251291798606495,3.3903717578961645,0
0.12,2.0,3563,-2.251291798606495,3.3903717578961645,386
0.12,2.0,4192,-2.251291798606495,3.3903717578961645,0
0.12,2.0,1048,-2.251291798606495,3.8903717578961645,0
0.12,2.0,1677,-2.251291798606495,3.8903717578961645,0
0.12,2.0,2096,-2.251291798606495,3.8903717578961645,0
0.12,2.0,2306,-2.251291798606495,3.8903717578961645,0
0.12,2.0,2934,-2.251291798606495,3.8903717578961645,0
0.12,2.0,3563,-2.251291798606495,3.8903717578961645,383
0.12,2.0,4192,-2.251291798606495,3.8903717578961645,0
0.12,2.0,1048,-2.251291798606495,4.8903717578961645,0
0.12,2.0,1677,-2.251291798606495,4.8903717578961645,0
0.12,2.0,2096,-2.251291798606495,4.8903717578961645,0
0.12,2.0,2306,-2.251291798606495,4.8903717578961645,0
0.12,2.0,2934,-2.251291798606495,4.8903717578961645,0
0.12,2.0,3563,-2.251291798606495,4.8903717578961645,0
0.12,2.0,4192,-2.251291798606495,4.8903717578961645,0
0.12,2.0,1048,-1.2512917986064949,1.8903717578961645,0
0.12,2.0,1677,-1.2512917986064949,1.8903717578961645,0
0.12,2.0,2096,-1.2512917986064949,1.8903717578961645,0
0.12,2.0,2306,-1.2512917986064949,1.8903717578961645,0
0.12,2.0,2934,-1.2512917986064949,1.8903717578961645,0
0.12,2.0,3563,-1.2512917986064949,1.8903717578961645,0
0.12,2.0,4192,-1.2512917986064949,1.8903717578961645,0
0.12,2.0,1048,-1.2512917986064949,2.3903717578961645,0
0.12,2.0,1677,-1.2512917986064949,2.3903717578961645,0
0.12,2.0,2096,-1.2512917986064949,2.3903717578961645,0
0.12,2.0,2306,-1.2512917986064949,2.3903717578961645,0
0.12,2.0,2934,-1.2512917986064949,2.3903717578961645,0
0.12,2.0,3563,-1.2512917986064949,2.3903717578961645,0
0.12,2.0,4192,-1.2512917986064949,2.3903717578961645,0
0.12,2.0,1048,-1.2512917986064949,2.6403717578961645,0
0.12,2.0,1677,-1.2512917986064949,2.6403717578961645,0
0.12,2.0,2096,-1.2512917986064949,2.6403717578961645,0
0.12,2.0,2306,-1.2512917986064949,2.6403717578961645,0
0.12,2.0,2934,-1.2512917986064949,2.6403717578961645,0
0.12,2.0,3563,-1.2512917986064949,2.6403717578961645,0
0.12,2.0,4192,-1.2512917986064949,2.6403717578961645,0
0.12,2.0,1048,-1.2512917986064949,2.8903717578961645,0
0.12,2.0,1677,-1.2512917986064949,2.8903717578961645,0
0.12,2.0,2096,-1.2512917986064949,2.8903717578961645,0
0.12,2.0,2306,-1.2512917986064949,2.8903717578961645,0
0.12,2.0,2934,-1.2512917986064949,2.8903717578961645,0
0.12,2.0,3563,-1.2512917986064949,2.8903717578961645,0
0.12,2.0,4192,-1.2512917986064949,2.8903717578961645,0
0.12,2.0,1048,-1.2512917986064949,3.3903717578961645,0
0.12,2.0,1677,-1.2512917986064949,3.3903717578961645,0
0.12,2.0,2096,-1.2512917986064949,3.3903717578961645,0
0.12,2.0,2306,-1.2512917986064949,3.3903717578961645,0
0.12,2.0,2934,-1.2512917986064949,3.3903717578961645,0
0.12,2.0,3563,-1.2512917986064949,3.3903717578961645,0
0.12,2.0,4192,-1.2512917986064949,3.3903717578961645,0
0.12,2.0,1048,-1.2512917986064949,3.8903717578961645,0
0.12,2.0,1677,-1.2512917986064949,3.8903717578961645,0
0.12,2.0,2096,-1.2512917986064949,3.8903717578961645,0
0.12,2.0,2306,-1.2512917986064949,3.8903717578961645,0
0.12,2.0,2934,-1.2512917986064949,3.8903717578961645,0
0.12,2.0,3563,-1.2512917986064949,3.8903717578961645,0
0.12,2.0,4192,-1.2512917986064949,3.8903717578961645,0
0.12,2.0,1048,-1.2512917986064949,4.8903717578961645,0
0.12,2.0,1677,-1.2512917986064949,4.8903717578961645,0
0.12,2.0,2096,-1.2512917986064949,4.8903717578961645,0
0.12,2.0,2306,-1.2512917986064949,4.8903717578961645,0
0.12,2.0,2934,-1.2512917986064949,4.8903717578961645,0
0.12,2.0,3563,-1.2512917986064949,4.8903717578961645,0
0.12,2.0,4192,-1.2512917986064949,4.8903717578961645,0
0.13,1.0,242,-8.251291798606495,1.8903717578961645,0
0.13,1.0,387,-8.251291798606495,1.8903717578961645,0
0.13,1.0,532,-8.251291798606495,1.8903717578961645,0
0.13,1.0,678,-8.251291798606495,1.8903717578961645,0
0.13,1.0,823,-8.251291798606495,1.8903717578961645,0
0.13,1.0,968,-8.251291798606495,1.8903717578961645,0
0.13,1.0,242,-8.251291798606495,2.3903717578961645,0
0.13,1.0,387,-8.251291798606495,2.3903717578961645,0
0.13,1.0,532,-8.251291798606495,2.3903717578961645,0
0.13,1.0,678,-8.251291798606495,2.3903717578961645,0
0.13,1.0,823,-8.251291798606495,2.3903717578961645,0
0.13,1.0,968,-8.251291798606495,2.3903717578961645,0
0.13,1.0,242,-8.251291798606495,2.6403717578961645,0
0.13,1.0,387,-8.251291798606495,2.6403717578961645,0
0.13,1.0,532,-8.251291798606495,2.6403717578961645,0
0.13,1.0,678,-8.251291798606495,2.6403717578961645,0
0.13,1.0,823,-8.251291798606495,2.6403717578961645,0
0.13,1.0,968,-8.251291798606495,2.6403717578961645,0
0.13,1.0,242,-8.251291798606495,2.8903717578961645,0
0.13,1.0,387,-8.251291798606495,2.8903717578961645,0
0.13,1.0,532,-8.251291798606495,2.8903717578961645,0
0.13,1.0,678,-8.251291798606495,2.8903717578961645,0
0.13,1.0,823,-8.251291798606495,2.8903717578961645,0
0.13,1.0,968,-8.251291798606495,2.8903717578961645,0
0.13,1.0,242,-8.251291798606495,3.3903717578961645,0
0.13,1.0,387,-8.251291798606495,3.3903717578961645,0
0.13,1.0,532,-8.251291798606495,3.3903717578961645,0
0.13,1.0,678,-8.251291798606495,3.3903717578961645,0
0.13,1.0,823,-8.251291798606495,3.3903717578961645,0
0.13,1.0,968,-8.251291798606495,3.3903717578961645,0
0.13,1.0,242,-8.251291798606495,3.8903717578961645,0
0.13,1.0,387,-8.251291798606495,3.8903717578961645,0
0.13,1.0,532,-8.251291798606495,3.8903717578961645,0
0.13,1.0,678,-8.251291798606495,3.8903717578961645,0
0.13,1.0,823,-8.251291798606495,3.8903717578961645,0
0.13,1.0,968,-8.251291798606495,3.8903717578961645,0
0.13,1.0,242,-8.251291798606495,4.8903717578961645,0
0.13,1.0,387,-8.251291798606495,4.8903717578961645,0
0.13,1.0,532,-8.251291798606495,4.8903717578961645,0
0.13,1.0,678,-8.251291798606495,4.8903717578961645,0
0.13,1.0,823,-8.251291798606495,4.8903717578961645,0
0.13,1.0,968,-8.251291798606495,4.8903717578961645,1
0.13,1.0,242,-7.251291798606495,1.8903717578961645,0
0.13,1.0,387,-7.251291798606495,1.8903717578961645,0
0.13,1.0,532,-7.251291798606495,1.8903717578961645,0
0.13,1.0,678,-7.251291798606495,1.8903717578961645,0
0.13,1.0,823,-7.251291798606495,1.8903717578961645,0
0.13,1.0,968,-7.251291798606495,1.8903717578961645,0
0.13,1.0,242,-7.251291798606495,2.3903717578961645,0
0.13,1.0,387,-7.251291798606495,2.3903717578961645,0
0.13,1.0,532,-7.251291798606495,2.3903717578961645,0
0.13,1.0,678,-7.251291798606495,2.3903717578961645,0
0.13,1.0,823,-7.251291798606495,2.3903717578961645,0
0.13,1.0,968,-7.251291798606495,2.3903717578961645,0
0.13,1.0,242,-7.251291798606495,2.6403717578961645,0
0.13,1.0,387,-7.251291798606495,2.6403717578961645,0
0.13,1.0,532,-7.251291798606495,2.6403717578961645,0
0.13,1.0,678,-7.251291798606495,2.6403717578961645,0
0.13,1.0,823,-7.251291798606495,2.6403717578961645,0
0.13,1.0,968,-7.251291798606495,2.6403717578961645,0
0.13,1.0,242,-7.251291798606495,2.8903717578961645,0
0.13,1.0,387,-7.251291798606495,2.8903717578961645,0
0.13,1.0,532,-7.251291798606495,2.8903717578961645,0
0.13,1.0,678,-7.251291798606495,2.8903717578961645,0
0.13,1.0,823,-7.251291798606495,2.8903717578961645,0
0.13,1.0,968,-7.251291798606495,2.8903717578961645,0
0.13,1.0,242,-7.251291798606495,3.3903717578961645,0
0.13,1.0,387,-7.251291798606495,3.3903717578961645,0
0.13,1.0,532,-7.251291798606495,3.3903717578961645,0
0.13,1.0,678,-7.251291798606495,3.3903717578961645,0
0.13,1.0,823,-7.251291798606495,3.3903717578961645,0
0.13,1.0,968,-7.251291798606495,3.3903717578961645,0
0.13,1.0,242,-7.251291798606495,3.8903717578961645,0
0.13,1.0,387,-7.251291798606495,3.8903717578961645,0
0.13,1.0,532,-7.251291798606495,3.8903717578961645,0
0.13,1.0,678,-7.251291798606495,3.8903717578961645,0
0.13,1.0,823,-7.251291798606495,3.8903717578961645,0
0.13,1.0,968,-7.251291798606495,3.8903717578961645,0
0.13,1.0,242,-7.251291798606495,4.8903717578961645,0
0.13,1.0,387,-7.251291798606495,4.8903717578961645,0
0.13,1.0,532,-7.251291798606495,4.8903717578961645,0
0.13,1.0,678,-7.251291798606495,4.8903717578961645,0
0.13,1.0,823,-7.251291798606495,4.8903717578961645,0
0.13,1.0,968,-7.251291798606495,4.8903717578961645,1
0.13,1.0,242,-6.251291798606495,1.8903717578961645,0
0.13,1.0,387,-6.251291798606495,1.8903717578961645,0
0.13,1.0,532,-6.251291798606495,1.8903717578961645,0
0.13,1.0,678,-6.251291798606495,1.8903717578961645,0
0.13,1.0,823,-6.251291798606495,1.8903717578961645,0
0.13,1.0,968,-6.251291798606495,1.8903717578961645,0
0.13,1.0,242,-6.251291798606495,2.3903717578961645,0
0.13,1.0,387,-6.251291798606495,2.3903717578961645,0
0.13,1.0,532,-6.251291798606495,2.3903717578961645,0
0.13,1.0,678,-6.251291798606495,2.3903717578961645,0
0.13,1.0,823,-6.251291798606495,2.3903717578961645,0
0.13,1.0,968,-6.251291798606495,2.3903717578961645,0
0.13,1.0,242,-6.251291798606495,2.6403717578961645,0
0.13,1.0,387,-6.251291798606495,2.6403717578961645,0
0.13,1.0,532,-6.251291798606495,2.6403717578961645,0
0.13,1.0,678,-6.251291798606495,2.6403717578961645,0
0.13,1.0,823,-6.251291798606495,2.6403717578961645,0
0.13,1.0,968,-6.251291798606495,2.6403717578961645,0
0.13,1.0,242,-6.251291798606495,2.8903717578961645,0
0.13,1.0,387,-6.251291798606495,2.8903717578961645,0
0.13,1.0,532,-6.251291798606495,2.8903717578961645,0
0.13,1.0,678,-6.251291798606495,2.8903717578961645,0
0.13,1.0,823,-6.251291798606495,2.8903717578961645,0
0.13,1.0,968,-6.251291798606495,2.8903717578961645,0
0.13,1.0,242,-6.251291798606495,3.3903717578961645,0
0.13,1.0,387,-6.251291798606495,3.3903717578961645,0
0.13,1.0,532,-6.251291798606495,3.3903717578961645,0
0.13,1.0,678,-6.251291798606495,3.3903717578961645,0
0.13,1.0,823,-6.251291798606495,3.3903717578961645,0
0.13,1.0,968,-6.251291798606495,3.3903717578961645,0
0.13,1.0,242,-6.251291798606495,3.8903717578961645,0
0.13,1.0,387,-6.251291798606495,3.8903717578961645,0
0.13,1.0,532,-6.251291798606495,3.8903717578961645,0
0.13,1.0,678,-6.251291798606495,3.8903717578961645,0
0.13,1.0,823,-6.251291798606495,3.8903717578961645,0
0.13,1.0,968,-6.251291798606495,3.8903717578961645,0
0.13,1.0,242,-6.251291798606495,4.8903717578961645,0
0.13,1.0,387,-6.251291798606495,4.8903717578961645,0
0.13,1.0,532,-6.251291798606495,4.8903717578961645,0
0.13,1.0,678,-6.251291798606495,4.8903717578961645,0
0.13,1.0,823,-6.251291798606495,4.8903717578961645,0
0.13,1.0,968,-6.251291798606495,4.8903717578961645,1
0.13,1.0,242,-5.251291798606495,1.8903717578961645,0
0.13,1.0,387,-5.251291798606495,1.8903717578961645,0
0.13,1.0,532,-5.251291798606495,1.8903717578961645,0
0.13,1.0,678,-5.251291798606495,1.8903717578961645,0
0.13,1.0,823,-5.251291798606495,1.8903717578961645,0
0.13,1.0,968,-5.251291798606495,1.8903717578961645,0
0.13,1.0,242,-5.251291798606495,2.3903717578961645,0
0.13,1.0,387,-5.251291798606495,2.3903717578961645,0
0.13,1.0,532,-5.251291798606495,2.3903717578961645,0
0.13,1.0,678,-5.251291798606495,2.3903717578961645,0
0.13,1.0,823,-5.251291798606495,2.3903717578961645,0
0.13,1.0,968,-5.251291798606495,2.3903717578961645,0
0.13,1.0,242,-5.251291798606495,2.6403717578961645,0
0.13,1.0,387,-5.251291798606495,2.6403717578961645,0
0.13,1.0,532,-5.251291798606495,2.6403717578961645,0
0.13,1.0,678,-5.251291798606495,2.6403717578961645,0
0.13,1.0,823,-5.251291798606495,2.6403717578961645,0
0.13,1.0,968,-5.251291798606495,2.6403717578961645,0
0.13,1.0,242,-5.251291798606495,2.8903717578961645,0
0.13,1.0,387,-5.251291798606495,2.8903717578961645,0
0.13,1.0,532,-5.251291798606495,2.8903717578961645,0
0.13,1.0,678,-5.251291798606495,2.8903717578961645,0
0.13,1.0,823,-5.251291798606495,2.8903717578961645,0
0.13,1.0,968,-5.251291798606495,2.8903717578961645,0
0.13,1.0,242,-5.251291798606495,3.3903717578961645,0
0.13,1.0,387,-5.251291798606495,3.3903717578961645,0
0.13,1.0,532,-5.251291798606495,3.3903717578961645,0
0.13,1.0,678,-5.251291798606495,3.3903717578961645,0
0.13,1.0,823,-5.251291798606495,3.3903717578961645,0
0.13,1.0,968,-5.251291798606495,3.3903717578961645,0
0.13,1.0,242,-5.251291798606495,3.8903717578961645,0
0.13,1.0,387,-5.251291798606495,3.8903717578961645,0
0.13,1.0,532,-5.251291798606495,3.8903717578961645,0
0.13,1.0,678,-5.251291798606495,3.8903717578961645,0
0.13,1.0,823,-5.251291798606495,3.8903717578961645,0
0.13,1.0,968,-5.251291798606495,3.8903717578961645,0
0.13,1.0,242,-5.251291798606495,4.8903717578961645,0
0.13,1.0,387,-5.251291798606495,4.8903717578961645,0
0.13,1.0,532,-5.251291798606495,4.8903717578961645,0
0.13,1.0,678,-5.251291798606495,4.8903717578961645,0
0.13,1.0,823,-5.251291798606495,4.8903717578961645,0
0.13,1.0,968,-5.251291798606495,4.8903717578961645,1
0.13,1.0,242,-4.251291798606495,1.8903717578961645,0
0.13,1.0,387,-4.251291798606495,1.8903717578961645,0
0.13,1.0,532,-4.251291798606495,1.8903717578961645,0
0.13,1.0,678,-4.251291798606495,1.8903717578961645,0
0.13,1.0,823,-4.251291798606495,1.8903717578961645,0
0.13,1.0,968,-4.251291798606495,1.8903717578961645,0
0.13,1.0,242,-4.251291798606495,2.3903717578961645,0
0.13,1.0,387,-4.251291798606495,2.3903717578961645,0
0.13,1.0,532,-4.251291798606495,2.3903717578961645,0
0.13,1.0,678,-4.251291798606495,2.3903717578961645,0
0.13,1.0,823,-4.251291798606495,2.3903717578961645,0
0.13,1.0,968,-4.251291798606495,2.3903717578961645,0
0.13,1.0,242,-4.251291798606495,2.6403717578961645,0
0.13,1.0,387,-4.251291798606495,2.6403717578961645,0
0.13,1.0,532,-4.251291798606495,2.6403717578961645,0
0.13,1.0,678,-4.251291798606495,2.6403717578961645,0
0.13,1.0,823,-4.251291798606495,2.6403717578961645,0
0.13,1.0,968,-4.251291798606495,2.6403717578961645,0
0.13,1.0,242,-4.251291798606495,2.8903717578961645,0
0.13,1.0,387,-4.251291798606495,2.8903717578961645,0
0.13,1.0,532,-4.251291798606495,2.8903717578961645,0
0.13,1.0,678,-4.251291798606495,2.8903717578961645,0
0.13,1.0,823,-4.251291798606495,2.8903717578961645,0
0.13,1.0,968,-4.251291798606495,2.8903717578961645,0
0.13,1.0,242,-4.251291798606495,3.3903717578961645,0
0.13,1.0,387,-4.251291798606495,3.3903717578961645,0
0.13,1.0,532,-4.251291798606495,3.3903717578961645,0
0.13,1.0,678,-4.251291798606495,3.3903717578961645,0
0.13,1.0,823,-4.251291798606495,3.3903717578961645,0
0.13,1.0,968,-4.251291798606495,3.3903717578961645,0
0.13,1.0,242,-4.251291798606495,3.8903717578961645,0
0.13,1.0,387,-4.251291798606495,3.8903717578961645,0
0.13,1.0,532,-4.251291798606495,3.8903717578961645,0
0.13,1.0,678,-4.251291798606495,3.8903717578961645,0
0.13,1.0,823,-4.251291798606495,3.8903717578961645,0
0.13,1.0,968,-4.251291798606495,3.8903717578961645,0
0.13,1.0,242,-4.251291798606495,4.8903717578961645,0
0.13,1.0,387,-4.251291798606495,4.8903717578961645,0
0.13,1.0,532,-4.251291798606495,4.8903717578961645,0
0.13,1.0,678,-4.251291798606495,4.8903717578961645,0
0.13,1.0,823,-4.251291798606495,4.8903717578961645,0
0.13,1.0,968,-4.251291798606495,4.8903717578961645,0
0.13,1.0,242,-3.251291798606495,1.8903717578961645,0
0.13,1.0,387,-3.251291798606495,1.8903717578961645,0
0.13,1.0,532,-3.251291798606495,1.8903717578961645,0
0.13,1.0,678,-3.251291798606495,1.8903717578961645,0
0.13,1.0,823,-3.251291798606495,1.8903717578961645,0
0.13,1.0,968,-3.251291798606495,1.8903717578961645,0
0.13,1.0,242,-3.251291798606495,2.3903717578961645,0
0.13,1.0,387,-3.251291798606495,2.3903717578961645,0
0.13,1.0,532,-3.251291798606495,2.3903717578961645,0
0.13,1.0,678,-3.251291798606495,2.3903717578961645,0
0.13,1.0,823,-3.251291798606495,2.3903717578961645,0
0.13,1.0,968,-3.251291798606495,2.3903717578961645,0
0.13,1.0,242,-3.251291798606495,2.6403717578961645,0
0.13,1.0,387,-3.251291798606495,2.6403717578961645,0
0.13,1.0,532,-3.251291798606495,2.6403717578961645,0
0.13,1.0,678,-3.251291798606495,2.6403717578961645,0
0.13,1.0,823,-3.251291798606495,2.6403717578961645,0
0.13,1.0,968,-3.251291798606495,2.6403717578961645,0
0.13,1.0,242,-3.251291798606495,2.8903717578961645,0
0.13,1.0,387,-3.251291798606495,2.8903717578961645,0
0.13,1.0,532,-3.251291798606495,2.8903717578961645,0
0.13,1.0,678,-3.251291798606495,2.8903717578961645,0
0.13,1.0,823,-3.251291798606495,2.8903717578961645,0
0.13,1.0,968,-3.251291798606495,2.8903717578961645,0
0.13,1.0,242,-3.251291798606495,3.3903717578961645,0
0.13,1.0,387,-3.251291798606495,3.3903717578961645,0
0.13,1.0,532,-3.251291798606495,3.3903717578961645,0
0.13,1.0,678,-3.251291798606495,3.3903717578961645,0
0.13,1.0,823,-3.251291798606495,3.3903717578961645,0
0.13,1.0,968,-3.251291798606495,3.3903717578961645,0
0.13,1.0,242,-3.251291798606495,3.8903717578961645,0
0.13,1.0,387,-3.251291798606495,3.8903717578961645,0
0.13,1.0,532,-3.251291798606495,3.8903717578961645,0
0.13,1.0,678,-3.251291798606495,3.8903717578961645,0
0.13,1.0,823,-3.251291798606495,3.8903717578961645,0
0.13,1.0,968,-3.251291798606495,3.8903717578961645,0
0.13,1.0,242,-3.251291798606495,4.8903717578961645,0
0.13,1.0,387,-3.251291798606495,4.8903717578961645,0
0.13,1.0,532,-3.251291798606495,4.8903717578961645,0
0.13,1.0,678,-3.251291798606495,4.8903717578961645,0
0.13,1.0,823,-3.251291798606495,4.8903717578961645,0
0.13,1.0,968,-3.251291798606495,4.8903717578961645,0
0.13,1.0,242,-2.251291798606495,1.8903717578961645,0
0.13,1.0,387,-2.251291798606495,1.8903717578961645,0
0.13,1.0,532,-2.251291798606495,1.8903717578961645,0
0.13,1.0,678,-2.251291798606495,1.8903717578961645,0
0.13,1.0,823,-2.251291798606495,1.8903717578961645,0
0.13,1.0,968,-2.251291798606495,1.8903717578961645,0
0.13,1.0,242,-2.251291798606495,2.3903717578961645,0
0.13,1.0,387,-2.251291798606495,2.3903717578961645,0
0.13,1.0,532,-2.251291798606495,2.3903717578961645,0
0.13,1.0,678,-2.251291798606495,2.3903717578961645,0
0.13,1.0,823,-2.251291798606495,2.3903717578961645,0
0.13,1.0,968,-2.251291798606495,2.3903717578961645,0
0.13,1.0,242,-2.251291798606495,2.6403717578961645,0
0.13,1.0,387,-2.251291798606495,2.6403717578961645,0
0.13,1.0,532,-2.251291798606495,2.6403717578961645,0
0.13,1.0,678,-2.251291798606495,2.6403717578961645,0
0.13,1.0,823,-2.251291798606495,2.6403717578961645,0
0.13,1.0,968,-2.251291798606495,2.6403717578961645,0
0.13,1.0,242,-2.251291798606495,2.8903717578961645,0
0.13,1.0,387,-2.251291798606495,2.8903717578961645,0
0.13,1.0,532,-2.251291798606495,2.8903717578961645,0
0.13,1.0,678,-2.251291798606495,2.8903717578961645,0
0.13,1.0,823,-2.251291798606495,2.8903717578961645,0
0.13,1.0,968,-2.251291798606495,2.8903717578961645,0
0.13,1.0,242,-2.251291798606495,3.3903717578961645,0
0.13,1.0,387,-2.251291798606495,3.3903717578961645,0
0.13,1.0,532,-2.251291798606495,3.3903717578961645,0
0.13,1.0,678,-2.251291798606495,3.3903717578961645,0
0.13,1.0,823,-2.251291798606495,3.3903717578961645,0
0.13,1.0,968,-2.251291798606495,3.3903717578961645,0
0.13,1.0,242,-2.251291798606495,3.8903717578961645,0
0.13,1.0,387,-2.251291798606495,3.8903717578961645,0
0.13,1.0,532,-2.251291798606495,3.8903717578961645,0
0.13,1.0,678,-2.251291798606495,3.8903717578961645,0
0.13,1.0,823,-2.251291798606495,3.8903717578961645,0
0.13,1.0,968,-2.251291798606495,3.8903717578961645,0
0.13,1.0,242,-2.251291798606495,4.8903717578961645,0
0.13,1.0,387,-2.251291798606495,4.8903717578961645,0
0.13,1.0,532,-2.251291798606495,4.8903717578961645,0
0.13,1.0,678,-2.251291798606495,4.8903717578961645,0
0.13,1.0,823,-2.251291798606495,4.8903717578961645,0
0.13,1.0,968,-2.251291798606495,4.8903717578961645,0
0.13,1.0,242,-1.2512917986064949,1.8903717578961645,0
0.13,1.0,387,-1.2512917986064949,1.8903717578961645,0
0.13,1.0,532,-1.2512917986064949,1.8903717578961645,0
0.13,1.0,678,-1.2512917986064949,1.8903717578961645,0
0.13,1.0,823,-1.2512917986064949,1.8903717578961645,0
0.13,1.0,968,-1.2512917986064949,1.8903717578961645,0
0.13,1.0,242,-1.2512917986064949,2.3903717578961645,0
0.13,1.0,387,-1.2512917986064949,2.3903717578961645,0
0.13,1.0,532,-1.2512917986064949,2.3903717578961645,0
0.13,1.0,678,-1.2512917986064949,2.3903717578961645,0
0.13,1.0,823,-1.2512917986064949,2.3903717578961645,0
0.13,1.0,968,-1.2512917986064949,2.3903717578961645,0
0.13,1.0,242,-1.2512917986064949,2.6403717578961645,0
0.13,1.0,387,-1.2512917986064949,2.6403717578961645,0
0.13,1.0,532,-1.2512917986064949,2.6403717578961645,0
0.13,1.0,678,-1.2512917986064949,2.6403717578961645,0
0.13,1.0,823,-1.2512917986064949,2.6403717578961645,0
0.13,1.0,968,-1.2512917986064949,2.6403717578961645,0
0.13,1.0,242,-1.2512917986064949,2.8903717578961645,0
0.13,1.0,387,-1.2512917986064949,2.8903717578961645,0
0.13,1.0,532,-1.2512917986064949,2.8903717578961645,0
0.13,1.0,678,-1.2512917986064949,2.8903717578961645,0
0.13,1.0,823,-1.2512917986064949,2.8903717578961645,0
0.13,1.0,968,-1.2512917986064949,2.8903717578961645,0
0.13,1.0,242,-1.2512917986064949,3.3903717578961645,0
0.13,1.0,387,-1.2512917986064949,3.3903717578961645,0
0.13,1.0,532,-1.2512917986064949,3.3903717578961645,0
0.13,1.0,678,-1.2512917986064949,3.3903717578961645,0
0.13,1.0,823,-1.2512917986064949,3.3903717578961645,0
0.13,1.0,968,-1.2512917986064949,3.3903717578961645,0
0.13,1.0,242,-1.2512917986064949,3.8903717578961645,0
0.13,1.0,387,-1.2512917986064949,3.8903717578961645,0
0.13,1.0,532,-1.2512917986064949,3.8903717578961645,0
0.13,1.0,678,-1.2512917986064949,3.8903717578961645,0
0.13,1.0,823,-1.2512917986064949,3.8903717578961645,0
0.13,1.0,968,-1.2512917986064949,3.8903717578961645,0
0.13,1.0,242,-1.2512917986064949,4.8903717578961645,0
0.13,1.0,387,-1.2512917986064949,4.8903717578961645,0
0.13,1.0,532,-1.2512917986064949,4.8903717578961645,0
0.13,1.0,678,-1.2512917986064949,4.8903717578961645,0
0.13,1.0,823,-1.2512917986064949,4.8903717578961645,0
0.13,1.0,968,-1.2512917986064949,4.8903717578961645,0
0.13,1.25,302,-8.251291798606495,1.8903717578961645,0
0.13,1.25,484,-8.251291798606495,1.8903717578961645,0
0.13,1.25,666,-8.251291798606495,1.8903717578961645,0
0.13,1.25,847,-8.251291798606495,1.8903717578961645,0
0.13,1.25,968,-8.251291798606495,1.8903717578961645,0
0.13,1.25,1028,-8.251291798606495,1.8903717578961645,0
0.13,1.25,1210,-8.251291798606495,1.8903717578961645,0
0.13,1.25,302,-8.251291798606495,2.3903717578961645,0
0.13,1.25,484,-8.251291798606495,2.3903717578961645,0
0.13,1.25,666,-8.251291798606495,2.3903717578961645,0
0.13,1.25,847,-8.251291798606495,2.3903717578961645,0
0.13,1.25,968,-8.251291798606495,2.3903717578961645,0
0.13,1.25,1028,-8.251291798606495,2.3903717578961645,0
0.13,1.25,1210,-8.251291798606495,2.3903717578961645,0
0.13,1.25,302,-8.251291798606495,2.6403717578961645,0
0.13,1.25,484,-8.251291798606495,2.6403717578961645,0
0.13,1.25,666,-8.251291798606495,2.6403717578961645,0
0.13,1.25,847,-8.251291798606495,2.6403717578961645,0
0.13,1.25,968,-8.251291798606495,2.6403717578961645,0
0.13,1.25,1028,-8.251291798606495,2.6403717578961645,0
0.13,1.25,1210,-8.251291798606495,2.6403717578961645,0
0.13,1.25,302,-8.251291798606495,2.8903717578961645,0
0.13,1.25,484,-8.251291798606495,2.8903717578961645,0
0.13,1.25,666,-8.251291798606495,2.8903717578961645,0
0.13,1.25,847,-8.251291798606495,2.8903717578961645,0
0.13,1.25,968,-8.251291798606495,2.8903717578961645,0
0.13,1.25,1028,-8.251291798606495,2.8903717578961645,0
0.13,1.25,1210,-8.251291798606495,2.8903717578961645,1
0.13,1.25,302,-8.251291798606495,3.3903717578961645,0
0.13,1.25,484,-8.251291798606495,3.3903717578961645,0
0.13,1.25,666,-8.251291798606495,3.3903717578961645,0
0.13,1.25,847,-8.251291798606495,3.3903717578961645,0
0.13,1.25,968,-8.251291798606495,3.3903717578961645,0
0.13,1.25,1028,-8.251291798606495,3.3903717578961645,0
0.13,1.25,1210,-8.251291798606495,3.3903717578961645,3
0.13,1.25,302,-8.251291798606495,3.8903717578961645,0
0.13,1.25,484,-8.251291798606495,3.8903717578961645,0
0.13,1.25,666,-8.251291798606495,3.8903717578961645,0
0.13,1.25,847,-8.251291798606495,3.8903717578961645,0
0.13,1.25,968,-8.251291798606495,3.8903717578961645,0
0.13,1.25,1028,-8.251291798606495,3.8903717578961645,1
0.13,1.25,1210,-8.251291798606495,3.8903717578961645,4
0.13,1.25,302,-8.251291798606495,4.8903717578961645,0
0.13,1.25,484,-8.251291798606495,4.8903717578961645,0
0.13,1.25,666,-8.251291798606495,4.8903717578961645,0
0.13,1.25,847,-8.251291798606495,4.8903717578961645,0
0.13,1.25,968,-8.251291798606495,4.8903717578961645,1
0.13,1.25,1028,-8.251291798606495,4.8903717578961645,1
0.13,1.25,1210,-8.251291798606495,4.8903717578961645,4
0.13,1.25,302,-7.251291798606495,1.8903717578961645,0
0.13,1.25,484,-7.251291798606495,1.8903717578961645,0
0.13,1.25,666,-7.251291798606495,1.8903717578961645,0
0.13,1.25,847,-7.251291798606495,1.8903717578961645,0
0.13,1.25,968,-7.251291798606495,1.8903717578961645,0
0.13,1.25,1028,-7.251291798606495,1.8903717578961645,0
0.13,1.25,1210,-7.251291798606495,1.8903717578961645,0
0.13,1.25,302,-7.251291798606495,2.3903717578961645,0
0.13,1.25,484,-7.251291798606495,2.3903717578961645,0
0.13,1.25,666,-7.251291798606495,2.3903717578961645,0
0.13,1.25,847,-7.251291798606495,2.3903717578961645,0
0.13,1.25,968,-7.251291798606495,2.3903717578961645,0
0.13,1.25,1028,-7.251291798606495,2.3903717578961645,0
0.13,1.25,1210,-7.251291798606495,2.3903717578961645,0
0.13,1.25,302,-7.251291798606495,2.6403717578961645,0
0.13,1.25,484,-7.251291798606495,2.6403717578961645,0
0.13,1.25,666,-7.251291798606495,2.6403717578961645,0
0.13,1.25,847,-7.251291798606495,2.6403717578961645,0
0.13,1.25,968,-7.251291798606495,2.6403717578961645,0
0.13,1.25,1028,-7.251291798606495,2.6403717578961645,0
0.13,1.25,1210,-7.251291798606495,2.6403717578961645,0
0.13,1.25,302,-7.251291798606495,2.8903717578961645,0
0.13,1.25,484,-7.251291798606495,2.8903717578961645,0
0.13,1.25,666,-7.251291798606495,2.8903717578961645,0
0.13,1.25,847,-7.251291798606495,2.8903717578961645,0
0.13,1.25,968,-7.251291798606495,2.8903717578961645,0
0.13,1.25,1028,-7.251291798606495,2.8903717578961645,0
0.13,1.25,1210,-7.251291798606495,2.8903717578961645,1
0.13,1.25,302,-7.251291798606495,3.3903717578961645,0
0.13,1.25,484,-7.251291798606495,3.3903717578961645,0
0.13,1.25,666,-7.251291798606495,3.3903717578961645,0
0.13,1.25,847,-7.251291798606495,3.3903717578961645,0
0.13,1.25,968,-7.251291798606495,3.3903717578961645,0
0.13,1.25,1028,-7.251291798606495,3.3903717578961645,0
0.13,1.25,1210,-7.251291798606495,3.3903717578961645,3
0.13,1.25,302,-7.251291798606495,3.8903717578961645,0
0.13,1.25,484,-7.251291798606495,3.8903717578961645,0
0.13,1.25,666,-7.251291798606495,3.8903717578961645,0
0.13,1.25,847,-7.251291798606495,3.8903717578961645,0
0.13,1.25,968,-7.251291798606495,3.8903717578961645,0
0.13,1.25,1028,-7.251291798606495,3.8903717578961645,1
0.13,1.25,1210,-7.251291798606495,3.8903717578961645,4
0.13,1.25,302,-7.251291798606495,4.8903717578961645,0
0.13,1.25,484,-7.251291798606495,4.8903717578961645,0
0.13,1.25,666,-7.251291798606495,4.8903717578961645,0
0.13,1.25,847,-7.251291798606495,4.8903717578961645,0
0.13,1.25,968,-7.251291798606495,4.8903717578961645,1
0.13,1.25,1028,-7.251291798606495,4.8903717578961645,1
0.13,1.25,1210,-7.251291798606495,4.8903717578961645,4
0.13,1.25,302,-6.251291798606495,1.8903717578961645,0
0.13,1.25,484,-6.251291798606495,1.8903717578961645,0
0.13,1.25,666,-6.251291798606495,1.8903717578961645,0
0.13,1.25,847,-6.251291798606495,1.8903717578961645,0
0.13,1.25,968,-6.251291798606495,1.8903717578961645,0
0.13,1.25,1028,-6.251291798606495,1.8903717578961645,0
0.13,1.25,1210,-6.251291798606495,1.8903717578961645,0
0.13,1.25,302,-6.251291798606495,2.3903717578961645,0
0.13,1.25,484,-6.251291798606495,2.3903717578961645,0
0.13,1.25,666,-6.251291798606495,2.3903717578961645,0
0.13,1.25,847,-6.251291798606495,2.3903717578961645,0
0.13,1.25,968,-6.251291798606495,2.3903717578961645,0
0.13,1.25,1028,-6.251291798606495,2.3903717578961645,0
0.13,1.25,1210,-6.251291798606495,2.3903717578961645,0
0.13,1.25,302,-6.251291798606495,2.6403717578961645,0
0.13,1.25,484,-6.251291798606495,2.6403717578961645,0
0.13,1.25,666,-6.251291798606495,2.6403717578961645,0
0.13,1.25,847,-6.251291798606495,2.6403717578961645,0
0.13,1.25,968,-6.251291798606495,2.6403717578961645,0
0.13,1.25,1028,-6.251291798606495,2.6403717578961645,0
0.13,1.25,1210,-6.251291798606495,2.6403717578961645,0
0.13,1.25,302,-6.251291798606495,2.8903717578961645,0
0.13,1.25,484,-6.251291798606495,2.8903717578961645,0
0.13,1.25,666,-6.251291798606495,2.8903717578961645,0
0.13,1.25,847,-6.251291798606495,2.8903717578961645,0
0.13,1.25,968,-6.251291798606495,2.8903717578961645,0
0.13,1.25,1028,-6.251291798606495,2.8903717578961645,0
0.13,1.25,1210,-6.251291798606495,2.8903717578961645,1
0.13,1.25,302,-6.251291798606495,3.3903717578961645,0
0.13,1.25,484,-6.251291798606495,3.3903717578961645,0
0.13,1.25,666,-6.251291798606495,3.3903717578961645,0
0.13,1.25,847,-6.251291798606495,3.3903717578961645,0
0.13,1.25,968,-6.251291798606495,3.3903717578961645,0
0.13,1.25,1028,-6.251291798606495,3.3903717578961645,0
0.13,1.25,1210,-6.251291798606495,3.3903717578961645,3
0.13,1.25,302,-6.251291798606495,3.8903717578961645,0
0.13,1.25,484,-6.251291798606495,3.8903717578961645,0
0.13,1.25,666,-6.251291798606495,3.8903717578961645,0
0.13,1.25,847,-6.251291798606495,3.8903717578961645,0
0.13,1.25,968,-6.251291798606495,3.8903717578961645,0
0.13,1.25,1028,-6.251291798606495,3.8903717578961645,1
0.13,1.25,1210,-6.251291798606495,3.8903717578961645,4
0.13,1.25,302,-6.251291798606495,4.8903717578961645,0
0.13,1.25,484,-6.251291798606495,4.8903717578961645,0
0.13,1.25,666,-6.251291798606495,4.8903717578961645,0
0.13,1.25,847,-6.251291798606495,4.8903717578961645,0
0.13,1.25,968,-6.251291798606495,4.8903717578961645,1
0.13,1.25,1028,-6.251291798606495,4.8903717578961645,1
0.13,1.25,1210,-6.251291798606495,4.8903717578961645,4
0.13,1.25,302,-5.251291798606495,1.8903717578961645,0
0.13,1.25,484,-5.251291798606495,1.8903717578961645,0
0.13,1.25,666,-5.251291798606495,1.8903717578961645,0
0.13,1.25,847,-5.251291798606495,1.8903717578961645,0
0.13,1.25,968,-5.251291798606495,1.8903717578961645,0
0.13,1.25,1028,-5.251291798606495,1.8903717578961645,0
0.13,1.25,1210,-5.251291798606495,1.8903717578961645,0
0.13,1.25,302,-5.251291798606495,2.3903717578961645,0
0.13,1.25,484,-5.251291798606495,2.3903717578961645,0
0.13,1.25,666,-5.251291798606495,2.3903717578961645,0
0.13,1.25,847,-5.251291798606495,2.3903717578961645,0
0.13,1.25,968,-5.251291798606495,2.3903717578961645,0
0.13,1.25,1028,-5.251291798606495,2.3903717578961645,0
0.13,1.25,1210,-5.251291798606495,2.3903717578961645,0
0.13,1.25,302,-5.251291798606495,2.6403717578961645,0
0.13,1.25,484,-5.251291798606495,2.6403717578961645,0
0.13,1.25,666,-5.251291798606495,2.6403717578961645,0
0.13,1.25,847,-5.251291798606495,2.6403717578961645,0
0.13,1.25,968,-5.251291798606495,2.6403717578961645,0
0.13,1.25,1028,-5.251291798606495,2.6403717578961645,0
0.13,1.25,1210,-5.251291798606495,2.6403717578961645,0
0.13,1.25,302,-5.251291798606495,2.8903717578961645,0
0.13,1.25,484,-5.251291798606495,2.8903717578961645,0
0.13,1.25,666,-5.251291798606495,2.8903717578961645,0
0.13,1.25,847,-5.251291798606495,2.8903717578961645,0
0.13,1.25,968,-5.251291798606495,2.8903717578961645,0
0.13,1.25,1028,-5.251291798606495,2.8903717578961645,0
0.13,1.25,1210,-5.251291798606495,2.8903717578961645,1
0.13,1.25,302,-5.251291798606495,3.3903717578961645,0
0.13,1.25,484,-5.251291798606495,3.3903717578961645,0
0.13,1.25,666,-5.251291798606495,3.3903717578961645,0
0.13,1.25,847,-5.251291798606495,3.3903717578961645,0
0.13,1.25,968,-5.251291798606495,3.3903717578961645,0
0.13,1.25,1028,-5.251291798606495,3.3903717578961645,0
0.13,1.25,1210,-5.251291798606495,3.3903717578961645,3
0.13,1.25,302,-5.251291798606495,3.8903717578961645,0
0.13,1.25,484,-5.251291798606495,3.8903717578961645,0
0.13,1.25,666,-5.251291798606495,3.8903717578961645,0
0.13,1.25,847,-5.251291798606495,3.8903717578961645,0
0.13,1.25,968,-5.251291798606495,3.8903717578961645,0
0.13,1.25,1028,-5.251291798606495,3.8903717578961645,1
0.13,1.25,1210,-5.251291798606495,3.8903717578961645,4
0.13,1.25,302,-5.251291798606495,4.8903717578961645,0
0.13,1.25,484,-5.251291798606495,4.8903717578961645,0
0.13,1.25,666,-5.251291798606495,4.8903717578961645,0
0.13,1.25,847,-5.251291798606495,4.8903717578961645,0
0.13,1.25,968,-5.251291798606495,4.8903717578961645,1
0.13,1.25,1028,-5.251291798606495,4.8903717578961645,1
0.13,1.25,1210,-5.251291798606495,4.8903717578961645,4
0.13,1.25,302,-4.251291798606495,1.8903717578961645,0
0.13,1.25,484,-4.251291798606495,1.8903717578961645,0
0.13,1.25,666,-4.251291798606495,1.8903717578961645,0
0.13,1.25,847,-4.251291798606495,1.8903717578961645,0
0.13,1.25,968,-4.251291798606495,1.8903717578961645,0
0.13,1.25,1028,-4.251291798606495,1.8903717578961645,0
0.13,1.25,1210,-4.251291798606495,1.8903717578961645,0
0.13,1.25,302,-4.251291798606495,2.3903717578961645,0
0.13,1.25,484,-4.251291798606495,2.3903717578961645,0
0.13,1.25,666,-4.251291798606495,2.3903717578961645,0
0.13,1.25,847,-4.251291798606495,2.3903717578961645,0
0.13,1.25,968,-4.251291798606495,2.3903717578961645,0
0.13,1.25,1028,-4.251291798606495,2.3903717578961645,0
0.13,1.25,1210,-4.251291798606495,2.3903717578961645,0
0.13,1.25,302,-4.251291798606495,2.6403717578961645,0
0.13,1.25,484,-4.251291798606495,2.6403717578961645,0
0.13,1.25,666,-4.251291798606495,2.6403717578961645,0
0.13,1.25,847,-4.251291798606495,2.6403717578961645,0
0.13,1.25,968,-4.251291798606495,2.6403717578961645,0
0.13,1.25,1028,-4.251291798606495,2.6403717578961645,0
0.13,1.25,1210,-4.251291798606495,2.6403717578961645,0
0.13,1.25,302,-4.251291798606495,2.8903717578961645,0
0.13,1.25,484,-4.251291798606495,2.8903717578961645,0
0.13,1.25,666,-4.251291798606495,2.8903717578961645,0
0.13,1.25,847,-4.251291798606495,2.8903717578961645,0
0.13,1.25,968,-4.251291798606495,2.8903717578961645,0
0.13,1.25,1028,-4.251291798606495,2.8903717578961645,0
0.13,1.25,1210,-4.251291798606495,2.8903717578961645,1
0.13,1.25,302,-4.251291798606495,3.3903717578961645,0
0.13,1.25,484,-4.251291798606495,3.3903717578961645,0
0.13,1.25,666,-4.251291798606495,3.3903717578961645,0
0.13,1.25,847,-4.251291798606495,3.3903717578961645,0
0.13,1.25,968,-4.251291798606495,3.3903717578961645,0
0.13,1.25,1028,-4.251291798606495,3.3903717578961645,0
0.13,1.25,1210,-4.251291798606495,3.3903717578961645,3
0.13,1.25,302,-4.251291798606495,3.8903717578961645,0
0.13,1.25,484,-4.251291798606495,3.8903717578961645,0
0.13,1.25,666,-4.251291798606495,3.8903717578961645,0
0.13,1.25,847,-4.251291798606495,3.8903717578961645,0
0.13,1.25,968,-4.251291798606495,3.8903717578961645,0
0.13,1.25,1028,-4.251291798606495,3.8903717578961645,1
0.13,1.25,1210,-4.251291798606495,3.8903717578961645,4
0.13,1.25,302,-4.251291798606495,4.8903717578961645,0
0.13,1.25,484,-4.251291798606495,4.8903717578961645,0
0.13,1.25,666,-4.251291798606495,4.8903717578961645,0
0.13,1.25,847,-4.251291798606495,4.8903717578961645,0
0.13,1.25,968,-4.251291798606495,4.8903717578961645,0
0.13,1.25,1028,-4.251291798606495,4.8903717578961645,1
0.13,1.25,1210,-4.251291798606495,4.8903717578961645,4
0.13,1.25,302,-3.251291798606495,1.8903717578961645,0
0.13,1.25,484,-3.251291798606495,1.8903717578961645,0
0.13,1.25,666,-3.251291798606495,1.8903717578961645,0
0.13,1.25,847,-3.251291798606495,1.8903717578961645,0
0.13,1.25,968,-3.251291798606495,1.8903717578961645,0
0.13,1.25,1028,-3.251291798606495,1.8903717578961645,0
0.13,1.25,1210,-3.251291798606495,1.8903717578961645,0
0.13,1.25,302,-3.251291798606495,2.3903717578961645,0
0.13,1.25,484,-3.251291798606495,2.3903717578961645,0
0.13,1.25,666,-3.251291798606495,2.3903717578961645,0
0.13,1.25,847,-3.251291798606495,2.3903717578961645,0
0.13,1.25,968,-3.251291798606495,2.3903717578961645,0
0.13,1.25,1028,-3.251291798606495,2.3903717578961645,0
0.13,1.25,1210,-3.251291798606495,2.3903717578961645,0
0.13,1.25,302,-3.251291798606495,2.6403717578961645,0
0.13,1.25,484,-3.251291798606495,2.6403717578961645,0
0.13,1.25,666,-3.251291798606495,2.6403717578961645,0
0.13,1.25,847,-3.251291798606495,2.6403717578961645,0
0.13,1.25,968,-3.251291798606495,2.6403717578961645,0
0.13,1.25,1028,-3.251291798606495,2.6403717578961645,0
0.13,1.25,1210,-3.251291798606495,2.6403717578961645,0
0.13,1.25,302,-3.251291798606495,2.8903717578961645,0
0.13,1.25,484,-3.251291798606495,2.8903717578961645,0
0.13,1.25,666,-3.251291798606495,2.8903717578961645,0
0.13,1.25,847,-3.251291798606495,2.8903717578961645,0
0.13,1.25,968,-3.251291798606495,2.8903717578961645,0
0.13,1.25,1028,-3.251291798606495,2.8903717578961645,0
0.13,1.25,1210,-3.251291798606495,2.8903717578961645,1
0.13,1.25,302,-3.251291798606495,3.3903717578961645,0
0.13,1.25,484,-3.251291798606495,3.3903717578961645,0
0.13,1.25,666,-3.251291798606495,3.3903717578961645,0
0.13,1.25,847,-3.251291798606495,3.3903717578961645,0
0.13,1.25,968,-3.251291798606495,3.3903717578961645,0
0.13,1.25,1028,-3.251291798606495,3.3903717578961645,0
0.13,1.25,1210,-3.251291798606495,3.3903717578961645,4
0.13,1.25,302,-3.251291798606495,3.8903717578961645,0
0.13,1.25,484,-3.251291798606495,3.8903717578961645,0
0.13,1.25,666,-3.251291798606495,3.8903717578961645,0
0.13,1.25,847,-3.251291798606495,3.8903717578961645,0
0.13,1.25,968,-3.251291798606495,3.8903717578961645,0
0.13,1.25,1028,-3.251291798606495,3.8903717578961645,1
0.13,1.25,1210,-3.251291798606495,3.8903717578961645,4
0.13,1.25,302,-3.251291798606495,4.8903717578961645,0
0.13,1.25,484,-3.251291798606495,4.8903717578961645,0
0.13,1.25,666,-3.251291798606495,4.8903717578961645,0
0.13,1.25,847,-3.251291798606495,4.8903717578961645,0
0.13,1.25,968,-3.251291798606495,4.8903717578961645,0
0.13,1.25,1028,-3.251291798606495,4.8903717578961645,0
0.13,1.25,1210,-3.251291798606495,4.8903717578961645,4
0.13,1.25,302,-2.251291798606495,1.8903717578961645,0
0.13,1.25,484,-2.251291798606495,1.8903717578961645,0
0.13,1.25,666,-2.251291798606495,1.8903717578961645,0
0.13,1.25,847,-2.251291798606495,1.8903717578961645,0
0.13,1.25,968,-2.251291798606495,1.8903717578961645,0
0.13,1.25,1028,-2.251291798606495,1.8903717578961645,0
0.13,1.25,1210,-2.251291798606495,1.8903717578961645,0
0.13,1.25,302,-2.251291798606495,2.3903717578961645,0
0.13,1.25,484,-2.251291798606495,2.3903717578961645,0
0.13,1.25,666,-2.251291798606495,2.3903717578961645,0
0.13,1.25,847,-2.251291798606495,2.3903717578961645,0
0.13,1.25,968,-2.251291798606495,2.3903717578961645,0
0.13,1.25,1028,-2.251291798606495,2.3903717578961645,0
0.13,1.25,1210,-2.251291798606495,2.3903717578961645,0
0.13,1.25,302,-2.251291798606495,2.6403717578961645,0
0.13,1.25,484,-2.251291798606495,2.6403717578961645,0
0.13,1.25,666,-2.251291798606495,2.6403717578961645,0
0.13,1.25,847,-2.251291798606495,2.6403717578961645,0
0.13,1.25,968,-2.251291798606495,2.6403717578961645,0
0.13,1.25,1028,-2.251291798606495,2.6403717578961645,0
0.13,1.25,1210,-2.251291798606495,2.6403717578961645,0
0.13,1.25,302,-2.251291798606495,2.8903717578961645,0
0.13,1.25,484,-2.251291798606495,2.8903717578961645,0
0.13,1.25,666,-2.251291798606495,2.8903717578961645,0
0.13,1.25,847,-2.251291798606495,2.8903717578961645,0
0.13,1.25,968,-2.251291798606495,2.8903717578961645,0
0.13,1.25,1028,-2.251291798606495,2.8903717578961645,0
0.13,1.25,1210,-2.251291798606495,2.8903717578961645,0
0.13,1.25,302,-2.251291798606495,3.3903717578961645,0
0.13,1.25,484,-2.251291798606495,3.3903717578961645,0
0.13,1.25,666,-2.251291798606495,3.3903717578961645,0
0.13,1.25,847,-2.251291798606495,3.3903717578961645,0
0.13,1.25,968,-2.251291798606495,3.3903717578961645,0
0.13,1.25,1028,-2.251291798606495,3.3903717578961645,0
0.13,1.25,1210,-2.251291798606495,3.3903717578961645,0
0.13,1.25,302,-2.251291798606495,3.8903717578961645,0
0.13,1.25,484,-2.251291798606495,3.8903717578961645,0
0.13,1.25,666,-2.251291798606495,3.8903717578961645,0
0.13,1.25,847,-2.251291798606495,3.8903717578961645,0
0.13,1.25,968,-2.251291798606495,3.8903717578961645,0
0.13,1.25,1028,-2.251291798606495,3.8903717578961645,0
0.13,1.25,1210,-2.251291798606495,3.8903717578961645,0
0.13,1.25,302,-2.251291798606495,4.8903717578961645,0
0.13,1.25,484,-2.251291798606495,4.8903717578961645,0
0.13,1.25,666,-2.251291798606495,4.8903717578961645,0
0.13,1.25,847,-2.251291798606495,4.8903717578961645,0
0.13,1.25,968,-2.251291798606495,4.8903717578961645,0
0.13,1.25,1028,-2.251291798606495,4.8903717578961645,0
0.13,1.25,1210,-2.251291798606495,4.8903717578961645,0
0.13,1.25,302,-1.2512917986064949,1.8903717578961645,0
0.13,1.25,484,-1.2512917986064949,1.8903717578961645,0
0.13,1.25,666,-1.2512917986064949,1.8903717578961645,0
0.13,1.25,847,-1.2512917986064949,1.8903717578961645,0
0.13,1.25,968,-1.2512917986064949,1.8903717578961645,0
0.13,1.25,1028,-1.2512917986064949,1.8903717578961645,0
0.13,1.25,1210,-1.2512917986064949,1.8903717578961645,0
0.13,1.25,302,-1.2512917986064949,2.3903717578961645,0
0.13,1.25,484,-1.2512917986064949,2.3903717578961645,0
0.13,1.25,666,-1.2512917986064949,2.3903717578961645,0
0.13,1.25,847,-1.2512917986064949,2.3903717578961645,0
0.13,1.25,968,-1.2512917986064949,2.3903717578961645,0
0.13,1.25,1028,-1.2512917986064949,2.3903717578961645,0
0.13,1.25,1210,-1.2512917986064949,2.3903717578961645,0
0.13,1.25,302,-1.2512917986064949,2.6403717578961645,0
0.13,1.25,484,-1.2512917986064949,2.6403717578961645,0
0.13,1.25,666,-1.2512917986064949,2.6403717578961645,0
0.13,1.25,847,-1.2512917986064949,2.6403717578961645,0
0.13,1.25,968,-1.2512917986064949,2.6403717578961645,0
0.13,1.25,1028,-1.2512917986064949,2.6403717578961645,0
0.13,1.25,1210,-1.2512917986064949,2.6403717578961645,0
0.13,1.25,302,-1.2512917986064949,2.8903717578961645,0
0.13,1.25,484,-1.2512917986064949,2.8903717578961645,0
0.13,1.25,666,-1.2512917986064949,2.8903717578961645,0
0.13,1.25,847,-1.2512917986064949,2.8903717578961645,0
0.13,1.25,968,-1.2512917986064949,2.8903717578961645,0
0.13,1.25,1028,-1.2512917986064949,2.8903717578961645,0
0.13,1.25,1210,-1.2512917986064949,2.8903717578961645,0
0.13,1.25,302,-1.2512917986064949,3.3903717578961645,0
0.13,1.25,484,-1.2512917986064949,3.3903717578961645,0
0.13,1.25,666,-1.2512917986064949,3.3903717578961645,0
0.13,1.25,847,-1.2512917986064949,3.3903717578961645,0
0.13,1.25,968,-1.2512917986064949,3.3903717578961645,0
0.13,1.25,1028,-1.2512917986064949,3.3903717578961645,0
0.13,1.25,1210,-1.2512917986064949,3.3903717578961645,0
0.13,1.25,302,-1.2512917986064949,3.8903717578961645,0
0.13,1.25,484,-1.2512917986064949,3.8903717578961645,0
0.13,1.25,666,-1.2512917986064949,3.8903717578961645,0
0.13,1.25,847,-1.2512917986064949,3.8903717578961645,0
0.13,1.25,968,-1.2512917986064949,3.8903717578961645,0
0.13,1.25,1028,-1.2512917986064949,3.8903717578961645,0
0.13,1.25,1210,-1.2512917986064949,3.8903717578961645,0
0.13,1.25,302,-1.2512917986064949,4.8903717578961645,0
0.13,1.25,484,-1.2512917986064949,4.8903717578961645,0
0.13,1.25,666,-1.2512917986064949,4.8903717578961645,0
0.13,1.25,847,-1.2512917986064949,4.8903717578961645,0
0.13,1.25,968,-1.2512917986064949,4.8903717578961645,0
0.13,1.25,1028,-1.2512917986064949,4.8903717578961645,0
0.13,1.25,1210,-1.2512917986064949,4.8903717578961645,0
0.13,1.5,363,-8.251291798606495,1.8903717578961645,0
0.13,1.5,581,-8.251291798606495,1.8903717578961645,0
0.13,1.5,799,-8.251291798606495,1.8903717578961645,0
0.13,1.5,968,-8.251291798606495,1.8903717578961645,0
0.13,1.5,1016,-8.251291798606495,1.8903717578961645,0
0.13,1.5,1234,-8.251291798606495,1.8903717578961645,0
0.13,1.5,1452,-8.251291798606495,1.8903717578961645,0
0.13,1.5,363,-8.251291798606495,2.3903717578961645,0
0.13,1.5,581,-8.251291798606495,2.3903717578961645,0
0.13,1.5,799,-8.251291798606495,2.3903717578961645,0
0.13,1.5,968,-8.251291798606495,2.3903717578961645,0
0.13,1.5,1016,-8.251291798606495,2.3903717578961645,0
0.13,1.5,1234,-8.251291798606495,2.3903717578961645,0
0.13,1.5,1452,-8.251291798606495,2.3903717578961645,0
0.13,1.5,363,-8.251291798606495,2.6403717578961645,0
0.13,1.5,581,-8.251291798606495,2.6403717578961645,0
0.13,1.5,799,-8.251291798606495,2.6403717578961645,0
0.13,1.5,968,-8.251291798606495,2.6403717578961645,0
0.13,1.5,1016,-8.251291798606495,2.6403717578961645,0
0.13,1.5,1234,-8.251291798606495,2.6403717578961645,0
0.13,1.5,1452,-8.251291798606495,2.6403717578961645,0
0.13,1.5,363,-8.251291798606495,2.8903717578961645,0
0.13,1.5,581,-8.251291798606495,2.8903717578961645,0
0.13,1.5,799,-8.251291798606495,2.8903717578961645,0
0.13,1.5,968,-8.251291798606495,2.8903717578961645,0
0.13,1.5,1016,-8.251291798606495,2.8903717578961645,0
0.13,1.5,1234,-8.251291798606495,2.8903717578961645,2
0.13,1.5,1452,-8.251291798606495,2.8903717578961645,1282
0.13,1.5,363,-8.251291798606495,3.3903717578961645,0
0.13,1.5,581,-8.251291798606495,3.3903717578961645,0
0.13,1.5,799,-8.251291798606495,3.3903717578961645,0
0.13,1.5,968,-8.251291798606495,3.3903717578961645,0
0.13,1.5,1016,-8.251291798606495,3.3903717578961645,1
0.13,1.5,1234,-8.251291798606495,3.3903717578961645,4
0.13,1.5,1452,-8.251291798606495,3.3903717578961645,9
0.13,1.5,363,-8.251291798606495,3.8903717578961645,0
0.13,1.5,581,-8.251291798606495,3.8903717578961645,0
0.13,1.5,799,-8.251291798606495,3.8903717578961645,0
0.13,1.5,968,-8.251291798606495,3.8903717578961645,0
0.13,1.5,1016,-8.251291798606495,3.8903717578961645,1
0.13,1.5,1234,-8.251291798606495,3.8903717578961645,5
0.13,1.5,1452,-8.251291798606495,3.8903717578961645,9
0.13,1.5,363,-8.251291798606495,4.8903717578961645,0
0.13,1.5,581,-8.251291798606495,4.8903717578961645,0
0.13,1.5,799,-8.251291798606495,4.8903717578961645,0
0.13,1.5,968,-8.251291798606495,4.8903717578961645,1
0.13,1.5,1016,-8.251291798606495,4.8903717578961645,0
0.13,1.5,1234,-8.251291798606495,4.8903717578961645,4
0.13,1.5,1452,-8.251291798606495,4.8903717578961645,9
0.13,1.5,363,-7.251291798606495,1.8903717578961645,0
0.13,1.5,581,-7.251291798606495,1.8903717578961645,0
0.13,1.5,799,-7.251291798606495,1.8903717578961645,0
0.13,1.5,968,-7.251291798606495,1.8903717578961645,0
0.13,1.5,1016,-7.251291798606495,1.8903717578961645,0
0.13,1.5,1234,-7.251291798606495,1.8903717578961645,0
0.13,1.5,1452,-7.251291798606495,1.8903717578961645,0
0.13,1.5,363,-7.251291798606495,2.3903717578961645,0
0.13,1.5,581,-7.251291798606495,2.3903717578961645,0
0.13,1.5,799,-7.251291798606495,2.3903717578961645,0
0.13,1.5,968,-7.251291798606495,2.3903717578961645,0
0.13,1.5,1016,-7.251291798606495,2.3903717578961645,0
0.13,1.5,1234,-7.251291798606495,2.3903717578961645,0
0.13,1.5,1452,-7.251291798606495,2.3903717578961645,0
0.13,1.5,363,-7.251291798606495,2.6403717578961645,0
0.13,1.5,581,-7.251291798606495,2.6403717578961645,0
0.13,1.5,799,-7.251291798606495,2.6403717578961645,0
0.13,1.5,968,-7.251291798606495,2.6403717578961645,0
0.13,1.5,1016,-7.251291798606495,2.6403717578961645,0
0.13,1.5,1234,-7.251291798606495,2.6403717578961645,0
0.13,1.5,1452,-7.251291798606495,2.6403717578961645,0
0.13,1.5,363,-7.251291798606495,2.8903717578961645,0
0.13,1.5,581,-7.251291798606495,2.8903717578961645,0
0.13,1.5,799,-7.251291798606495,2.8903717578961645,0
0.13,1.5,968,-7.251291798606495,2.8903717578961645,0
0.13,1.5,1016,-7.251291798606495,2.8903717578961645,0
0.13,1.5,1234,-7.251291798606495,2.8903717578961645,2
0.13,1.5,1452,-7.251291798606495,2.8903717578961645,1282
0.13,1.5,363,-7.251291798606495,3.3903717578961645,0
0.13,1.5,581,-7.251291798606495,3.3903717578961645,0
0.13,1.5,799,-7.251291798606495,3.3903717578961645,0
0.13,1.5,968,-7.251291798606495,3.3903717578961645,0
0.13,1.5,1016,-7.251291798606495,3.3903717578961645,1
0.13,1.5,1234,-7.251291798606495,3.3903717578961645,4
0.13,1.5,1452,-7.251291798606495,3.3903717578961645,9
0.13,1.5,363,-7.251291798606495,3.8903717578961645,0
0.13,1.5,581,-7.251291798606495,3.8903717578961645,0
0.13,1.5,799,-7.251291798606495,3.8903717578961645,0
0.13,1.5,968,-7.251291798606495,3.8903717578961645,0
0.13,1.5,1016,-7.251291798606495,3.8903717578961645,1
0.13,1.5,1234,-7.251291798606495,3.8903717578961645,5
0.13,1.5,1452,-7.251291798606495,3.8903717578961645,9
0.13,1.5,363,-7.251291798606495,4.8903717578961645,0
0.13,1.5,581,-7.251291798606495,4.8903717578961645,0
0.13,1.5,799,-7.251291798606495,4.8903717578961645,0
0.13,1.5,968,-7.251291798606495,4.8903717578961645,1
0.13,1.5,1016,-7.251291798606495,4.8903717578961645,0
0.13,1.5,1234,-7.251291798606495,4.8903717578961645,4
0.13,1.5,1452,-7.251291798606495,4.8903717578961645,9
0.13,1.5,363,-6.251291798606495,1.8903717578961645,0
0.13,1.5,581,-6.251291798606495,1.8903717578961645,0
0.13,1.5,799,-6.251291798606495,1.8903717578961645,0
0.13,1.5,968,-6.251291798606495,1.8903717578961645,0
0.13,1.5,1016,-6.251291798606495,1.8903717578961645,0
0.13,1.5,1234,-6.251291798606495,1.8903717578961645,0
0.13,1.5,1452,-6.251291798606495,1.8903717578961645,0
0.13,1.5,363,-6.251291798606495,2.3903717578961645,0
0.13,1.5,581,-6.251291798606495,2.3903717578961645,0
0.13,1.5,799,-6.251291798606495,2.3903717578961645,0
0.13,1.5,968,-6.251291798606495,2.3903717578961645,0
0.13,1.5,1016,-6.251291798606495,2.3903717578961645,0
0.13,1.5,1234,-6.251291798606495,2.3903717578961645,0
0.13,1.5,1452,-6.251291798606495,2.3903717578961645,0
0.13,1.5,363,-6.251291798606495,2.6403717578961645,0
0.13,1.5,581,-6.251291798606495,2.6403717578961645,0
0.13,1.5,799,-6.251291798606495,2.6403717578961645,0
0.13,1.5,968,-6.251291798606495,2.6403717578961645,0
0.13,1.5,1016,-6.251291798606495,2.6403717578961645,0
0.13,1.5,1234,-6.251291798606495,2.6403717578961645,0
0.13,1.5,1452,-6.251291798606495,2.6403717578961645,0
0.13,1.5,363,-6.251291798606495,2.8903717578961645,0
0.13,1.5,581,-6.251291798606495,2.8903717578961645,0
0.13,1.5,799,-6.251291798606495,2.8903717578961645,0
0.13,1.5,968,-6.251291798606495,2.8903717578961645,0
0.13,1.5,1016,-6.251291798606495,2.8903717578961645,0
0.13,1.5,1234,-6.251291798606495,2.8903717578961645,2
0.13,1.5,1452,-6.251291798606495,2.8903717578961645,1282
0.13,1.5,363,-6.251291798606495,3.3903717578961645,0
0.13,1.5,581,-6.251291798606495,3.3903717578961645,0
0.13,1.5,799,-6.251291798606495,3.3903717578961645,0
0.13,1.5,968,-6.251291798606495,3.3903717578961645,0
0.13,1.5,1016,-6.251291798606495,3.3903717578961645,1
0.13,1.5,1234,-6.251291798606495,3.3903717578961645,4
0.13,1.5,1452,-6.251291798606495,3.3903717578961645,9
0.13,1.5,363,-6.251291798606495,3.8903717578961645,0
0.13,1.5,581,-6.251291798606495,3.8903717578961645,0
0.13,1.5,799,-6.251291798606495,3.8903717578961645,0
0.13,1.5,968,-6.251291798606495,3.8903717578961645,0
0.13,1.5,1016,-6.251291798606495,3.8903717578961645,1
0.13,1.5,1234,-6.251291798606495,3.8903717578961645,5
0.13,1.5,1452,-6.251291798606495,3.8903717578961645,9
0.13,1.5,363,-6.251291798606495,4.8903717578961645,0
0.13,1.5,581,-6.251291798606495,4.8903717578961645,0
0.13,1.5,799,-6.251291798606495,4.8903717578961645,0
0.13,1.5,968,-6.251291798606495,4.8903717578961645,1
0.13,1.5,1016,-6.251291798606495,4.8903717578961645,0
0.13,1.5,1234,-6.251291798606495,4.8903717578961645,4
0.13,1.5,1452,-6.251291798606495,4.8903717578961645,9
0.13,1.5,363,-5.251291798606495,1.8903717578961645,0
0.13,1.5,581,-5.251291798606495,1.8903717578961645,0
0.13,1.5,799,-5.251291798606495,1.8903717578961645,0
0.13,1.5,968,-5.251291798606495,1.8903717578961645,0
0.13,1.5,1016,-5.251291798606495,1.8903717578961645,0
0.13,1.5,1234,-5.251291798606495,1.8903717578961645,0
0.13,1.5,1452,-5.251291798606495,1.8903717578961645,0
0.13,1.5,363,-5.251291798606495,2.3903717578961645,0
0.13,1.5,581,-5.251291798606495,2.3903717578961645,0
0.13,1.5,799,-5.251291798606495,2.3903717578961645,0
0.13,1.5,968,-5.251291798606495,2.3903717578961645,0
0.13,1.5,1016,-5.251291798606495,2.3903717578961645,0
0.13,1.5,1234,-5.251291798606495,2.3903717578961645,0
0.13,1.5,1452,-5.251291798606495,2.3903717578961645,0
0.13,1.5,363,-5.251291798606495,2.6403717578961645,0
0.13,1.5,581,-5.251291798606495,2.6403717578961645,0
0.13,1.5,799,-5.251291798606495,2.6403717578961645,0
0.13,1.5,968,-5.251291798606495,2.6403717578961645,0
0.13,1.5,1016,-5.251291798606495,2.6403717578961645,0
0.13,1.5,1234,-5.251291798606495,2.6403717578961645,0
0.13,1.5,1452,-5.251291798606495,2.6403717578961645,0
0.13,1.5,363,-5.251291798606495,2.8903717578961645,0
0.13,1.5,581,-5.251291798606495,2.8903717578961645,0
0.13,1.5,799,-5.251291798606495,2.8903717578961645,0
0.13,1.5,968,-5.251291798606495,2.8903717578961645,0
0.13,1.5,1016,-5.251291798606495,2.8903717578961645,0
0.13,1.5,1234,-5.251291798606495,2.8903717578961645,2
0.13,1.5,1452,-5.251291798606495,2.8903717578961645,1282
0.13,1.5,363,-5.251291798606495,3.3903717578961645,0
0.13,1.5,581,-5.251291798606495,3.3903717578961645,0
0.13,1.5,799,-5.251291798606495,3.3903717578961645,0
0.13,1.5,968,-5.251291798606495,3.3903717578961645,0
0.13,1.5,1016,-5.251291798606495,3.3903717578961645,1
0.13,1.5,1234,-5.251291798606495,3.3903717578961645,4
0.13,1.5,1452,-5.251291798606495,3.3903717578961645,9
0.13,1.5,363,-5.251291798606495,3.8903717578961645,0
0.13,1.5,581,-5.251291798606495,3.8903717578961645,0
0.13,1.5,799,-5.251291798606495,3.8903717578961645,0
0.13,1.5,968,-5.251291798606495,3.8903717578961645,0
0.13,1.5,1016,-5.251291798606495,3.8903717578961645,1
0.13,1.5,1234,-5.251291798606495,3.8903717578961645,5
0.13,1.5,1452,-5.251291798606495,3.8903717578961645,9
0.13,1.5,363,-5.251291798606495,4.8903717578961645,0
0.13,1.5,581,-5.251291798606495,4.8903717578961645,0
0.13,1.5,799,-5.251291798606495,4.8903717578961645,0
0.13,1.5,968,-5.251291798606495,4.8903717578961645,1
0.13,1.5,1016,-5.251291798606495,4.8903717578961645,0
0.13,1.5,1234,-5.251291798606495,4.8903717578961645,4
0.13,1.5,1452,-5.251291798606495,4.8903717578961645,9
0.13,1.5,363,-4.251291798606495,1.8903717578961645,0
0.13,1.5,581,-4.251291798606495,1.8903717578961645,0
0.13,1.5,799,-4.251291798606495,1.8903717578961645,0
0.13,1.5,968,-4.251291798606495,1.8903717578961645,0
0.13,1.5,1016,-4.251291798606495,1.8903717578961645,0
0.13,1.5,1234,-4.251291798606495,1.8903717578961645,0
0.13,1.5,1452,-4.251291798606495,1.8903717578961645,0
0.13,1.5,363,-4.251291798606495,2.3903717578961645,0
0.13,1.5,581,-4.251291798606495,2.3903717578961645,0
0.13,1.5,799,-4.251291798606495,2.3903717578961645,0
0.13,1.5,968,-4.251291798606495,2.3903717578961645,0
0.13,1.5,1016,-4.251291798606495,2.3903717578961645,0
0.13,1.5,1234,-4.251291798606495,2.3903717578961645,0
0.13,1.5,1452,-4.251291798606495,2.3903717578961645,0
0.13,1.5,363,-4.251291798606495,2.6403717578961645,0
0.13,1.5,581,-4.251291798606495,2.6403717578961645,0
0.13,1.5,799,-4.251291798606495,2.6403717578961645,0
0.13,1.5,968,-4.251291798606495,2.6403717578961645,0
0.13,1.5,1016,-4.251291798606495,2.6403717578961645,0
0.13,1.5,1234,-4.251291798606495,2.6403717578961645,0
0.13,1.5,1452,-4.251291798606495,2.6403717578961645,0
0.13,1.5,363,-4.251291798606495,2.8903717578961645,0
0.13,1.5,581,-4.251291798606495,2.8903717578961645,0
0.13,1.5,799,-4.251291798606495,2.8903717578961645,0
0.13,1.5,968,-4.251291798606495,2.8903717578961645,0
0.13,1.5,1016,-4.251291798606495,2.8903717578961645,0
0.13,1.5,1234,-4.251291798606495,2.8903717578961645,2
0.13,1.5,1452,-4.251291798606495,2.8903717578961645,1282
0.13,1.5,363,-4.251291798606495,3.3903717578961645,0
0.13,1.5,581,-4.251291798606495,3.3903717578961645,0
0.13,1.5,799,-4.251291798606495,3.3903717578961645,0
0.13,1.5,968,-4.251291798606495,3.3903717578961645,0
0.13,1.5,1016,-4.251291798606495,3.3903717578961645,1
0.13,1.5,1234,-4.251291798606495,3.3903717578961645,4
0.13,1.5,1452,-4.251291798606495,3.3903717578961645,9
0.13,1.5,363,-4.251291798606495,3.8903717578961645,0
0.13,1.5,581,-4.251291798606495,3.8903717578961645,0
0.13,1.5,799,-4.251291798606495,3.8903717578961645,0
0.13,1.5,968,-4.251291798606495,3.8903717578961645,0
0.13,1.5,1016,-4.251291798606495,3.8903717578961645,1
0.13,1.5,1234,-4.251291798606495,3.8903717578961645,5
0.13,1.5,1452,-4.251291798606495,3.8903717578961645,9
0.13,1.5,363,-4.251291798606495,4.8903717578961645,0
0.13,1.5,581,-4.251291798606495,4.8903717578961645,0
0.13,1.5,799,-4.251291798606495,4.8903717578961645,0
0.13,1.5,968,-4.251291798606495,4.8903717578961645,0
0.13,1.5,1016,-4.251291798606495,4.8903717578961645,0
0.13,1.5,1234,-4.251291798606495,4.8903717578961645,4
0.13,1.5,1452,-4.251291798606495,4.8903717578961645,9
0.13,1.5,363,-3.251291798606495,1.8903717578961645,0
0.13,1.5,581,-3.251291798606495,1.8903717578961645,0
0.13,1.5,799,-3.251291798606495,1.8903717578961645,0
0.13,1.5,968,-3.251291798606495,1.8903717578961645,0
0.13,1.5,1016,-3.251291798606495,1.8903717578961645,0
0.13,1.5,1234,-3.251291798606495,1.8903717578961645,0
0.13,1.5,1452,-3.251291798606495,1.8903717578961645,0
0.13,1.5,363,-3.251291798606495,2.3903717578961645,0
0.13,1.5,581,-3.251291798606495,2.3903717578961645,0
0.13,1.5,799,-3.251291798606495,2.3903717578961645,0
0.13,1.5,968,-3.251291798606495,2.3903717578961645,0
0.13,1.5,1016,-3.251291798606495,2.3903717578961645,0
0.13,1.5,1234,-3.251291798606495,2.3903717578961645,0
0.13,1.5,1452,-3.251291798606495,2.3903717578961645,0
0.13,1.5,363,-3.251291798606495,2.6403717578961645,0
0.13,1.5,581,-3.251291798606495,2.6403717578961645,0
0.13,1.5,799,-3.251291798606495,2.6403717578961645,0
0.13,1.5,968,-3.251291798606495,2.6403717578961645,0
0.13,1.5,1016,-3.251291798606495,2.6403717578961645,0
0.13,1.5,1234,-3.251291798606495,2.6403717578961645,0
0.13,1.5,1452,-3.251291798606495,2.6403717578961645,0
0.13,1.5,363,-3.251291798606495,2.8903717578961645,0
0.13,1.5,581,-3.251291798606495,2.8903717578961645,0
0.13,1.5,799,-3.251291798606495,2.8903717578961645,0
0.13,1.5,968,-3.251291798606495,2.8903717578961645,0
0.13,1.5,1016,-3.251291798606495,2.8903717578961645,0
0.13,1.5,1234,-3.251291798606495,2.8903717578961645,2
0.13,1.5,1452,-3.251291798606495,2.8903717578961645,1283
0.13,1.5,363,-3.251291798606495,3.3903717578961645,0
0.13,1.5,581,-3.251291798606495,3.3903717578961645,0
0.13,1.5,799,-3.251291798606495,3.3903717578961645,0
0.13,1.5,968,-3.251291798606495,3.3903717578961645,0
0.13,1.5,1016,-3.251291798606495,3.3903717578961645,0
0.13,1.5,1234,-3.251291798606495,3.3903717578961645,4
0.13,1.5,1452,-3.251291798606495,3.3903717578961645,9
0.13,1.5,363,-3.251291798606495,3.8903717578961645,0
0.13,1.5,581,-3.251291798606495,3.8903717578961645,0
0.13,1.5,799,-3.251291798606495,3.8903717578961645,0
0.13,1.5,968,-3.251291798606495,3.8903717578961645,0
0.13,1.5,1016,-3.251291798606495,3.8903717578961645,0
0.13,1.5,1234,-3.251291798606495,3.8903717578961645,4
0.13,1.5,1452,-3.251291798606495,3.8903717578961645,9
0.13,1.5,363,-3.251291798606495,4.8903717578961645,0
0.13,1.5,581,-3.251291798606495,4.8903717578961645,0
0.13,1.5,799,-3.251291798606495,4.8903717578961645,0
0.13,1.5,968,-3.251291798606495,4.8903717578961645,0
0.13,1.5,1016,-3.251291798606495,4.8903717578961645,1
0.13,1.5,1234,-3.251291798606495,4.8903717578961645,4
0.13,1.5,1452,-3.251291798606495,4.8903717578961645,9
0.13,1.5,363,-2.251291798606495,1.8903717578961645,0
0.13,1.5,581,-2.251291798606495,1.8903717578961645,0
0.13,1.5,799,-2.251291798606495,1.8903717578961645,0
0.13,1.5,968,-2.251291798606495,1.8903717578961645,0
0.13,1.5,1016,-2.251291798606495,1.8903717578961645,0
0.13,1.5,1234,-2.251291798606495,1.8903717578961645,0
0.13,1.5,1452,-2.251291798606495,1.8903717578961645,0
0.13,1.5,363,-2.251291798606495,2.3903717578961645,0
0.13,1.5,581,-2.251291798606495,2.3903717578961645,0
0.13,1.5,799,-2.251291798606495,2.3903717578961645,0
0.13,1.5,968,-2.251291798606495,2.3903717578961645,0
0.13,1.5,1016,-2.251291798606495,2.3903717578961645,0
0.13,1.5,1234,-2.251291798606495,2.3903717578961645,0
0.13,1.5,1452,-2.251291798606495,2.3903717578961645,0
0.13,1.5,363,-2.251291798606495,2.6403717578961645,0
0.13,1.5,581,-2.251291798606495,2.6403717578961645,0
0.13,1.5,799,-2.251291798606495,2.6403717578961645,0
0.13,1.5,968,-2.251291798606495,2.6403717578961645,0
0.13,1.5,1016,-2.251291798606495,2.6403717578961645,0
0.13,1.5,1234,-2.251291798606495,2.6403717578961645,0
0.13,1.5,1452,-2.251291798606495,2.6403717578961645,0
0.13,1.5,363,-2.251291798606495,2.8903717578961645,0
0.13,1.5,581,-2.251291798606495,2.8903717578961645,0
0.13,1.5,799,-2.251291798606495,2.8903717578961645,0
0.13,1.5,968,-2.251291798606495,2.8903717578961645,0
0.13,1.5,1016,-2.251291798606495,2.8903717578961645,0
0.13,1.5,1234,-2.251291798606495,2.8903717578961645,0
0.13,1.5,1452,-2.251291798606495,2.8903717578961645,0
0.13,1.5,363,-2.251291798606495,3.3903717578961645,0
0.13,1.5,581,-2.251291798606495,3.3903717578961645,0
0.13,1.5,799,-2.251291798606495,3.3903717578961645,0
0.13,1.5,968,-2.251291798606495,3.3903717578961645,0
0.13,1.5,1016,-2.251291798606495,3.3903717578961645,0
0.13,1.5,1234,-2.251291798606495,3.3903717578961645,0
0.13,1.5,1452,-2.251291798606495,3.3903717578961645,1
0.13,1.5,363,-2.251291798606495,3.8903717578961645,0
0.13,1.5,581,-2.251291798606495,3.8903717578961645,0
0.13,1.5,799,-2.251291798606495,3.8903717578961645,0
0.13,1.5,968,-2.251291798606495,3.8903717578961645,0
0.13,1.5,1016,-2.251291798606495,3.8903717578961645,0
0.13,1.5,1234,-2.251291798606495,3.8903717578961645,0
0.13,1.5,1452,-2.251291798606495,3.8903717578961645,1
0.13,1.5,363,-2.251291798606495,4.8903717578961645,0
0.13,1.5,581,-2.251291798606495,4.8903717578961645,0
0.13,1.5,799,-2.251291798606495,4.8903717578961645,0
0.13,1.5,968,-2.251291798606495,4.8903717578961645,0
0.13,1.5,1016,-2.251291798606495,4.8903717578961645,0
0.13,1.5,1234,-2.251291798606495,4.8903717578961645,0
0.13,1.5,1452,-2.251291798606495,4.8903717578961645,3
0.13,1.5,363,-1.2512917986064949,1.8903717578961645,0
0.13,1.5,581,-1.2512917986064949,1.8903717578961645,0
0.13,1.5,799,-1.2512917986064949,1.8903717578961645,0
0.13,1.5,968,-1.2512917986064949,1.8903717578961645,0
0.13,1.5,1016,-1.2512917986064949,1.8903717578961645,0
0.13,1.5,1234,-1.2512917986064949,1.8903717578961645,0
0.13,1.5,1452,-1.2512917986064949,1.8903717578961645,0
0.13,1.5,363,-1.2512917986064949,2.3903717578961645,0
0.13,1.5,581,-1.2512917986064949,2.3903717578961645,0
0.13,1.5,799,-1.2512917986064949,2.3903717578961645,0
0.13,1.5,968,-1.2512917986064949,2.3903717578961645,0
0.13,1.5,1016,-1.2512917986064949,2.3903717578961645,0
0.13,1.5,1234,-1.2512917986064949,2.3903717578961645,0
0.13,1.5,1452,-1.2512917986064949,2.3903717578961645,0
0.13,1.5,363,-1.2512917986064949,2.6403717578961645,0
0.13,1.5,581,-1.2512917986064949,2.6403717578961645,0
0.13,1.5,799,-1.2512917986064949,2.6403717578961645,0
0.13,1.5,968,-1.2512917986064949,2.6403717578961645,0
0.13,1.5,1016,-1.2512917986064949,2.6403717578961645,0
0.13,1.5,1234,-1.2512917986064949,2.6403717578961645,0
0.13,1.5,1452,-1.2512917986064949,2.6403717578961645,0
0.13,1.5,363,-1.2512917986064949,2.8903717578961645,0
0.13,1.5,581,-1.2512917986064949,2.8903717578961645,0
0.13,1.5,799,-1.2512917986064949,2.8903717578961645,0
0.13,1.5,968,-1.2512917986064949,2.8903717578961645,0
0.13,1.5,1016,-1.2512917986064949,2.8903717578961645,0
0.13,1.5,1234,-1.2512917986064949,2.8903717578961645,0
0.13,1.5,1452,-1.2512917986064949,2.8903717578961645,0
0.13,1.5,363,-1.2512917986064949,3.3903717578961645,0
0.13,1.5,581,-1.2512917986064949,3.3903717578961645,0
0.13,1.5,799,-1.2512917986064949,3.3903717578961645,0
0.13,1.5,968,-1.2512917986064949,3.3903717578961645,0
0.13,1.5,1016,-1.2512917986064949,3.3903717578961645,0
0.13,1.5,1234,-1.2512917986064949,3.3903717578961645,0
0.13,1.5,1452,-1.2512917986064949,3.3903717578961645,0
0.13,1.5,363,-1.2512917986064949,3.8903717578961645,0
0.13,1.5,581,-1.2512917986064949,3.8903717578961645,0
0.13,1.5,799,-1.2512917986064949,3.8903717578961645,0
0.13,1.5,968,-1.2512917986064949,3.8903717578961645,0
0.13,1.5,1016,-1.2512917986064949,3.8903717578961645,0
0.13,1.5,1234,-1.2512917986064949,3.8903717578961645,0
0.13,1.5,1452,-1.2512917986064949,3.8903717578961645,0
0.13,1.5,363,-1.2512917986064949,4.8903717578961645,0
0.13,1.5,581,-1.2512917986064949,4.8903717578961645,0
0.13,1.5,799,-1.2512917986064949,4.8903717578961645,0
0.13,1.5,968,-1.2512917986064949,4.8903717578961645,0
0.13,1.5,1016,-1.2512917986064949,4.8903717578961645,0
0.13,1.5,1234,-1.2512917986064949,4.8903717578961645,0
0.13,1.5,1452,-1.2512917986064949,4.8903717578961645,0
0.13,2.0,484,-8.251291798606495,1.8903717578961645,0
0.13,2.0,774,-8.251291798606495,1.8903717578961645,0
0.13,2.0,968,-8.251291798606495,1.8903717578961645,0
0.13,2.0,1065,-8.251291798606495,1.8903717578961645,0
0.13,2.0,1355,-8.251291798606495,1.8903717578961645,0
0.13,2.0,1646,-8.251291798606495,1.8903717578961645,0
0.13,2.0,1936,-8.251291798606495,1.8903717578961645,0
0.13,2.0,484,-8.251291798606495,2.3903717578961645,0
0.13,2.0,774,-8.251291798606495,2.3903717578961645,0
0.13,2.0,968,-8.251291798606495,2.3903717578961645,0
0.13,2.0,1065,-8.251291798606495,2.3903717578961645,0
0.13,2.0,1355,-8.251291798606495,2.3903717578961645,0
0.13,2.0,1646,-8.251291798606495,2.3903717578961645,0
0.13,2.0,1936,-8.251291798606495,2.3903717578961645,0
0.13,2.0,484,-8.251291798606495,2.6403717578961645,0
0.13,2.0,774,-8.251291798606495,2.6403717578961645,0
0.13,2.0,968,-8.251291798606495,2.6403717578961645,0
0.13,2.0,1065,-8.251291798606495,2.6403717578961645,0
0.13,2.0,1355,-8.251291798606495,2.6403717578961645,0
0.13,2.0,1646,-8.251291798606495,2.6403717578961645,0
0.13,2.0,1936,-8.251291798606495,2.6403717578961645,0
0.13,2.0,484,-8.251291798606495,2.8903717578961645,0
0.13,2.0,774,-8.251291798606495,2.8903717578961645,0
0.13,2.0,968,-8.251291798606495,2.8903717578961645,0
0.13,2.0,1065,-8.251291798606495,2.8903717578961645,0
0.13,2.0,1355,-8.251291798606495,2.8903717578961645,1196
0.13,2.0,1646,-8.251291798606495,2.8903717578961645,1454
0.13,2.0,1936,-8.251291798606495,2.8903717578961645,1711
0.13,2.0,484,-8.251291798606495,3.3903717578961645,0
0.13,2.0,774,-8.251291798606495,3.3903717578961645,0
0.13,2.0,968,-8.251291798606495,3.3903717578961645,0
0.13,2.0,1065,-8.251291798606495,3.3903717578961645,1
0.13,2.0,1355,-8.251291798606495,3.3903717578961645,7
0.13,2.0,1646,-8.251291798606495,3.3903717578961645,1460
0.13,2.0,1936,-8.251291798606495,3.3903717578961645,1719
0.13,2.0,484,-8.251291798606495,3.8903717578961645,0
0.13,2.0,774,-8.251291798606495,3.8903717578961645,0
0.13,2.0,968,-8.251291798606495,3.8903717578961645,0
0.13,2.0,1065,-8.251291798606495,3.8903717578961645,2
0.13,2.0,1355,-8.251291798606495,3.8903717578961645,7
0.13,2.0,1646,-8.251291798606495,3.8903717578961645,14
0.13,2.0,1936,-8.251291798606495,3.8903717578961645,1720
0.13,2.0,484,-8.251291798606495,4.8903717578961645,0
0.13,2.0,774,-8.251291798606495,4.8903717578961645,0
0.13,2.0,968,-8.251291798606495,4.8903717578961645,1
0.13,2.0,1065,-8.251291798606495,4.8903717578961645,1
0.13,2.0,1355,-8.251291798606495,4.8903717578961645,7
0.13,2.0,1646,-8.251291798606495,4.8903717578961645,12
0.13,2.0,1936,-8.251291798606495,4.8903717578961645,20
0.13,2.0,484,-7.251291798606495,1.8903717578961645,0
0.13,2.0,774,-7.251291798606495,1.8903717578961645,0
0.13,2.0,968,-7.251291798606495,1.8903717578961645,0
0.13,2.0,1065,-7.251291798606495,1.8903717578961645,0
0.13,2.0,1355,-7.251291798606495,1.8903717578961645,0
0.13,2.0,1646,-7.251291798606495,1.8903717578961645,0
0.13,2.0,1936,-7.251291798606495,1.8903717578961645,0
0.13,2.0,484,-7.251291798606495,2.3903717578961645,0
0.13,2.0,774,-7.251291798606495,2.3903717578961645,0
0.13,2.0,968,-7.251291798606495,2.3903717578961645,0
0.13,2.0,1065,-7.251291798606495,2.3903717578961645,0
0.13,2.0,1355,-7.251291798606495,2.3903717578961645,0
0.13,2.0,1646,-7.251291798606495,2.3903717578961645,0
0.13,2.0,1936,-7.251291798606495,2.3903717578961645,0
0.13,2.0,484,-7.251291798606495,2.6403717578961645,0
0.13,2.0,774,-7.251291798606495,2.6403717578961645,0
0.13,2.0,968,-7.251291798606495,2.6403717578961645,0
0.13,2.0,1065,-7.251291798606495,2.6403717578961645,0
0.13,2.0,1355,-7.251291798606495,2.6403717578961645,0
0.13,2.0,1646,-7.251291798606495,2.6403717578961645,0
0.13,2.0,1936,-7.251291798606495,2.6403717578961645,0
0.13,2.0,484,-7.251291798606495,2.8903717578961645,0
0.13,2.0,774,-7.251291798606495,2.8903717578961645,0
0.13,2.0,968,-7.251291798606495,2.8903717578961645,0
0.13,2.0,1065,-7.251291798606495,2.8903717578961645,0
0.13,2.0,1355,-7.251291798606495,2.8903717578961645,1196
0.13,2.0,1646,-7.251291798606495,2.8903717578961645,1454
0.13,2.0,1936,-7.251291798606495,2.8903717578961645,1711
0.13,2.0,484,-7.251291798606495,3.3903717578961645,0
0.13,2.0,774,-7.251291798606495,3.3903717578961645,0
0.13,2.0,968,-7.251291798606495,3.3903717578961645,0
0.13,2.0,1065,-7.251291798606495,3.3903717578961645,1
0.13,2.0,1355,-7.251291798606495,3.3903717578961645,7
0.13,2.0,1646,-7.251291798606495,3.3903717578961645,1460
0.13,2.0,1936,-7.251291798606495,3.3903717578961645,1719
0.13,2.0,484,-7.251291798606495,3.8903717578961645,0
0.13,2.0,774,-7.251291798606495,3.8903717578961645,0
0.13,2.0,968,-7.251291798606495,3.8903717578961645,0
0.13,2.0,1065,-7.251291798606495,3.8903717578961645,2
0.13,2.0,1355,-7.251291798606495,3.8903717578961645,7
0.13,2.0,1646,-7.251291798606495,3.8903717578961645,14
0.13,2.0,1936,-7.251291798606495,3.8903717578961645,1720
0.13,2.0,484,-7.251291798606495,4.8903717578961645,0
0.13,2.0,774,-7.251291798606495,4.8903717578961645,0
0.13,2.0,968,-7.251291798606495,4.8903717578961645,1
0.13,2.0,1065,-7.251291798606495,4.8903717578961645,1
0.13,2.0,1355,-7.251291798606495,4.8903717578961645,7
0.13,2.0,1646,-7.251291798606495,4.8903717578961645,12
0.13,2.0,1936,-7.251291798606495,4.8903717578961645,20
0.13,2.0,484,-6.251291798606495,1.8903717578961645,0
0.13,2.0,774,-6.251291798606495,1.8903717578961645,0
0.13,2.0,968,-6.251291798606495,1.8903717578961645,0
0.13,2.0,1065,-6.251291798606495,1.8903717578961645,0
0.13,2.0,1355,-6.251291798606495,1.8903717578961645,0
0.13,2.0,1646,-6.251291798606495,1.8903717578961645,0
0.13,2.0,1936,-6.251291798606495,1.8903717578961645,0
0.13,2.0,484,-6.251291798606495,2.3903717578961645,0
0.13,2.0,774,-6.251291798606495,2.3903717578961645,0
0.13,2.0,968,-6.251291798606495,2.3903717578961645,0
0.13,2.0,1065,-6.251291798606495,2.3903717578961645,0
0.13,2.0,1355,-6.251291798606495,2.3903717578961645,0
0.13,2.0,1646,-6.251291798606495,2.3903717578961645,0
0.13,2.0,1936,-6.251291798606495,2.3903717578961645,0
0.13,2.0,484,-6.251291798606495,2.6403717578961645,0
0.13,2.0,774,-6.251291798606495,2.6403717578961645,0
0.13,2.0,968,-6.251291798606495,2.6403717578961645,0
0.13,2.0,1065,-6.251291798606495,2.6403717578961645,0
0.13,2.0,1355,-6.251291798606495,2.6403717578961645,0
0.13,2.0,1646,-6.251291798606495,2.6403717578961645,0
0.13,2.0,1936,-6.251291798606495,2.6403717578961645,0
0.13,2.0,484,-6.251291798606495,2.8903717578961645,0
0.13,2.0,774,-6.251291798606495,2.8903717578961645,0
0.13,2.0,968,-6.251291798606495,2.8903717578961645,0
0.13,2.0,1065,-6.251291798606495,2.8903717578961645,0
0.13,2.0,1355,-6.251291798606495,2.8903717578961645,1196
0.13,2.0,1646,-6.251291798606495,2.8903717578961645,1454
0.13,2.0,1936,-6.251291798606495,2.8903717578961645,1711
0.13,2.0,484,-6.251291798606495,3.3903717578961645,0
0.13,2.0,774,-6.251291798606495,3.3903717578961645,0
0.13,2.0,968,-6.251291798606495,3.3903717578961645,0
0.13,2.0,1065,-6.251291798606495,3.3903717578961645,1
0.13,2.0,1355,-6.251291798606495,3.3903717578961645,7
0.13,2.0,1646,-6.251291798606495,3.3903717578961645,1460
0.13,2.0,1936,-6.251291798606495,3.3903717578961645,1719
0.13,2.0,484,-6.251291798606495,3.8903717578961645,0
0.13,2.0,774,-6.251291798606495,3.8903717578961645,0
0.13,2.0,968,-6.251291798606495,3.8903717578961645,0
0.13,2.0,1065,-6.251291798606495,3.8903717578961645,2
0.13,2.0,1355,-6.251291798606495,3.8903717578961645,7
0.13,2.0,1646,-6.251291798606495,3.8903717578961645,14
0.13,2.0,1936,-6.251291798606495,3.8903717578961645,1720
0.13,2.0,484,-6.251291798606495,4.8903717578961645,0
0.13,2.0,774,-6.251291798606495,4.8903717578961645,0
0.13,2.0,968,-6.251291798606495,4.8903717578961645,1
0.13,2.0,1065,-6.251291798606495,4.8903717578961645,1
0.13,2.0,1355,-6.251291798606495,4.8903717578961645,7
0.13,2.0,1646,-6.251291798606495,4.8903717578961645,12
0.13,2.0,1936,-6.251291798606495,4.8903717578961645,20
0.13,2.0,484,-5.251291798606495,1.8903717578961645,0
0.13,2.0,774,-5.251291798606495,1.8903717578961645,0
0.13,2.0,968,-5.251291798606495,1.8903717578961645,0
0.13,2.0,1065,-5.251291798606495,1.8903717578961645,0
0.13,2.0,1355,-5.251291798606495,1.8903717578961645,0
0.13,2.0,1646,-5.251291798606495,1.8903717578961645,0
0.13,2.0,1936,-5.251291798606495,1.8903717578961645,0
0.13,2.0,484,-5.251291798606495,2.3903717578961645,0
0.13,2.0,774,-5.251291798606495,2.3903717578961645,0
0.13,2.0,968,-5.251291798606495,2.3903717578961645,0
0.13,2.0,1065,-5.251291798606495,2.3903717578961645,0
0.13,2.0,1355,-5.251291798606495,2.3903717578961645,0
0.13,2.0,1646,-5.251291798606495,2.3903717578961645,0
0.13,2.0,1936,-5.251291798606495,2.3903717578961645,0
0.13,2.0,484,-5.251291798606495,2.6403717578961645,0
0.13,2.0,774,-5.251291798606495,2.6403717578961645,0
0.13,2.0,968,-5.251291798606495,2.6403717578961645,0
0.13,2.0,1065,-5.251291798606495,2.6403717578961645,0
0.13,2.0,1355,-5.251291798606495,2.6403717578961645,0
0.13,2.0,1646,-5.251291798606495,2.6403717578961645,0
0.13,2.0,1936,-5.251291798606495,2.6403717578961645,0
0.13,2.0,484,-5.251291798606495,2.8903717578961645,0
0.13,2.0,774,-5.251291798606495,2.8903717578961645,0
0.13,2.0,968,-5.251291798606495,2.8903717578961645,0
0.13,2.0,1065,-5.251291798606495,2.8903717578961645,0
0.13,2.0,1355,-5.251291798606495,2.8903717578961645,1196
0.13,2.0,1646,-5.251291798606495,2.8903717578961645,1454
0.13,2.0,1936,-5.251291798606495,2.8903717578961645,1711
0.13,2.0,484,-5.251291798606495,3.3903717578961645,0
0.13,2.0,774,-5.251291798606495,3.3903717578961645,0
0.13,2.0,968,-5.251291798606495,3.3903717578961645,0
0.13,2.0,1065,-5.251291798606495,3.3903717578961645,1
0.13,2.0,1355,-5.251291798606495,3.3903717578961645,7
0.13,2.0,1646,-5.251291798606495,3.3903717578961645,1460
0.13,2.0,1936,-5.251291798606495,3.3903717578961645,1719
0.13,2.0,484,-5.251291798606495,3.8903717578961645,0
0.13,2.0,774,-5.251291798606495,3.8903717578961645,0
0.13,2.0,968,-5.251291798606495,3.8903717578961645,0
0.13,2.0,1065,-5.251291798606495,3.8903717578961645,2
0.13,2.0,1355,-5.251291798606495,3.8903717578961645,7
0.13,2.0,1646,-5.251291798606495,3.8903717578961645,14
0.13,2.0,1936,-5.251291798606495,3.8903717578961645,1721
0.13,2.0,484,-5.251291798606495,4.8903717578961645,0
0.13,2.0,774,-5.251291798606495,4.8903717578961645,0
0.13,2.0,968,-5.251291798606495,4.8903717578961645,1
0.13,2.0,1065,-5.251291798606495,4.8903717578961645,1
0.13,2.0,1355,-5.251291798606495,4.8903717578961645,7
0.13,2.0,1646,-5.251291798606495,4.8903717578961645,12
0.13,2.0,1936,-5.251291798606495,4.8903717578961645,20
0.13,2.0,484,-4.251291798606495,1.8903717578961645,0
0.13,2.0,774,-4.251291798606495,1.8903717578961645,0
0.13,2.0,968,-4.251291798606495,1.8903717578961645,0
0.13,2.0,1065,-4.251291798606495,1.8903717578961645,0
0.13,2.0,1355,-4.251291798606495,1.8903717578961645,0
0.13,2.0,1646,-4.251291798606495,1.8903717578961645,0
0.13,2.0,1936,-4.251291798606495,1.8903717578961645,0
0.13,2.0,484,-4.251291798606495,2.3903717578961645,0
0.13,2.0,774,-4.251291798606495,2.3903717578961645,0
0.13,2.0,968,-4.251291798606495,2.3903717578961645,0
0.13,2.0,1065,-4.251291798606495,2.3903717578961645,0
0.13,2.0,1355,-4.251291798606495,2.3903717578961645,0
0.13,2.0,1646,-4.251291798606495,2.3903717578961645,0
0.13,2.0,1936,-4.251291798606495,2.3903717578961645,0
0.13,2.0,484,-4.251291798606495,2.6403717578961645,0
0.13,2.0,774,-4.251291798606495,2.6403717578961645,0
0.13,2.0,968,-4.251291798606495,2.6403717578961645,0
0.13,2.0,1065,-4.251291798606495,2.6403717578961645,0
0.13,2.0,1355,-4.251291798606495,2.6403717578961645,0
0.13,2.0,1646,-4.251291798606495,2.6403717578961645,0
0.13,2.0,1936,-4.251291798606495,2.6403717578961645,0
0.13,2.0,484,-4.251291798606495,2.8903717578961645,0
0.13,2.0,774,-4.251291798606495,2.8903717578961645,0
0.13,2.0,968,-4.251291798606495,2.8903717578961645,0
0.13,2.0,1065,-4.251291798606495,2.8903717578961645,0
0.13,2.0,1355,-4.251291798606495,2.8903717578961645,1197
0.13,2.0,1646,-4.251291798606495,2.8903717578961645,1454
0.13,2.0,1936,-4.251291798606495,2.8903717578961645,1711
0.13,2.0,484,-4.251291798606495,3.3903717578961645,0
0.13,2.0,774,-4.251291798606495,3.3903717578961645,0
0.13,2.0,968,-4.251291798606495,3.3903717578961645,0
0.13,2.0,1065,-4.251291798606495,3.3903717578961645,1
0.13,2.0,1355,-4.251291798606495,3.3903717578961645,7
0.13,2.0,1646,-4.251291798606495,3.3903717578961645,1460
0.13,2.0,1936,-4.251291798606495,3.3903717578961645,1720
0.13,2.0,484,-4.251291798606495,3.8903717578961645,0
0.13,2.0,774,-4.251291798606495,3.8903717578961645,0
0.13,2.0,968,-4.251291798606495,3.8903717578961645,0
0.13,2.0,1065,-4.251291798606495,3.8903717578961645,2
0.13,2.0,1355,-4.251291798606495,3.8903717578961645,7
0.13,2.0,1646,-4.251291798606495,3.8903717578961645,15
0.13,2.0,1936,-4.251291798606495,3.8903717578961645,1721
0.13,2.0,484,-4.251291798606495,4.8903717578961645,0
0.13,2.0,774,-4.251291798606495,4.8903717578961645,0
0.13,2.0,968,-4.251291798606495,4.8903717578961645,0
0.13,2.0,1065,-4.251291798606495,4.8903717578961645,1
0.13,2.0,1355,-4.251291798606495,4.8903717578961645,6
0.13,2.0,1646,-4.251291798606495,4.8903717578961645,13
0.13,2.0,1936,-4.251291798606495,4.8903717578961645,21
0.13,2.0,484,-3.251291798606495,1.8903717578961645,0
0.13,2.0,774,-3.251291798606495,1.8903717578961645,0
0.13,2.0,968,-3.251291798606495,1.8903717578961645,0
0.13,2.0,1065,-3.251291798606495,1.8903717578961645,0
0.13,2.0,1355,-3.251291798606495,1.8903717578961645,0
0.13,2.0,1646,-3.251291798606495,1.8903717578961645,0
0.13,2.0,1936,-3.251291798606495,1.8903717578961645,0
0.13,2.0,484,-3.251291798606495,2.3903717578961645,0
0.13,2.0,774,-3.251291798606495,2.3903717578961645,0
0.13,2.0,968,-3.251291798606495,2.3903717578961645,0
0.13,2.0,1065,-3.251291798606495,2.3903717578961645,0
0.13,2.0,1355,-3.251291798606495,2.3903717578961645,0
0.13,2.0,1646,-3.251291798606495,2.3903717578961645,0
0.13,2.0,1936,-3.251291798606495,2.3903717578961645,0
0.13,2.0,484,-3.251291798606495,2.6403717578961645,0
0.13,2.0,774,-3.251291798606495,2.6403717578961645,0
0.13,2.0,968,-3.251291798606495,2.6403717578961645,0
0.13,2.0,1065,-3.251291798606495,2.6403717578961645,0
0.13,2.0,1355,-3.251291798606495,2.6403717578961645,0
0.13,2.0,1646,-3.251291798606495,2.6403717578961645,0
0.13,2.0,1936,-3.251291798606495,2.6403717578961645,0
0.13,2.0,484,-3.251291798606495,2.8903717578961645,0
0.13,2.0,774,-3.251291798606495,2.8903717578961645,0
0.13,2.0,968,-3.251291798606495,2.8903717578961645,0
0.13,2.0,1065,-3.251291798606495,2.8903717578961645,0
0.13,2.0,1355,-3.251291798606495,2.8903717578961645,5
0.13,2.0,1646,-3.251291798606495,2.8903717578961645,1455
0.13,2.0,1936,-3.251291798606495,2.8903717578961645,1713
0.13,2.0,484,-3.251291798606495,3.3903717578961645,0
0.13,2.0,774,-3.251291798606495,3.3903717578961645,0
0.13,2.0,968,-3.251291798606495,3.3903717578961645,0
0.13,2.0,1065,-3.251291798606495,3.3903717578961645,0
0.13,2.0,1355,-3.251291798606495,3.3903717578961645,6
0.13,2.0,1646,-3.251291798606495,3.3903717578961645,1461
0.13,2.0,1936,-3.251291798606495,3.3903717578961645,1722
0.13,2.0,484,-3.251291798606495,3.8903717578961645,0
0.13,2.0,774,-3.251291798606495,3.8903717578961645,0
0.13,2.0,968,-3.251291798606495,3.8903717578961645,0
0.13,2.0,1065,-3.251291798606495,3.8903717578961645,1
0.13,2.0,1355,-3.251291798606495,3.8903717578961645,6
0.13,2.0,1646,-3.251291798606495,3.8903717578961645,14
0.13,2.0,1936,-3.251291798606495,3.8903717578961645,1725
0.13,2.0,484,-3.251291798606495,4.8903717578961645,0
0.13,2.0,774,-3.251291798606495,4.8903717578961645,0
0.13,2.0,968,-3.251291798606495,4.8903717578961645,0
0.13,2.0,1065,-3.251291798606495,4.8903717578961645,1
0.13,2.0,1355,-3.251291798606495,4.8903717578961645,7
0.13,2.0,1646,-3.251291798606495,4.8903717578961645,13
0.13,2.0,1936,-3.251291798606495,4.8903717578961645,234
0.13,2.0,484,-2.251291798606495,1.8903717578961645,0
0.13,2.0,774,-2.251291798606495,1.8903717578961645,0
0.13,2.0,968,-2.251291798606495,1.8903717578961645,0
0.13,2.0,1065,-2.251291798606495,1.8903717578961645,0
0.13,2.0,1355,-2.251291798606495,1.8903717578961645,0
0.13,2.0,1646,-2.251291798606495,1.8903717578961645,0
0.13,2.0,1936,-2.251291798606495,1.8903717578961645,0
0.13,2.0,484,-2.251291798606495,2.3903717578961645,0
0.13,2.0,774,-2.251291798606495,2.3903717578961645,0
0.13,2.0,968,-2.251291798606495,2.3903717578961645,0
0.13,2.0,1065,-2.251291798606495,2.3903717578961645,0
0.13,2.0,1355,-2.251291798606495,2.3903717578961645,0
0.13,2.0,1646,-2.251291798606495,2.3903717578961645,0
0.13,2.0,1936,-2.251291798606495,2.3903717578961645,0
0.13,2.0,484,-2.251291798606495,2.6403717578961645,0
0.13,2.0,774,-2.251291798606495,2.6403717578961645,0
0.13,2.0,968,-2.251291798606495,2.6403717578961645,0
0.13,2.0,1065,-2.251291798606495,2.6403717578961645,0
0.13,2.0,1355,-2.251291798606495,2.6403717578961645,0
0.13,2.0,1646,-2.251291798606495,2.6403717578961645,0
0.13,2.0,1936,-2.251291798606495,2.6403717578961645,0
0.13,2.0,484,-2.251291798606495,2.8903717578961645,0
0.13,2.0,774,-2.251291798606495,2.8903717578961645,0
0.13,2.0,968,-2.251291798606495,2.8903717578961645,0
0.13,2.0,1065,-2.251291798606495,2.8903717578961645,0
0.13,2.0,1355,-2.251291798606495,2.8903717578961645,0
0.13,2.0,1646,-2.251291798606495,2.8903717578961645,0
0.13,2.0,1936,-2.251291798606495,2.8903717578961645,4
0.13,2.0,484,-2.251291798606495,3.3903717578961645,0
0.13,2.0,774,-2.251291798606495,3.3903717578961645,0
0.13,2.0,968,-2.251291798606495,3.3903717578961645,0
0.13,2.0,1065,-2.251291798606495,3.3903717578961645,0
0.13,2.0,1355,-2.251291798606495,3.3903717578961645,0
0.13,2.0,1646,-2.251291798606495,3.3903717578961645,186
0.13,2.0,1936,-2.251291798606495,3.3903717578961645,218
0.13,2.0,484,-2.251291798606495,3.8903717578961645,0
0.13,2.0,774,-2.251291798606495,3.8903717578961645,0
0.13,2.0,968,-2.251291798606495,3.8903717578961645,0
0.13,2.0,1065,-2.251291798606495,3.8903717578961645,0
0.13,2.0,1355,-2.251291798606495,3.8903717578961645,0
0.13,2.0,1646,-2.251291798606495,3.8903717578961645,185
0.13,2.0,1936,-2.251291798606495,3.8903717578961645,0
0.13,2.0,484,-2.251291798606495,4.8903717578961645,0
0.13,2.0,774,-2.251291798606495,4.8903717578961645,0
0.13,2.0,968,-2.251291798606495,4.8903717578961645,0
0.13,2.0,1065,-2.251291798606495,4.8903717578961645,0
0.13,2.0,1355,-2.251291798606495,4.8903717578961645,0
0.13,2.0,1646,-2.251291798606495,4.8903717578961645,183
0.13,2.0,1936,-2.251291798606495,4.8903717578961645,0
0.13,2.0,484,-1.2512917986064949,1.8903717578961645,0
0.13,2.0,774,-1.2512917986064949,1.8903717578961645,0
0.13,2.0,968,-1.2512917986064949,1.8903717578961645,0
0.13,2.0,1065,-1.2512917986064949,1.8903717578961645,0
0.13,2.0,1355,-1.2512917986064949,1.8903717578961645,0
0.13,2.0,1646,-1.2512917986064949,1.8903717578961645,0
0.13,2.0,1936,-1.2512917986064949,1.8903717578961645,0
0.13,2.0,484,-1.2512917986064949,2.3903717578961645,0
0.13,2.0,774,-1.2512917986064949,2.3903717578961645,0
0.13,2.0,968,-1.2512917986064949,2.3903717578961645,0
0.13,2.0,1065,-1.2512917986064949,2.3903717578961645,0
0.13,2.0,1355,-1.2512917986064949,2.3903717578961645,0
0.13,2.0,1646,-1.2512917986064949,2.3903717578961645,0
0.13,2.0,1936,-1.2512917986064949,2.3903717578961645,0
0.13,2.0,484,-1.2512917986064949,2.6403717578961645,0
0.13,2.0,774,-1.2512917986064949,2.6403717578961645,0
0.13,2.0,968,-1.2512917986064949,2.6403717578961645,0
0.13,2.0,1065,-1.2512917986064949,2.6403717578961645,0
0.13,2.0,1355,-1.2512917986064949,2.6403717578961645,0
0.13,2.0,1646,-1.2512917986064949,2.6403717578961645,0
0.13,2.0,1936,-1.2512917986064949,2.6403717578961645,0
0.13,2.0,484,-1.2512917986064949,2.8903717578961645,0
0.13,2.0,774,-1.2512917986064949,2.8903717578961645,0
0.13,2.0,968,-1.2512917986064949,2.8903717578961645,0
0.13,2.0,1065,-1.2512917986064949,2.8903717578961645,0
0.13,2.0,1355,-1.2512917986064949,2.8903717578961645,0
0.13,2.0,1646,-1.2512917986064949,2.8903717578961645,0
0.13,2.0,1936,-1.2512917986064949,2.8903717578961645,0
0.13,2.0,484,-1.2512917986064949,3.3903717578961645,0
0.13,2.0,774,-1.2512917986064949,3.3903717578961645,0
0.13,2.0,968,-1.2512917986064949,3.3903717578961645,0
0.13,2.0,1065,-1.2512917986064949,3.3903717578961645,0
0.13,2.0,1355,-1.2512917986064949,3.3903717578961645,0
0.13,2.0,1646,-1.2512917986064949,3.3903717578961645,0
0.13,2.0,1936,-1.2512917986064949,3.3903717578961645,0
0.13,2.0,484,-1.2512917986064949,3.8903717578961645,0
0.13,2.0,774,-1.2512917986064949,3.8903717578961645,0
0.13,2.0,968,-1.2512917986064949,3.8903717578961645,0
0.13,2.0,1065,-1.2512917986064949,3.8903717578961645,0
0.13,2.0,1355,-1.2512917986064949,3.8903717578961645,0
0.13,2.0,1646,-1.2512917986064949,3.8903717578961645,0
0.13,2.0,1936,-1.2512917986064949,3.8903717578961645,0
0.13,2.0,484,-1.2512917986064949,4.8903717578961645,0
0.13,2.0,774,-1.2512917986064949,4.8903717578961645,0
0.13,2.0,968,-1.2512917986064949,4.8903717578961645,0
0.13,2.0,1065,-1.2512917986064949,4.8903717578961645,0
0.13,2.0,1355,-1.2512917986064949,4.8903717578961645,0
0.13,2.0,1646,-1.2512917986064949,4.8903717578961645,0
0.13,2.0,1936,-1.2512917986064949,4.8903717578961645,0
0.15,1.0,92,-8.251291798606495,1.8903717578961645,0
0.15,1.0,147,-8.251291798606495,1.8903717578961645,0
0.15,1.0,202,-8.251291798606495,1.8903717578961645,0
0.15,1.0,258,-8.251291798606495,1.8903717578961645,0
0.15,1.0,313,-8.251291798606495,1.8903717578961645,0
0.15,1.0,368,-8.251291798606495,1.8903717578961645,0
0.15,1.0,92,-8.251291798606495,2.3903717578961645,0
0.15,1.0,147,-8.251291798606495,2.3903717578961645,0
0.15,1.0,202,-8.251291798606495,2.3903717578961645,0
0.15,1.0,258,-8.251291798606495,2.3903717578961645,0
0.15,1.0,313,-8.251291798606495,2.3903717578961645,0
0.15,1.0,368,-8.251291798606495,2.3903717578961645,0
0.15,1.0,92,-8.251291798606495,2.6403717578961645,0
0.15,1.0,147,-8.251291798606495,2.6403717578961645,0
0.15,1.0,202,-8.251291798606495,2.6403717578961645,0
0.15,1.0,258,-8.251291798606495,2.6403717578961645,0
0.15,1.0,313,-8.251291798606495,2.6403717578961645,0
0.15,1.0,368,-8.251291798606495,2.6403717578961645,0
0.15,1.0,92,-8.251291798606495,2.8903717578961645,0
0.15,1.0,147,-8.251291798606495,2.8903717578961645,0
0.15,1.0,202,-8.251291798606495,2.8903717578961645,0
0.15,1.0,258,-8.251291798606495,2.8903717578961645,0
0.15,1.0,313,-8.251291798606495,2.8903717578961645,0
0.15,1.0,368,-8.251291798606495,2.8903717578961645,0
0.15,1.0,92,-8.251291798606495,3.3903717578961645,0
0.15,1.0,147,-8.251291798606495,3.3903717578961645,0
0.15,1.0,202,-8.251291798606495,3.3903717578961645,0
0.15,1.0,258,-8.251291798606495,3.3903717578961645,0
0.15,1.0,313,-8.251291798606495,3.3903717578961645,0
0.15,1.0,368,-8.251291798606495,3.3903717578961645,0
0.15,1.0,92,-8.251291798606495,3.8903717578961645,0
0.15,1.0,147,-8.251291798606495,3.8903717578961645,0
0.15,1.0,202,-8.251291798606495,3.8903717578961645,0
0.15,1.0,258,-8.251291798606495,3.8903717578961645,0
0.15,1.0,313,-8.251291798606495,3.8903717578961645,0
0.15,1.0,368,-8.251291798606495,3.8903717578961645,0
0.15,1.0,92,-8.251291798606495,4.8903717578961645,0
0.15,1.0,147,-8.251291798606495,4.8903717578961645,0
0.15,1.0,202,-8.251291798606495,4.8903717578961645,0
0.15,1.0,258,-8.251291798606495,4.8903717578961645,0
0.15,1.0,313,-8.251291798606495,4.8903717578961645,0
0.15,1.0,368,-8.251291798606495,4.8903717578961645,1
0.15,1.0,147,-7.251291798606495,1.8903717578961645,0
0.15,1.0,202,-7.251291798606495,1.8903717578961645,0
0.15,1.0,258,-7.251291798606495,1.8903717578961645,0
0.15,1.0,313,-7.251291798606495,1.8903717578961645,0
0.15,1.0,368,-7.251291798606495,1.8903717578961645,0
0.15,1.0,147,-7.251291798606495,2.3903717578961645,0
0.15,1.0,202,-7.251291798606495,2.3903717578961645,0
0.15,1.0,258,-7.251291798606495,2.3903717578961645,0
0.15,1.0,313,-7.251291798606495,2.3903717578961645,0
0.15,1.0,368,-7.251291798606495,2.3903717578961645,0
0.15,1.0,147,-7.251291798606495,2.6403717578961645,0
0.15,1.0,202,-7.251291798606495,2.6403717578961645,0
0.15,1.0,258,-7.251291798606495,2.6403717578961645,0
0.15,1.0,313,-7.251291798606495,2.6403717578961645,0
0.15,1.0,368,-7.251291798606495,2.6403717578961645,0
0.15,1.0,147,-7.251291798606495,2.8903717578961645,0
0.15,1.0,202,-7.251291798606495,2.8903717578961645,0
0.15,1.0,258,-7.251291798606495,2.8903717578961645,0
0.15,1.0,313,-7.251291798606495,2.8903717578961645,0
0.15,1.0,368,-7.251291798606495,2.8903717578961645,0
0.15,1.0,147,-7.251291798606495,3.3903717578961645,0
0.15,1.0,202,-7.251291798606495,3.3903717578961645,0
0.15,1.0,258,-7.251291798606495,3.3903717578961645,0
0.15,1.0,313,-7.251291798606495,3.3903717578961645,0
0.15,1.0,368,-7.251291798606495,3.3903717578961645,0
0.15,1.0,147,-7.251291798606495,3.8903717578961645,0
0.15,1.0,202,-7.251291798606495,3.8903717578961645,0
0.15,1.0,258,-7.251291798606495,3.8903717578961645,0
0.15,1.0,313,-7.251291798606495,3.8903717578961645,0
0.15,1.0,368,-7.251291798606495,3.8903717578961645,0
0.15,1.0,147,-7.251291798606495,4.8903717578961645,0
0.15,1.0,202,-7.251291798606495,4.8903717578961645,0
0.15,1.0,258,-7.251291798606495,4.8903717578961645,0
0.15,1.0,313,-7.251291798606495,4.8903717578961645,0
0.15,1.0,368,-7.251291798606495,4.8903717578961645,1
0.15,1.0,147,-6.251291798606495,1.8903717578961645,0
0.15,1.0,202,-6.251291798606495,1.8903717578961645,0
0.15,1.0,258,-6.251291798606495,1.8903717578961645,0
0.15,1.0,313,-6.251291798606495,1.8903717578961645,0
0.15,1.0,368,-6.251291798606495,1.8903717578961645,0
0.15,1.0,147,-6.251291798606495,2.3903717578961645,0
0.15,1.0,202,-6.251291798606495,2.3903717578961645,0
0.15,1.0,258,-6.251291798606495,2.3903717578961645,0
0.15,1.0,313,-6.251291798606495,2.3903717578961645,0
0.15,1.0,368,-6.251291798606495,2.3903717578961645,0
0.15,1.0,147,-6.251291798606495,2.6403717578961645,0
0.15,1.0,202,-6.251291798606495,2.6403717578961645,0
0.15,1.0,258,-6.251291798606495,2.6403717578961645,0
0.15,1.0,313,-6.251291798606495,2.6403717578961645,0
0.15,1.0,368,-6.251291798606495,2.6403717578961645,0
0.15,1.0,147,-6.251291798606495,2.8903717578961645,0
0.15,1.0,202,-6.251291798606495,2.8903717578961645,0
0.15,1.0,258,-6.251291798606495,2.8903717578961645,0
0.15,1.0,313,-6.251291798606495,2.8903717578961645,0
0.15,1.0,368,-6.251291798606495,2.8903717578961645,0
0.15,1.0,147,-6.251291798606495,3.3903717578961645,0
0.15,1.0,202,-6.251291798606495,3.3903717578961645,0
0.15,1.0,258,-6.251291798606495,3.3903717578961645,0
0.15,1.0,313,-6.251291798606495,3.3903717578961645,0
0.15,1.0,368,-6.251291798606495,3.3903717578961645,0
0.15,1.0,147,-6.251291798606495,3.8903717578961645,0
0.15,1.0,202,-6.251291798606495,3.8903717578961645,0
0.15,1.0,258,-6.251291798606495,3.8903717578961645,0
0.15,1.0,313,-6.251291798606495,3.8903717578961645,0
0.15,1.0,368,-6.251291798606495,3.8903717578961645,0
0.15,1.0,147,-6.251291798606495,4.8903717578961645,0
0.15,1.0,202,-6.251291798606495,4.8903717578961645,0
0.15,1.0,258,-6.251291798606495,4.8903717578961645,0
0.15,1.0,313,-6.251291798606495,4.8903717578961645,0
0.15,1.0,368,-6.251291798606495,4.8903717578961645,1
0.15,1.0,147,-5.251291798606495,1.8903717578961645,0
0.15,1.0,202,-5.251291798606495,1.8903717578961645,0
0.15,1.0,258,-5.251291798606495,1.8903717578961645,0
0.15,1.0,313,-5.251291798606495,1.8903717578961645,0
0.15,1.0,368,-5.251291798606495,1.8903717578961645,0
0.15,1.0,147,-5.251291798606495,2.3903717578961645,0
0.15,1.0,202,-5.251291798606495,2.3903717578961645,0
0.15,1.0,258,-5.251291798606495,2.3903717578961645,0
0.15,1.0,313,-5.251291798606495,2.3903717578961645,0
0.15,1.0,368,-5.251291798606495,2.3903717578961645,0
0.15,1.0,147,-5.251291798606495,2.6403717578961645,0
0.15,1.0,202,-5.251291798606495,2.6403717578961645,0
0.15,1.0,258,-5.251291798606495,2.6403717578961645,0
0.15,1.0,313,-5.251291798606495,2.6403717578961645,0
0.15,1.0,368,-5.251291798606495,2.6403717578961645,0
0.15,1.0,147,-5.251291798606495,2.8903717578961645,0
0.15,1.0,202,-5.251291798606495,2.8903717578961645,0
0.15,1.0,258,-5.251291798606495,2.8903717578961645,0
0.15,1.0,313,-5.251291798606495,2.8903717578961645,0
0.15,1.0,368,-5.251291798606495,2.8903717578961645,0
0.15,1.0,147,-5.251291798606495,3.3903717578961645,0
0.15,1.0,202,-5.251291798606495,3.3903717578961645,0
0.15,1.0,258,-5.251291798606495,3.3903717578961645,0
0.15,1.0,313,-5.251291798606495,3.3903717578961645,0
0.15,1.0,368,-5.251291798606495,3.3903717578961645,0
0.15,1.0,147,-5.251291798606495,3.8903717578961645,0
0.15,1.0,202,-5.251291798606495,3.8903717578961645,0
0.15,1.0,258,-5.251291798606495,3.8903717578961645,0
0.15,1.0,313,-5.251291798606495,3.8903717578961645,0
0.15,1.0,368,-5.251291798606495,3.8903717578961645,0
0.15,1.0,147,-5.251291798606495,4.8903717578961645,0
0.15,1.0,202,-5.251291798606495,4.8903717578961645,0
0.15,1.0,258,-5.251291798606495,4.8903717578961645,0
0.15,1.0,313,-5.251291798606495,4.8903717578961645,0
0.15,1.0,368,-5.251291798606495,4.8903717578961645,1
0.15,1.0,92,-4.251291798606495,1.8903717578961645,0
0.15,1.0,147,-4.251291798606495,1.8903717578961645,0
0.15,1.0,202,-4.251291798606495,1.8903717578961645,0
0.15,1.0,258,-4.251291798606495,1.8903717578961645,0
0.15,1.0,313,-4.251291798606495,1.8903717578961645,0
0.15,1.0,368,-4.251291798606495,1.8903717578961645,0
0.15,1.0,92,-4.251291798606495,2.3903717578961645,0
0.15,1.0,147,-4.251291798606495,2.3903717578961645,0
0.15,1.0,202,-4.251291798606495,2.3903717578961645,0
0.15,1.0,258,-4.251291798606495,2.3903717578961645,0
0.15,1.0,313,-4.251291798606495,2.3903717578961645,0
0.15,1.0,368,-4.251291798606495,2.3903717578961645,0
0.15,1.0,92,-4.251291798606495,2.6403717578961645,0
0.15,1.0,147,-4.251291798606495,2.6403717578961645,0
0.15,1.0,202,-4.251291798606495,2.6403717578961645,0
0.15,1.0,258,-4.251291798606495,2.6403717578961645,0
0.15,1.0,313,-4.251291798606495,2.6403717578961645,0
0.15,1.0,368,-4.251291798606495,2.6403717578961645,0
0.15,1.0,92,-4.251291798606495,2.8903717578961645,0
0.15,1.0,147,-4.251291798606495,2.8903717578961645,0
0.15,1.0,202,-4.251291798606495,2.8903717578961645,0
0.15,1.0,258,-4.251291798606495,2.8903717578961645,0
0.15,1.0,313,-4.251291798606495,2.8903717578961645,0
0.15,1.0,368,-4.251291798606495,2.8903717578961645,0
0.15,1.0,92,-4.251291798606495,3.3903717578961645,0
0.15,1.0,147,-4.251291798606495,3.3903717578961645,0
0.15,1.0,202,-4.251291798606495,3.3903717578961645,0
0.15,1.0,258,-4.251291798606495,3.3903717578961645,0
0.15,1.0,313,-4.251291798606495,3.3903717578961645,0
0.15,1.0,368,-4.251291798606495,3.3903717578961645,0
0.15,1.0,92,-4.251291798606495,3.8903717578961645,0
0.15,1.0,147,-4.251291798606495,3.8903717578961645,0
0.15,1.0,202,-4.251291798606495,3.8903717578961645,0
0.15,1.0,258,-4.251291798606495,3.8903717578961645,0
0.15,1.0,313,-4.251291798606495,3.8903717578961645,0
0.15,1.0,368,-4.251291798606495,3.8903717578961645,0
0.15,1.0,92,-4.251291798606495,4.8903717578961645,0
0.15,1.0,147,-4.251291798606495,4.8903717578961645,0
0.15,1.0,202,-4.251291798606495,4.8903717578961645,0
0.15,1.0,258,-4.251291798606495,4.8903717578961645,0
0.15,1.0,313,-4.251291798606495,4.8903717578961645,0
0.15,1.0,368,-4.251291798606495,4.8903717578961645,0
0.15,1.0,92,-3.251291798606495,1.8903717578961645,0
0.15,1.0,147,-3.251291798606495,1.8903717578961645,0
0.15,1.0,202,-3.251291798606495,1.8903717578961645,0
0.15,1.0,258,-3.251291798606495,1.8903717578961645,0
0.15,1.0,313,-3.251291798606495,1.8903717578961645,0
0.15,1.0,368,-3.251291798606495,1.8903717578961645,0
0.15,1.0,92,-3.251291798606495,2.3903717578961645,0
0.15,1.0,147,-3.251291798606495,2.3903717578961645,0
0.15,1.0,202,-3.251291798606495,2.3903717578961645,0
0.15,1.0,258,-3.251291798606495,2.3903717578961645,0
0.15,1.0,313,-3.251291798606495,2.3903717578961645,0
0.15,1.0,368,-3.251291798606495,2.3903717578961645,0
0.15,1.0,92,-3.251291798606495,2.6403717578961645,0
0.15,1.0,147,-3.251291798606495,2.6403717578961645,0
0.15,1.0,202,-3.251291798606495,2.6403717578961645,0
0.15,1.0,258,-3.251291798606495,2.6403717578961645,0
0.15,1.0,313,-3.251291798606495,2.6403717578961645,0
0.15,1.0,368,-3.251291798606495,2.6403717578961645,0
0.15,1.0,92,-3.251291798606495,2.8903717578961645,0
0.15,1.0,147,-3.251291798606495,2.8903717578961645,0
0.15,1.0,202,-3.251291798606495,2.8903717578961645,0
0.15,1.0,258,-3.251291798606495,2.8903717578961645,0
0.15,1.0,313,-3.251291798606495,2.8903717578961645,0
0.15,1.0,368,-3.251291798606495,2.8903717578961645,0
0.15,1.0,92,-3.251291798606495,3.3903717578961645,0
0.15,1.0,147,-3.251291798606495,3.3903717578961645,0
0.15,1.0,202,-3.251291798606495,3.3903717578961645,0
0.15,1.0,258,-3.251291798606495,3.3903717578961645,0
0.15,1.0,313,-3.251291798606495,3.3903717578961645,0
0.15,1.0,368,-3.251291798606495,3.3903717578961645,0
0.15,1.0,92,-3.251291798606495,3.8903717578961645,0
0.15,1.0,147,-3.251291798606495,3.8903717578961645,0
0.15,1.0,202,-3.251291798606495,3.8903717578961645,0
0.15,1.0,258,-3.251291798606495,3.8903717578961645,0
0.15,1.0,313,-3.251291798606495,3.8903717578961645,0
0.15,1.0,368,-3.251291798606495,3.8903717578961645,0
0.15,1.0,92,-3.251291798606495,4.8903717578961645,0
0.15,1.0,147,-3.251291798606495,4.8903717578961645,0
0.15,1.0,202,-3.251291798606495,4.8903717578961645,0
0.15,1.0,258,-3.251291798606495,4.8903717578961645,0
0.15,1.0,313,-3.251291798606495,4.8903717578961645,0
0.15,1.0,368,-3.251291798606495,4.8903717578961645,0
0.15,1.0,92,-2.251291798606495,1.8903717578961645,0
0.15,1.0,147,-2.251291798606495,1.8903717578961645,0
0.15,1.0,202,-2.251291798606495,1.8903717578961645,0
0.15,1.0,258,-2.251291798606495,1.8903717578961645,0
0.15,1.0,313,-2.251291798606495,1.8903717578961645,0
0.15,1.0,368,-2.251291798606495,1.8903717578961645,0
0.15,1.0,92,-2.251291798606495,2.3903717578961645,0
0.15,1.0,147,-2.251291798606495,2.3903717578961645,0
0.15,1.0,202,-2.251291798606495,2.3903717578961645,0
0.15,1.0,258,-2.251291798606495,2.3903717578961645,0
0.15,1.0,313,-2.251291798606495,2.3903717578961645,0
0.15,1.0,368,-2.251291798606495,2.3903717578961645,0
0.15,1.0,92,-2.251291798606495,2.6403717578961645,0
0.15,1.0,147,-2.251291798606495,2.6403717578961645,0
0.15,1.0,202,-2.251291798606495,2.6403717578961645,0
0.15,1.0,258,-2.251291798606495,2.6403717578961645,0
0.15,1.0,313,-2.251291798606495,2.6403717578961645,0
0.15,1.0,368,-2.251291798606495,2.6403717578961645,0
0.15,1.0,92,-2.251291798606495,2.8903717578961645,0
0.15,1.0,147,-2.251291798606495,2.8903717578961645,0
0.15,1.0,202,-2.251291798606495,2.8903717578961645,0
0.15,1.0,258,-2.251291798606495,2.8903717578961645,0
0.15,1.0,313,-2.251291798606495,2.8903717578961645,0
0.15,1.0,368,-2.251291798606495,2.8903717578961645,0
0.15,1.0,92,-2.251291798606495,3.3903717578961645,0
0.15,1.0,147,-2.251291798606495,3.3903717578961645,0
0.15,1.0,202,-2.251291798606495,3.3903717578961645,0
0.15,1.0,258,-2.251291798606495,3.3903717578961645,0
0.15,1.0,313,-2.251291798606495,3.3903717578961645,0
0.15,1.0,368,-2.251291798606495,3.3903717578961645,0
0.15,1.0,92,-2.251291798606495,3.8903717578961645,0
0.15,1.0,147,-2.251291798606495,3.8903717578961645,0
0.15,1.0,202,-2.251291798606495,3.8903717578961645,0
0.15,1.0,258,-2.251291798606495,3.8903717578961645,0
0.15,1.0,313,-2.251291798606495,3.8903717578961645,0
0.15,1.0,368,-2.251291798606495,3.8903717578961645,0
0.15,1.0,92,-2.251291798606495,4.8903717578961645,0
0.15,1.0,147,-2.251291798606495,4.8903717578961645,0
0.15,1.0,202,-2.251291798606495,4.8903717578961645,0
0.15,1.0,258,-2.251291798606495,4.8903717578961645,0
0.15,1.0,313,-2.251291798606495,4.8903717578961645,0
0.15,1.0,368,-2.251291798606495,4.8903717578961645,0
0.15,1.0,92,-1.2512917986064949,1.8903717578961645,0
0.15,1.0,147,-1.2512917986064949,1.8903717578961645,0
0.15,1.0,202,-1.2512917986064949,1.8903717578961645,0
0.15,1.0,258,-1.2512917986064949,1.8903717578961645,0
0.15,1.0,313,-1.2512917986064949,1.8903717578961645,0
0.15,1.0,368,-1.2512917986064949,1.8903717578961645,0
0.15,1.0,92,-1.2512917986064949,2.3903717578961645,0
0.15,1.0,147,-1.2512917986064949,2.3903717578961645,0
0.15,1.0,202,-1.2512917986064949,2.3903717578961645,0
0.15,1.0,258,-1.2512917986064949,2.3903717578961645,0
0.15,1.0,313,-1.2512917986064949,2.3903717578961645,0
0.15,1.0,368,-1.2512917986064949,2.3903717578961645,0
0.15,1.0,92,-1.2512917986064949,2.6403717578961645,0
0.15,1.0,147,-1.2512917986064949,2.6403717578961645,0
0.15,1.0,202,-1.2512917986064949,2.6403717578961645,0
0.15,1.0,258,-1.2512917986064949,2.6403717578961645,0
0.15,1.0,313,-1.2512917986064949,2.6403717578961645,0
0.15,1.0,368,-1.2512917986064949,2.6403717578961645,0
0.15,1.0,92,-1.2512917986064949,2.8903717578961645,0
0.15,1.0,147,-1.2512917986064949,2.8903717578961645,0
0.15,1.0,202,-1.2512917986064949,2.8903717578961645,0
0.15,1.0,258,-1.2512917986064949,2.8903717578961645,0
0.15,1.0,313,-1.2512917986064949,2.8903717578961645,0
0.15,1.0,368,-1.2512917986064949,2.8903717578961645,0
0.15,1.0,92,-1.2512917986064949,3.3903717578961645,0
0.15,1.0,147,-1.2512917986064949,3.3903717578961645,0
0.15,1.0,202,-1.2512917986064949,3.3903717578961645,0
0.15,1.0,258,-1.2512917986064949,3.3903717578961645,0
0.15,1.0,313,-1.2512917986064949,3.3903717578961645,0
0.15,1.0,368,-1.2512917986064949,3.3903717578961645,0
0.15,1.0,92,-1.2512917986064949,3.8903717578961645,0
0.15,1.0,147,-1.2512917986064949,3.8903717578961645,0
0.15,1.0,202,-1.2512917986064949,3.8903717578961645,0
0.15,1.0,258,-1.2512917986064949,3.8903717578961645,0
0.15,1.0,313,-1.2512917986064949,3.8903717578961645,0
0.15,1.0,368,-1.2512917986064949,3.8903717578961645,0
0.15,1.0,92,-1.2512917986064949,4.8903717578961645,0
0.15,1.0,147,-1.2512917986064949,4.8903717578961645,0
0.15,1.0,202,-1.2512917986064949,4.8903717578961645,0
0.15,1.0,258,-1.2512917986064949,4.8903717578961645,0
0.15,1.0,313,-1.2512917986064949,4.8903717578961645,0
0.15,1.0,368,-1.2512917986064949,4.8903717578961645,0
0.15,1.25,115,-8.251291798606495,1.8903717578961645,0
0.15,1.25,184,-8.251291798606495,1.8903717578961645,0
0.15,1.25,253,-8.251291798606495,1.8903717578961645,0
0.15,1.25,322,-8.251291798606495,1.8903717578961645,0
0.15,1.25,368,-8.251291798606495,1.8903717578961645,0
0.15,1.25,391,-8.251291798606495,1.8903717578961645,0
0.15,1.25,460,-8.251291798606495,1.8903717578961645,0
0.15,1.25,115,-8.251291798606495,2.3903717578961645,0
0.15,1.25,184,-8.251291798606495,2.3903717578961645,0
0.15,1.25,253,-8.251291798606495,2.3903717578961645,0
0.15,1.25,322,-8.251291798606495,2.3903717578961645,0
0.15,1.25,368,-8.251291798606495,2.3903717578961645,0
0.15,1.25,391,-8.251291798606495,2.3903717578961645,0
0.15,1.25,460,-8.251291798606495,2.3903717578961645,0
0.15,1.25,115,-8.251291798606495,2.6403717578961645,0
0.15,1.25,184,-8.251291798606495,2.6403717578961645,0
0.15,1.25,253,-8.251291798606495,2.6403717578961645,0
0.15,1.25,322,-8.251291798606495,2.6403717578961645,0
0.15,1.25,368,-8.251291798606495,2.6403717578961645,0
0.15,1.25,391,-8.251291798606495,2.6403717578961645,0
0.15,1.25,460,-8.251291798606495,2.6403717578961645,0
0.15,1.25,115,-8.251291798606495,2.8903717578961645,0
0.15,1.25,184,-8.251291798606495,2.8903717578961645,0
0.15,1.25,253,-8.251291798606495,2.8903717578961645,0
0.15,1.25,322,-8.251291798606495,2.8903717578961645,0
0.15,1.25,368,-8.251291798606495,2.8903717578961645,0
0.15,1.25,391,-8.251291798606495,2.8903717578961645,0
0.15,1.25,460,-8.251291798606495,2.8903717578961645,1
0.15,1.25,115,-8.251291798606495,3.3903717578961645,0
0.15,1.25,184,-8.251291798606495,3.3903717578961645,0
0.15,1.25,253,-8.251291798606495,3.3903717578961645,0
0.15,1.25,322,-8.251291798606495,3.3903717578961645,0
0.15,1.25,368,-8.251291798606495,3.3903717578961645,0
0.15,1.25,391,-8.251291798606495,3.3903717578961645,0
0.15,1.25,460,-8.251291798606495,3.3903717578961645,2
0.15,1.25,115,-8.251291798606495,3.8903717578961645,0
0.15,1.25,184,-8.251291798606495,3.8903717578961645,0
0.15,1.25,253,-8.251291798606495,3.8903717578961645,0
0.15,1.25,322,-8.251291798606495,3.8903717578961645,0
0.15,1.25,368,-8.251291798606495,3.8903717578961645,0
0.15,1.25,391,-8.251291798606495,3.8903717578961645,1
0.15,1.25,460,-8.251291798606495,3.8903717578961645,3
0.15,1.25,115,-8.251291798606495,4.8903717578961645,0
0.15,1.25,184,-8.251291798606495,4.8903717578961645,0
0.15,1.25,253,-8.251291798606495,4.8903717578961645,0
0.15,1.25,322,-8.251291798606495,4.8903717578961645,0
0.15,1.25,368,-8.251291798606495,4.8903717578961645,1
0.15,1.25,391,-8.251291798606495,4.8903717578961645,1
0.15,1.25,460,-8.251291798606495,4.8903717578961645,2
0.15,1.25,184,-7.251291798606495,1.8903717578961645,0
0.15,1.25,253,-7.251291798606495,1.8903717578961645,0
0.15,1.25,322,-7.251291798606495,1.8903717578961645,0
0.15,1.25,368,-7.251291798606495,1.8903717578961645,0
0.15,1.25,391,-7.251291798606495,1.8903717578961645,0
0.15,1.25,460,-7.251291798606495,1.8903717578961645,0
0.15,1.25,184,-7.251291798606495,2.3903717578961645,0
0.15,1.25,253,-7.251291798606495,2.3903717578961645,0
0.15,1.25,322,-7.251291798606495,2.3903717578961645,0
0.15,1.25,368,-7.251291798606495,2.3903717578961645,0
0.15,1.25,391,-7.251291798606495,2.3903717578961645,0
0.15,1.25,460,-7.251291798606495,2.3903717578961645,0
0.15,1.25,184,-7.251291798606495,2.6403717578961645,0
0.15,1.25,253,-7.251291798606495,2.6403717578961645,0
0.15,1.25,322,-7.251291798606495,2.6403717578961645,0
0.15,1.25,368,-7.251291798606495,2.6403717578961645,0
0.15,1.25,391,-7.251291798606495,2.6403717578961645,0
0.15,1.25,460,-7.251291798606495,2.6403717578961645,0
0.15,1.25,184,-7.251291798606495,2.8903717578961645,0
0.15,1.25,253,-7.251291798606495,2.8903717578961645,0
0.15,1.25,322,-7.251291798606495,2.8903717578961645,0
0.15,1.25,368,-7.251291798606495,2.8903717578961645,0
0.15,1.25,391,-7.251291798606495,2.8903717578961645,0
0.15,1.25,460,-7.251291798606495,2.8903717578961645,1
0.15,1.25,184,-7.251291798606495,3.3903717578961645,0
0.15,1.25,253,-7.251291798606495,3.3903717578961645,0
0.15,1.25,322,-7.251291798606495,3.3903717578961645,0
0.15,1.25,368,-7.251291798606495,3.3903717578961645,0
0.15,1.25,391,-7.251291798606495,3.3903717578961645,0
0.15,1.25,460,-7.251291798606495,3.3903717578961645,2
0.15,1.25,184,-7.251291798606495,3.8903717578961645,0
0.15,1.25,253,-7.251291798606495,3.8903717578961645,0
0.15,1.25,322,-7.251291798606495,3.8903717578961645,0
0.15,1.25,368,-7.251291798606495,3.8903717578961645,0
0.15,1.25,391,-7.251291798606495,3.8903717578961645,1
0.15,1.25,460,-7.251291798606495,3.8903717578961645,3
0.15,1.25,184,-7.251291798606495,4.8903717578961645,0
0.15,1.25,253,-7.251291798606495,4.8903717578961645,0
0.15,1.25,322,-7.251291798606495,4.8903717578961645,0
0.15,1.25,368,-7.251291798606495,4.8903717578961645,1
0.15,1.25,391,-7.251291798606495,4.8903717578961645,1
0.15,1.25,460,-7.251291798606495,4.8903717578961645,2
0.15,1.25,115,-6.251291798606495,1.8903717578961645,0
0.15,1.25,184,-6.251291798606495,1.8903717578961645,0
0.15,1.25,253,-6.251291798606495,1.8903717578961645,0
0.15,1.25,322,-6.251291798606495,1.8903717578961645,0
0.15,1.25,368,-6.251291798606495,1.8903717578961645,0
0.15,1.25,391,-6.251291798606495,1.8903717578961645,0
0.15,1.25,460,-6.251291798606495,1.8903717578961645,0
0.15,1.25,115,-6.251291798606495,2.3903717578961645,0
0.15,1.25,184,-6.251291798606495,2.3903717578961645,0
0.15,1.25,253,-6.251291798606495,2.3903717578961645,0
0.15,1.25,322,-6.251291798606495,2.3903717578961645,0
0.15,1.25,368,-6.251291798606495,2.3903717578961645,0
0.15,1.25,391,-6.251291798606495,2.3903717578961645,0
0.15,1.25,460,-6.251291798606495,2.3903717578961645,0
0.15,1.25,115,-6.251291798606495,2.6403717578961645,0
0.15,1.25,184,-6.251291798606495,2.6403717578961645,0
0.15,1.25,253,-6.251291798606495,2.6403717578961645,0
0.15,1.25,322,-6.251291798606495,2.6403717578961645,0
0.15,1.25,368,-6.251291798606495,2.6403717578961645,0
0.15,1.25,391,-6.251291798606495,2.6403717578961645,0
0.15,1.25,460,-6.251291798606495,2.6403717578961645,0
0.15,1.25,115,-6.251291798606495,2.8903717578961645,0
0.15,1.25,184,-6.251291798606495,2.8903717578961645,0
0.15,1.25,253,-6.251291798606495,2.8903717578961645,0
0.15,1.25,322,-6.251291798606495,2.8903717578961645,0
0.15,1.25,368,-6.251291798606495,2.8903717578961645,0
0.15,1.25,391,-6.251291798606495,2.8903717578961645,0
0.15,1.25,460,-6.251291798606495,2.8903717578961645,1
0.15,1.25,115,-6.251291798606495,3.3903717578961645,0
0.15,1.25,184,-6.251291798606495,3.3903717578961645,0
0.15,1.25,253,-6.251291798606495,3.3903717578961645,0
0.15,1.25,322,-6.251291798606495,3.3903717578961645,0
0.15,1.25,368,-6.251291798606495,3.3903717578961645,0
0.15,1.25,391,-6.251291798606495,3.3903717578961645,0
0.15,1.25,460,-6.251291798606495,3.3903717578961645,2
0.15,1.25,115,-6.251291798606495,3.8903717578961645,0
0.15,1.25,184,-6.251291798606495,3.8903717578961645,0
0.15,1.25,253,-6.251291798606495,3.8903717578961645,0
0.15,1.25,322,-6.251291798606495,3.8903717578961645,0
0.15,1.25,368,-6.251291798606495,3.8903717578961645,0
0.15,1.25,391,-6.251291798606495,3.8903717578961645,1
0.15,1.25,460,-6.251291798606495,3.8903717578961645,3
0.15,1.25,115,-6.251291798606495,4.8903717578961645,0
0.15,1.25,184,-6.251291798606495,4.8903717578961645,0
0.15,1.25,253,-6.251291798606495,4.8903717578961645,0
0.15,1.25,322,-6.251291798606495,4.8903717578961645,0
0.15,1.25,368,-6.251291798606495,4.8903717578961645,1
0.15,1.25,391,-6.251291798606495,4.8903717578961645,1
0.15,1.25,460,-6.251291798606495,4.8903717578961645,2
0.15,1.25,115,-5.251291798606495,1.8903717578961645,0
0.15,1.25,184,-5.251291798606495,1.8903717578961645,0
0.15,1.25,253,-5.251291798606495,1.8903717578961645,0
0.15,1.25,322,-5.251291798606495,1.8903717578961645,0
0.15,1.25,368,-5.251291798606495,1.8903717578961645,0
0.15,1.25,391,-5.251291798606495,1.8903717578961645,0
0.15,1.25,460,-5.251291798606495,1.8903717578961645,0
0.15,1.25,115,-5.251291798606495,2.3903717578961645,0
0.15,1.25,184,-5.251291798606495,2.3903717578961645,0
0.15,1.25,253,-5.251291798606495,2.3903717578961645,0
0.15,1.25,322,-5.251291798606495,2.3903717578961645,0
0.15,1.25,368,-5.251291798606495,2.3903717578961645,0
0.15,1.25,391,-5.251291798606495,2.3903717578961645,0
0.15,1.25,460,-5.251291798606495,2.3903717578961645,0
0.15,1.25,115,-5.251291798606495,2.6403717578961645,0
0.15,1.25,184,-5.251291798606495,2.6403717578961645,0
0.15,1.25,253,-5.251291798606495,2.6403717578961645,0
0.15,1.25,322,-5.251291798606495,2.6403717578961645,0
0.15,1.25,368,-5.251291798606495,2.6403717578961645,0
0.15,1.25,391,-5.251291798606495,2.6403717578961645,0
0.15,1.25,460,-5.251291798606495,2.6403717578961645,0
0.15,1.25,115,-5.251291798606495,2.8903717578961645,0
0.15,1.25,184,-5.251291798606495,2.8903717578961645,0
0.15,1.25,253,-5.251291798606495,2.8903717578961645,0
0.15,1.25,322,-5.251291798606495,2.8903717578961645,0
0.15,1.25,368,-5.251291798606495,2.8903717578961645,0
0.15,1.25,391,-5.251291798606495,2.8903717578961645,0
0.15,1.25,460,-5.251291798606495,2.8903717578961645,1
0.15,1.25,115,-5.251291798606495,3.3903717578961645,0
0.15,1.25,184,-5.251291798606495,3.3903717578961645,0
0.15,1.25,253,-5.251291798606495,3.3903717578961645,0
0.15,1.25,322,-5.251291798606495,3.3903717578961645,0
0.15,1.25,368,-5.251291798606495,3.3903717578961645,0
0.15,1.25,391,-5.251291798606495,3.3903717578961645,0
0.15,1.25,460,-5.251291798606495,3.3903717578961645,2
0.15,1.25,115,-5.251291798606495,3.8903717578961645,0
0.15,1.25,184,-5.251291798606495,3.8903717578961645,0
0.15,1.25,253,-5.251291798606495,3.8903717578961645,0
0.15,1.25,322,-5.251291798606495,3.8903717578961645,0
0.15,1.25,368,-5.251291798606495,3.8903717578961645,0
0.15,1.25,391,-5.251291798606495,3.8903717578961645,1
0.15,1.25,460,-5.251291798606495,3.8903717578961645,3
0.15,1.25,115,-5.251291798606495,4.8903717578961645,0
0.15,1.25,184,-5.251291798606495,4.8903717578961645,0
0.15,1.25,253,-5.251291798606495,4.8903717578961645,0
0.15,1.25,322,-5.251291798606495,4.8903717578961645,0
0.15,1.25,368,-5.251291798606495,4.8903717578961645,1
0.15,1.25,391,-5.251291798606495,4.8903717578961645,1
0.15,1.25,460,-5.251291798606495,4.8903717578961645,2
0.15,1.25,115,-4.251291798606495,1.8903717578961645,0
0.15,1.25,184,-4.251291798606495,1.8903717578961645,0
0.15,1.25,253,-4.251291798606495,1.8903717578961645,0
0.15,1.25,322,-4.251291798606495,1.8903717578961645,0
0.15,1.25,368,-4.251291798606495,1.8903717578961645,0
0.15,1.25,391,-4.251291798606495,1.8903717578961645,0
0.15,1.25,460,-4.251291798606495,1.8903717578961645,0
0.15,1.25,115,-4.251291798606495,2.3903717578961645,0
0.15,1.25,184,-4.251291798606495,2.3903717578961645,0
0.15,1.25,253,-4.251291798606495,2.3903717578961645,0
0.15,1.25,322,-4.251291798606495,2.3903717578961645,0
0.15,1.25,368,-4.251291798606495,2.3903717578961645,0
0.15,1.25,391,-4.251291798606495,2.3903717578961645,0
0.15,1.25,460,-4.251291798606495,2.3903717578961645,0
0.15,1.25,115,-4.251291798606495,2.6403717578961645,0
0.15,1.25,184,-4.251291798606495,2.6403717578961645,0
0.15,1.25,253,-4.251291798606495,2.6403717578961645,0
0.15,1.25,322,-4.251291798606495,2.6403717578961645,0
0.15,1.25,368,-4.251291798606495,2.6403717578961645,0
0.15,1.25,391,-4.251291798606495,2.6403717578961645,0
0.15,1.25,460,-4.251291798606495,2.6403717578961645,0
0.15,1.25,115,-4.251291798606495,2.8903717578961645,0
0.15,1.25,184,-4.251291798606495,2.8903717578961645,0
0.15,1.25,253,-4.251291798606495,2.8903717578961645,0
0.15,1.25,322,-4.251291798606495,2.8903717578961645,0
0.15,1.25,368,-4.251291798606495,2.8903717578961645,0
0.15,1.25,391,-4.251291798606495,2.8903717578961645,0
0.15,1.25,460,-4.251291798606495,2.8903717578961645,1
0.15,1.25,115,-4.251291798606495,3.3903717578961645,0
0.15,1.25,184,-4.251291798606495,3.3903717578961645,0
0.15,1.25,253,-4.251291798606495,3.3903717578961645,0
0.15,1.25,322,-4.251291798606495,3.3903717578961645,0
0.15,1.25,368,-4.251291798606495,3.3903717578961645,0
0.15,1.25,391,-4.251291798606495,3.3903717578961645,0
0.15,1.25,460,-4.251291798606495,3.3903717578961645,3
0.15,1.25,115,-4.251291798606495,3.8903717578961645,0
0.15,1.25,184,-4.251291798606495,3.8903717578961645,0
0.15,1.25,253,-4.251291798606495,3.8903717578961645,0
0.15,1.25,322,-4.251291798606495,3.8903717578961645,0
0.15,1.25,368,-4.251291798606495,3.8903717578961645,0
0.15,1.25,391,-4.251291798606495,3.8903717578961645,1
0.15,1.25,460,-4.251291798606495,3.8903717578961645,2
0.15,1.25,115,-4.251291798606495,4.8903717578961645,0
0.15,1.25,184,-4.251291798606495,4.8903717578961645,0
0.15,1.25,253,-4.251291798606495,4.8903717578961645,0
0.15,1.25,322,-4.251291798606495,4.8903717578961645,0
0.15,1.25,368,-4.251291798606495,4.8903717578961645,0
0.15,1.25,391,-4.251291798606495,4.8903717578961645,1
0.15,1.25,460,-4.251291798606495,4.8903717578961645,2
0.15,1.25,115,-3.251291798606495,1.8903717578961645,0
0.15,1.25,184,-3.251291798606495,1.8903717578961645,0
0.15,1.25,253,-3.251291798606495,1.8903717578961645,0
0.15,1.25,322,-3.251291798606495,1.8903717578961645,0
0.15,1.25,368,-3.251291798606495,1.8903717578961645,0
0.15,1.25,391,-3.251291798606495,1.8903717578961645,0
0.15,1.25,460,-3.251291798606495,1.8903717578961645,0
0.15,1.25,115,-3.251291798606495,2.3903717578961645,0
0.15,1.25,184,-3.251291798606495,2.3903717578961645,0
0.15,1.25,253,-3.251291798606495,2.3903717578961645,0
0.15,1.25,322,-3.251291798606495,2.3903717578961645,0
0.15,1.25,368,-3.251291798606495,2.3903717578961645,0
0.15,1.25,391,-3.251291798606495,2.3903717578961645,0
0.15,1.25,460,-3.251291798606495,2.3903717578961645,0
0.15,1.25,115,-3.251291798606495,2.6403717578961645,0
0.15,1.25,184,-3.251291798606495,2.6403717578961645,0
0.15,1.25,253,-3.251291798606495,2.6403717578961645,0
0.15,1.25,322,-3.251291798606495,2.6403717578961645,0
0.15,1.25,368,-3.251291798606495,2.6403717578961645,0
0.15,1.25,391,-3.251291798606495,2.6403717578961645,0
0.15,1.25,460,-3.251291798606495,2.6403717578961645,0
0.15,1.25,115,-3.251291798606495,2.8903717578961645,0
0.15,1.25,184,-3.251291798606495,2.8903717578961645,0
0.15,1.25,253,-3.251291798606495,2.8903717578961645,0
0.15,1.25,322,-3.251291798606495,2.8903717578961645,0
0.15,1.25,368,-3.251291798606495,2.8903717578961645,0
0.15,1.25,391,-3.251291798606495,2.8903717578961645,0
0.15,1.25,460,-3.251291798606495,2.8903717578961645,1
0.15,1.25,115,-3.251291798606495,3.3903717578961645,0
0.15,1.25,184,-3.251291798606495,3.3903717578961645,0
0.15,1.25,253,-3.251291798606495,3.3903717578961645,0
0.15,1.25,322,-3.251291798606495,3.3903717578961645,0
0.15,1.25,368,-3.251291798606495,3.3903717578961645,0
0.15,1.25,391,-3.251291798606495,3.3903717578961645,1
0.15,1.25,460,-3.251291798606495,3.3903717578961645,2
0.15,1.25,115,-3.251291798606495,3.8903717578961645,0
0.15,1.25,184,-3.251291798606495,3.8903717578961645,0
0.15,1.25,253,-3.251291798606495,3.8903717578961645,0
0.15,1.25,322,-3.251291798606495,3.8903717578961645,0
0.15,1.25,368,-3.251291798606495,3.8903717578961645,0
0.15,1.25,391,-3.251291798606495,3.8903717578961645,0
0.15,1.25,460,-3.251291798606495,3.8903717578961645,2
0.15,1.25,115,-3.251291798606495,4.8903717578961645,0
0.15,1.25,184,-3.251291798606495,4.8903717578961645,0
0.15,1.25,253,-3.251291798606495,4.8903717578961645,0
0.15,1.25,322,-3.251291798606495,4.8903717578961645,0
0.15,1.25,368,-3.251291798606495,4.8903717578961645,0
0.15,1.25,391,-3.251291798606495,4.8903717578961645,0
0.15,1.25,460,-3.251291798606495,4.8903717578961645,2
0.15,1.25,115,-2.251291798606495,1.8903717578961645,0
0.15,1.25,184,-2.251291798606495,1.8903717578961645,0
0.15,1.25,253,-2.251291798606495,1.8903717578961645,0
0.15,1.25,322,-2.251291798606495,1.8903717578961645,0
0.15,1.25,368,-2.251291798606495,1.8903717578961645,0
0.15,1.25,391,-2.251291798606495,1.8903717578961645,0
0.15,1.25,460,-2.251291798606495,1.8903717578961645,0
0.15,1.25,115,-2.251291798606495,2.3903717578961645,0
0.15,1.25,184,-2.251291798606495,2.3903717578961645,0
0.15,1.25,253,-2.251291798606495,2.3903717578961645,0
0.15,1.25,322,-2.251291798606495,2.3903717578961645,0
0.15,1.25,368,-2.251291798606495,2.3903717578961645,0
0.15,1.25,391,-2.251291798606495,2.3903717578961645,0
0.15,1.25,460,-2.251291798606495,2.3903717578961645,0
0.15,1.25,115,-2.251291798606495,2.6403717578961645,0
0.15,1.25,184,-2.251291798606495,2.6403717578961645,0
0.15,1.25,253,-2.251291798606495,2.6403717578961645,0
0.15,1.25,322,-2.251291798606495,2.6403717578961645,0
0.15,1.25,368,-2.251291798606495,2.6403717578961645,0
0.15,1.25,391,-2.251291798606495,2.6403717578961645,0
0.15,1.25,460,-2.251291798606495,2.6403717578961645,0
0.15,1.25,115,-2.251291798606495,2.8903717578961645,0
0.15,1.25,184,-2.251291798606495,2.8903717578961645,0
0.15,1.25,253,-2.251291798606495,2.8903717578961645,0
0.15,1.25,322,-2.251291798606495,2.8903717578961645,0
0.15,1.25,368,-2.251291798606495,2.8903717578961645,0
0.15,1.25,391,-2.251291798606495,2.8903717578961645,0
0.15,1.25,460,-2.251291798606495,2.8903717578961645,0
0.15,1.25,115,-2.251291798606495,3.3903717578961645,0
0.15,1.25,184,-2.251291798606495,3.3903717578961645,0
0.15,1.25,253,-2.251291798606495,3.3903717578961645,0
0.15,1.25,322,-2.251291798606495,3.3903717578961645,0
0.15,1.25,368,-2.251291798606495,3.3903717578961645,0
0.15,1.25,391,-2.251291798606495,3.3903717578961645,0
0.15,1.25,460,-2.251291798606495,3.3903717578961645,0
0.15,1.25,115,-2.251291798606495,3.8903717578961645,0
0.15,1.25,184,-2.251291798606495,3.8903717578961645,0
0.15,1.25,253,-2.251291798606495,3.8903717578961645,0
0.15,1.25,322,-2.251291798606495,3.8903717578961645,0
0.15,1.25,368,-2.251291798606495,3.8903717578961645,0
0.15,1.25,391,-2.251291798606495,3.8903717578961645,0
0.15,1.25,460,-2.251291798606495,3.8903717578961645,0
0.15,1.25,115,-2.251291798606495,4.8903717578961645,0
0.15,1.25,184,-2.251291798606495,4.8903717578961645,0
0.15,1.25,253,-2.251291798606495,4.8903717578961645,0
0.15,1.25,322,-2.251291798606495,4.8903717578961645,0
0.15,1.25,368,-2.251291798606495,4.8903717578961645,0
0.15,1.25,391,-2.251291798606495,4.8903717578961645,0
0.15,1.25,460,-2.251291798606495,4.8903717578961645,0
0.15,1.25,115,-1.2512917986064949,1.8903717578961645,0
0.15,1.25,184,-1.2512917986064949,1.8903717578961645,0
0.15,1.25,253,-1.2512917986064949,1.8903717578961645,0
0.15,1.25,322,-1.2512917986064949,1.8903717578961645,0
0.15,1.25,368,-1.2512917986064949,1.8903717578961645,0
0.15,1.25,391,-1.2512917986064949,1.8903717578961645,0
0.15,1.25,460,-1.2512917986064949,1.8903717578961645,0
0.15,1.25,115,-1.2512917986064949,2.3903717578961645,0
0.15,1.25,184,-1.2512917986064949,2.3903717578961645,0
0.15,1.25,253,-1.2512917986064949,2.3903717578961645,0
0.15,1.25,322,-1.2512917986064949,2.3903717578961645,0
0.15,1.25,368,-1.2512917986064949,2.3903717578961645,0
0.15,1.25,391,-1.2512917986064949,2.3903717578961645,0
0.15,1.25,460,-1.2512917986064949,2.3903717578961645,0
0.15,1.25,115,-1.2512917986064949,2.6403717578961645,0
0.15,1.25,184,-1.2512917986064949,2.6403717578961645,0
0.15,1.25,253,-1.2512917986064949,2.6403717578961645,0
0.15,1.25,322,-1.2512917986064949,2.6403717578961645,0
0.15,1.25,368,-1.2512917986064949,2.6403717578961645,0
0.15,1.25,391,-1.2512917986064949,2.6403717578961645,0
0.15,1.25,460,-1.2512917986064949,2.6403717578961645,0
0.15,1.25,115,-1.2512917986064949,2.8903717578961645,0
0.15,1.25,184,-1.2512917986064949,2.8903717578961645,0
0.15,1.25,253,-1.2512917986064949,2.8903717578961645,0
0.15,1.25,322,-1.2512917986064949,2.8903717578961645,0
0.15,1.25,368,-1.2512917986064949,2.8903717578961645,0
0.15,1.25,391,-1.2512917986064949,2.8903717578961645,0
0.15,1.25,460,-1.2512917986064949,2.8903717578961645,0
0.15,1.25,115,-1.2512917986064949,3.3903717578961645,0
0.15,1.25,184,-1.2512917986064949,3.3903717578961645,0
0.15,1.25,253,-1.2512917986064949,3.3903717578961645,0
0.15,1.25,322,-1.2512917986064949,3.3903717578961645,0
0.15,1.25,368,-1.2512917986064949,3.3903717578961645,0
0.15,1.25,391,-1.2512917986064949,3.3903717578961645,0
0.15,1.25,460,-1.2512917986064949,3.3903717578961645,0
0.15,1.25,115,-1.2512917986064949,3.8903717578961645,0
0.15,1.25,184,-1.2512917986064949,3.8903717578961645,0
0.15,1.25,253,-1.2512917986064949,3.8903717578961645,0
0.15,1.25,322,-1.2512917986064949,3.8903717578961645,0
0.15,1.25,368,-1.2512917986064949,3.8903717578961645,0
0.15,1.25,391,-1.2512917986064949,3.8903717578961645,0
0.15,1.25,460,-1.2512917986064949,3.8903717578961645,0
0.15,1.25,115,-1.2512917986064949,4.8903717578961645,0
0.15,1.25,184,-1.2512917986064949,4.8903717578961645,0
0.15,1.25,253,-1.2512917986064949,4.8903717578961645,0
0.15,1.25,322,-1.2512917986064949,4.8903717578961645,0
0.15,1.25,368,-1.2512917986064949,4.8903717578961645,0
0.15,1.25,391,-1.2512917986064949,4.8903717578961645,0
0.15,1.25,460,-1.2512917986064949,4.8903717578961645,0
0.15,1.5,138,-8.251291798606495,1.8903717578961645,0
0.15,1.5,221,-8.251291798606495,1.8903717578961645,0
0.15,1.5,304,-8.251291798606495,1.8903717578961645,0
0.15,1.5,368,-8.251291798606495,1.8903717578961645,0
0.15,1.5,386,-8.251291798606495,1.8903717578961645,0
0.15,1.5,469,-8.251291798606495,1.8903717578961645,0
0.15,1.5,552,-8.251291798606495,1.8903717578961645,0
0.15,1.5,138,-8.251291798606495,2.3903717578961645,0
0.15,1.5,221,-8.251291798606495,2.3903717578961645,0
0.15,1.5,304,-8.251291798606495,2.3903717578961645,0
0.15,1.5,368,-8.251291798606495,2.3903717578961645,0
0.15,1.5,386,-8.251291798606495,2.3903717578961645,0
0.15,1.5,469,-8.251291798606495,2.3903717578961645,0
0.15,1.5,552,-8.251291798606495,2.3903717578961645,0
0.15,1.5,138,-8.251291798606495,2.6403717578961645,0
0.15,1.5,221,-8.251291798606495,2.6403717578961645,0
0.15,1.5,304,-8.251291798606495,2.6403717578961645,0
0.15,1.5,368,-8.251291798606495,2.6403717578961645,0
0.15,1.5,386,-8.251291798606495,2.6403717578961645,0
0.15,1.5,469,-8.251291798606495,2.6403717578961645,0
0.15,1.5,552,-8.251291798606495,2.6403717578961645,0
0.15,1.5,138,-8.251291798606495,2.8903717578961645,0
0.15,1.5,221,-8.251291798606495,2.8903717578961645,0
0.15,1.5,304,-8.251291798606495,2.8903717578961645,0
0.15,1.5,368,-8.251291798606495,2.8903717578961645,0
0.15,1.5,386,-8.251291798606495,2.8903717578961645,0
0.15,1.5,469,-8.251291798606495,2.8903717578961645,2
0.15,1.5,552,-8.251291798606495,2.8903717578961645,483
0.15,1.5,138,-8.251291798606495,3.3903717578961645,0
0.15,1.5,221,-8.251291798606495,3.3903717578961645,0
0.15,1.5,304,-8.251291798606495,3.3903717578961645,0
0.15,1.5,368,-8.251291798606495,3.3903717578961645,0
0.15,1.5,386,-8.251291798606495,3.3903717578961645,0
0.15,1.5,469,-8.251291798606495,3.3903717578961645,2
0.15,1.5,552,-8.251291798606495,3.3903717578961645,6
0.15,1.5,138,-8.251291798606495,3.8903717578961645,0
0.15,1.5,221,-8.251291798606495,3.8903717578961645,0
0.15,1.5,304,-8.251291798606495,3.8903717578961645,0
0.15,1.5,368,-8.251291798606495,3.8903717578961645,0
0.15,1.5,386,-8.251291798606495,3.8903717578961645,0
0.15,1.5,469,-8.251291798606495,3.8903717578961645,3
0.15,1.5,552,-8.251291798606495,3.8903717578961645,6
0.15,1.5,138,-8.251291798606495,4.8903717578961645,0
0.15,1.5,221,-8.251291798606495,4.8903717578961645,0
0.15,1.5,304,-8.251291798606495,4.8903717578961645,0
0.15,1.5,368,-8.251291798606495,4.8903717578961645,1
0.15,1.5,386,-8.251291798606495,4.8903717578961645,0
0.15,1.5,469,-8.251291798606495,4.8903717578961645,3
0.15,1.5,552,-8.251291798606495,4.8903717578961645,5
0.15,1.5,138,-7.251291798606495,1.8903717578961645,0
0.15,1.5,221,-7.251291798606495,1.8903717578961645,0
0.15,1.5,304,-7.251291798606495,1.8903717578961645,0
0.15,1.5,368,-7.251291798606495,1.8903717578961645,0
0.15,1.5,386,-7.251291798606495,1.8903717578961645,0
0.15,1.5,469,-7.251291798606495,1.8903717578961645,0
0.15,1.5,552,-7.251291798606495,1.8903717578961645,0
0.15,1.5,138,-7.251291798606495,2.3903717578961645,0
0.15,1.5,221,-7.251291798606495,2.3903717578961645,0
0.15,1.5,304,-7.251291798606495,2.3903717578961645,0
0.15,1.5,368,-7.251291798606495,2.3903717578961645,0
0.15,1.5,386,-7.251291798606495,2.3903717578961645,0
0.15,1.5,469,-7.251291798606495,2.3903717578961645,0
0.15,1.5,552,-7.251291798606495,2.3903717578961645,0
0.15,1.5,138,-7.251291798606495,2.6403717578961645,0
0.15,1.5,221,-7.251291798606495,2.6403717578961645,0
0.15,1.5,304,-7.251291798606495,2.6403717578961645,0
0.15,1.5,368,-7.251291798606495,2.6403717578961645,0
0.15,1.5,386,-7.251291798606495,2.6403717578961645,0
0.15,1.5,469,-7.251291798606495,2.6403717578961645,0
0.15,1.5,552,-7.251291798606495,2.6403717578961645,0
0.15,1.5,138,-7.251291798606495,2.8903717578961645,0
0.15,1.5,221,-7.251291798606495,2.8903717578961645,0
0.15,1.5,304,-7.251291798606495,2.8903717578961645,0
0.15,1.5,368,-7.251291798606495,2.8903717578961645,0
0.15,1.5,386,-7.251291798606495,2.8903717578961645,0
0.15,1.5,469,-7.251291798606495,2.8903717578961645,2
0.15,1.5,552,-7.251291798606495,2.8903717578961645,483
0.15,1.5,138,-7.251291798606495,3.3903717578961645,0
0.15,1.5,221,-7.251291798606495,3.3903717578961645,0
0.15,1.5,304,-7.251291798606495,3.3903717578961645,0
0.15,1.5,368,-7.251291798606495,3.3903717578961645,0
0.15,1.5,386,-7.251291798606495,3.3903717578961645,0
0.15,1.5,469,-7.251291798606495,3.3903717578961645,2
0.15,1.5,552,-7.251291798606495,3.3903717578961645,6
0.15,1.5,138,-7.251291798606495,3.8903717578961645,0
0.15,1.5,221,-7.251291798606495,3.8903717578961645,0
0.15,1.5,304,-7.251291798606495,3.8903717578961645,0
0.15,1.5,368,-7.251291798606495,3.8903717578961645,0
0.15,1.5,386,-7.251291798606495,3.8903717578961645,0
0.15,1.5,469,-7.251291798606495,3.8903717578961645,3
0.15,1.5,552,-7.251291798606495,3.8903717578961645,6
0.15,1.5,138,-7.251291798606495,4.8903717578961645,0
0.15,1.5,221,-7.251291798606495,4.8903717578961645,0
0.15,1.5,304,-7.251291798606495,4.8903717578961645,0
0.15,1.5,368,-7.251291798606495,4.8903717578961645,1
0.15,1.5,386,-7.251291798606495,4.8903717578961645,0
0.15,1.5,469,-7.251291798606495,4.8903717578961645,3
0.15,1.5,552,-7.251291798606495,4.8903717578961645,5
0.15,1.5,138,-6.251291798606495,1.8903717578961645,0
0.15,1.5,221,-6.251291798606495,1.8903717578961645,0
0.15,1.5,304,-6.251291798606495,1.8903717578961645,0
0.15,1.5,368,-6.251291798606495,1.8903717578961645,0
0.15,1.5,386,-6.251291798606495,1.8903717578961645,0
0.15,1.5,469,-6.251291798606495,1.8903717578961645,0
0.15,1.5,552,-6.251291798606495,1.8903717578961645,0
0.15,1.5,138,-6.251291798606495,2.3903717578961645,0
0.15,1.5,221,-6.251291798606495,2.3903717578961645,0
0.15,1.5,304,-6.251291798606495,2.3903717578961645,0
0.15,1.5,368,-6.251291798606495,2.3903717578961645,0
0.15,1.5,386,-6.251291798606495,2.3903717578961645,0
0.15,1.5,469,-6.251291798606495,2.3903717578961645,0
0.15,1.5,552,-6.251291798606495,2.3903717578961645,0
0.15,1.5,138,-6.251291798606495,2.6403717578961645,0
0.15,1.5,221,-6.251291798606495,2.6403717578961645,0
0.15,1.5,304,-6.251291798606495,2.6403717578961645,0
0.15,1.5,368,-6.251291798606495,2.6403717578961645,0
0.15,1.5,386,-6.251291798606495,2.6403717578961645,0
0.15,1.5,469,-6.251291798606495,2.6403717578961645,0
0.15,1.5,552,-6.251291798606495,2.6403717578961645,0
0.15,1.5,138,-6.251291798606495,2.8903717578961645,0
0.15,1.5,221,-6.251291798606495,2.8903717578961645,0
0.15,1.5,304,-6.251291798606495,2.8903717578961645,0
0.15,1.5,368,-6.251291798606495,2.8903717578961645,0
0.15,1.5,386,-6.251291798606495,2.8903717578961645,0
0.15,1.5,469,-6.251291798606495,2.8903717578961645,2
0.15,1.5,552,-6.251291798606495,2.8903717578961645,483
0.15,1.5,138,-6.251291798606495,3.3903717578961645,0
0.15,1.5,221,-6.251291798606495,3.3903717578961645,0
0.15,1.5,304,-6.251291798606495,3.3903717578961645,0
0.15,1.5,368,-6.251291798606495,3.3903717578961645,0
0.15,1.5,386,-6.251291798606495,3.3903717578961645,0
0.15,1.5,469,-6.251291798606495,3.3903717578961645,2
0.15,1.5,552,-6.251291798606495,3.3903717578961645,6
0.15,1.5,138,-6.251291798606495,3.8903717578961645,0
0.15,1.5,221,-6.251291798606495,3.8903717578961645,0
0.15,1.5,304,-6.251291798606495,3.8903717578961645,0
0.15,1.5,368,-6.251291798606495,3.8903717578961645,0
0.15,1.5,386,-6.251291798606495,3.8903717578961645,0
0.15,1.5,469,-6.251291798606495,3.8903717578961645,3
0.15,1.5,552,-6.251291798606495,3.8903717578961645,6
0.15,1.5,138,-6.251291798606495,4.8903717578961645,0
0.15,1.5,221,-6.251291798606495,4.8903717578961645,0
0.15,1.5,304,-6.251291798606495,4.8903717578961645,0
0.15,1.5,368,-6.251291798606495,4.8903717578961645,1
0.15,1.5,386,-6.251291798606495,4.8903717578961645,0
0.15,1.5,469,-6.251291798606495,4.8903717578961645,3
0.15,1.5,552,-6.251291798606495,4.8903717578961645,5
0.15,1.5,138,-5.251291798606495,1.8903717578961645,0
0.15,1.5,221,-5.251291798606495,1.8903717578961645,0
0.15,1.5,304,-5.251291798606495,1.8903717578961645,0
0.15,1.5,368,-5.251291798606495,1.8903717578961645,0
0.15,1.5,386,-5.251291798606495,1.8903717578961645,0
0.15,1.5,469,-5.251291798606495,1.8903717578961645,0
0.15,1.5,552,-5.251291798606495,1.8903717578961645,0
0.15,1.5,138,-5.251291798606495,2.3903717578961645,0
0.15,1.5,221,-5.251291798606495,2.3903717578961645,0
0.15,1.5,304,-5.251291798606495,2.3903717578961645,0
0.15,1.5,368,-5.251291798606495,2.3903717578961645,0
0.15,1.5,386,-5.251291798606495,2.3903717578961645,0
0.15,1.5,469,-5.251291798606495,2.3903717578961645,0
0.15,1.5,552,-5.251291798606495,2.3903717578961645,0
0.15,1.5,138,-5.251291798606495,2.6403717578961645,0
0.15,1.5,221,-5.251291798606495,2.6403717578961645,0
0.15,1.5,304,-5.251291798606495,2.6403717578961645,0
0.15,1.5,368,-5.251291798606495,2.6403717578961645,0
0.15,1.5,386,-5.251291798606495,2.6403717578961645,0
0.15,1.5,469,-5.251291798606495,2.6403717578961645,0
0.15,1.5,552,-5.251291798606495,2.6403717578961645,0
0.15,1.5,138,-5.251291798606495,2.8903717578961645,0
0.15,1.5,221,-5.251291798606495,2.8903717578961645,0
0.15,1.5,304,-5.251291798606495,2.8903717578961645,0
0.15,1.5,368,-5.251291798606495,2.8903717578961645,0
0.15,1.5,386,-5.251291798606495,2.8903717578961645,0
0.15,1.5,469,-5.251291798606495,2.8903717578961645,2
0.15,1.5,552,-5.251291798606495,2.8903717578961645,483
0.15,1.5,138,-5.251291798606495,3.3903717578961645,0
0.15,1.5,221,-5.251291798606495,3.3903717578961645,0
0.15,1.5,304,-5.251291798606495,3.3903717578961645,0
0.15,1.5,368,-5.251291798606495,3.3903717578961645,0
0.15,1.5,386,-5.251291798606495,3.3903717578961645,0
0.15,1.5,469,-5.251291798606495,3.3903717578961645,2
0.15,1.5,552,-5.251291798606495,3.3903717578961645,6
0.15,1.5,138,-5.251291798606495,3.8903717578961645,0
0.15,1.5,221,-5.251291798606495,3.8903717578961645,0
0.15,1.5,304,-5.251291798606495,3.8903717578961645,0
0.15,1.5,368,-5.251291798606495,3.8903717578961645,0
0.15,1.5,386,-5.251291798606495,3.8903717578961645,0
0.15,1.5,469,-5.251291798606495,3.8903717578961645,3
0.15,1.5,552,-5.251291798606495,3.8903717578961645,6
0.15,1.5,138,-5.251291798606495,4.8903717578961645,0
0.15,1.5,221,-5.251291798606495,4.8903717578961645,0
0.15,1.5,304,-5.251291798606495,4.8903717578961645,0
0.15,1.5,368,-5.251291798606495,4.8903717578961645,1
0.15,1.5,386,-5.251291798606495,4.8903717578961645,0
0.15,1.5,469,-5.251291798606495,4.8903717578961645,3
0.15,1.5,552,-5.251291798606495,4.8903717578961645,5
0.15,1.5,138,-4.251291798606495,1.8903717578961645,0
0.15,1.5,221,-4.251291798606495,1.8903717578961645,0
0.15,1.5,304,-4.251291798606495,1.8903717578961645,0
0.15,1.5,368,-4.251291798606495,1.8903717578961645,0
0.15,1.5,386,-4.251291798606495,1.8903717578961645,0
0.15,1.5,469,-4.251291798606495,1.8903717578961645,0
0.15,1.5,552,-4.251291798606495,1.8903717578961645,0
0.15,1.5,138,-4.251291798606495,2.3903717578961645,0
0.15,1.5,221,-4.251291798606495,2.3903717578961645,0
0.15,1.5,304,-4.251291798606495,2.3903717578961645,0
0.15,1.5,368,-4.251291798606495,2.3903717578961645,0
0.15,1.5,386,-4.251291798606495,2.3903717578961645,0
0.15,1.5,469,-4.251291798606495,2.3903717578961645,0
0.15,1.5,552,-4.251291798606495,2.3903717578961645,0
0.15,1.5,138,-4.251291798606495,2.6403717578961645,0
0.15,1.5,221,-4.251291798606495,2.6403717578961645,0
0.15,1.5,304,-4.251291798606495,2.6403717578961645,0
0.15,1.5,368,-4.251291798606495,2.6403717578961645,0
0.15,1.5,386,-4.251291798606495,2.6403717578961645,0
0.15,1.5,469,-4.251291798606495,2.6403717578961645,0
0.15,1.5,552,-4.251291798606495,2.6403717578961645,0
0.15,1.5,138,-4.251291798606495,2.8903717578961645,0
0.15,1.5,221,-4.251291798606495,2.8903717578961645,0
0.15,1.5,304,-4.251291798606495,2.8903717578961645,0
0.15,1.5,368,-4.251291798606495,2.8903717578961645,0
0.15,1.5,386,-4.251291798606495,2.8903717578961645,0
0.15,1.5,469,-4.251291798606495,2.8903717578961645,2
0.15,1.5,552,-4.251291798606495,2.8903717578961645,483
0.15,1.5,138,-4.251291798606495,3.3903717578961645,0
0.15,1.5,221,-4.251291798606495,3.3903717578961645,0
0.15,1.5,304,-4.251291798606495,3.3903717578961645,0
0.15,1.5,368,-4.251291798606495,3.3903717578961645,0
0.15,1.5,386,-4.251291798606495,3.3903717578961645,0
0.15,1.5,469,-4.251291798606495,3.3903717578961645,3
0.15,1.5,552,-4.251291798606495,3.3903717578961645,6
0.15,1.5,138,-4.251291798606495,3.8903717578961645,0
0.15,1.5,221,-4.251291798606495,3.8903717578961645,0
0.15,1.5,304,-4.251291798606495,3.8903717578961645,0
0.15,1.5,368,-4.251291798606495,3.8903717578961645,0
0.15,1.5,386,-4.251291798606495,3.8903717578961645,0
0.15,1.5,469,-4.251291798606495,3.8903717578961645,3
0.15,1.5,552,-4.251291798606495,3.8903717578961645,6
0.15,1.5,138,-4.251291798606495,4.8903717578961645,0
0.15,1.5,221,-4.251291798606495,4.8903717578961645,0
0.15,1.5,304,-4.251291798606495,4.8903717578961645,0
0.15,1.5,368,-4.251291798606495,4.8903717578961645,0
0.15,1.5,386,-4.251291798606495,4.8903717578961645,0
0.15,1.5,469,-4.251291798606495,4.8903717578961645,3
0.15,1.5,552,-4.251291798606495,4.8903717578961645,5
0.15,1.5,138,-3.251291798606495,1.8903717578961645,0
0.15,1.5,221,-3.251291798606495,1.8903717578961645,0
0.15,1.5,304,-3.251291798606495,1.8903717578961645,0
0.15,1.5,368,-3.251291798606495,1.8903717578961645,0
0.15,1.5,386,-3.251291798606495,1.8903717578961645,0
0.15,1.5,469,-3.251291798606495,1.8903717578961645,0
0.15,1.5,552,-3.251291798606495,1.8903717578961645,0
0.15,1.5,138,-3.251291798606495,2.3903717578961645,0
0.15,1.5,221,-3.251291798606495,2.3903717578961645,0
0.15,1.5,304,-3.251291798606495,2.3903717578961645,0
0.15,1.5,368,-3.251291798606495,2.3903717578961645,0
0.15,1.5,386,-3.251291798606495,2.3903717578961645,0
0.15,1.5,469,-3.251291798606495,2.3903717578961645,0
0.15,1.5,552,-3.251291798606495,2.3903717578961645,0
0.15,1.5,138,-3.251291798606495,2.6403717578961645,0
0.15,1.5,221,-3.251291798606495,2.6403717578961645,0
0.15,1.5,304,-3.251291798606495,2.6403717578961645,0
0.15,1.5,368,-3.251291798606495,2.6403717578961645,0
0.15,1.5,386,-3.251291798606495,2.6403717578961645,0
0.15,1.5,469,-3.251291798606495,2.6403717578961645,0
0.15,1.5,552,-3.251291798606495,2.6403717578961645,0
0.15,1.5,138,-3.251291798606495,2.8903717578961645,0
0.15,1.5,221,-3.251291798606495,2.8903717578961645,0
0.15,1.5,304,-3.251291798606495,2.8903717578961645,0
0.15,1.5,368,-3.251291798606495,2.8903717578961645,0
0.15,1.5,386,-3.251291798606495,2.8903717578961645,0
0.15,1.5,469,-3.251291798606495,2.8903717578961645,1
0.15,1.5,552,-3.251291798606495,2.8903717578961645,483
0.15,1.5,138,-3.251291798606495,3.3903717578961645,0
0.15,1.5,221,-3.251291798606495,3.3903717578961645,0
0.15,1.5,304,-3.251291798606495,3.3903717578961645,0
0.15,1.5,368,-3.251291798606495,3.3903717578961645,0
0.15,1.5,386,-3.251291798606495,3.3903717578961645,0
0.15,1.5,469,-3.251291798606495,3.3903717578961645,3
0.15,1.5,552,-3.251291798606495,3.3903717578961645,6
0.15,1.5,138,-3.251291798606495,3.8903717578961645,0
0.15,1.5,221,-3.251291798606495,3.8903717578961645,0
0.15,1.5,304,-3.251291798606495,3.8903717578961645,0
0.15,1.5,368,-3.251291798606495,3.8903717578961645,0
0.15,1.5,386,-3.251291798606495,3.8903717578961645,0
0.15,1.5,469,-3.251291798606495,3.8903717578961645,2
0.15,1.5,552,-3.251291798606495,3.8903717578961645,5
0.15,1.5,138,-3.251291798606495,4.8903717578961645,0
0.15,1.5,221,-3.251291798606495,4.8903717578961645,0
0.15,1.5,304,-3.251291798606495,4.8903717578961645,0
0.15,1.5,368,-3.251291798606495,4.8903717578961645,0
0.15,1.5,386,-3.251291798606495,4.8903717578961645,1
0.15,1.5,469,-3.251291798606495,4.8903717578961645,2
0.15,1.5,552,-3.251291798606495,4.8903717578961645,6
0.15,1.5,138,-2.251291798606495,1.8903717578961645,0
0.15,1.5,221,-2.251291798606495,1.8903717578961645,0
0.15,1.5,304,-2.251291798606495,1.8903717578961645,0
0.15,1.5,368,-2.251291798606495,1.8903717578961645,0
0.15,1.5,386,-2.251291798606495,1.8903717578961645,0
0.15,1.5,469,-2.251291798606495,1.8903717578961645,0
0.15,1.5,552,-2.251291798606495,1.8903717578961645,0
0.15,1.5,138,-2.251291798606495,2.3903717578961645,0
0.15,1.5,221,-2.251291798606495,2.3903717578961645,0
0.15,1.5,304,-2.251291798606495,2.3903717578961645,0
0.15,1.5,368,-2.251291798606495,2.3903717578961645,0
0.15,1.5,386,-2.251291798606495,2.3903717578961645,0
0.15,1.5,469,-2.251291798606495,2.3903717578961645,0
0.15,1.5,552,-2.251291798606495,2.3903717578961645,0
0.15,1.5,138,-2.251291798606495,2.6403717578961645,0
0.15,1.5,221,-2.251291798606495,2.6403717578961645,0
0.15,1.5,304,-2.251291798606495,2.6403717578961645,0
0.15,1.5,368,-2.251291798606495,2.6403717578961645,0
0.15,1.5,386,-2.251291798606495,2.6403717578961645,0
0.15,1.5,469,-2.251291798606495,2.6403717578961645,0
0.15,1.5,552,-2.251291798606495,2.6403717578961645,0
0.15,1.5,138,-2.251291798606495,2.8903717578961645,0
0.15,1.5,221,-2.251291798606495,2.8903717578961645,0
0.15,1.5,304,-2.251291798606495,2.8903717578961645,0
0.15,1.5,368,-2.251291798606495,2.8903717578961645,0
0.15,1.5,386,-2.251291798606495,2.8903717578961645,0
0.15,1.5,469,-2.251291798606495,2.8903717578961645,0
0.15,1.5,552,-2.251291798606495,2.8903717578961645,0
0.15,1.5,138,-2.251291798606495,3.3903717578961645,0
0.15,1.5,221,-2.251291798606495,3.3903717578961645,0
0.15,1.5,304,-2.251291798606495,3.3903717578961645,0
0.15,1.5,368,-2.251291798606495,3.3903717578961645,0
0.15,1.5,386,-2.251291798606495,3.3903717578961645,0
0.15,1.5,469,-2.251291798606495,3.3903717578961645,0
0.15,1.5,552,-2.251291798606495,3.3903717578961645,1
0.15,1.5,138,-2.251291798606495,3.8903717578961645,0
0.15,1.5,221,-2.251291798606495,3.8903717578961645,0
0.15,1.5,304,-2.251291798606495,3.8903717578961645,0
0.15,1.5,368,-2.251291798606495,3.8903717578961645,0
0.15,1.5,386,-2.251291798606495,3.8903717578961645,0
0.15,1.5,469,-2.251291798606495,3.8903717578961645,0
0.15,1.5,552,-2.251291798606495,3.8903717578961645,1
0.15,1.5,138,-2.251291798606495,4.8903717578961645,0
0.15,1.5,221,-2.251291798606495,4.8903717578961645,0
0.15,1.5,304,-2.251291798606495,4.8903717578961645,0
0.15,1.5,368,-2.251291798606495,4.8903717578961645,0
0.15,1.5,386,-2.251291798606495,4.8903717578961645,0
0.15,1.5,469,-2.251291798606495,4.8903717578961645,0
0.15,1.5,552,-2.251291798606495,4.8903717578961645,2
0.15,1.5,138,-1.2512917986064949,1.8903717578961645,0
0.15,1.5,221,-1.2512917986064949,1.8903717578961645,0
0.15,1.5,304,-1.2512917986064949,1.8903717578961645,0
0.15,1.5,368,-1.2512917986064949,1.8903717578961645,0
0.15,1.5,386,-1.2512917986064949,1.8903717578961645,0
0.15,1.5,469,-1.2512917986064949,1.8903717578961645,0
0.15,1.5,552,-1.2512917986064949,1.8903717578961645,0
0.15,1.5,138,-1.2512917986064949,2.3903717578961645,0
0.15,1.5,221,-1.2512917986064949,2.3903717578961645,0
0.15,1.5,304,-1.2512917986064949,2.3903717578961645,0
0.15,1.5,368,-1.2512917986064949,2.3903717578961645,0
0.15,1.5,386,-1.2512917986064949,2.3903717578961645,0
0.15,1.5,469,-1.2512917986064949,2.3903717578961645,0
0.15,1.5,552,-1.2512917986064949,2.3903717578961645,0
0.15,1.5,138,-1.2512917986064949,2.6403717578961645,0
0.15,1.5,221,-1.2512917986064949,2.6403717578961645,0
0.15,1.5,304,-1.2512917986064949,2.6403717578961645,0
0.15,1.5,368,-1.2512917986064949,2.6403717578961645,0
0.15,1.5,386,-1.2512917986064949,2.6403717578961645,0
0.15,1.5,469,-1.2512917986064949,2.6403717578961645,0
0.15,1.5,552,-1.2512917986064949,2.6403717578961645,0
0.15,1.5,138,-1.2512917986064949,2.8903717578961645,0
0.15,1.5,221,-1.2512917986064949,2.8903717578961645,0
0.15,1.5,304,-1.2512917986064949,2.8903717578961645,0
0.15,1.5,368,-1.2512917986064949,2.8903717578961645,0
0.15,1.5,386,-1.2512917986064949,2.8903717578961645,0
0.15,1.5,469,-1.2512917986064949,2.8903717578961645,0
0.15,1.5,552,-1.2512917986064949,2.8903717578961645,0
0.15,1.5,138,-1.2512917986064949,3.3903717578961645,0
0.15,1.5,221,-1.2512917986064949,3.3903717578961645,0
0.15,1.5,304,-1.2512917986064949,3.3903717578961645,0
0.15,1.5,368,-1.2512917986064949,3.3903717578961645,0
0.15,1.5,386,-1.2512917986064949,3.3903717578961645,0
0.15,1.5,469,-1.2512917986064949,3.3903717578961645,0
0.15,1.5,552,-1.2512917986064949,3.3903717578961645,0
0.15,1.5,138,-1.2512917986064949,3.8903717578961645,0
0.15,1.5,221,-1.2512917986064949,3.8903717578961645,0
0.15,1.5,304,-1.2512917986064949,3.8903717578961645,0
0.15,1.5,368,-1.2512917986064949,3.8903717578961645,0
0.15,1.5,386,-1.2512917986064949,3.8903717578961645,0
0.15,1.5,469,-1.2512917986064949,3.8903717578961645,0
0.15,1.5,552,-1.2512917986064949,3.8903717578961645,0
0.15,1.5,138,-1.2512917986064949,4.8903717578961645,0
0.15,1.5,221,-1.2512917986064949,4.8903717578961645,0
0.15,1.5,304,-1.2512917986064949,4.8903717578961645,0
0.15,1.5,368,-1.2512917986064949,4.8903717578961645,0
0.15,1.5,386,-1.2512917986064949,4.8903717578961645,0
0.15,1.5,469,-1.2512917986064949,4.8903717578961645,0
0.15,1.5,552,-1.2512917986064949,4.8903717578961645,0
0.15,2.0,184,-8.251291798606495,1.8903717578961645,0
0.15,2.0,294,-8.251291798606495,1.8903717578961645,0
0.15,2.0,368,-8.251291798606495,1.8903717578961645,0
0.15,2.0,405,-8.251291798606495,1.8903717578961645,0
0.15,2.0,515,-8.251291798606495,1.8903717578961645,0
0.15,2.0,626,-8.251291798606495,1.8903717578961645,0
0.15,2.0,736,-8.251291798606495,1.8903717578961645,0
0.15,2.0,184,-8.251291798606495,2.3903717578961645,0
0.15,2.0,294,-8.251291798606495,2.3903717578961645,0
0.15,2.0,368,-8.251291798606495,2.3903717578961645,0
0.15,2.0,405,-8.251291798606495,2.3903717578961645,0
0.15,2.0,515,-8.251291798606495,2.3903717578961645,0
0.15,2.0,626,-8.251291798606495,2.3903717578961645,0
0.15,2.0,736,-8.251291798606495,2.3903717578961645,0
0.15,2.0,184,-8.251291798606495,2.6403717578961645,0
0.15,2.0,294,-8.251291798606495,2.6403717578961645,0
0.15,2.0,368,-8.251291798606495,2.6403717578961645,0
0.15,2.0,405,-8.251291798606495,2.6403717578961645,0
0.15,2.0,515,-8.251291798606495,2.6403717578961645,0
0.15,2.0,626,-8.251291798606495,2.6403717578961645,0
0.15,2.0,736,-8.251291798606495,2.6403717578961645,0
0.15,2.0,184,-8.251291798606495,2.8903717578961645,0
0.15,2.0,294,-8.251291798606495,2.8903717578961645,0
0.15,2.0,368,-8.251291798606495,2.8903717578961645,0
0.15,2.0,405,-8.251291798606495,2.8903717578961645,0
0.15,2.0,515,-8.251291798606495,2.8903717578961645,450
0.15,2.0,626,-8.251291798606495,2.8903717578961645,548
0.15,2.0,736,-8.251291798606495,2.8903717578961645,645
0.15,2.0,184,-8.251291798606495,3.3903717578961645,0
0.15,2.0,294,-8.251291798606495,3.3903717578961645,0
0.15,2.0,368,-8.251291798606495,3.3903717578961645,0
0.15,2.0,405,-8.251291798606495,3.3903717578961645,1
0.15,2.0,515,-8.251291798606495,3.3903717578961645,4
0.15,2.0,626,-8.251291798606495,3.3903717578961645,551
0.15,2.0,736,-8.251291798606495,3.3903717578961645,648
0.15,2.0,184,-8.251291798606495,3.8903717578961645,0
0.15,2.0,294,-8.251291798606495,3.8903717578961645,0
0.15,2.0,368,-8.251291798606495,3.8903717578961645,0
0.15,2.0,405,-8.251291798606495,3.8903717578961645,1
0.15,2.0,515,-8.251291798606495,3.8903717578961645,4
0.15,2.0,626,-8.251291798606495,3.8903717578961645,9
0.15,2.0,736,-8.251291798606495,3.8903717578961645,649
0.15,2.0,184,-8.251291798606495,4.8903717578961645,0
0.15,2.0,294,-8.251291798606495,4.8903717578961645,0
0.15,2.0,368,-8.251291798606495,4.8903717578961645,1
0.15,2.0,405,-8.251291798606495,4.8903717578961645,1
0.15,2.0,515,-8.251291798606495,4.8903717578961645,4
0.15,2.0,626,-8.251291798606495,4.8903717578961645,8
0.15,2.0,736,-8.251291798606495,4.8903717578961645,13
0.15,2.0,184,-7.251291798606495,1.8903717578961645,0
0.15,2.0,294,-7.251291798606495,1.8903717578961645,0
0.15,2.0,368,-7.251291798606495,1.8903717578961645,0
0.15,2.0,405,-7.251291798606495,1.8903717578961645,0
0.15,2.0,515,-7.251291798606495,1.8903717578961645,0
0.15,2.0,626,-7.251291798606495,1.8903717578961645,0
0.15,2.0,736,-7.251291798606495,1.8903717578961645,0
0.15,2.0,184,-7.251291798606495,2.3903717578961645,0
0.15,2.0,294,-7.251291798606495,2.3903717578961645,0
0.15,2.0,368,-7.251291798606495,2.3903717578961645,0
0.15,2.0,405,-7.251291798606495,2.3903717578961645,0
0.15,2.0,515,-7.251291798606495,2.3903717578961645,0
0.15,2.0,626,-7.251291798606495,2.3903717578961645,0
0.15,2.0,736,-7.251291798606495,2.3903717578961645,0
0.15,2.0,184,-7.251291798606495,2.6403717578961645,0
0.15,2.0,294,-7.251291798606495,2.6403717578961645,0
0.15,2.0,368,-7.251291798606495,2.6403717578961645,0
0.15,2.0,405,-7.251291798606495,2.6403717578961645,0
0.15,2.0,515,-7.251291798606495,2.6403717578961645,0
0.15,2.0,626,-7.251291798606495,2.6403717578961645,0
0.15,2.0,736,-7.251291798606495,2.6403717578961645,0
0.15,2.0,184,-7.251291798606495,2.8903717578961645,0
0.15,2.0,294,-7.251291798606495,2.8903717578961645,0
0.15,2.0,368,-7.251291798606495,2.8903717578961645,0
0.15,2.0,405,-7.251291798606495,2.8903717578961645,0
0.15,2.0,515,-7.251291798606495,2.8903717578961645,450
0.15,2.0,626,-7.251291798606495,2.8903717578961645,548
0.15,2.0,736,-7.251291798606495,2.8903717578961645,645
0.15,2.0,184,-7.251291798606495,3.3903717578961645,0
0.15,2.0,294,-7.251291798606495,3.3903717578961645,0
0.15,2.0,368,-7.251291798606495,3.3903717578961645,0
0.15,2.0,405,-7.251291798606495,3.3903717578961645,1
0.15,2.0,515,-7.251291798606495,3.3903717578961645,4
0.15,2.0,626,-7.251291798606495,3.3903717578961645,551
0.15,2.0,736,-7.251291798606495,3.3903717578961645,648
0.15,2.0,184,-7.251291798606495,3.8903717578961645,0
0.15,2.0,294,-7.251291798606495,3.8903717578961645,0
0.15,2.0,368,-7.251291798606495,3.8903717578961645,0
0.15,2.0,405,-7.251291798606495,3.8903717578961645,1
0.15,2.0,515,-7.251291798606495,3.8903717578961645,4
0.15,2.0,626,-7.251291798606495,3.8903717578961645,9
0.15,2.0,736,-7.251291798606495,3.8903717578961645,649
0.15,2.0,184,-7.251291798606495,4.8903717578961645,0
0.15,2.0,294,-7.251291798606495,4.8903717578961645,0
0.15,2.0,368,-7.251291798606495,4.8903717578961645,1
0.15,2.0,405,-7.251291798606495,4.8903717578961645,1
0.15,2.0,515,-7.251291798606495,4.8903717578961645,4
0.15,2.0,626,-7.251291798606495,4.8903717578961645,8
0.15,2.0,736,-7.251291798606495,4.8903717578961645,13
0.15,2.0,184,-6.251291798606495,1.8903717578961645,0
0.15,2.0,294,-6.251291798606495,1.8903717578961645,0
0.15,2.0,368,-6.251291798606495,1.8903717578961645,0
0.15,2.0,405,-6.251291798606495,1.8903717578961645,0
0.15,2.0,515,-6.251291798606495,1.8903717578961645,0
0.15,2.0,626,-6.251291798606495,1.8903717578961645,0
0.15,2.0,736,-6.251291798606495,1.8903717578961645,0
0.15,2.0,184,-6.251291798606495,2.3903717578961645,0
0.15,2.0,294,-6.251291798606495,2.3903717578961645,0
0.15,2.0,368,-6.251291798606495,2.3903717578961645,0
0.15,2.0,405,-6.251291798606495,2.3903717578961645,0
0.15,2.0,515,-6.251291798606495,2.3903717578961645,0
0.15,2.0,626,-6.251291798606495,2.3903717578961645,0
0.15,2.0,736,-6.251291798606495,2.3903717578961645,0
0.15,2.0,184,-6.251291798606495,2.6403717578961645,0
0.15,2.0,294,-6.251291798606495,2.6403717578961645,0
0.15,2.0,368,-6.251291798606495,2.6403717578961645,0
0.15,2.0,405,-6.251291798606495,2.6403717578961645,0
0.15,2.0,515,-6.251291798606495,2.6403717578961645,0
0.15,2.0,626,-6.251291798606495,2.6403717578961645,0
0.15,2.0,736,-6.251291798606495,2.6403717578961645,0
0.15,2.0,184,-6.251291798606495,2.8903717578961645,0
0.15,2.0,294,-6.251291798606495,2.8903717578961645,0
0.15,2.0,368,-6.251291798606495,2.8903717578961645,0
0.15,2.0,405,-6.251291798606495,2.8903717578961645,0
0.15,2.0,515,-6.251291798606495,2.8903717578961645,450
0.15,2.0,626,-6.251291798606495,2.8903717578961645,548
0.15,2.0,736,-6.251291798606495,2.8903717578961645,645
0.15,2.0,184,-6.251291798606495,3.3903717578961645,0
0.15,2.0,294,-6.251291798606495,3.3903717578961645,0
0.15,2.0,368,-6.251291798606495,3.3903717578961645,0
0.15,2.0,405,-6.251291798606495,3.3903717578961645,1
0.15,2.0,515,-6.251291798606495,3.3903717578961645,4
0.15,2.0,626,-6.251291798606495,3.3903717578961645,551
0.15,2.0,736,-6.251291798606495,3.3903717578961645,648
0.15,2.0,184,-6.251291798606495,3.8903717578961645,0
0.15,2.0,294,-6.251291798606495,3.8903717578961645,0
0.15,2.0,368,-6.251291798606495,3.8903717578961645,0
0.15,2.0,405,-6.251291798606495,3.8903717578961645,1
0.15,2.0,515,-6.251291798606495,3.8903717578961645,4
0.15,2.0,626,-6.251291798606495,3.8903717578961645,9
0.15,2.0,736,-6.251291798606495,3.8903717578961645,649
0.15,2.0,184,-6.251291798606495,4.8903717578961645,0
0.15,2.0,294,-6.251291798606495,4.8903717578961645,0
0.15,2.0,368,-6.251291798606495,4.8903717578961645,1
0.15,2.0,405,-6.251291798606495,4.8903717578961645,1
0.15,2.0,515,-6.251291798606495,4.8903717578961645,4
0.15,2.0,626,-6.251291798606495,4.8903717578961645,8
0.15,2.0,736,-6.251291798606495,4.8903717578961645,13
0.15,2.0,184,-5.251291798606495,1.8903717578961645,0
0.15,2.0,294,-5.251291798606495,1.8903717578961645,0
0.15,2.0,368,-5.251291798606495,1.8903717578961645,0
0.15,2.0,405,-5.251291798606495,1.8903717578961645,0
0.15,2.0,515,-5.251291798606495,1.8903717578961645,0
0.15,2.0,626,-5.251291798606495,1.8903717578961645,0
0.15,2.0,736,-5.251291798606495,1.8903717578961645,0
0.15,2.0,184,-5.251291798606495,2.3903717578961645,0
0.15,2.0,294,-5.251291798606495,2.3903717578961645,0
0.15,2.0,368,-5.251291798606495,2.3903717578961645,0
0.15,2.0,405,-5.251291798606495,2.3903717578961645,0
0.15,2.0,515,-5.251291798606495,2.3903717578961645,0
0.15,2.0,626,-5.251291798606495,2.3903717578961645,0
0.15,2.0,736,-5.251291798606495,2.3903717578961645,0
0.15,2.0,184,-5.251291798606495,2.6403717578961645,0
0.15,2.0,294,-5.251291798606495,2.6403717578961645,0
0.15,2.0,368,-5.251291798606495,2.6403717578961645,0
0.15,2.0,405,-5.251291798606495,2.6403717578961645,0
0.15,2.0,515,-5.251291798606495,2.6403717578961645,0
0.15,2.0,626,-5.251291798606495,2.6403717578961645,0
0.15,2.0,736,-5.251291798606495,2.6403717578961645,0
0.15,2.0,184,-5.251291798606495,2.8903717578961645,0
0.15,2.0,294,-5.251291798606495,2.8903717578961645,0
0.15,2.0,368,-5.251291798606495,2.8903717578961645,0
0.15,2.0,405,-5.251291798606495,2.8903717578961645,0
0.15,2.0,515,-5.251291798606495,2.8903717578961645,450
0.15,2.0,626,-5.251291798606495,2.8903717578961645,548
0.15,2.0,736,-5.251291798606495,2.8903717578961645,645
0.15,2.0,184,-5.251291798606495,3.3903717578961645,0
0.15,2.0,294,-5.251291798606495,3.3903717578961645,0
0.15,2.0,368,-5.251291798606495,3.3903717578961645,0
0.15,2.0,405,-5.251291798606495,3.3903717578961645,1
0.15,2.0,515,-5.251291798606495,3.3903717578961645,4
0.15,2.0,626,-5.251291798606495,3.3903717578961645,551
0.15,2.0,736,-5.251291798606495,3.3903717578961645,648
0.15,2.0,184,-5.251291798606495,3.8903717578961645,0
0.15,2.0,294,-5.251291798606495,3.8903717578961645,0
0.15,2.0,368,-5.251291798606495,3.8903717578961645,0
0.15,2.0,405,-5.251291798606495,3.8903717578961645,1
0.15,2.0,515,-5.251291798606495,3.8903717578961645,4
0.15,2.0,626,-5.251291798606495,3.8903717578961645,9
0.15,2.0,736,-5.251291798606495,3.8903717578961645,649
0.15,2.0,184,-5.251291798606495,4.8903717578961645,0
0.15,2.0,294,-5.251291798606495,4.8903717578961645,0
0.15,2.0,368,-5.251291798606495,4.8903717578961645,1
0.15,2.0,405,-5.251291798606495,4.8903717578961645,1
0.15,2.0,515,-5.251291798606495,4.8903717578961645,4
0.15,2.0,626,-5.251291798606495,4.8903717578961645,8
0.15,2.0,736,-5.251291798606495,4.8903717578961645,13
0.15,2.0,184,-4.251291798606495,1.8903717578961645,0
0.15,2.0,294,-4.251291798606495,1.8903717578961645,0
0.15,2.0,368,-4.251291798606495,1.8903717578961645,0
0.15,2.0,405,-4.251291798606495,1.8903717578961645,0
0.15,2.0,515,-4.251291798606495,1.8903717578961645,0
0.15,2.0,626,-4.251291798606495,1.8903717578961645,0
0.15,2.0,736,-4.251291798606495,1.8903717578961645,0
0.15,2.0,184,-4.251291798606495,2.3903717578961645,0
0.15,2.0,294,-4.251291798606495,2.3903717578961645,0
0.15,2.0,368,-4.251291798606495,2.3903717578961645,0
0.15,2.0,405,-4.251291798606495,2.3903717578961645,0
0.15,2.0,515,-4.251291798606495,2.3903717578961645,0
0.15,2.0,626,-4.251291798606495,2.3903717578961645,0
0.15,2.0,736,-4.251291798606495,2.3903717578961645,0
0.15,2.0,184,-4.251291798606495,2.6403717578961645,0
0.15,2.0,294,-4.251291798606495,2.6403717578961645,0
0.15,2.0,368,-4.251291798606495,2.6403717578961645,0
0.15,2.0,405,-4.251291798606495,2.6403717578961645,0
0.15,2.0,515,-4.251291798606495,2.6403717578961645,0
0.15,2.0,626,-4.251291798606495,2.6403717578961645,0
0.15,2.0,736,-4.251291798606495,2.6403717578961645,0
0.15,2.0,184,-4.251291798606495,2.8903717578961645,0
0.15,2.0,294,-4.251291798606495,2.8903717578961645,0
0.15,2.0,368,-4.251291798606495,2.8903717578961645,0
0.15,2.0,405,-4.251291798606495,2.8903717578961645,0
0.15,2.0,515,-4.251291798606495,2.8903717578961645,450
0.15,2.0,626,-4.251291798606495,2.8903717578961645,548
0.15,2.0,736,-4.251291798606495,2.8903717578961645,645
0.15,2.0,184,-4.251291798606495,3.3903717578961645,0
0.15,2.0,294,-4.251291798606495,3.3903717578961645,0
0.15,2.0,368,-4.251291798606495,3.3903717578961645,0
0.15,2.0,405,-4.251291798606495,3.3903717578961645,1
0.15,2.0,515,-4.251291798606495,3.3903717578961645,4
0.15,2.0,626,-4.251291798606495,3.3903717578961645,551
0.15,2.0,736,-4.251291798606495,3.3903717578961645,649
0.15,2.0,184,-4.251291798606495,3.8903717578961645,0
0.15,2.0,294,-4.251291798606495,3.8903717578961645,0
0.15,2.0,368,-4.251291798606495,3.8903717578961645,0
0.15,2.0,405,-4.251291798606495,3.8903717578961645,1
0.15,2.0,515,-4.251291798606495,3.8903717578961645,4
0.15,2.0,626,-4.251291798606495,3.8903717578961645,9
0.15,2.0,736,-4.251291798606495,3.8903717578961645,650
0.15,2.0,184,-4.251291798606495,4.8903717578961645,0
0.15,2.0,294,-4.251291798606495,4.8903717578961645,0
0.15,2.0,368,-4.251291798606495,4.8903717578961645,0
0.15,2.0,405,-4.251291798606495,4.8903717578961645,1
0.15,2.0,515,-4.251291798606495,4.8903717578961645,4
0.15,2.0,626,-4.251291798606495,4.8903717578961645,8
0.15,2.0,736,-4.251291798606495,4.8903717578961645,12
0.15,2.0,184,-3.251291798606495,1.8903717578961645,0
0.15,2.0,294,-3.251291798606495,1.8903717578961645,0
0.15,2.0,368,-3.251291798606495,1.8903717578961645,0
0.15,2.0,405,-3.251291798606495,1.8903717578961645,0
0.15,2.0,515,-3.251291798606495,1.8903717578961645,0
0.15,2.0,626,-3.251291798606495,1.8903717578961645,0
0.15,2.0,736,-3.251291798606495,1.8903717578961645,0
0.15,2.0,184,-3.251291798606495,2.3903717578961645,0
0.15,2.0,294,-3.251291798606495,2.3903717578961645,0
0.15,2.0,368,-3.251291798606495,2.3903717578961645,0
0.15,2.0,405,-3.251291798606495,2.3903717578961645,0
0.15,2.0,515,-3.251291798606495,2.3903717578961645,0
0.15,2.0,626,-3.251291798606495,2.3903717578961645,0
0.15,2.0,736,-3.251291798606495,2.3903717578961645,0
0.15,2.0,184,-3.251291798606495,2.6403717578961645,0
0.15,2.0,294,-3.251291798606495,2.6403717578961645,0
0.15,2.0,368,-3.251291798606495,2.6403717578961645,0
0.15,2.0,405,-3.251291798606495,2.6403717578961645,0
0.15,2.0,515,-3.251291798606495,2.6403717578961645,0
0.15,2.0,626,-3.251291798606495,2.6403717578961645,0
0.15,2.0,736,-3.251291798606495,2.6403717578961645,0
0.15,2.0,184,-3.251291798606495,2.8903717578961645,0
0.15,2.0,294,-3.251291798606495,2.8903717578961645,0
0.15,2.0,368,-3.251291798606495,2.8903717578961645,0
0.15,2.0,405,-3.251291798606495,2.8903717578961645,0
0.15,2.0,515,-3.251291798606495,2.8903717578961645,3
0.15,2.0,626,-3.251291798606495,2.8903717578961645,548
0.15,2.0,736,-3.251291798606495,2.8903717578961645,646
0.15,2.0,184,-3.251291798606495,3.3903717578961645,0
0.15,2.0,294,-3.251291798606495,3.3903717578961645,0
0.15,2.0,368,-3.251291798606495,3.3903717578961645,0
0.15,2.0,405,-3.251291798606495,3.3903717578961645,1
0.15,2.0,515,-3.251291798606495,3.3903717578961645,4
0.15,2.0,626,-3.251291798606495,3.3903717578961645,552
0.15,2.0,736,-3.251291798606495,3.3903717578961645,650
0.15,2.0,184,-3.251291798606495,3.8903717578961645,0
0.15,2.0,294,-3.251291798606495,3.8903717578961645,0
0.15,2.0,368,-3.251291798606495,3.8903717578961645,0
0.15,2.0,405,-3.251291798606495,3.8903717578961645,0
0.15,2.0,515,-3.251291798606495,3.8903717578961645,4
0.15,2.0,626,-3.251291798606495,3.8903717578961645,8
0.15,2.0,736,-3.251291798606495,3.8903717578961645,652
0.15,2.0,184,-3.251291798606495,4.8903717578961645,0
0.15,2.0,294,-3.251291798606495,4.8903717578961645,0
0.15,2.0,368,-3.251291798606495,4.8903717578961645,0
0.15,2.0,405,-3.251291798606495,4.8903717578961645,0
0.15,2.0,515,-3.251291798606495,4.8903717578961645,4
0.15,2.0,626,-3.251291798606495,4.8903717578961645,8
0.15,2.0,736,-3.251291798606495,4.8903717578961645,14
0.15,2.0,184,-2.251291798606495,1.8903717578961645,0
0.15,2.0,294,-2.251291798606495,1.8903717578961645,0
0.15,2.0,368,-2.251291798606495,1.8903717578961645,0
0.15,2.0,405,-2.251291798606495,1.8903717578961645,0
0.15,2.0,515,-2.251291798606495,1.8903717578961645,0
0.15,2.0,626,-2.251291798606495,1.8903717578961645,0
0.15,2.0,736,-2.251291798606495,1.8903717578961645,0
0.15,2.0,184,-2.251291798606495,2.3903717578961645,0
0.15,2.0,294,-2.251291798606495,2.3903717578961645,0
0.15,2.0,368,-2.251291798606495,2.3903717578961645,0
0.15,2.0,405,-2.251291798606495,2.3903717578961645,0
0.15,2.0,515,-2.251291798606495,2.3903717578961645,0
0.15,2.0,626,-2.251291798606495,2.3903717578961645,0
0.15,2.0,736,-2.251291798606495,2.3903717578961645,0
0.15,2.0,184,-2.251291798606495,2.6403717578961645,0
0.15,2.0,294,-2.251291798606495,2.6403717578961645,0
0.15,2.0,368,-2.251291798606495,2.6403717578961645,0
0.15,2.0,405,-2.251291798606495,2.6403717578961645,0
0.15,2.0,515,-2.251291798606495,2.6403717578961645,0
0.15,2.0,626,-2.251291798606495,2.6403717578961645,0
0.15,2.0,736,-2.251291798606495,2.6403717578961645,0
0.15,2.0,184,-2.251291798606495,2.8903717578961645,0
0.15,2.0,294,-2.251291798606495,2.8903717578961645,0
0.15,2.0,368,-2.251291798606495,2.8903717578961645,0
0.15,2.0,405,-2.251291798606495,2.8903717578961645,0
0.15,2.0,515,-2.251291798606495,2.8903717578961645,0
0.15,2.0,626,-2.251291798606495,2.8903717578961645,1
0.15,2.0,736,-2.251291798606495,2.8903717578961645,4
0.15,2.0,184,-2.251291798606495,3.3903717578961645,0
0.15,2.0,294,-2.251291798606495,3.3903717578961645,0
0.15,2.0,368,-2.251291798606495,3.3903717578961645,0
0.15,2.0,405,-2.251291798606495,3.3903717578961645,0
0.15,2.0,515,-2.251291798606495,3.3903717578961645,0
0.15,2.0,626,-2.251291798606495,3.3903717578961645,77
0.15,2.0,736,-2.251291798606495,3.3903717578961645,90
0.15,2.0,184,-2.251291798606495,3.8903717578961645,0
0.15,2.0,294,-2.251291798606495,3.8903717578961645,0
0.15,2.0,368,-2.251291798606495,3.8903717578961645,0
0.15,2.0,405,-2.251291798606495,3.8903717578961645,0
0.15,2.0,515,-2.251291798606495,3.8903717578961645,0
0.15,2.0,626,-2.251291798606495,3.8903717578961645,76
0.15,2.0,736,-2.251291798606495,3.8903717578961645,89
0.15,2.0,184,-2.251291798606495,4.8903717578961645,0
0.15,2.0,294,-2.251291798606495,4.8903717578961645,0
0.15,2.0,368,-2.251291798606495,4.8903717578961645,0
0.15,2.0,405,-2.251291798606495,4.8903717578961645,0
0.15,2.0,515,-2.251291798606495,4.8903717578961645,1
0.15,2.0,626,-2.251291798606495,4.8903717578961645,76
0.15,2.0,736,-2.251291798606495,4.8903717578961645,88
0.15,2.0,184,-1.2512917986064949,1.8903717578961645,0
0.15,2.0,294,-1.2512917986064949,1.8903717578961645,0
0.15,2.0,368,-1.2512917986064949,1.8903717578961645,0
0.15,2.0,405,-1.2512917986064949,1.8903717578961645,0
0.15,2.0,515,-1.2512917986064949,1.8903717578961645,0
0.15,2.0,626,-1.2512917986064949,1.8903717578961645,0
0.15,2.0,736,-1.2512917986064949,1.8903717578961645,0
0.15,2.0,184,-1.2512917986064949,2.3903717578961645,0
0.15,2.0,294,-1.2512917986064949,2.3903717578961645,0
0.15,2.0,368,-1.2512917986064949,2.3903717578961645,0
0.15,2.0,405,-1.2512917986064949,2.3903717578961645,0
0.15,2.0,515,-1.2512917986064949,2.3903717578961645,0
0.15,2.0,626,-1.2512917986064949,2.3903717578961645,0
0.15,2.0,736,-1.2512917986064949,2.3903717578961645,0
0.15,2.0,184,-1.2512917986064949,2.6403717578961645,0
0.15,2.0,294,-1.2512917986064949,2.6403717578961645,0
0.15,2.0,368,-1.2512917986064949,2.6403717578961645,0
0.15,2.0,405,-1.2512917986064949,2.6403717578961645,0
0.15,2.0,515,-1.2512917986064949,2.6403717578961645,0
0.15,2.0,626,-1.2512917986064949,2.6403717578961645,0
0.15,2.0,736,-1.2512917986064949,2.6403717578961645,0
0.15,2.0,184,-1.2512917986064949,2.8903717578961645,0
0.15,2.0,294,-1.2512917986064949,2.8903717578961645,0
0.15,2.0,368,-1.2512917986064949,2.8903717578961645,0
0.15,2.0,405,-1.2512917986064949,2.8903717578961645,0
0.15,2.0,515,-1.2512917986064949,2.8903717578961645,0
0.15,2.0,626,-1.2512917986064949,2.8903717578961645,0
0.15,2.0,736,-1.2512917986064949,2.8903717578961645,0
0.15,2.0,184,-1.2512917986064949,3.3903717578961645,0
0.15,2.0,294,-1.2512917986064949,3.3903717578961645,0
0.15,2.0,368,-1.2512917986064949,3.3903717578961645,0
0.15,2.0,405,-1.2512917986064949,3.3903717578961645,0
0.15,2.0,515,-1.2512917986064949,3.3903717578961645,0
0.15,2.0,626,-1.2512917986064949,3.3903717578961645,0
0.15,2.0,736,-1.2512917986064949,3.3903717578961645,0
0.15,2.0,184,-1.2512917986064949,3.8903717578961645,0
0.15,2.0,294,-1.2512917986064949,3.8903717578961645,0
0.15,2.0,368,-1.2512917986064949,3.8903717578961645,0
0.15,2.0,405,-1.2512917986064949,3.8903717578961645,0
0.15,2.0,515,-1.2512917986064949,3.8903717578961645,0
0.15,2.0,626,-1.2512917986064949,3.8903717578961645,0
0.15,2.0,736,-1.2512917986064949,3.8903717578961645,0
0.15,2.0,184,-1.2512917986064949,4.8903717578961645,0
0.15,2.0,294,-1.2512917986064949,4.8903717578961645,0
0.15,2.0,368,-1.2512917986064949,4.8903717578961645,0
0.15,2.0,405,-1.2512917986064949,4.8903717578961645,0
0.15,2.0,515,-1.2512917986064949,4.8903717578961645,0
0.15,2.0,626,-1.2512917986064949,4.8903717578961645,0
0.15,2.0,736,-1.2512917986064949,4.8903717578961645,0
0.2,1.0,27,-8.251291798606495,1.8903717578961645,0
0.2,1.0,44,-8.251291798606495,1.8903717578961645,0
0.2,1.0,60,-8.251291798606495,1.8903717578961645,0
0.2,1.0,76,-8.251291798606495,1.8903717578961645,0
0.2,1.0,93,-8.251291798606495,1.8903717578961645,0
0.2,1.0,109,-8.251291798606495,1.8903717578961645,0
0.2,1.0,27,-8.251291798606495,2.3903717578961645,0
0.2,1.0,44,-8.251291798606495,2.3903717578961645,0
0.2,1.0,60,-8.251291798606495,2.3903717578961645,0
0.2,1.0,76,-8.251291798606495,2.3903717578961645,0
0.2,1.0,93,-8.251291798606495,2.3903717578961645,0
0.2,1.0,109,-8.251291798606495,2.3903717578961645,0
0.2,1.0,27,-8.251291798606495,2.6403717578961645,0
0.2,1.0,44,-8.251291798606495,2.6403717578961645,0
0.2,1.0,60,-8.251291798606495,2.6403717578961645,0
0.2,1.0,76,-8.251291798606495,2.6403717578961645,0
0.2,1.0,93,-8.251291798606495,2.6403717578961645,0
0.2,1.0,109,-8.251291798606495,2.6403717578961645,0
0.2,1.0,27,-8.251291798606495,2.8903717578961645,0
0.2,1.0,44,-8.251291798606495,2.8903717578961645,0
0.2,1.0,60,-8.251291798606495,2.8903717578961645,0
0.2,1.0,76,-8.251291798606495,2.8903717578961645,0
0.2,1.0,93,-8.251291798606495,2.8903717578961645,0
0.2,1.0,109,-8.251291798606495,2.8903717578961645,0
0.2,1.0,27,-8.251291798606495,3.3903717578961645,0
0.2,1.0,44,-8.251291798606495,3.3903717578961645,0
0.2,1.0,60,-8.251291798606495,3.3903717578961645,0
0.2,1.0,76,-8.251291798606495,3.3903717578961645,0
0.2,1.0,93,-8.251291798606495,3.3903717578961645,0
0.2,1.0,109,-8.251291798606495,3.3903717578961645,1
0.2,1.0,27,-8.251291798606495,3.8903717578961645,0
0.2,1.0,44,-8.251291798606495,3.8903717578961645,0
0.2,1.0,60,-8.251291798606495,3.8903717578961645,0
0.2,1.0,76,-8.251291798606495,3.8903717578961645,0
0.2,1.0,93,-8.251291798606495,3.8903717578961645,0
0.2,1.0,109,-8.251291798606495,3.8903717578961645,1
0.2,1.0,27,-8.251291798606495,4.8903717578961645,0
0.2,1.0,44,-8.251291798606495,4.8903717578961645,0
0.2,1.0,60,-8.251291798606495,4.8903717578961645,0
0.2,1.0,76,-8.251291798606495,4.8903717578961645,0
0.2,1.0,93,-8.251291798606495,4.8903717578961645,0
0.2,1.0,109,-8.251291798606495,4.8903717578961645,1
0.2,1.0,76,-7.251291798606495,1.8903717578961645,0
0.2,1.0,93,-7.251291798606495,1.8903717578961645,0
0.2,1.0,109,-7.251291798606495,1.8903717578961645,0
0.2,1.0,76,-7.251291798606495,2.3903717578961645,0
0.2,1.0,93,-7.251291798606495,2.3903717578961645,0
0.2,1.0,109,-7.251291798606495,2.3903717578961645,0
0.2,1.0,76,-7.251291798606495,2.6403717578961645,0
0.2,1.0,93,-7.251291798606495,2.6403717578961645,0
0.2,1.0,109,-7.251291798606495,2.6403717578961645,0
0.2,1.0,76,-7.251291798606495,2.8903717578961645,0
0.2,1.0,93,-7.251291798606495,2.8903717578961645,0
0.2,1.0,109,-7.251291798606495,2.8903717578961645,0
0.2,1.0,76,-7.251291798606495,3.3903717578961645,0
0.2,1.0,93,-7.251291798606495,3.3903717578961645,0
0.2,1.0,109,-7.251291798606495,3.3903717578961645,1
0.2,1.0,76,-7.251291798606495,3.8903717578961645,0
0.2,1.0,93,-7.251291798606495,3.8903717578961645,0
0.2,1.0,109,-7.251291798606495,3.8903717578961645,1
0.2,1.0,76,-7.251291798606495,4.8903717578961645,0
0.2,1.0,93,-7.251291798606495,4.8903717578961645,0
0.2,1.0,109,-7.251291798606495,4.8903717578961645,1
0.2,1.0,60,-6.251291798606495,1.8903717578961645,0
0.2,1.0,76,-6.251291798606495,1.8903717578961645,0
0.2,1.0,93,-6.251291798606495,1.8903717578961645,0
0.2,1.0,109,-6.251291798606495,1.8903717578961645,0
0.2,1.0,60,-6.251291798606495,2.3903717578961645,0
0.2,1.0,76,-6.251291798606495,2.3903717578961645,0
0.2,1.0,93,-6.251291798606495,2.3903717578961645,0
0.2,1.0,109,-6.251291798606495,2.3903717578961645,0
0.2,1.0,60,-6.251291798606495,2.6403717578961645,0
0.2,1.0,76,-6.251291798606495,2.6403717578961645,0
0.2,1.0,93,-6.251291798606495,2.6403717578961645,0
0.2,1.0,109,-6.251291798606495,2.6403717578961645,0
0.2,1.0,60,-6.251291798606495,2.8903717578961645,0
0.2,1.0,76,-6.251291798606495,2.8903717578961645,0
0.2,1.0,93,-6.251291798606495,2.8903717578961645,0
0.2,1.0,109,-6.251291798606495,2.8903717578961645,0
0.2,1.0,60,-6.251291798606495,3.3903717578961645,0
0.2,1.0,76,-6.251291798606495,3.3903717578961645,0
0.2,1.0,93,-6.251291798606495,3.3903717578961645,0
0.2,1.0,109,-6.251291798606495,3.3903717578961645,1
0.2,1.0,60,-6.251291798606495,3.8903717578961645,0
0.2,1.0,76,-6.251291798606495,3.8903717578961645,0
0.2,1.0,93,-6.251291798606495,3.8903717578961645,0
0.2,1.0,109,-6.251291798606495,3.8903717578961645,1
0.2,1.0,60,-6.251291798606495,4.8903717578961645,0
0.2,1.0,76,-6.251291798606495,4.8903717578961645,0
0.2,1.0,93,-6.251291798606495,4.8903717578961645,0
0.2,1.0,109,-6.251291798606495,4.8903717578961645,1
0.2,1.0,60,-5.251291798606495,1.8903717578961645,0
0.2,1.0,76,-5.251291798606495,1.8903717578961645,0
0.2,1.0,93,-5.251291798606495,1.8903717578961645,0
0.2,1.0,109,-5.251291798606495,1.8903717578961645,0
0.2,1.0,60,-5.251291798606495,2.3903717578961645,0
0.2,1.0,76,-5.251291798606495,2.3903717578961645,0
0.2,1.0,93,-5.251291798606495,2.3903717578961645,0
0.2,1.0,109,-5.251291798606495,2.3903717578961645,0
0.2,1.0,60,-5.251291798606495,2.6403717578961645,0
0.2,1.0,76,-5.251291798606495,2.6403717578961645,0
0.2,1.0,93,-5.251291798606495,2.6403717578961645,0
0.2,1.0,109,-5.251291798606495,2.6403717578961645,0
0.2,1.0,60,-5.251291798606495,2.8903717578961645,0
0.2,1.0,76,-5.251291798606495,2.8903717578961645,0
0.2,1.0,93,-5.251291798606495,2.8903717578961645,0
0.2,1.0,109,-5.251291798606495,2.8903717578961645,0
0.2,1.0,60,-5.251291798606495,3.3903717578961645,0
0.2,1.0,76,-5.251291798606495,3.3903717578961645,0
0.2,1.0,93,-5.251291798606495,3.3903717578961645,0
0.2,1.0,109,-5.251291798606495,3.3903717578961645,1
0.2,1.0,60,-5.251291798606495,3.8903717578961645,0
0.2,1.0,76,-5.251291798606495,3.8903717578961645,0
0.2,1.0,93,-5.251291798606495,3.8903717578961645,0
0.2,1.0,109,-5.251291798606495,3.8903717578961645,1
0.2,1.0,60,-5.251291798606495,4.8903717578961645,0
0.2,1.0,76,-5.251291798606495,4.8903717578961645,0
0.2,1.0,93,-5.251291798606495,4.8903717578961645,0
0.2,1.0,109,-5.251291798606495,4.8903717578961645,1
0.2,1.0,44,-4.251291798606495,1.8903717578961645,0
0.2,1.0,60,-4.251291798606495,1.8903717578961645,0
0.2,1.0,76,-4.251291798606495,1.8903717578961645,0
0.2,1.0,93,-4.251291798606495,1.8903717578961645,0
0.2,1.0,109,-4.251291798606495,1.8903717578961645,0
0.2,1.0,44,-4.251291798606495,2.3903717578961645,0
0.2,1.0,60,-4.251291798606495,2.3903717578961645,0
0.2,1.0,76,-4.251291798606495,2.3903717578961645,0
0.2,1.0,93,-4.251291798606495,2.3903717578961645,0
0.2,1.0,109,-4.251291798606495,2.3903717578961645,0
0.2,1.0,44,-4.251291798606495,2.6403717578961645,0
0.2,1.0,60,-4.251291798606495,2.6403717578961645,0
0.2,1.0,76,-4.251291798606495,2.6403717578961645,0
0.2,1.0,93,-4.251291798606495,2.6403717578961645,0
0.2,1.0,109,-4.251291798606495,2.6403717578961645,0
0.2,1.0,44,-4.251291798606495,2.8903717578961645,0
0.2,1.0,60,-4.251291798606495,2.8903717578961645,0
0.2,1.0,76,-4.251291798606495,2.8903717578961645,0
0.2,1.0,93,-4.251291798606495,2.8903717578961645,0
0.2,1.0,109,-4.251291798606495,2.8903717578961645,0
0.2,1.0,44,-4.251291798606495,3.3903717578961645,0
0.2,1.0,60,-4.251291798606495,3.3903717578961645,0
0.2,1.0,76,-4.251291798606495,3.3903717578961645,0
0.2,1.0,93,-4.251291798606495,3.3903717578961645,0
0.2,1.0,109,-4.251291798606495,3.3903717578961645,1
0.2,1.0,44,-4.251291798606495,3.8903717578961645,0
0.2,1.0,60,-4.251291798606495,3.8903717578961645,0
0.2,1.0,76,-4.251291798606495,3.8903717578961645,0
0.2,1.0,93,-4.251291798606495,3.8903717578961645,0
0.2,1.0,109,-4.251291798606495,3.8903717578961645,1
0.2,1.0,44,-4.251291798606495,4.8903717578961645,0
0.2,1.0,60,-4.251291798606495,4.8903717578961645,0
0.2,1.0,76,-4.251291798606495,4.8903717578961645,0
0.2,1.0,93,-4.251291798606495,4.8903717578961645,0
0.2,1.0,109,-4.251291798606495,4.8903717578961645,1
0.2,1.0,44,-3.251291798606495,1.8903717578961645,0
0.2,1.0,60,-3.251291798606495,1.8903717578961645,0
0.2,1.0,76,-3.251291798606495,1.8903717578961645,0
0.2,1.0,93,-3.251291798606495,1.8903717578961645,0
0.2,1.0,109,-3.251291798606495,1.8903717578961645,0
0.2,1.0,44,-3.251291798606495,2.3903717578961645,0
0.2,1.0,60,-3.251291798606495,2.3903717578961645,0
0.2,1.0,76,-3.251291798606495,2.3903717578961645,0
0.2,1.0,93,-3.251291798606495,2.3903717578961645,0
0.2,1.0,109,-3.251291798606495,2.3903717578961645,0
0.2,1.0,44,-3.251291798606495,2.6403717578961645,0
0.2,1.0,60,-3.251291798606495,2.6403717578961645,0
0.2,1.0,76,-3.251291798606495,2.6403717578961645,0
0.2,1.0,93,-3.251291798606495,2.6403717578961645,0
0.2,1.0,109,-3.251291798606495,2.6403717578961645,0
0.2,1.0,44,-3.251291798606495,2.8903717578961645,0
0.2,1.0,60,-3.251291798606495,2.8903717578961645,0
0.2,1.0,76,-3.251291798606495,2.8903717578961645,0
0.2,1.0,93,-3.251291798606495,2.8903717578961645,0
0.2,1.0,109,-3.251291798606495,2.8903717578961645,0
0.2,1.0,44,-3.251291798606495,3.3903717578961645,0
0.2,1.0,60,-3.251291798606495,3.3903717578961645,0
0.2,1.0,76,-3.251291798606495,3.3903717578961645,0
0.2,1.0,93,-3.251291798606495,3.3903717578961645,0
0.2,1.0,109,-3.251291798606495,3.3903717578961645,0
0.2,1.0,44,-3.251291798606495,3.8903717578961645,0
0.2,1.0,60,-3.251291798606495,3.8903717578961645,0
0.2,1.0,76,-3.251291798606495,3.8903717578961645,0
0.2,1.0,93,-3.251291798606495,3.8903717578961645,0
0.2,1.0,109,-3.251291798606495,3.8903717578961645,0
0.2,1.0,44,-3.251291798606495,4.8903717578961645,0
0.2,1.0,60,-3.251291798606495,4.8903717578961645,0
0.2,1.0,76,-3.251291798606495,4.8903717578961645,0
0.2,1.0,93,-3.251291798606495,4.8903717578961645,0
0.2,1.0,109,-3.251291798606495,4.8903717578961645,0
0.2,1.0,27,-2.251291798606495,1.8903717578961645,0
0.2,1.0,44,-2.251291798606495,1.8903717578961645,0
0.2,1.0,60,-2.251291798606495,1.8903717578961645,0
0.2,1.0,76,-2.251291798606495,1.8903717578961645,0
0.2,1.0,93,-2.251291798606495,1.8903717578961645,0
0.2,1.0,109,-2.251291798606495,1.8903717578961645,0
0.2,1.0,27,-2.251291798606495,2.3903717578961645,0
0.2,1.0,44,-2.251291798606495,2.3903717578961645,0
0.2,1.0,60,-2.251291798606495,2.3903717578961645,0
0.2,1.0,76,-2.251291798606495,2.3903717578961645,0
0.2,1.0,93,-2.251291798606495,2.3903717578961645,0
0.2,1.0,109,-2.251291798606495,2.3903717578961645,0
0.2,1.0,27,-2.251291798606495,2.6403717578961645,0
0.2,1.0,44,-2.251291798606495,2.6403717578961645,0
0.2,1.0,60,-2.251291798606495,2.6403717578961645,0
0.2,1.0,76,-2.251291798606495,2.6403717578961645,0
0.2,1.0,93,-2.251291798606495,2.6403717578961645,0
0.2,1.0,109,-2.251291798606495,2.6403717578961645,0
0.2,1.0,27,-2.251291798606495,2.8903717578961645,0
0.2,1.0,44,-2.251291798606495,2.8903717578961645,0
0.2,1.0,60,-2.251291798606495,2.8903717578961645,0
0.2,1.0,76,-2.251291798606495,2.8903717578961645,0
0.2,1.0,93,-2.251291798606495,2.8903717578961645,0
0.2,1.0,109,-2.251291798606495,2.8903717578961645,0
0.2,1.0,27,-2.251291798606495,3.3903717578961645,0
0.2,1.0,44,-2.251291798606495,3.3903717578961645,0
0.2,1.0,60,-2.251291798606495,3.3903717578961645,0
0.2,1.0,76,-2.251291798606495,3.3903717578961645,0
0.2,1.0,93,-2.251291798606495,3.3903717578961645,0
0.2,1.0,109,-2.251291798606495,3.3903717578961645,0
0.2,1.0,27,-2.251291798606495,3.8903717578961645,0
0.2,1.0,44,-2.251291798606495,3.8903717578961645,0
0.2,1.0,60,-2.251291798606495,3.8903717578961645,0
0.2,1.0,76,-2.251291798606495,3.8903717578961645,0
0.2,1.0,93,-2.251291798606495,3.8903717578961645,0
0.2,1.0,109,-2.251291798606495,3.8903717578961645,0
0.2,1.0,27,-2.251291798606495,4.8903717578961645,0
0.2,1.0,44,-2.251291798606495,4.8903717578961645,0
0.2,1.0,60,-2.251291798606495,4.8903717578961645,0
0.2,1.0,76,-2.251291798606495,4.8903717578961645,0
0.2,1.0,93,-2.251291798606495,4.8903717578961645,0
0.2,1.0,109,-2.251291798606495,4.8903717578961645,0
0.2,1.0,27,-1.2512917986064949,1.8903717578961645,0
0.2,1.0,44,-1.2512917986064949,1.8903717578961645,0
0.2,1.0,60,-1.2512917986064949,1.8903717578961645,0
0.2,1.0,76,-1.2512917986064949,1.8903717578961645,0
0.2,1.0,93,-1.2512917986064949,1.8903717578961645,0
0.2,1.0,109,-1.2512917986064949,1.8903717578961645,0
0.2,1.0,27,-1.2512917986064949,2.3903717578961645,0
0.2,1.0,44,-1.2512917986064949,2.3903717578961645,0
0.2,1.0,60,-1.2512917986064949,2.3903717578961645,0
0.2,1.0,76,-1.2512917986064949,2.3903717578961645,0
0.2,1.0,93,-1.2512917986064949,2.3903717578961645,0
0.2,1.0,109,-1.2512917986064949,2.3903717578961645,0
0.2,1.0,27,-1.2512917986064949,2.6403717578961645,0
0.2,1.0,44,-1.2512917986064949,2.6403717578961645,0
0.2,1.0,60,-1.2512917986064949,2.6403717578961645,0
0.2,1.0,76,-1.2512917986064949,2.6403717578961645,0
0.2,1.0,93,-1.2512917986064949,2.6403717578961645,0
0.2,1.0,109,-1.2512917986064949,2.6403717578961645,0
0.2,1.0,27,-1.2512917986064949,2.8903717578961645,0
0.2,1.0,44,-1.2512917986064949,2.8903717578961645,0
0.2,1.0,60,-1.2512917986064949,2.8903717578961645,0
0.2,1.0,76,-1.2512917986064949,2.8903717578961645,0
0.2,1.0,93,-1.2512917986064949,2.8903717578961645,0
0.2,1.0,109,-1.2512917986064949,2.8903717578961645,0
0.2,1.0,27,-1.2512917986064949,3.3903717578961645,0
0.2,1.0,44,-1.2512917986064949,3.3903717578961645,0
0.2,1.0,60,-1.2512917986064949,3.3903717578961645,0
0.2,1.0,76,-1.2512917986064949,3.3903717578961645,0
0.2,1.0,93,-1.2512917986064949,3.3903717578961645,0
0.2,1.0,109,-1.2512917986064949,3.3903717578961645,0
0.2,1.0,27,-1.2512917986064949,3.8903717578961645,0
0.2,1.0,44,-1.2512917986064949,3.8903717578961645,0
0.2,1.0,60,-1.2512917986064949,3.8903717578961645,0
0.2,1.0,76,-1.2512917986064949,3.8903717578961645,0
0.2,1.0,93,-1.2512917986064949,3.8903717578961645,0
0.2,1.0,109,-1.2512917986064949,3.8903717578961645,0
0.2,1.0,27,-1.2512917986064949,4.8903717578961645,0
0.2,1.0,44,-1.2512917986064949,4.8903717578961645,0
0.2,1.0,60,-1.2512917986064949,4.8903717578961645,0
0.2,1.0,76,-1.2512917986064949,4.8903717578961645,0
0.2,1.0,93,-1.2512917986064949,4.8903717578961645,0
0.2,1.0,109,-1.2512917986064949,4.8903717578961645,0
0.2,1.25,34,-8.251291798606495,1.8903717578961645,0
0.2,1.25,54,-8.251291798606495,1.8903717578961645,0
0.2,1.25,75,-8.251291798606495,1.8903717578961645,0
0.2,1.25,95,-8.251291798606495,1.8903717578961645,0
0.2,1.25,109,-8.251291798606495,1.8903717578961645,0
0.2,1.25,116,-8.251291798606495,1.8903717578961645,0
0.2,1.25,136,-8.251291798606495,1.8903717578961645,0
0.2,1.25,34,-8.251291798606495,2.3903717578961645,0
0.2,1.25,54,-8.251291798606495,2.3903717578961645,0
0.2,1.25,75,-8.251291798606495,2.3903717578961645,0
0.2,1.25,95,-8.251291798606495,2.3903717578961645,0
0.2,1.25,109,-8.251291798606495,2.3903717578961645,0
0.2,1.25,116,-8.251291798606495,2.3903717578961645,0
0.2,1.25,136,-8.251291798606495,2.3903717578961645,0
0.2,1.25,34,-8.251291798606495,2.6403717578961645,0
0.2,1.25,54,-8.251291798606495,2.6403717578961645,0
0.2,1.25,75,-8.251291798606495,2.6403717578961645,0
0.2,1.25,95,-8.251291798606495,2.6403717578961645,0
0.2,1.25,109,-8.251291798606495,2.6403717578961645,0
0.2,1.25,116,-8.251291798606495,2.6403717578961645,0
0.2,1.25,136,-8.251291798606495,2.6403717578961645,0
0.2,1.25,34,-8.251291798606495,2.8903717578961645,0
0.2,1.25,54,-8.251291798606495,2.8903717578961645,0
0.2,1.25,75,-8.251291798606495,2.8903717578961645,0
0.2,1.25,95,-8.251291798606495,2.8903717578961645,0
0.2,1.25,109,-8.251291798606495,2.8903717578961645,0
0.2,1.25,116,-8.251291798606495,2.8903717578961645,0
0.2,1.25,136,-8.251291798606495,2.8903717578961645,1
0.2,1.25,34,-8.251291798606495,3.3903717578961645,0
0.2,1.25,54,-8.251291798606495,3.3903717578961645,0
0.2,1.25,75,-8.251291798606495,3.3903717578961645,0
0.2,1.25,95,-8.251291798606495,3.3903717578961645,0
0.2,1.25,109,-8.251291798606495,3.3903717578961645,1
0.2,1.25,116,-8.251291798606495,3.3903717578961645,1
0.2,1.25,136,-8.251291798606495,3.3903717578961645,2
0.2,1.25,34,-8.251291798606495,3.8903717578961645,0
0.2,1.25,54,-8.251291798606495,3.8903717578961645,0
0.2,1.25,75,-8.251291798606495,3.8903717578961645,0
0.2,1.25,95,-8.251291798606495,3.8903717578961645,0
0.2,1.25,109,-8.251291798606495,3.8903717578961645,1
0.2,1.25,116,-8.251291798606495,3.8903717578961645,1
0.2,1.25,136,-8.251291798606495,3.8903717578961645,1
0.2,1.25,34,-8.251291798606495,4.8903717578961645,0
0.2,1.25,54,-8.251291798606495,4.8903717578961645,0
0.2,1.25,75,-8.251291798606495,4.8903717578961645,0
0.2,1.25,95,-8.251291798606495,4.8903717578961645,0
0.2,1.25,109,-8.251291798606495,4.8903717578961645,1
0.2,1.25,116,-8.251291798606495,4.8903717578961645,1
0.2,1.25,136,-8.251291798606495,4.8903717578961645,1
0.2,1.25,75,-7.251291798606495,1.8903717578961645,0
0.2,1.25,95,-7.251291798606495,1.8903717578961645,0
0.2,1.25,109,-7.251291798606495,1.8903717578961645,0
0.2,1.25,116,-7.251291798606495,1.8903717578961645,0
0.2,1.25,136,-7.251291798606495,1.8903717578961645,0
0.2,1.25,75,-7.251291798606495,2.3903717578961645,0
0.2,1.25,95,-7.251291798606495,2.3903717578961645,0
0.2,1.25,109,-7.251291798606495,2.3903717578961645,0
0.2,1.25,116,-7.251291798606495,2.3903717578961645,0
0.2,1.25,136,-7.251291798606495,2.3903717578961645,0
0.2,1.25,75,-7.251291798606495,2.6403717578961645,0
0.2,1.25,95,-7.251291798606495,2.6403717578961645,0
0.2,1.25,109,-7.251291798606495,2.6403717578961645,0
0.2,1.25,116,-7.251291798606495,2.6403717578961645,0
0.2,1.25,136,-7.251291798606495,2.6403717578961645,0
0.2,1.25,75,-7.251291798606495,2.8903717578961645,0
0.2,1.25,95,-7.251291798606495,2.8903717578961645,0
0.2,1.25,109,-7.251291798606495,2.8903717578961645,0
0.2,1.25,116,-7.251291798606495,2.8903717578961645,0
0.2,1.25,136,-7.251291798606495,2.8903717578961645,1
0.2,1.25,75,-7.251291798606495,3.3903717578961645,0
0.2,1.25,95,-7.251291798606495,3.3903717578961645,0
0.2,1.25,109,-7.251291798606495,3.3903717578961645,1
0.2,1.25,116,-7.251291798606495,3.3903717578961645,1
0.2,1.25,136,-7.251291798606495,3.3903717578961645,2
0.2,1.25,75,-7.251291798606495,3.8903717578961645,0
0.2,1.25,95,-7.251291798606495,3.8903717578961645,0
0.2,1.25,109,-7.251291798606495,3.8903717578961645,1
0.2,1.25,116,-7.251291798606495,3.8903717578961645,1
0.2,1.25,136,-7.251291798606495,3.8903717578961645,1
0.2,1.25,75,-7.251291798606495,4.8903717578961645,0
0.2,1.25,95,-7.251291798606495,4.8903717578961645,0
0.2,1.25,109,-7.251291798606495,4.8903717578961645,1
0.2,1.25,116,-7.251291798606495,4.8903717578961645,1
0.2,1.25,136,-7.251291798606495,4.8903717578961645,1
0.2,1.25,75,-6.251291798606495,1.8903717578961645,0
0.2,1.25,95,-6.251291798606495,1.8903717578961645,0
0.2,1.25,109,-6.251291798606495,1.8903717578961645,0
0.2,1.25,116,-6.251291798606495,1.8903717578961645,0
0.2,1.25,136,-6.251291798606495,1.8903717578961645,0
0.2,1.25,75,-6.251291798606495,2.3903717578961645,0
0.2,1.25,95,-6.251291798606495,2.3903717578961645,0
0.2,1.25,109,-6.251291798606495,2.3903717578961645,0
0.2,1.25,116,-6.251291798606495,2.3903717578961645,0
0.2,1.25,136,-6.251291798606495,2.3903717578961645,0
0.2,1.25,75,-6.251291798606495,2.6403717578961645,0
0.2,1.25,95,-6.251291798606495,2.6403717578961645,0
0.2,1.25,109,-6.251291798606495,2.6403717578961645,0
0.2,1.25,116,-6.251291798606495,2.6403717578961645,0
0.2,1.25,136,-6.251291798606495,2.6403717578961645,0
0.2,1.25,75,-6.251291798606495,2.8903717578961645,0
0.2,1.25,95,-6.251291798606495,2.8903717578961645,0
0.2,1.25,109,-6.251291798606495,2.8903717578961645,0
0.2,1.25,116,-6.251291798606495,2.8903717578961645,0
0.2,1.25,136,-6.251291798606495,2.8903717578961645,1
0.2,1.25,75,-6.251291798606495,3.3903717578961645,0
0.2,1.25,95,-6.251291798606495,3.3903717578961645,0
0.2,1.25,109,-6.251291798606495,3.3903717578961645,1
0.2,1.25,116,-6.251291798606495,3.3903717578961645,1
0.2,1.25,136,-6.251291798606495,3.3903717578961645,2
0.2,1.25,75,-6.251291798606495,3.8903717578961645,0
0.2,1.25,95,-6.251291798606495,3.8903717578961645,0
0.2,1.25,109,-6.251291798606495,3.8903717578961645,1
0.2,1.25,116,-6.251291798606495,3.8903717578961645,1
0.2,1.25,136,-6.251291798606495,3.8903717578961645,1
0.2,1.25,75,-6.251291798606495,4.8903717578961645,0
0.2,1.25,95,-6.251291798606495,4.8903717578961645,0
0.2,1.25,109,-6.251291798606495,4.8903717578961645,1
0.2,1.25,116,-6.251291798606495,4.8903717578961645,1
0.2,1.25,136,-6.251291798606495,4.8903717578961645,1
0.2,1.25,54,-5.251291798606495,1.8903717578961645,0
0.2,1.25,75,-5.251291798606495,1.8903717578961645,0
0.2,1.25,95,-5.251291798606495,1.8903717578961645,0
0.2,1.25,109,-5.251291798606495,1.8903717578961645,0
0.2,1.25,116,-5.251291798606495,1.8903717578961645,0
0.2,1.25,136,-5.251291798606495,1.8903717578961645,0
0.2,1.25,54,-5.251291798606495,2.3903717578961645,0
0.2,1.25,75,-5.251291798606495,2.3903717578961645,0
0.2,1.25,95,-5.251291798606495,2.3903717578961645,0
0.2,1.25,109,-5.251291798606495,2.3903717578961645,0
0.2,1.25,116,-5.251291798606495,2.3903717578961645,0
0.2,1.25,136,-5.251291798606495,2.3903717578961645,0
0.2,1.25,54,-5.251291798606495,2.6403717578961645,0
0.2,1.25,75,-5.251291798606495,2.6403717578961645,0
0.2,1.25,95,-5.251291798606495,2.6403717578961645,0
0.2,1.25,109,-5.251291798606495,2.6403717578961645,0
0.2,1.25,116,-5.251291798606495,2.6403717578961645,0
0.2,1.25,136,-5.251291798606495,2.6403717578961645,0
0.2,1.25,54,-5.251291798606495,2.8903717578961645,0
0.2,1.25,75,-5.251291798606495,2.8903717578961645,0
0.2,1.25,95,-5.251291798606495,2.8903717578961645,0
0.2,1.25,109,-5.251291798606495,2.8903717578961645,0
0.2,1.25,116,-5.251291798606495,2.8903717578961645,0
0.2,1.25,136,-5.251291798606495,2.8903717578961645,1
0.2,1.25,54,-5.251291798606495,3.3903717578961645,0
0.2,1.25,75,-5.251291798606495,3.3903717578961645,0
0.2,1.25,95,-5.251291798606495,3.3903717578961645,0
0.2,1.25,109,-5.251291798606495,3.3903717578961645,1
0.2,1.25,116,-5.251291798606495,3.3903717578961645,1
0.2,1.25,136,-5.251291798606495,3.3903717578961645,2
0.2,1.25,54,-5.251291798606495,3.8903717578961645,0
0.2,1.25,75,-5.251291798606495,3.8903717578961645,0
0.2,1.25,95,-5.251291798606495,3.8903717578961645,0
0.2,1.25,109,-5.251291798606495,3.8903717578961645,1
0.2,1.25,116,-5.251291798606495,3.8903717578961645,1
0.2,1.25,136,-5.251291798606495,3.8903717578961645,1
0.2,1.25,54,-5.251291798606495,4.8903717578961645,0
0.2,1.25,75,-5.251291798606495,4.8903717578961645,0
0.2,1.25,95,-5.251291798606495,4.8903717578961645,0
0.2,1.25,109,-5.251291798606495,4.8903717578961645,1
0.2,1.25,116,-5.251291798606495,4.8903717578961645,1
0.2,1.25,136,-5.251291798606495,4.8903717578961645,1
0.2,1.25,54,-4.251291798606495,1.8903717578961645,0
0.2,1.25,75,-4.251291798606495,1.8903717578961645,0
0.2,1.25,95,-4.251291798606495,1.8903717578961645,0
0.2,1.25,109,-4.251291798606495,1.8903717578961645,0
0.2,1.25,116,-4.251291798606495,1.8903717578961645,0
0.2,1.25,136,-4.251291798606495,1.8903717578961645,0
0.2,1.25,54,-4.251291798606495,2.3903717578961645,0
0.2,1.25,75,-4.251291798606495,2.3903717578961645,0
0.2,1.25,95,-4.251291798606495,2.3903717578961645,0
0.2,1.25,109,-4.251291798606495,2.3903717578961645,0
0.2,1.25,116,-4.251291798606495,2.3903717578961645,0
0.2,1.25,136,-4.251291798606495,2.3903717578961645,0
0.2,1.25,54,-4.251291798606495,2.6403717578961645,0
0.2,1.25,75,-4.251291798606495,2.6403717578961645,0
0.2,1.25,95,-4.251291798606495,2.6403717578961645,0
0.2,1.25,109,-4.251291798606495,2.6403717578961645,0
0.2,1.25,116,-4.251291798606495,2.6403717578961645,0
0.2,1.25,136,-4.251291798606495,2.6403717578961645,0
0.2,1.25,54,-4.251291798606495,2.8903717578961645,0
0.2,1.25,75,-4.251291798606495,2.8903717578961645,0
0.2,1.25,95,-4.251291798606495,2.8903717578961645,0
0.2,1.25,109,-4.251291798606495,2.8903717578961645,0
0.2,1.25,116,-4.251291798606495,2.8903717578961645,0
0.2,1.25,136,-4.251291798606495,2.8903717578961645,1
0.2,1.25,54,-4.251291798606495,3.3903717578961645,0
0.2,1.25,75,-4.251291798606495,3.3903717578961645,0
0.2,1.25,95,-4.251291798606495,3.3903717578961645,0
0.2,1.25,109,-4.251291798606495,3.3903717578961645,1
0.2,1.25,116,-4.251291798606495,3.3903717578961645,1
0.2,1.25,136,-4.251291798606495,3.3903717578961645,2
0.2,1.25,54,-4.251291798606495,3.8903717578961645,0
0.2,1.25,75,-4.251291798606495,3.8903717578961645,0
0.2,1.25,95,-4.251291798606495,3.8903717578961645,0
0.2,1.25,109,-4.251291798606495,3.8903717578961645,1
0.2,1.25,116,-4.251291798606495,3.8903717578961645,1
0.2,1.25,136,-4.251291798606495,3.8903717578961645,1
0.2,1.25,54,-4.251291798606495,4.8903717578961645,0
0.2,1.25,75,-4.251291798606495,4.8903717578961645,0
0.2,1.25,95,-4.251291798606495,4.8903717578961645,0
0.2,1.25,109,-4.251291798606495,4.8903717578961645,1
0.2,1.25,116,-4.251291798606495,4.8903717578961645,1
0.2,1.25,136,-4.251291798606495,4.8903717578961645,1
0.2,1.25,34,-3.251291798606495,1.8903717578961645,0
0.2,1.25,54,-3.251291798606495,1.8903717578961645,0
0.2,1.25,75,-3.251291798606495,1.8903717578961645,0
0.2,1.25,95,-3.251291798606495,1.8903717578961645,0
0.2,1.25,109,-3.251291798606495,1.8903717578961645,0
0.2,1.25,116,-3.251291798606495,1.8903717578961645,0
0.2,1.25,136,-3.251291798606495,1.8903717578961645,0
0.2,1.25,34,-3.251291798606495,2.3903717578961645,0
0.2,1.25,54,-3.251291798606495,2.3903717578961645,0
0.2,1.25,75,-3.251291798606495,2.3903717578961645,0
0.2,1.25,95,-3.251291798606495,2.3903717578961645,0
0.2,1.25,109,-3.251291798606495,2.3903717578961645,0
0.2,1.25,116,-3.251291798606495,2.3903717578961645,0
0.2,1.25,136,-3.251291798606495,2.3903717578961645,0
0.2,1.25,34,-3.251291798606495,2.6403717578961645,0
0.2,1.25,54,-3.251291798606495,2.6403717578961645,0
0.2,1.25,75,-3.251291798606495,2.6403717578961645,0
0.2,1.25,95,-3.251291798606495,2.6403717578961645,0
0.2,1.25,109,-3.251291798606495,2.6403717578961645,0
0.2,1.25,116,-3.251291798606495,2.6403717578961645,0
0.2,1.25,136,-3.251291798606495,2.6403717578961645,0
0.2,1.25,34,-3.251291798606495,2.8903717578961645,0
0.2,1.25,54,-3.251291798606495,2.8903717578961645,0
0.2,1.25,75,-3.251291798606495,2.8903717578961645,0
0.2,1.25,95,-3.251291798606495,2.8903717578961645,0
0.2,1.25,109,-3.251291798606495,2.8903717578961645,0
0.2,1.25,116,-3.251291798606495,2.8903717578961645,0
0.2,1.25,136,-3.251291798606495,2.8903717578961645,2
0.2,1.25,34,-3.251291798606495,3.3903717578961645,0
0.2,1.25,54,-3.251291798606495,3.3903717578961645,0
0.2,1.25,75,-3.251291798606495,3.3903717578961645,0
0.2,1.25,95,-3.251291798606495,3.3903717578961645,0
0.2,1.25,109,-3.251291798606495,3.3903717578961645,0
0.2,1.25,116,-3.251291798606495,3.3903717578961645,1
0.2,1.25,136,-3.251291798606495,3.3903717578961645,1
0.2,1.25,34,-3.251291798606495,3.8903717578961645,0
0.2,1.25,54,-3.251291798606495,3.8903717578961645,0
0.2,1.25,75,-3.251291798606495,3.8903717578961645,0
0.2,1.25,95,-3.251291798606495,3.8903717578961645,0
0.2,1.25,109,-3.251291798606495,3.8903717578961645,0
0.2,1.25,116,-3.251291798606495,3.8903717578961645,1
0.2,1.25,136,-3.251291798606495,3.8903717578961645,1
0.2,1.25,34,-3.251291798606495,4.8903717578961645,0
0.2,1.25,54,-3.251291798606495,4.8903717578961645,0
0.2,1.25,75,-3.251291798606495,4.8903717578961645,0
0.2,1.25,95,-3.251291798606495,4.8903717578961645,0
0.2,1.25,109,-3.251291798606495,4.8903717578961645,0
0.2,1.25,116,-3.251291798606495,4.8903717578961645,1
0.2,1.25,136,-3.251291798606495,4.8903717578961645,2
0.2,1.25,34,-2.251291798606495,1.8903717578961645,0
0.2,1.25,54,-2.251291798606495,1.8903717578961645,0
0.2,1.25,75,-2.251291798606495,1.8903717578961645,0
0.2,1.25,95,-2.251291798606495,1.8903717578961645,0
0.2,1.25,109,-2.251291798606495,1.8903717578961645,0
0.2,1.25,116,-2.251291798606495,1.8903717578961645,0
0.2,1.25,136,-2.251291798606495,1.8903717578961645,0
0.2,1.25,34,-2.251291798606495,2.3903717578961645,0
0.2,1.25,54,-2.251291798606495,2.3903717578961645,0
0.2,1.25,75,-2.251291798606495,2.3903717578961645,0
0.2,1.25,95,-2.251291798606495,2.3903717578961645,0
0.2,1.25,109,-2.251291798606495,2.3903717578961645,0
0.2,1.25,116,-2.251291798606495,2.3903717578961645,0
0.2,1.25,136,-2.251291798606495,2.3903717578961645,0
0.2,1.25,34,-2.251291798606495,2.6403717578961645,0
0.2,1.25,54,-2.251291798606495,2.6403717578961645,0
0.2,1.25,75,-2.251291798606495,2.6403717578961645,0
0.2,1.25,95,-2.251291798606495,2.6403717578961645,0
0.2,1.25,109,-2.251291798606495,2.6403717578961645,0
0.2,1.25,116,-2.251291798606495,2.6403717578961645,0
0.2,1.25,136,-2.251291798606495,2.6403717578961645,0
0.2,1.25,34,-2.251291798606495,2.8903717578961645,0
0.2,1.25,54,-2.251291798606495,2.8903717578961645,0
0.2,1.25,75,-2.251291798606495,2.8903717578961645,0
0.2,1.25,95,-2.251291798606495,2.8903717578961645,0
0.2,1.25,109,-2.251291798606495,2.8903717578961645,0
0.2,1.25,116,-2.251291798606495,2.8903717578961645,0
0.2,1.25,136,-2.251291798606495,2.8903717578961645,0
0.2,1.25,34,-2.251291798606495,3.3903717578961645,0
0.2,1.25,54,-2.251291798606495,3.3903717578961645,0
0.2,1.25,75,-2.251291798606495,3.3903717578961645,0
0.2,1.25,95,-2.251291798606495,3.3903717578961645,0
0.2,1.25,109,-2.251291798606495,3.3903717578961645,0
0.2,1.25,116,-2.251291798606495,3.3903717578961645,0
0.2,1.25,136,-2.251291798606495,3.3903717578961645,0
0.2,1.25,34,-2.251291798606495,3.8903717578961645,0
0.2,1.25,54,-2.251291798606495,3.8903717578961645,0
0.2,1.25,75,-2.251291798606495,3.8903717578961645,0
0.2,1.25,95,-2.251291798606495,3.8903717578961645,0
0.2,1.25,109,-2.251291798606495,3.8903717578961645,0
0.2,1.25,116,-2.251291798606495,3.8903717578961645,0
0.2,1.25,136,-2.251291798606495,3.8903717578961645,0
0.2,1.25,34,-2.251291798606495,4.8903717578961645,0
0.2,1.25,54,-2.251291798606495,4.8903717578961645,0
0.2,1.25,75,-2.251291798606495,4.8903717578961645,0
0.2,1.25,95,-2.251291798606495,4.8903717578961645,0
0.2,1.25,109,-2.251291798606495,4.8903717578961645,0
0.2,1.25,116,-2.251291798606495,4.8903717578961645,0
0.2,1.25,136,-2.251291798606495,4.8903717578961645,0
0.2,1.25,34,-1.2512917986064949,1.8903717578961645,0
0.2,1.25,54,-1.2512917986064949,1.8903717578961645,0
0.2,1.25,75,-1.2512917986064949,1.8903717578961645,0
0.2,1.25,95,-1.2512917986064949,1.8903717578961645,0
0.2,1.25,109,-1.2512917986064949,1.8903717578961645,0
0.2,1.25,116,-1.2512917986064949,1.8903717578961645,0
0.2,1.25,136,-1.2512917986064949,1.8903717578961645,0
0.2,1.25,34,-1.2512917986064949,2.3903717578961645,0
0.2,1.25,54,-1.2512917986064949,2.3903717578961645,0
0.2,1.25,75,-1.2512917986064949,2.3903717578961645,0
0.2,1.25,95,-1.2512917986064949,2.3903717578961645,0
0.2,1.25,109,-1.2512917986064949,2.3903717578961645,0
0.2,1.25,116,-1.2512917986064949,2.3903717578961645,0
0.2,1.25,136,-1.2512917986064949,2.3903717578961645,0
0.2,1.25,34,-1.2512917986064949,2.6403717578961645,0
0.2,1.25,54,-1.2512917986064949,2.6403717578961645,0
0.2,1.25,75,-1.2512917986064949,2.6403717578961645,0
0.2,1.25,95,-1.2512917986064949,2.6403717578961645,0
0.2,1.25,109,-1.2512917986064949,2.6403717578961645,0
0.2,1.25,116,-1.2512917986064949,2.6403717578961645,0
0.2,1.25,136,-1.2512917986064949,2.6403717578961645,0
0.2,1.25,34,-1.2512917986064949,2.8903717578961645,0
0.2,1.25,54,-1.2512917986064949,2.8903717578961645,0
0.2,1.25,75,-1.2512917986064949,2.8903717578961645,0
0.2,1.25,95,-1.2512917986064949,2.8903717578961645,0
0.2,1.25,109,-1.2512917986064949,2.8903717578961645,0
0.2,1.25,116,-1.2512917986064949,2.8903717578961645,0
0.2,1.25,136,-1.2512917986064949,2.8903717578961645,0
0.2,1.25,34,-1.2512917986064949,3.3903717578961645,0
0.2,1.25,54,-1.2512917986064949,3.3903717578961645,0
0.2,1.25,75,-1.2512917986064949,3.3903717578961645,0
0.2,1.25,95,-1.2512917986064949,3.3903717578961645,0
0.2,1.25,109,-1.2512917986064949,3.3903717578961645,0
0.2,1.25,116,-1.2512917986064949,3.3903717578961645,0
0.2,1.25,136,-1.2512917986064949,3.3903717578961645,0
0.2,1.25,34,-1.2512917986064949,3.8903717578961645,0
0.2,1.25,54,-1.2512917986064949,3.8903717578961645,0
0.2,1.25,75,-1.2512917986064949,3.8903717578961645,0
0.2,1.25,95,-1.2512917986064949,3.8903717578961645,0
0.2,1.25,109,-1.2512917986064949,3.8903717578961645,0
0.2,1.25,116,-1.2512917986064949,3.8903717578961645,0
0.2,1.25,136,-1.2512917986064949,3.8903717578961645,0
0.2,1.25,34,-1.2512917986064949,4.8903717578961645,0
0.2,1.25,54,-1.2512917986064949,4.8903717578961645,0
0.2,1.25,75,-1.2512917986064949,4.8903717578961645,0
0.2,1.25,95,-1.2512917986064949,4.8903717578961645,0
0.2,1.25,109,-1.2512917986064949,4.8903717578961645,0
0.2,1.25,116,-1.2512917986064949,4.8903717578961645,0
0.2,1.25,136,-1.2512917986064949,4.8903717578961645,0
0.2,1.5,41,-8.251291798606495,1.8903717578961645,0
0.2,1.5,65,-8.251291798606495,1.8903717578961645,0
0.2,1.5,90,-8.251291798606495,1.8903717578961645,0
0.2,1.5,109,-8.251291798606495,1.8903717578961645,0
0.2,1.5,114,-8.251291798606495,1.8903717578961645,0
0.2,1.5,139,-8.251291798606495,1.8903717578961645,0
0.2,1.5,163,-8.251291798606495,1.8903717578961645,0
0.2,1.5,41,-8.251291798606495,2.3903717578961645,0
0.2,1.5,65,-8.251291798606495,2.3903717578961645,0
0.2,1.5,90,-8.251291798606495,2.3903717578961645,0
0.2,1.5,109,-8.251291798606495,2.3903717578961645,0
0.2,1.5,114,-8.251291798606495,2.3903717578961645,0
0.2,1.5,139,-8.251291798606495,2.3903717578961645,0
0.2,1.5,163,-8.251291798606495,2.3903717578961645,0
0.2,1.5,41,-8.251291798606495,2.6403717578961645,0
0.2,1.5,65,-8.251291798606495,2.6403717578961645,0
0.2,1.5,90,-8.251291798606495,2.6403717578961645,0
0.2,1.5,109,-8.251291798606495,2.6403717578961645,0
0.2,1.5,114,-8.251291798606495,2.6403717578961645,0
0.2,1.5,139,-8.251291798606495,2.6403717578961645,0
0.2,1.5,163,-8.251291798606495,2.6403717578961645,0
0.2,1.5,41,-8.251291798606495,2.8903717578961645,0
0.2,1.5,65,-8.251291798606495,2.8903717578961645,0
0.2,1.5,90,-8.251291798606495,2.8903717578961645,0
0.2,1.5,109,-8.251291798606495,2.8903717578961645,0
0.2,1.5,114,-8.251291798606495,2.8903717578961645,0
0.2,1.5,139,-8.251291798606495,2.8903717578961645,2
0.2,1.5,163,-8.251291798606495,2.8903717578961645,140
0.2,1.5,41,-8.251291798606495,3.3903717578961645,0
0.2,1.5,65,-8.251291798606495,3.3903717578961645,0
0.2,1.5,90,-8.251291798606495,3.3903717578961645,0
0.2,1.5,109,-8.251291798606495,3.3903717578961645,1
0.2,1.5,114,-8.251291798606495,3.3903717578961645,1
0.2,1.5,139,-8.251291798606495,3.3903717578961645,2
0.2,1.5,163,-8.251291798606495,3.3903717578961645,5
0.2,1.5,41,-8.251291798606495,3.8903717578961645,0
0.2,1.5,65,-8.251291798606495,3.8903717578961645,0
0.2,1.5,90,-8.251291798606495,3.8903717578961645,0
0.2,1.5,109,-8.251291798606495,3.8903717578961645,1
0.2,1.5,114,-8.251291798606495,3.8903717578961645,0
0.2,1.5,139,-8.251291798606495,3.8903717578961645,2
0.2,1.5,163,-8.251291798606495,3.8903717578961645,4
0.2,1.5,41,-8.251291798606495,4.8903717578961645,0
0.2,1.5,65,-8.251291798606495,4.8903717578961645,0
0.2,1.5,90,-8.251291798606495,4.8903717578961645,0
0.2,1.5,109,-8.251291798606495,4.8903717578961645,1
0.2,1.5,114,-8.251291798606495,4.8903717578961645,0
0.2,1.5,139,-8.251291798606495,4.8903717578961645,2
0.2,1.5,163,-8.251291798606495,4.8903717578961645,3
0.2,1.5,65,-7.251291798606495,1.8903717578961645,0
0.2,1.5,90,-7.251291798606495,1.8903717578961645,0
0.2,1.5,109,-7.251291798606495,1.8903717578961645,0
0.2,1.5,114,-7.251291798606495,1.8903717578961645,0
0.2,1.5,139,-7.251291798606495,1.8903717578961645,0
0.2,1.5,163,-7.251291798606495,1.8903717578961645,0
0.2,1.5,65,-7.251291798606495,2.3903717578961645,0
0.2,1.5,90,-7.251291798606495,2.3903717578961645,0
0.2,1.5,109,-7.251291798606495,2.3903717578961645,0
0.2,1.5,114,-7.251291798606495,2.3903717578961645,0
0.2,1.5,139,-7.251291798606495,2.3903717578961645,0
0.2,1.5,163,-7.251291798606495,2.3903717578961645,0
0.2,1.5,65,-7.251291798606495,2.6403717578961645,0
0.2,1.5,90,-7.251291798606495,2.6403717578961645,0
0.2,1.5,109,-7.251291798606495,2.6403717578961645,0
0.2,1.5,114,-7.251291798606495,2.6403717578961645,0
0.2,1.5,139,-7.251291798606495,2.6403717578961645,0
0.2,1.5,163,-7.251291798606495,2.6403717578961645,0
0.2,1.5,65,-7.251291798606495,2.8903717578961645,0
0.2,1.5,90,-7.251291798606495,2.8903717578961645,0
0.2,1.5,109,-7.251291798606495,2.8903717578961645,0
0.2,1.5,114,-7.251291798606495,2.8903717578961645,0
0.2,1.5,139,-7.251291798606495,2.8903717578961645,2
0.2,1.5,163,-7.251291798606495,2.8903717578961645,140
0.2,1.5,65,-7.251291798606495,3.3903717578961645,0
0.2,1.5,90,-7.251291798606495,3.3903717578961645,0
0.2,1.5,109,-7.251291798606495,3.3903717578961645,1
0.2,1.5,114,-7.251291798606495,3.3903717578961645,1
0.2,1.5,139,-7.251291798606495,3.3903717578961645,2
0.2,1.5,163,-7.251291798606495,3.3903717578961645,5
0.2,1.5,65,-7.251291798606495,3.8903717578961645,0
0.2,1.5,90,-7.251291798606495,3.8903717578961645,0
0.2,1.5,109,-7.251291798606495,3.8903717578961645,1
0.2,1.5,114,-7.251291798606495,3.8903717578961645,0
0.2,1.5,139,-7.251291798606495,3.8903717578961645,2
0.2,1.5,163,-7.251291798606495,3.8903717578961645,4
0.2,1.5,65,-7.251291798606495,4.8903717578961645,0
0.2,1.5,90,-7.251291798606495,4.8903717578961645,0
0.2,1.5,109,-7.251291798606495,4.8903717578961645,1
0.2,1.5,114,-7.251291798606495,4.8903717578961645,0
0.2,1.5,139,-7.251291798606495,4.8903717578961645,2
0.2,1.5,163,-7.251291798606495,4.8903717578961645,3
0.2,1.5,65,-6.251291798606495,1.8903717578961645,0
0.2,1.5,90,-6.251291798606495,1.8903717578961645,0
0.2,1.5,109,-6.251291798606495,1.8903717578961645,0
0.2,1.5,114,-6.251291798606495,1.8903717578961645,0
0.2,1.5,139,-6.251291798606495,1.8903717578961645,0
0.2,1.5,163,-6.251291798606495,1.8903717578961645,0
0.2,1.5,65,-6.251291798606495,2.3903717578961645,0
0.2,1.5,90,-6.251291798606495,2.3903717578961645,0
0.2,1.5,109,-6.251291798606495,2.3903717578961645,0
0.2,1.5,114,-6.251291798606495,2.3903717578961645,0
0.2,1.5,139,-6.251291798606495,2.3903717578961645,0
0.2,1.5,163,-6.251291798606495,2.3903717578961645,0
0.2,1.5,65,-6.251291798606495,2.6403717578961645,0
0.2,1.5,90,-6.251291798606495,2.6403717578961645,0
0.2,1.5,109,-6.251291798606495,2.6403717578961645,0
0.2,1.5,114,-6.251291798606495,2.6403717578961645,0
0.2,1.5,139,-6.251291798606495,2.6403717578961645,0
0.2,1.5,163,-6.251291798606495,2.6403717578961645,0
0.2,1.5,65,-6.251291798606495,2.8903717578961645,0
0.2,1.5,90,-6.251291798606495,2.8903717578961645,0
0.2,1.5,109,-6.251291798606495,2.8903717578961645,0
0.2,1.5,114,-6.251291798606495,2.8903717578961645,0
0.2,1.5,139,-6.251291798606495,2.8903717578961645,2
0.2,1.5,163,-6.251291798606495,2.8903717578961645,140
0.2,1.5,65,-6.251291798606495,3.3903717578961645,0
0.2,1.5,90,-6.251291798606495,3.3903717578961645,0
0.2,1.5,109,-6.251291798606495,3.3903717578961645,1
0.2,1.5,114,-6.251291798606495,3.3903717578961645,1
0.2,1.5,139,-6.251291798606495,3.3903717578961645,2
0.2,1.5,163,-6.251291798606495,3.3903717578961645,5
0.2,1.5,65,-6.251291798606495,3.8903717578961645,0
0.2,1.5,90,-6.251291798606495,3.8903717578961645,0
0.2,1.5,109,-6.251291798606495,3.8903717578961645,1
0.2,1.5,114,-6.251291798606495,3.8903717578961645,0
0.2,1.5,139,-6.251291798606495,3.8903717578961645,2
0.2,1.5,163,-6.251291798606495,3.8903717578961645,4
0.2,1.5,65,-6.251291798606495,4.8903717578961645,0
0.2,1.5,90,-6.251291798606495,4.8903717578961645,0
0.2,1.5,109,-6.251291798606495,4.8903717578961645,1
0.2,1.5,114,-6.251291798606495,4.8903717578961645,0
0.2,1.5,139,-6.251291798606495,4.8903717578961645,2
0.2,1.5,163,-6.251291798606495,4.8903717578961645,3
0.2,1.5,65,-5.251291798606495,1.8903717578961645,0
0.2,1.5,90,-5.251291798606495,1.8903717578961645,0
0.2,1.5,109,-5.251291798606495,1.8903717578961645,0
0.2,1.5,114,-5.251291798606495,1.8903717578961645,0
0.2,1.5,139,-5.251291798606495,1.8903717578961645,0
0.2,1.5,163,-5.251291798606495,1.8903717578961645,0
0.2,1.5,65,-5.251291798606495,2.3903717578961645,0
0.2,1.5,90,-5.251291798606495,2.3903717578961645,0
0.2,1.5,109,-5.251291798606495,2.3903717578961645,0
0.2,1.5,114,-5.251291798606495,2.3903717578961645,0
0.2,1.5,139,-5.251291798606495,2.3903717578961645,0
0.2,1.5,163,-5.251291798606495,2.3903717578961645,0
0.2,1.5,65,-5.251291798606495,2.6403717578961645,0
0.2,1.5,90,-5.251291798606495,2.6403717578961645,0
0.2,1.5,109,-5.251291798606495,2.6403717578961645,0
0.2,1.5,114,-5.251291798606495,2.6403717578961645,0
0.2,1.5,139,-5.251291798606495,2.6403717578961645,0
0.2,1.5,163,-5.251291798606495,2.6403717578961645,0
0.2,1.5,65,-5.251291798606495,2.8903717578961645,0
0.2,1.5,90,-5.251291798606495,2.8903717578961645,0
0.2,1.5,109,-5.251291798606495,2.8903717578961645,0
0.2,1.5,114,-5.251291798606495,2.8903717578961645,0
0.2,1.5,139,-5.251291798606495,2.8903717578961645,2
0.2,1.5,163,-5.251291798606495,2.8903717578961645,140
0.2,1.5,65,-5.251291798606495,3.3903717578961645,0
0.2,1.5,90,-5.251291798606495,3.3903717578961645,0
0.2,1.5,109,-5.251291798606495,3.3903717578961645,1
0.2,1.5,114,-5.251291798606495,3.3903717578961645,1
0.2,1.5,139,-5.251291798606495,3.3903717578961645,2
0.2,1.5,163,-5.251291798606495,3.3903717578961645,5
0.2,1.5,65,-5.251291798606495,3.8903717578961645,0
0.2,1.5,90,-5.251291798606495,3.8903717578961645,0
0.2,1.5,109,-5.251291798606495,3.8903717578961645,1
0.2,1.5,114,-5.251291798606495,3.8903717578961645,0
0.2,1.5,139,-5.251291798606495,3.8903717578961645,2
0.2,1.5,163,-5.251291798606495,3.8903717578961645,4
0.2,1.5,65,-5.251291798606495,4.8903717578961645,0
0.2,1.5,90,-5.251291798606495,4.8903717578961645,0
0.2,1.5,109,-5.251291798606495,4.8903717578961645,1
0.2,1.5,114,-5.251291798606495,4.8903717578961645,0
0.2,1.5,139,-5.251291798606495,4.8903717578961645,2
0.2,1.5,163,-5.251291798606495,4.8903717578961645,3
0.2,1.5,41,-4.251291798606495,1.8903717578961645,0
0.2,1.5,65,-4.251291798606495,1.8903717578961645,0
0.2,1.5,90,-4.251291798606495,1.8903717578961645,0
0.2,1.5,109,-4.251291798606495,1.8903717578961645,0
0.2,1.5,114,-4.251291798606495,1.8903717578961645,0
0.2,1.5,139,-4.251291798606495,1.8903717578961645,0
0.2,1.5,163,-4.251291798606495,1.8903717578961645,0
0.2,1.5,41,-4.251291798606495,2.3903717578961645,0
0.2,1.5,65,-4.251291798606495,2.3903717578961645,0
0.2,1.5,90,-4.251291798606495,2.3903717578961645,0
0.2,1.5,109,-4.251291798606495,2.3903717578961645,0
0.2,1.5,114,-4.251291798606495,2.3903717578961645,0
0.2,1.5,139,-4.251291798606495,2.3903717578961645,0
0.2,1.5,163,-4.251291798606495,2.3903717578961645,0
0.2,1.5,41,-4.251291798606495,2.6403717578961645,0
0.2,1.5,65,-4.251291798606495,2.6403717578961645,0
0.2,1.5,90,-4.251291798606495,2.6403717578961645,0
0.2,1.5,109,-4.251291798606495,2.6403717578961645,0
0.2,1.5,114,-4.251291798606495,2.6403717578961645,0
0.2,1.5,139,-4.251291798606495,2.6403717578961645,0
0.2,1.5,163,-4.251291798606495,2.6403717578961645,0
0.2,1.5,41,-4.251291798606495,2.8903717578961645,0
0.2,1.5,65,-4.251291798606495,2.8903717578961645,0
0.2,1.5,90,-4.251291798606495,2.8903717578961645,0
0.2,1.5,109,-4.251291798606495,2.8903717578961645,0
0.2,1.5,114,-4.251291798606495,2.8903717578961645,0
0.2,1.5,139,-4.251291798606495,2.8903717578961645,2
0.2,1.5,163,-4.251291798606495,2.8903717578961645,140
0.2,1.5,41,-4.251291798606495,3.3903717578961645,0
0.2,1.5,65,-4.251291798606495,3.3903717578961645,0
0.2,1.5,90,-4.251291798606495,3.3903717578961645,0
0.2,1.5,109,-4.251291798606495,3.3903717578961645,1
0.2,1.5,114,-4.251291798606495,3.3903717578961645,1
0.2,1.5,139,-4.251291798606495,3.3903717578961645,2
0.2,1.5,163,-4.251291798606495,3.3903717578961645,4
0.2,1.5,41,-4.251291798606495,3.8903717578961645,0
0.2,1.5,65,-4.251291798606495,3.8903717578961645,0
0.2,1.5,90,-4.251291798606495,3.8903717578961645,0
0.2,1.5,109,-4.251291798606495,3.8903717578961645,1
0.2,1.5,114,-4.251291798606495,3.8903717578961645,0
0.2,1.5,139,-4.251291798606495,3.8903717578961645,2
0.2,1.5,163,-4.251291798606495,3.8903717578961645,4
0.2,1.5,41,-4.251291798606495,4.8903717578961645,0
0.2,1.5,65,-4.251291798606495,4.8903717578961645,0
0.2,1.5,90,-4.251291798606495,4.8903717578961645,0
0.2,1.5,109,-4.251291798606495,4.8903717578961645,1
0.2,1.5,114,-4.251291798606495,4.8903717578961645,0
0.2,1.5,139,-4.251291798606495,4.8903717578961645,2
0.2,1.5,163,-4.251291798606495,4.8903717578961645,3
0.2,1.5,41,-3.251291798606495,1.8903717578961645,0
0.2,1.5,65,-3.251291798606495,1.8903717578961645,0
0.2,1.5,90,-3.251291798606495,1.8903717578961645,0
0.2,1.5,109,-3.251291798606495,1.8903717578961645,0
0.2,1.5,114,-3.251291798606495,1.8903717578961645,0
0.2,1.5,139,-3.251291798606495,1.8903717578961645,0
0.2,1.5,163,-3.251291798606495,1.8903717578961645,0
0.2,1.5,41,-3.251291798606495,2.3903717578961645,0
0.2,1.5,65,-3.251291798606495,2.3903717578961645,0
0.2,1.5,90,-3.251291798606495,2.3903717578961645,0
0.2,1.5,109,-3.251291798606495,2.3903717578961645,0
0.2,1.5,114,-3.251291798606495,2.3903717578961645,0
0.2,1.5,139,-3.251291798606495,2.3903717578961645,0
0.2,1.5,163,-3.251291798606495,2.3903717578961645,0
0.2,1.5,41,-3.251291798606495,2.6403717578961645,0
0.2,1.5,65,-3.251291798606495,2.6403717578961645,0
0.2,1.5,90,-3.251291798606495,2.6403717578961645,0
0.2,1.5,109,-3.251291798606495,2.6403717578961645,0
0.2,1.5,114,-3.251291798606495,2.6403717578961645,0
0.2,1.5,139,-3.251291798606495,2.6403717578961645,0
0.2,1.5,163,-3.251291798606495,2.6403717578961645,0
0.2,1.5,41,-3.251291798606495,2.8903717578961645,0
0.2,1.5,65,-3.251291798606495,2.8903717578961645,0
0.2,1.5,90,-3.251291798606495,2.8903717578961645,0
0.2,1.5,109,-3.251291798606495,2.8903717578961645,0
0.2,1.5,114,-3.251291798606495,2.8903717578961645,0
0.2,1.5,139,-3.251291798606495,2.8903717578961645,1
0.2,1.5,163,-3.251291798606495,2.8903717578961645,140
0.2,1.5,41,-3.251291798606495,3.3903717578961645,0
0.2,1.5,65,-3.251291798606495,3.3903717578961645,0
0.2,1.5,90,-3.251291798606495,3.3903717578961645,0
0.2,1.5,109,-3.251291798606495,3.3903717578961645,0
0.2,1.5,114,-3.251291798606495,3.3903717578961645,0
0.2,1.5,139,-3.251291798606495,3.3903717578961645,2
0.2,1.5,163,-3.251291798606495,3.3903717578961645,4
0.2,1.5,41,-3.251291798606495,3.8903717578961645,0
0.2,1.5,65,-3.251291798606495,3.8903717578961645,0
0.2,1.5,90,-3.251291798606495,3.8903717578961645,0
0.2,1.5,109,-3.251291798606495,3.8903717578961645,0
0.2,1.5,114,-3.251291798606495,3.8903717578961645,0
0.2,1.5,139,-3.251291798606495,3.8903717578961645,2
0.2,1.5,163,-3.251291798606495,3.8903717578961645,3
0.2,1.5,41,-3.251291798606495,4.8903717578961645,0
0.2,1.5,65,-3.251291798606495,4.8903717578961645,0
0.2,1.5,90,-3.251291798606495,4.8903717578961645,0
0.2,1.5,109,-3.251291798606495,4.8903717578961645,0
0.2,1.5,114,-3.251291798606495,4.8903717578961645,0
0.2,1.5,139,-3.251291798606495,4.8903717578961645,2
0.2,1.5,163,-3.251291798606495,4.8903717578961645,4
0.2,1.5,41,-2.251291798606495,1.8903717578961645,0
0.2,1.5,65,-2.251291798606495,1.8903717578961645,0
0.2,1.5,90,-2.251291798606495,1.8903717578961645,0
0.2,1.5,109,-2.251291798606495,1.8903717578961645,0
0.2,1.5,114,-2.251291798606495,1.8903717578961645,0
0.2,1.5,139,-2.251291798606495,1.8903717578961645,0
0.2,1.5,163,-2.251291798606495,1.8903717578961645,0
0.2,1.5,41,-2.251291798606495,2.3903717578961645,0
0.2,1.5,65,-2.251291798606495,2.3903717578961645,0
0.2,1.5,90,-2.251291798606495,2.3903717578961645,0
0.2,1.5,109,-2.251291798606495,2.3903717578961645,0
0.2,1.5,114,-2.251291798606495,2.3903717578961645,0
0.2,1.5,139,-2.251291798606495,2.3903717578961645,0
0.2,1.5,163,-2.251291798606495,2.3903717578961645,0
0.2,1.5,41,-2.251291798606495,2.6403717578961645,0
0.2,1.5,65,-2.251291798606495,2.6403717578961645,0
0.2,1.5,90,-2.251291798606495,2.6403717578961645,0
0.2,1.5,109,-2.251291798606495,2.6403717578961645,0
0.2,1.5,114,-2.251291798606495,2.6403717578961645,0
0.2,1.5,139,-2.251291798606495,2.6403717578961645,0
0.2,1.5,163,-2.251291798606495,2.6403717578961645,0
0.2,1.5,41,-2.251291798606495,2.8903717578961645,0
0.2,1.5,65,-2.251291798606495,2.8903717578961645,0
0.2,1.5,90,-2.251291798606495,2.8903717578961645,0
0.2,1.5,109,-2.251291798606495,2.8903717578961645,0
0.2,1.5,114,-2.251291798606495,2.8903717578961645,0
0.2,1.5,139,-2.251291798606495,2.8903717578961645,0
0.2,1.5,163,-2.251291798606495,2.8903717578961645,0
0.2,1.5,41,-2.251291798606495,3.3903717578961645,0
0.2,1.5,65,-2.251291798606495,3.3903717578961645,0
0.2,1.5,90,-2.251291798606495,3.3903717578961645,0
0.2,1.5,109,-2.251291798606495,3.3903717578961645,0
0.2,1.5,114,-2.251291798606495,3.3903717578961645,0
0.2,1.5,139,-2.251291798606495,3.3903717578961645,0
0.2,1.5,163,-2.251291798606495,3.3903717578961645,1
0.2,1.5,41,-2.251291798606495,3.8903717578961645,0
0.2,1.5,65,-2.251291798606495,3.8903717578961645,0
0.2,1.5,90,-2.251291798606495,3.8903717578961645,0
0.2,1.5,109,-2.251291798606495,3.8903717578961645,0
0.2,1.5,114,-2.251291798606495,3.8903717578961645,0
0.2,1.5,139,-2.251291798606495,3.8903717578961645,0
0.2,1.5,163,-2.251291798606495,3.8903717578961645,2
0.2,1.5,41,-2.251291798606495,4.8903717578961645,0
0.2,1.5,65,-2.251291798606495,4.8903717578961645,0
0.2,1.5,90,-2.251291798606495,4.8903717578961645,0
0.2,1.5,109,-2.251291798606495,4.8903717578961645,0
0.2,1.5,114,-2.251291798606495,4.8903717578961645,0
0.2,1.5,139,-2.251291798606495,4.8903717578961645,0
0.2,1.5,163,-2.251291798606495,4.8903717578961645,2
0.2,1.5,41,-1.2512917986064949,1.8903717578961645,0
0.2,1.5,65,-1.2512917986064949,1.8903717578961645,0
0.2,1.5,90,-1.2512917986064949,1.8903717578961645,0
0.2,1.5,109,-1.2512917986064949,1.8903717578961645,0
0.2,1.5,114,-1.2512917986064949,1.8903717578961645,0
0.2,1.5,139,-1.2512917986064949,1.8903717578961645,0
0.2,1.5,163,-1.2512917986064949,1.8903717578961645,0
0.2,1.5,41,-1.2512917986064949,2.3903717578961645,0
0.2,1.5,65,-1.2512917986064949,2.3903717578961645,0
0.2,1.5,90,-1.2512917986064949,2.3903717578961645,0
0.2,1.5,109,-1.2512917986064949,2.3903717578961645,0
0.2,1.5,114,-1.2512917986064949,2.3903717578961645,0
0.2,1.5,139,-1.2512917986064949,2.3903717578961645,0
0.2,1.5,163,-1.2512917986064949,2.3903717578961645,0
0.2,1.5,41,-1.2512917986064949,2.6403717578961645,0
0.2,1.5,65,-1.2512917986064949,2.6403717578961645,0
0.2,1.5,90,-1.2512917986064949,2.6403717578961645,0
0.2,1.5,109,-1.2512917986064949,2.6403717578961645,0
0.2,1.5,114,-1.2512917986064949,2.6403717578961645,0
0.2,1.5,139,-1.2512917986064949,2.6403717578961645,0
0.2,1.5,163,-1.2512917986064949,2.6403717578961645,0
0.2,1.5,41,-1.2512917986064949,2.8903717578961645,0
0.2,1.5,65,-1.2512917986064949,2.8903717578961645,0
0.2,1.5,90,-1.2512917986064949,2.8903717578961645,0
0.2,1.5,109,-1.2512917986064949,2.8903717578961645,0
0.2,1.5,114,-1.2512917986064949,2.8903717578961645,0
0.2,1.5,139,-1.2512917986064949,2.8903717578961645,0
0.2,1.5,163,-1.2512917986064949,2.8903717578961645,0
0.2,1.5,41,-1.2512917986064949,3.3903717578961645,0
0.2,1.5,65,-1.2512917986064949,3.3903717578961645,0
0.2,1.5,90,-1.2512917986064949,3.3903717578961645,0
0.2,1.5,109,-1.2512917986064949,3.3903717578961645,0
0.2,1.5,114,-1.2512917986064949,3.3903717578961645,0
0.2,1.5,139,-1.2512917986064949,3.3903717578961645,0
0.2,1.5,163,-1.2512917986064949,3.3903717578961645,0
0.2,1.5,41,-1.2512917986064949,3.8903717578961645,0
0.2,1.5,65,-1.2512917986064949,3.8903717578961645,0
0.2,1.5,90,-1.2512917986064949,3.8903717578961645,0
0.2,1.5,109,-1.2512917986064949,3.8903717578961645,0
0.2,1.5,114,-1.2512917986064949,3.8903717578961645,0
0.2,1.5,139,-1.2512917986064949,3.8903717578961645,0
0.2,1.5,163,-1.2512917986064949,3.8903717578961645,0
0.2,1.5,41,-1.2512917986064949,4.8903717578961645,0
0.2,1.5,65,-1.2512917986064949,4.8903717578961645,0
0.2,1.5,90,-1.2512917986064949,4.8903717578961645,0
0.2,1.5,109,-1.2512917986064949,4.8903717578961645,0
0.2,1.5,114,-1.2512917986064949,4.8903717578961645,0
0.2,1.5,139,-1.2512917986064949,4.8903717578961645,0
0.2,1.5,163,-1.2512917986064949,4.8903717578961645,0
0.2,2.0,54,-8.251291798606495,1.8903717578961645,0
0.2,2.0,87,-8.251291798606495,1.8903717578961645,0
0.2,2.0,109,-8.251291798606495,1.8903717578961645,0
0.2,2.0,120,-8.251291798606495,1.8903717578961645,0
0.2,2.0,153,-8.251291798606495,1.8903717578961645,0
0.2,2.0,185,-8.251291798606495,1.8903717578961645,0
0.2,2.0,218,-8.251291798606495,1.8903717578961645,0
0.2,2.0,54,-8.251291798606495,2.3903717578961645,0
0.2,2.0,87,-8.251291798606495,2.3903717578961645,0
0.2,2.0,109,-8.251291798606495,2.3903717578961645,0
0.2,2.0,120,-8.251291798606495,2.3903717578961645,0
0.2,2.0,153,-8.251291798606495,2.3903717578961645,0
0.2,2.0,185,-8.251291798606495,2.3903717578961645,0
0.2,2.0,218,-8.251291798606495,2.3903717578961645,0
0.2,2.0,54,-8.251291798606495,2.6403717578961645,0
0.2,2.0,87,-8.251291798606495,2.6403717578961645,0
0.2,2.0,109,-8.251291798606495,2.6403717578961645,0
0.2,2.0,120,-8.251291798606495,2.6403717578961645,0
0.2,2.0,153,-8.251291798606495,2.6403717578961645,0
0.2,2.0,185,-8.251291798606495,2.6403717578961645,0
0.2,2.0,218,-8.251291798606495,2.6403717578961645,0
0.2,2.0,54,-8.251291798606495,2.8903717578961645,0
0.2,2.0,87,-8.251291798606495,2.8903717578961645,0
0.2,2.0,109,-8.251291798606495,2.8903717578961645,0
0.2,2.0,120,-8.251291798606495,2.8903717578961645,1
0.2,2.0,153,-8.251291798606495,2.8903717578961645,131
0.2,2.0,185,-8.251291798606495,2.8903717578961645,159
0.2,2.0,218,-8.251291798606495,2.8903717578961645,188
0.2,2.0,54,-8.251291798606495,3.3903717578961645,0
0.2,2.0,87,-8.251291798606495,3.3903717578961645,0
0.2,2.0,109,-8.251291798606495,3.3903717578961645,1
0.2,2.0,120,-8.251291798606495,3.3903717578961645,1
0.2,2.0,153,-8.251291798606495,3.3903717578961645,3
0.2,2.0,185,-8.251291798606495,3.3903717578961645,160
0.2,2.0,218,-8.251291798606495,3.3903717578961645,189
0.2,2.0,54,-8.251291798606495,3.8903717578961645,0
0.2,2.0,87,-8.251291798606495,3.8903717578961645,0
0.2,2.0,109,-8.251291798606495,3.8903717578961645,1
0.2,2.0,120,-8.251291798606495,3.8903717578961645,1
0.2,2.0,153,-8.251291798606495,3.8903717578961645,3
0.2,2.0,185,-8.251291798606495,3.8903717578961645,160
0.2,2.0,218,-8.251291798606495,3.8903717578961645,189
0.2,2.0,54,-8.251291798606495,4.8903717578961645,0
0.2,2.0,87,-8.251291798606495,4.8903717578961645,0
0.2,2.0,109,-8.251291798606495,4.8903717578961645,1
0.2,2.0,120,-8.251291798606495,4.8903717578961645,0
0.2,2.0,153,-8.251291798606495,4.8903717578961645,2
0.2,2.0,185,-8.251291798606495,4.8903717578961645,5
0.2,2.0,218,-8.251291798606495,4.8903717578961645,190
0.2,2.0,87,-7.251291798606495,1.8903717578961645,0
0.2,2.0,109,-7.251291798606495,1.8903717578961645,0
0.2,2.0,120,-7.251291798606495,1.8903717578961645,0
0.2,2.0,153,-7.251291798606495,1.8903717578961645,0
0.2,2.0,185,-7.251291798606495,1.8903717578961645,0
0.2,2.0,218,-7.251291798606495,1.8903717578961645,0
0.2,2.0,87,-7.251291798606495,2.3903717578961645,0
0.2,2.0,109,-7.251291798606495,2.3903717578961645,0
0.2,2.0,120,-7.251291798606495,2.3903717578961645,0
0.2,2.0,153,-7.251291798606495,2.3903717578961645,0
0.2,2.0,185,-7.251291798606495,2.3903717578961645,0
0.2,2.0,218,-7.251291798606495,2.3903717578961645,0
0.2,2.0,87,-7.251291798606495,2.6403717578961645,0
0.2,2.0,109,-7.251291798606495,2.6403717578961645,0
0.2,2.0,120,-7.251291798606495,2.6403717578961645,0
0.2,2.0,153,-7.251291798606495,2.6403717578961645,0
0.2,2.0,185,-7.251291798606495,2.6403717578961645,0
0.2,2.0,218,-7.251291798606495,2.6403717578961645,0
0.2,2.0,87,-7.251291798606495,2.8903717578961645,0
0.2,2.0,109,-7.251291798606495,2.8903717578961645,0
0.2,2.0,120,-7.251291798606495,2.8903717578961645,1
0.2,2.0,153,-7.251291798606495,2.8903717578961645,131
0.2,2.0,185,-7.251291798606495,2.8903717578961645,159
0.2,2.0,218,-7.251291798606495,2.8903717578961645,188
0.2,2.0,87,-7.251291798606495,3.3903717578961645,0
0.2,2.0,109,-7.251291798606495,3.3903717578961645,1
0.2,2.0,120,-7.251291798606495,3.3903717578961645,1
0.2,2.0,153,-7.251291798606495,3.3903717578961645,3
0.2,2.0,185,-7.251291798606495,3.3903717578961645,160
0.2,2.0,218,-7.251291798606495,3.3903717578961645,189
0.2,2.0,87,-7.251291798606495,3.8903717578961645,0
0.2,2.0,109,-7.251291798606495,3.8903717578961645,1
0.2,2.0,120,-7.251291798606495,3.8903717578961645,1
0.2,2.0,153,-7.251291798606495,3.8903717578961645,3
0.2,2.0,185,-7.251291798606495,3.8903717578961645,160
0.2,2.0,218,-7.251291798606495,3.8903717578961645,189
0.2,2.0,87,-7.251291798606495,4.8903717578961645,0
0.2,2.0,109,-7.251291798606495,4.8903717578961645,1
0.2,2.0,120,-7.251291798606495,4.8903717578961645,0
0.2,2.0,153,-7.251291798606495,4.8903717578961645,2
0.2,2.0,185,-7.251291798606495,4.8903717578961645,5
0.2,2.0,218,-7.251291798606495,4.8903717578961645,190
0.2,2.0,87,-6.251291798606495,1.8903717578961645,0
0.2,2.0,109,-6.251291798606495,1.8903717578961645,0
0.2,2.0,120,-6.251291798606495,1.8903717578961645,0
0.2,2.0,153,-6.251291798606495,1.8903717578961645,0
0.2,2.0,185,-6.251291798606495,1.8903717578961645,0
0.2,2.0,218,-6.251291798606495,1.8903717578961645,0
0.2,2.0,87,-6.251291798606495,2.3903717578961645,0
0.2,2.0,109,-6.251291798606495,2.3903717578961645,0
0.2,2.0,120,-6.251291798606495,2.3903717578961645,0
0.2,2.0,153,-6.251291798606495,2.3903717578961645,0
0.2,2.0,185,-6.251291798606495,2.3903717578961645,0
0.2,2.0,218,-6.251291798606495,2.3903717578961645,0
0.2,2.0,87,-6.251291798606495,2.6403717578961645,0
0.2,2.0,109,-6.251291798606495,2.6403717578961645,0
0.2,2.0,120,-6.251291798606495,2.6403717578961645,0
0.2,2.0,153,-6.251291798606495,2.6403717578961645,0
0.2,2.0,185,-6.251291798606495,2.6403717578961645,0
0.2,2.0,218,-6.251291798606495,2.6403717578961645,0
0.2,2.0,87,-6.251291798606495,2.8903717578961645,0
0.2,2.0,109,-6.251291798606495,2.8903717578961645,0
0.2,2.0,120,-6.251291798606495,2.8903717578961645,1
0.2,2.0,153,-6.251291798606495,2.8903717578961645,131
0.2,2.0,185,-6.251291798606495,2.8903717578961645,159
0.2,2.0,218,-6.251291798606495,2.8903717578961645,188
0.2,2.0,87,-6.251291798606495,3.3903717578961645,0
0.2,2.0,109,-6.251291798606495,3.3903717578961645,1
0.2,2.0,120,-6.251291798606495,3.3903717578961645,1
0.2,2.0,153,-6.251291798606495,3.3903717578961645,3
0.2,2.0,185,-6.251291798606495,3.3903717578961645,160
0.2,2.0,218,-6.251291798606495,3.3903717578961645,189
0.2,2.0,87,-6.251291798606495,3.8903717578961645,0
0.2,2.0,109,-6.251291798606495,3.8903717578961645,1
0.2,2.0,120,-6.251291798606495,3.8903717578961645,1
0.2,2.0,153,-6.251291798606495,3.8903717578961645,3
0.2,2.0,185,-6.251291798606495,3.8903717578961645,160
0.2,2.0,218,-6.251291798606495,3.8903717578961645,189
0.2,2.0,87,-6.251291798606495,4.8903717578961645,0
0.2,2.0,109,-6.251291798606495,4.8903717578961645,1
0.2,2.0,120,-6.251291798606495,4.8903717578961645,0
0.2,2.0,153,-6.251291798606495,4.8903717578961645,2
0.2,2.0,185,-6.251291798606495,4.8903717578961645,5
0.2,2.0,218,-6.251291798606495,4.8903717578961645,190
0.2,2.0,54,-5.251291798606495,1.8903717578961645,0
0.2,2.0,87,-5.251291798606495,1.8903717578961645,0
0.2,2.0,109,-5.251291798606495,1.8903717578961645,0
0.2,2.0,120,-5.251291798606495,1.8903717578961645,0
0.2,2.0,153,-5.251291798606495,1.8903717578961645,0
0.2,2.0,185,-5.251291798606495,1.8903717578961645,0
0.2,2.0,218,-5.251291798606495,1.8903717578961645,0
0.2,2.0,54,-5.251291798606495,2.3903717578961645,0
0.2,2.0,87,-5.251291798606495,2.3903717578961645,0
0.2,2.0,109,-5.251291798606495,2.3903717578961645,0
0.2,2.0,120,-5.251291798606495,2.3903717578961645,0
0.2,2.0,153,-5.251291798606495,2.3903717578961645,0
0.2,2.0,185,-5.251291798606495,2.3903717578961645,0
0.2,2.0,218,-5.251291798606495,2.3903717578961645,0
0.2,2.0,54,-5.251291798606495,2.6403717578961645,0
0.2,2.0,87,-5.251291798606495,2.6403717578961645,0
0.2,2.0,109,-5.251291798606495,2.6403717578961645,0
0.2,2.0,120,-5.251291798606495,2.6403717578961645,0
0.2,2.0,153,-5.251291798606495,2.6403717578961645,0
0.2,2.0,185,-5.251291798606495,2.6403717578961645,0
0.2,2.0,218,-5.251291798606495,2.6403717578961645,0
0.2,2.0,54,-5.251291798606495,2.8903717578961645,0
0.2,2.0,87,-5.251291798606495,2.8903717578961645,0
0.2,2.0,109,-5.251291798606495,2.8903717578961645,0
0.2,2.0,120,-5.251291798606495,2.8903717578961645,1
0.2,2.0,153,-5.251291798606495,2.8903717578961645,131
0.2,2.0,185,-5.251291798606495,2.8903717578961645,159
0.2,2.0,218,-5.251291798606495,2.8903717578961645,188
0.2,2.0,54,-5.251291798606495,3.3903717578961645,0
0.2,2.0,87,-5.251291798606495,3.3903717578961645,0
0.2,2.0,109,-5.251291798606495,3.3903717578961645,1
0.2,2.0,120,-5.251291798606495,3.3903717578961645,1
0.2,2.0,153,-5.251291798606495,3.3903717578961645,3
0.2,2.0,185,-5.251291798606495,3.3903717578961645,160
0.2,2.0,218,-5.251291798606495,3.3903717578961645,189
0.2,2.0,54,-5.251291798606495,3.8903717578961645,0
0.2,2.0,87,-5.251291798606495,3.8903717578961645,0
0.2,2.0,109,-5.251291798606495,3.8903717578961645,1
0.2,2.0,120,-5.251291798606495,3.8903717578961645,1
0.2,2.0,153,-5.251291798606495,3.8903717578961645,3
0.2,2.0,185,-5.251291798606495,3.8903717578961645,160
0.2,2.0,218,-5.251291798606495,3.8903717578961645,190
0.2,2.0,54,-5.251291798606495,4.8903717578961645,0
0.2,2.0,87,-5.251291798606495,4.8903717578961645,0
0.2,2.0,109,-5.251291798606495,4.8903717578961645,1
0.2,2.0,120,-5.251291798606495,4.8903717578961645,0
0.2,2.0,153,-5.251291798606495,4.8903717578961645,2
0.2,2.0,185,-5.251291798606495,4.8903717578961645,5
0.2,2.0,218,-5.251291798606495,4.8903717578961645,190
0.2,2.0,54,-4.251291798606495,1.8903717578961645,0
0.2,2.0,87,-4.251291798606495,1.8903717578961645,0
0.2,2.0,109,-4.251291798606495,1.8903717578961645,0
0.2,2.0,120,-4.251291798606495,1.8903717578961645,0
0.2,2.0,153,-4.251291798606495,1.8903717578961645,0
0.2,2.0,185,-4.251291798606495,1.8903717578961645,0
0.2,2.0,218,-4.251291798606495,1.8903717578961645,0
0.2,2.0,54,-4.251291798606495,2.3903717578961645,0
0.2,2.0,87,-4.251291798606495,2.3903717578961645,0
0.2,2.0,109,-4.251291798606495,2.3903717578961645,0
0.2,2.0,120,-4.251291798606495,2.3903717578961645,0
0.2,2.0,153,-4.251291798606495,2.3903717578961645,0
0.2,2.0,185,-4.251291798606495,2.3903717578961645,0
0.2,2.0,218,-4.251291798606495,2.3903717578961645,0
0.2,2.0,54,-4.251291798606495,2.6403717578961645,0
0.2,2.0,87,-4.251291798606495,2.6403717578961645,0
0.2,2.0,109,-4.251291798606495,2.6403717578961645,0
0.2,2.0,120,-4.251291798606495,2.6403717578961645,0
0.2,2.0,153,-4.251291798606495,2.6403717578961645,0
0.2,2.0,185,-4.251291798606495,2.6403717578961645,0
0.2,2.0,218,-4.251291798606495,2.6403717578961645,0
0.2,2.0,54,-4.251291798606495,2.8903717578961645,0
0.2,2.0,87,-4.251291798606495,2.8903717578961645,0
0.2,2.0,109,-4.251291798606495,2.8903717578961645,0
0.2,2.0,120,-4.251291798606495,2.8903717578961645,1
0.2,2.0,153,-4.251291798606495,2.8903717578961645,131
0.2,2.0,185,-4.251291798606495,2.8903717578961645,159
0.2,2.0,218,-4.251291798606495,2.8903717578961645,188
0.2,2.0,54,-4.251291798606495,3.3903717578961645,0
0.2,2.0,87,-4.251291798606495,3.3903717578961645,0
0.2,2.0,109,-4.251291798606495,3.3903717578961645,1
0.2,2.0,120,-4.251291798606495,3.3903717578961645,1
0.2,2.0,153,-4.251291798606495,3.3903717578961645,3
0.2,2.0,185,-4.251291798606495,3.3903717578961645,160
0.2,2.0,218,-4.251291798606495,3.3903717578961645,189
0.2,2.0,54,-4.251291798606495,3.8903717578961645,0
0.2,2.0,87,-4.251291798606495,3.8903717578961645,0
0.2,2.0,109,-4.251291798606495,3.8903717578961645,1
0.2,2.0,120,-4.251291798606495,3.8903717578961645,1
0.2,2.0,153,-4.251291798606495,3.8903717578961645,3
0.2,2.0,185,-4.251291798606495,3.8903717578961645,161
0.2,2.0,218,-4.251291798606495,3.8903717578961645,190
0.2,2.0,54,-4.251291798606495,4.8903717578961645,0
0.2,2.0,87,-4.251291798606495,4.8903717578961645,0
0.2,2.0,109,-4.251291798606495,4.8903717578961645,1
0.2,2.0,120,-4.251291798606495,4.8903717578961645,0
0.2,2.0,153,-4.251291798606495,4.8903717578961645,2
0.2,2.0,185,-4.251291798606495,4.8903717578961645,5
0.2,2.0,218,-4.251291798606495,4.8903717578961645,9
0.2,2.0,54,-3.251291798606495,1.8903717578961645,0
0.2,2.0,87,-3.251291798606495,1.8903717578961645,0
0.2,2.0,109,-3.251291798606495,1.8903717578961645,0
0.2,2.0,120,-3.251291798606495,1.8903717578961645,0
0.2,2.0,153,-3.251291798606495,1.8903717578961645,0
0.2,2.0,185,-3.251291798606495,1.8903717578961645,0
0.2,2.0,218,-3.251291798606495,1.8903717578961645,0
0.2,2.0,54,-3.251291798606495,2.3903717578961645,0
0.2,2.0,87,-3.251291798606495,2.3903717578961645,0
0.2,2.0,109,-3.251291798606495,2.3903717578961645,0
0.2,2.0,120,-3.251291798606495,2.3903717578961645,0
0.2,2.0,153,-3.251291798606495,2.3903717578961645,0
0.2,2.0,185,-3.251291798606495,2.3903717578961645,0
0.2,2.0,218,-3.251291798606495,2.3903717578961645,0
0.2,2.0,54,-3.251291798606495,2.6403717578961645,0
0.2,2.0,87,-3.251291798606495,2.6403717578961645,0
0.2,2.0,109,-3.251291798606495,2.6403717578961645,0
0.2,2.0,120,-3.251291798606495,2.6403717578961645,0
0.2,2.0,153,-3.251291798606495,2.6403717578961645,0
0.2,2.0,185,-3.251291798606495,2.6403717578961645,0
0.2,2.0,218,-3.251291798606495,2.6403717578961645,0
0.2,2.0,54,-3.251291798606495,2.8903717578961645,0
0.2,2.0,87,-3.251291798606495,2.8903717578961645,0
0.2,2.0,109,-3.251291798606495,2.8903717578961645,0
0.2,2.0,120,-3.251291798606495,2.8903717578961645,1
0.2,2.0,153,-3.251291798606495,2.8903717578961645,131
0.2,2.0,185,-3.251291798606495,2.8903717578961645,159
0.2,2.0,218,-3.251291798606495,2.8903717578961645,188
0.2,2.0,54,-3.251291798606495,3.3903717578961645,0
0.2,2.0,87,-3.251291798606495,3.3903717578961645,0
0.2,2.0,109,-3.251291798606495,3.3903717578961645,0
0.2,2.0,120,-3.251291798606495,3.3903717578961645,0
0.2,2.0,153,-3.251291798606495,3.3903717578961645,3
0.2,2.0,185,-3.251291798606495,3.3903717578961645,161
0.2,2.0,218,-3.251291798606495,3.3903717578961645,190
0.2,2.0,54,-3.251291798606495,3.8903717578961645,0
0.2,2.0,87,-3.251291798606495,3.8903717578961645,0
0.2,2.0,109,-3.251291798606495,3.8903717578961645,0
0.2,2.0,120,-3.251291798606495,3.8903717578961645,0
0.2,2.0,153,-3.251291798606495,3.8903717578961645,2
0.2,2.0,185,-3.251291798606495,3.8903717578961645,6
0.2,2.0,218,-3.251291798606495,3.8903717578961645,191
0.2,2.0,54,-3.251291798606495,4.8903717578961645,0
0.2,2.0,87,-3.251291798606495,4.8903717578961645,0
0.2,2.0,109,-3.251291798606495,4.8903717578961645,0
0.2,2.0,120,-3.251291798606495,4.8903717578961645,0
0.2,2.0,153,-3.251291798606495,4.8903717578961645,3
0.2,2.0,185,-3.251291798606495,4.8903717578961645,5
0.2,2.0,218,-3.251291798606495,4.8903717578961645,37
0.2,2.0,54,-2.251291798606495,1.8903717578961645,0
0.2,2.0,87,-2.251291798606495,1.8903717578961645,0
0.2,2.0,109,-2.251291798606495,1.8903717578961645,0
0.2,2.0,120,-2.251291798606495,1.8903717578961645,0
0.2,2.0,153,-2.251291798606495,1.8903717578961645,0
0.2,2.0,185,-2.251291798606495,1.8903717578961645,0
0.2,2.0,218,-2.251291798606495,1.8903717578961645,0
0.2,2.0,54,-2.251291798606495,2.3903717578961645,0
0.2,2.0,87,-2.251291798606495,2.3903717578961645,0
0.2,2.0,109,-2.251291798606495,2.3903717578961645,0
0.2,2.0,120,-2.251291798606495,2.3903717578961645,0
0.2,2.0,153,-2.251291798606495,2.3903717578961645,0
0.2,2.0,185,-2.251291798606495,2.3903717578961645,0
0.2,2.0,218,-2.251291798606495,2.3903717578961645,0
0.2,2.0,54,-2.251291798606495,2.6403717578961645,0
0.2,2.0,87,-2.251291798606495,2.6403717578961645,0
0.2,2.0,109,-2.251291798606495,2.6403717578961645,0
0.2,2.0,120,-2.251291798606495,2.6403717578961645,0
0.2,2.0,153,-2.251291798606495,2.6403717578961645,0
0.2,2.0,185,-2.251291798606495,2.6403717578961645,0
0.2,2.0,218,-2.251291798606495,2.6403717578961645,0
0.2,2.0,54,-2.251291798606495,2.8903717578961645,0
0.2,2.0,87,-2.251291798606495,2.8903717578961645,0
0.2,2.0,109,-2.251291798606495,2.8903717578961645,0
0.2,2.0,120,-2.251291798606495,2.8903717578961645,0
0.2,2.0,153,-2.251291798606495,2.8903717578961645,0
0.2,2.0,185,-2.251291798606495,2.8903717578961645,2
0.2,2.0,218,-2.251291798606495,2.8903717578961645,34
0.2,2.0,54,-2.251291798606495,3.3903717578961645,0
0.2,2.0,87,-2.251291798606495,3.3903717578961645,0
0.2,2.0,109,-2.251291798606495,3.3903717578961645,0
0.2,2.0,120,-2.251291798606495,3.3903717578961645,0
0.2,2.0,153,-2.251291798606495,3.3903717578961645,1
0.2,2.0,185,-2.251291798606495,3.3903717578961645,27
0.2,2.0,218,-2.251291798606495,3.3903717578961645,33
0.2,2.0,54,-2.251291798606495,3.8903717578961645,0
0.2,2.0,87,-2.251291798606495,3.8903717578961645,0
0.2,2.0,109,-2.251291798606495,3.8903717578961645,0
0.2,2.0,120,-2.251291798606495,3.8903717578961645,0
0.2,2.0,153,-2.251291798606495,3.8903717578961645,0
0.2,2.0,185,-2.251291798606495,3.8903717578961645,27
0.2,2.0,218,-2.251291798606495,3.8903717578961645,32
0.2,2.0,54,-2.251291798606495,4.8903717578961645,0
0.2,2.0,87,-2.251291798606495,4.8903717578961645,0
0.2,2.0,109,-2.251291798606495,4.8903717578961645,0
0.2,2.0,120,-2.251291798606495,4.8903717578961645,0
0.2,2.0,153,-2.251291798606495,4.8903717578961645,1
0.2,2.0,185,-2.251291798606495,4.8903717578961645,27
0.2,2.0,218,-2.251291798606495,4.8903717578961645,32
0.2,2.0,54,-1.2512917986064949,1.8903717578961645,0
0.2,2.0,87,-1.2512917986064949,1.8903717578961645,0
0.2,2.0,109,-1.2512917986064949,1.8903717578961645,0
0.2,2.0,120,-1.2512917986064949,1.8903717578961645,0
0.2,2.0,153,-1.2512917986064949,1.8903717578961645,0
0.2,2.0,185,-1.2512917986064949,1.8903717578961645,0
0.2,2.0,218,-1.2512917986064949,1.8903717578961645,0
0.2,2.0,54,-1.2512917986064949,2.3903717578961645,0
0.2,2.0,87,-1.2512917986064949,2.3903717578961645,0
0.2,2.0,109,-1.2512917986064949,2.3903717578961645,0
0.2,2.0,120,-1.2512917986064949,2.3903717578961645,0
0.2,2.0,153,-1.2512917986064949,2.3903717578961645,0
0.2,2.0,185,-1.2512917986064949,2.3903717578961645,0
0.2,2.0,218,-1.2512917986064949,2.3903717578961645,0
0.2,2.0,54,-1.2512917986064949,2.6403717578961645,0
0.2,2.0,87,-1.2512917986064949,2.6403717578961645,0
0.2,2.0,109,-1.2512917986064949,2.6403717578961645,0
0.2,2.0,120,-1.2512917986064949,2.6403717578961645,0
0.2,2.0,153,-1.2512917986064949,2.6403717578961645,0
0.2,2.0,185,-1.2512917986064949,2.6403717578961645,0
0.2,2.0,218,-1.2512917986064949,2.6403717578961645,0
0.2,2.0,54,-1.2512917986064949,2.8903717578961645,0
0.2,2.0,87,-1.2512917986064949,2.8903717578961645,0
0.2,2.0,109,-1.2512917986064949,2.8903717578961645,0
0.2,2.0,120,-1.2512917986064949,2.8903717578961645,0
0.2,2.0,153,-1.2512917986064949,2.8903717578961645,0
0.2,2.0,185,-1.2512917986064949,2.8903717578961645,0
0.2,2.0,218,-1.2512917986064949,2.8903717578961645,0
0.2,2.0,54,-1.2512917986064949,3.3903717578961645,0
0.2,2.0,87,-1.2512917986064949,3.3903717578961645,0
0.2,2.0,109,-1.2512917986064949,3.3903717578961645,0
0.2,2.0,120,-1.2512917986064949,3.3903717578961645,0
0.2,2.0,153,-1.2512917986064949,3.3903717578961645,0
0.2,2.0,185,-1.2512917986064949,3.3903717578961645,0
0.2,2.0,218,-1.2512917986064949,3.3903717578961645,0
0.2,2.0,54,-1.2512917986064949,3.8903717578961645,0
0.2,2.0,87,-1.2512917986064949,3.8903717578961645,0
0.2,2.0,109,-1.2512917986064949,3.8903717578961645,0
0.2,2.0,120,-1.2512917986064949,3.8903717578961645,0
0.2,2.0,153,-1.2512917986064949,3.8903717578961645,0
0.2,2.0,185,-1.2512917986064949,3.8903717578961645,0
0.2,2.0,218,-1.2512917986064949,3.8903717578961645,0
0.2,2.0,54,-1.2512917986064949,4.8903717578961645,0
0.2,2.0,87,-1.2512917986064949,4.8903717578961645,0
0.2,2.0,109,-1.2512917986064949,4.8903717578961645,0
0.2,2.0,120,-1.2512917986064949,4.8903717578961645,0
0.2,2.0,153,-1.2512917986064949,4.8903717578961645,0
0.2,2.0,185,-1.2512917986064949,4.8903717578961645,0
0.2,2.0,218,-1.2512917986064949,4.8903717578961645,0
