p1,kappa,plan_hash,n,k_accept_max,k_reject_min,terminal
0.12,1.0,8151ae3d945546ac,1,,,False
0.12,1.0,8151ae3d945546ac,2,,,False
0.12,1.0,8151ae3d945546ac,3,,,False
0.12,1.0,8151ae3d945546ac,4,,,False
0.12,1.0,8151ae3d945546ac,5,,,False
0.12,1.0,8151ae3d945546ac,6,,,False
0.12,1.0,8151ae3d945546ac,7,,,False
0.12,1.0,8151ae3d945546ac,8,,,False
0.12,1.0,8151ae3d945546ac,9,,,False
0.12,1.0,8151ae3d945546ac,10,,,False
0.12,1.0,8151ae3d945546ac,11,,,False
0.12,1.0,8151ae3d945546ac,12,,,False
0.12,1.0,8151ae3d945546ac,13,,,False
0.12,1.0,8151ae3d945546ac,14,,,False
0.12,1.0,8151ae3d945546ac,15,,,False
0.12,1.0,8151ae3d945546ac,16,,,False
0.12,1.0,8151ae3d945546ac,17,,,False
0.12,1.0,8151ae3d945546ac,18,,,False
0.12,1.0,8151ae3d945546ac,19,,,False
0.12,1.0,8151ae3d945546ac,20,,,False
0.12,1.0,8151ae3d945546ac,21,,,False
0.12,1.0,8151ae3d945546ac,22,,,False
0.12,1.0,8151ae3d945546ac,23,,,False
0.12,1.0,8151ae3d945546ac,24,,,False
0.12,1.0,8151ae3d945546ac,25,,,False
0.12,1.0,8151ae3d945546ac,26,,,False
0.12,1.0,8151ae3d945546ac,27,,27,False
0.12,1.0,8151ae3d945546ac,28,,27,False
0.12,1.0,8151ae3d945546ac,29,,28,False
0.12,1.0,8151ae3d945546ac,30,,28,False
0.12,1.0,8151ae3d945546ac,31,,28,False
0.12,1.0,8151ae3d945546ac,32,,28,False
0.12,1.0,8151ae3d945546ac,33,,28,False
0.12,1.0,8151ae3d945546ac,34,,28,False
0.12,1.0,8151ae3d945546ac,35,,28,False
0.12,1.0,8151ae3d945546ac,36,,28,False
0.12,1.0,8151ae3d945546ac,37,,28,False
0.12,1.0,8151ae3d945546ac,38,,29,False
0.12,1.0,8151ae3d945546ac,39,,29,False
0.12,1.0,8151ae3d945546ac,40,,29,False
0.12,1.0,8151ae3d945546ac,41,,29,False
0.12,1.0,8151ae3d945546ac,42,,29,False
0.12,1.0,8151ae3d945546ac,43,,29,False
0.12,1.0,8151ae3d945546ac,44,,29,False
0.12,1.0,8151ae3d945546ac,45,,29,False
0.12,1.0,8151ae3d945546ac,46,,29,False
0.12,1.0,8151ae3d945546ac,47,,30,False
0.12,1.0,8151ae3d945546ac,48,,30,False
0.12,1.0,8151ae3d945546ac,49,,30,False
0.12,1.0,8151ae3d945546ac,50,,30,False
0.12,1.0,8151ae3d945546ac,51,,30,False
0.12,1.0,8151ae3d945546ac,52,,30,False
0.12,1.0,8151ae3d945546ac,53,,30,False
0.12,1.0,8151ae3d945546ac,54,,30,False
0.12,1.0,8151ae3d945546ac,55,,30,False
0.12,1.0,8151ae3d945546ac,56,,31,False
0.12,1.0,8151ae3d945546ac,57,,31,False
0.12,1.0,8151ae3d945546ac,58,,31,False
0.12,1.0,8151ae3d945546ac,59,,31,False
0.12,1.0,8151ae3d945546ac,60,,31,False
0.12,1.0,8151ae3d945546ac,61,,31,False
0.12,1.0,8151ae3d945546ac,62,,31,False
0.12,1.0,8151ae3d945546ac,63,,31,False
0.12,1.0,8151ae3d945546ac,64,,31,False
0.12,1.0,8151ae3d945546ac,65,,32,False
0.12,1.0,8151ae3d945546ac,66,,32,False
0.12,1.0,8151ae3d945546ac,67,,32,False
0.12,1.0,8151ae3d945546ac,68,,32,False
0.12,1.0,8151ae3d945546ac,69,,32,False
0.12,1.0,8151ae3d945546ac,70,,32,False
0.12,1.0,8151ae3d945546ac,71,,32,False
0.12,1.0,8151ae3d945546ac,72,,32,False
0.12,1.0,8151ae3d945546ac,73,,32,False
0.12,1.0,8151ae3d945546ac,74,,32,False
0.12,1.0,8151ae3d945546ac,75,,33,False
0.12,1.0,8151ae3d945546ac,76,,33,False
0.12,1.0,8151ae3d945546ac,77,,33,False
0.12,1.0,8151ae3d945546ac,78,,33,False
0.12,1.0,8151ae3d945546ac,79,,33,False
0.12,1.0,8151ae3d945546ac,80,,33,False
0.12,1.0,8151ae3d945546ac,81,,33,False
0.12,1.0,8151ae3d945546ac,82,,33,False
0.12,1.0,8151ae3d945546ac,83,,33,False
0.12,1.0,8151ae3d945546ac,84,,34,False
0.12,1.0,8151ae3d945546ac,85,,34,False
0.12,1.0,8151ae3d945546ac,86,,34,False
0.12,1.0,8151ae3d945546ac,87,,34,False
0.12,1.0,8151ae3d945546ac,88,,34,False
0.12,1.0,8151ae3d945546ac,89,,34,False
0.12,1.0,8151ae3d945546ac,90,,34,False
0.12,1.0,8151ae3d945546ac,91,,34,False
0.12,1.0,8151ae3d945546ac,92,,34,False
0.12,1.0,8151ae3d945546ac,93,,35,False
0.12,1.0,8151ae3d945546ac,94,,35,False
0.12,1.0,8151ae3d945546ac,95,,35,False
0.12,1.0,8151ae3d945546ac,96,,35,False
0.12,1.0,8151ae3d945546ac,97,,35,False
0.12,1.0,8151ae3d945546ac,98,,35,False
0.12,1.0,8151ae3d945546ac,99,,35,False
0.12,1.0,8151ae3d945546ac,100,,35,False
0.12,1.0,8151ae3d945546ac,101,,35,False
0.12,1.0,8151ae3d945546ac,102,,36,False
0.12,1.0,8151ae3d945546ac,103,,36,False
0.12,1.0,8151ae3d945546ac,104,,36,False
0.12,1.0,8151ae3d945546ac,105,,36,False
0.12,1.0,8151ae3d945546ac,106,,36,False
0.12,1.0,8151ae3d945546ac,107,,36,False
0.12,1.0,8151ae3d945546ac,108,,36,False
0.12,1.0,8151ae3d945546ac,109,,36,False
0.12,1.0,8151ae3d945546ac,110,,36,False
0.12,1.0,8151ae3d945546ac,111,,37,False
0.12,1.0,8151ae3d945546ac,112,,37,False
0.12,1.0,8151ae3d945546ac,113,,37,False
0.12,1.0,8151ae3d945546ac,114,,37,False
0.12,1.0,8151ae3d945546ac,115,,37,False
0.12,1.0,8151ae3d945546ac,116,,37,False
0.12,1.0,8151ae3d945546ac,117,,37,False
0.12,1.0,8151ae3d945546ac,118,,37,False
0.12,1.0,8151ae3d945546ac,119,,37,False
0.12,1.0,8151ae3d945546ac,120,,38,False
0.12,1.0,8151ae3d945546ac,121,,38,False
0.12,1.0,8151ae3d945546ac,122,,38,False
0.12,1.0,8151ae3d945546ac,123,,38,False
0.12,1.0,8151ae3d945546ac,124,,38,False
0.12,1.0,8151ae3d945546ac,125,,38,False
0.12,1.0,8151ae3d945546ac,126,,38,False
0.12,1.0,8151ae3d945546ac,127,,38,False
0.12,1.0,8151ae3d945546ac,128,,38,False
0.12,1.0,8151ae3d945546ac,129,,39,False
0.12,1.0,8151ae3d945546ac,130,,39,False
0.12,1.0,8151ae3d945546ac,131,,39,False
0.12,1.0,8151ae3d945546ac,132,,39,False
0.12,1.0,8151ae3d945546ac,133,,39,False
0.12,1.0,8151ae3d945546ac,134,,39,False
0.12,1.0,8151ae3d945546ac,135,,39,False
0.12,1.0,8151ae3d945546ac,136,,39,False
0.12,1.0,8151ae3d945546ac,137,,39,False
0.12,1.0,8151ae3d945546ac,138,,40,False
0.12,1.0,8151ae3d945546ac,139,,40,False
0.12,1.0,8151ae3d945546ac,140,,40,False
0.12,1.0,8151ae3d945546ac,141,,40,False
0.12,1.0,8151ae3d945546ac,142,,40,False
0.12,1.0,8151ae3d945546ac,143,,40,False
0.12,1.0,8151ae3d945546ac,144,,40,False
0.12,1.0,8151ae3d945546ac,145,,40,False
0.12,1.0,8151ae3d945546ac,146,,40,False
0.12,1.0,8151ae3d945546ac,147,,41,False
0.12,1.0,8151ae3d945546ac,148,,41,False
0.12,1.0,8151ae3d945546ac,149,,41,False
0.12,1.0,8151ae3d945546ac,150,,41,False
0.12,1.0,8151ae3d945546ac,151,,41,False
0.12,1.0,8151ae3d945546ac,152,,41,False
0.12,1.0,8151ae3d945546ac,153,,41,False
0.12,1.0,8151ae3d945546ac,154,,41,False
0.12,1.0,8151ae3d945546ac,155,,41,False
0.12,1.0,8151ae3d945546ac,156,,41,False
0.12,1.0,8151ae3d945546ac,157,,42,False
0.12,1.0,8151ae3d945546ac,158,,42,False
0.12,1.0,8151ae3d945546ac,159,,42,False
0.12,1.0,8151ae3d945546ac,160,,42,False
0.12,1.0,8151ae3d945546ac,161,,42,False
0.12,1.0,8151ae3d945546ac,162,,42,False
0.12,1.0,8151ae3d945546ac,163,,42,False
0.12,1.0,8151ae3d945546ac,164,,42,False
0.12,1.0,8151ae3d945546ac,165,,42,False
0.12,1.0,8151ae3d945546ac,166,,43,False
0.12,1.0,8151ae3d945546ac,167,,43,False
0.12,1.0,8151ae3d945546ac,168,,43,False
0.12,1.0,8151ae3d945546ac,169,,43,False
0.12,1.0,8151ae3d945546ac,170,,43,False
0.12,1.0,8151ae3d945546ac,171,,43,False
0.12,1.0,8151ae3d945546ac,172,,43,False
0.12,1.0,8151ae3d945546ac,173,,43,False
0.12,1.0,8151ae3d945546ac,174,,43,False
0.12,1.0,8151ae3d945546ac,175,,44,False
0.12,1.0,8151ae3d945546ac,176,,44,False
0.12,1.0,8151ae3d945546ac,177,,44,False
0.12,1.0,8151ae3d945546ac,178,,44,False
0.12,1.0,8151ae3d945546ac,179,,44,False
0.12,1.0,8151ae3d945546ac,180,,44,False
0.12,1.0,8151ae3d945546ac,181,,44,False
0.12,1.0,8151ae3d945546ac,182,,44,False
0.12,1.0,8151ae3d945546ac,183,,44,False
0.12,1.0,8151ae3d945546ac,184,,45,False
0.12,1.0,8151ae3d945546ac,185,,45,False
0.12,1.0,8151ae3d945546ac,186,,45,False
0.12,1.0,8151ae3d945546ac,187,,45,False
0.12,1.0,8151ae3d945546ac,188,,45,False
0.12,1.0,8151ae3d945546ac,189,,45,False
0.12,1.0,8151ae3d945546ac,190,,45,False
0.12,1.0,8151ae3d945546ac,191,,45,False
0.12,1.0,8151ae3d945546ac,192,,45,False
0.12,1.0,8151ae3d945546ac,193,,46,False
0.12,1.0,8151ae3d945546ac,194,,46,False
0.12,1.0,8151ae3d945546ac,195,,46,False
0.12,1.0,8151ae3d945546ac,196,,46,False
0.12,1.0,8151ae3d945546ac,197,,46,False
0.12,1.0,8151ae3d945546ac,198,,46,False
0.12,1.0,8151ae3d945546ac,199,,46,False
0.12,1.0,8151ae3d945546ac,200,,46,False
0.12,1.0,8151ae3d945546ac,201,,46,False
0.12,1.0,8151ae3d945546ac,202,,47,False
0.12,1.0,8151ae3d945546ac,203,,47,False
0.12,1.0,8151ae3d945546ac,204,,47,False
0.12,1.0,8151ae3d945546ac,205,,47,False
0.12,1.0,8151ae3d945546ac,206,,47,False
0.12,1.0,8151ae3d945546ac,207,,47,False
0.12,1.0,8151ae3d945546ac,208,,47,False
0.12,1.0,8151ae3d945546ac,209,,47,False
0.12,1.0,8151ae3d945546ac,210,,47,False
0.12,1.0,8151ae3d945546ac,211,,48,False
0.12,1.0,8151ae3d945546ac,212,,48,False
0.12,1.0,8151ae3d945546ac,213,,48,False
0.12,1.0,8151ae3d945546ac,214,,48,False
0.12,1.0,8151ae3d945546ac,215,,48,False
0.12,1.0,8151ae3d945546ac,216,,48,False
0.12,1.0,8151ae3d945546ac,217,,48,False
0.12,1.0,8151ae3d945546ac,218,,48,False
0.12,1.0,8151ae3d945546ac,219,,48,False
0.12,1.0,8151ae3d945546ac,220,,49,False
0.12,1.0,8151ae3d945546ac,221,,49,False
0.12,1.0,8151ae3d945546ac,222,,49,False
0.12,1.0,8151ae3d945546ac,223,,49,False
0.12,1.0,8151ae3d945546ac,224,,49,False
0.12,1.0,8151ae3d945546ac,225,,49,False
0.12,1.0,8151ae3d945546ac,226,,49,False
0.12,1.0,8151ae3d945546ac,227,,49,False
0.12,1.0,8151ae3d945546ac,228,,49,False
0.12,1.0,8151ae3d945546ac,229,,50,False
0.12,1.0,8151ae3d945546ac,230,,50,False
0.12,1.0,8151ae3d945546ac,231,,50,False
0.12,1.0,8151ae3d945546ac,232,,50,False
0.12,1.0,8151ae3d945546ac,233,,50,False
0.12,1.0,8151ae3d945546ac,234,0,50,False
0.12,1.0,8151ae3d945546ac,235,0,50,False
0.12,1.0,8151ae3d945546ac,236,0,50,False
0.12,1.0,8151ae3d945546ac,237,0,50,False
0.12,1.0,8151ae3d945546ac,238,0,50,False
0.12,1.0,8151ae3d945546ac,239,0,51,False
0.12,1.0,8151ae3d945546ac,240,0,51,False
0.12,1.0,8151ae3d945546ac,241,0,51,False
0.12,1.0,8151ae3d945546ac,242,0,51,False
0.12,1.0,8151ae3d945546ac,243,1,51,False
0.12,1.0,8151ae3d945546ac,244,1,51,False
0.12,1.0,8151ae3d945546ac,245,1,51,False
0.12,1.0,8151ae3d945546ac,246,1,51,False
0.12,1.0,8151ae3d945546ac,247,1,51,False
0.12,1.0,8151ae3d945546ac,248,1,52,False
0.12,1.0,8151ae3d945546ac,249,1,52,False
0.12,1.0,8151ae3d945546ac,250,1,52,False
0.12,1.0,8151ae3d945546ac,251,1,52,False
0.12,1.0,8151ae3d945546ac,252,2,52,False
0.12,1.0,8151ae3d945546ac,253,2,52,False
0.12,1.0,8151ae3d945546ac,254,2,52,False
0.12,1.0,8151ae3d945546ac,255,2,52,False
0.12,1.0,8151ae3d945546ac,256,2,52,False
0.12,1.0,8151ae3d945546ac,257,2,53,False
0.12,1.0,8151ae3d945546ac,258,2,53,False
0.12,1.0,8151ae3d945546ac,259,2,53,False
0.12,1.0,8151ae3d945546ac,260,2,53,False
0.12,1.0,8151ae3d945546ac,261,2,53,False
0.12,1.0,8151ae3d945546ac,262,3,53,False
0.12,1.0,8151ae3d945546ac,263,3,53,False
0.12,1.0,8151ae3d945546ac,264,3,53,False
0.12,1.0,8151ae3d945546ac,265,3,53,False
0.12,1.0,8151ae3d945546ac,266,3,54,False
0.12,1.0,8151ae3d945546ac,267,3,54,False
0.12,1.0,8151ae3d945546ac,268,3,54,False
0.12,1.0,8151ae3d945546ac,269,3,54,False
0.12,1.0,8151ae3d945546ac,270,3,54,False
0.12,1.0,8151ae3d945546ac,271,4,54,False
0.12,1.0,8151ae3d945546ac,272,4,54,False
0.12,1.0,8151ae3d945546ac,273,4,54,False
0.12,1.0,8151ae3d945546ac,274,4,54,False
0.12,1.0,8151ae3d945546ac,275,4,55,False
0.12,1.0,8151ae3d945546ac,276,4,55,False
0.12,1.0,8151ae3d945546ac,277,4,55,False
0.12,1.0,8151ae3d945546ac,278,4,55,False
0.12,1.0,8151ae3d945546ac,279,4,55,False
0.12,1.0,8151ae3d945546ac,280,5,55,False
0.12,1.0,8151ae3d945546ac,281,5,55,False
0.12,1.0,8151ae3d945546ac,282,5,55,False
0.12,1.0,8151ae3d945546ac,283,5,55,False
0.12,1.0,8151ae3d945546ac,284,5,56,False
0.12,1.0,8151ae3d945546ac,285,5,56,False
0.12,1.0,8151ae3d945546ac,286,5,56,False
0.12,1.0,8151ae3d945546ac,287,5,56,False
0.12,1.0,8151ae3d945546ac,288,5,56,False
0.12,1.0,8151ae3d945546ac,289,6,56,False
0.12,1.0,8151ae3d945546ac,290,6,56,False
0.12,1.0,8151ae3d945546ac,291,6,56,False
0.12,1.0,8151ae3d945546ac,292,6,56,False
0.12,1.0,8151ae3d945546ac,293,6,57,False
0.12,1.0,8151ae3d945546ac,294,6,57,False
0.12,1.0,8151ae3d945546ac,295,6,57,False
0.12,1.0,8151ae3d945546ac,296,6,57,False
0.12,1.0,8151ae3d945546ac,297,6,57,False
0.12,1.0,8151ae3d945546ac,298,7,57,False
0.12,1.0,8151ae3d945546ac,299,7,57,False
0.12,1.0,8151ae3d945546ac,300,7,57,False
0.12,1.0,8151ae3d945546ac,301,7,57,False
0.12,1.0,8151ae3d945546ac,302,7,58,False
0.12,1.0,8151ae3d945546ac,303,7,58,False
0.12,1.0,8151ae3d945546ac,304,7,58,False
0.12,1.0,8151ae3d945546ac,305,7,58,False
0.12,1.0,8151ae3d945546ac,306,7,58,False
0.12,1.0,8151ae3d945546ac,307,8,58,False
0.12,1.0,8151ae3d945546ac,308,8,58,False
0.12,1.0,8151ae3d945546ac,309,8,58,False
0.12,1.0,8151ae3d945546ac,310,8,58,False
0.12,1.0,8151ae3d945546ac,311,8,59,False
0.12,1.0,8151ae3d945546ac,312,8,59,False
0.12,1.0,8151ae3d945546ac,313,8,59,False
0.12,1.0,8151ae3d945546ac,314,8,59,False
0.12,1.0,8151ae3d945546ac,315,8,59,False
0.12,1.0,8151ae3d945546ac,316,9,59,False
0.12,1.0,8151ae3d945546ac,317,9,59,False
0.12,1.0,8151ae3d945546ac,318,9,59,False
0.12,1.0,8151ae3d945546ac,319,9,59,False
0.12,1.0,8151ae3d945546ac,320,9,59,False
0.12,1.0,8151ae3d945546ac,321,9,60,False
0.12,1.0,8151ae3d945546ac,322,9,60,False
0.12,1.0,8151ae3d945546ac,323,9,60,False
0.12,1.0,8151ae3d945546ac,324,9,60,False
0.12,1.0,8151ae3d945546ac,325,10,60,False
0.12,1.0,8151ae3d945546ac,326,10,60,False
0.12,1.0,8151ae3d945546ac,327,10,60,False
0.12,1.0,8151ae3d945546ac,328,10,60,False
0.12,1.0,8151ae3d945546ac,329,10,60,False
0.12,1.0,8151ae3d945546ac,330,10,61,False
0.12,1.0,8151ae3d945546ac,331,10,61,False
0.12,1.0,8151ae3d945546ac,332,10,61,False
0.12,1.0,8151ae3d945546ac,333,10,61,False
0.12,1.0,8151ae3d945546ac,334,11,61,False
0.12,1.0,8151ae3d945546ac,335,11,61,False
0.12,1.0,8151ae3d945546ac,336,11,61,False
0.12,1.0,8151ae3d945546ac,337,11,61,False
0.12,1.0,8151ae3d945546ac,338,11,61,False
0.12,1.0,8151ae3d945546ac,339,11,62,False
0.12,1.0,8151ae3d945546ac,340,11,62,False
0.12,1.0,8151ae3d945546ac,341,11,62,False
0.12,1.0,8151ae3d945546ac,342,11,62,False
0.12,1.0,8151ae3d945546ac,343,11,62,False
0.12,1.0,8151ae3d945546ac,344,12,62,False
0.12,1.0,8151ae3d945546ac,345,12,62,False
0.12,1.0,8151ae3d945546ac,346,12,62,False
0.12,1.0,8151ae3d945546ac,347,12,62,False
0.12,1.0,8151ae3d945546ac,348,12,63,False
0.12,1.0,8151ae3d945546ac,349,12,63,False
0.12,1.0,8151ae3d945546ac,350,12,63,False
0.12,1.0,8151ae3d945546ac,351,12,63,False
0.12,1.0,8151ae3d945546ac,352,12,63,False
0.12,1.0,8151ae3d945546ac,353,13,63,False
0.12,1.0,8151ae3d945546ac,354,13,63,False
0.12,1.0,8151ae3d945546ac,355,13,63,False
0.12,1.0,8151ae3d945546ac,356,13,63,False
0.12,1.0,8151ae3d945546ac,357,13,64,False
0.12,1.0,8151ae3d945546ac,358,13,64,False
0.12,1.0,8151ae3d945546ac,359,13,64,False
0.12,1.0,8151ae3d945546ac,360,13,64,False
0.12,1.0,8151ae3d945546ac,361,13,64,False
0.12,1.0,8151ae3d945546ac,362,14,64,False
0.12,1.0,8151ae3d945546ac,363,14,64,False
0.12,1.0,8151ae3d945546ac,364,14,64,False
0.12,1.0,8151ae3d945546ac,365,14,64,False
0.12,1.0,8151ae3d945546ac,366,14,65,False
0.12,1.0,8151ae3d945546ac,367,14,65,False
0.12,1.0,8151ae3d945546ac,368,14,65,False
0.12,1.0,8151ae3d945546ac,369,14,65,False
0.12,1.0,8151ae3d945546ac,370,14,65,False
0.12,1.0,8151ae3d945546ac,371,15,65,False
0.12,1.0,8151ae3d945546ac,372,15,65,False
0.12,1.0,8151ae3d945546ac,373,15,65,False
0.12,1.0,8151ae3d945546ac,374,15,65,False
0.12,1.0,8151ae3d945546ac,375,15,66,False
0.12,1.0,8151ae3d945546ac,376,15,66,False
0.12,1.0,8151ae3d945546ac,377,15,66,False
0.12,1.0,8151ae3d945546ac,378,15,66,False
0.12,1.0,8151ae3d945546ac,379,15,66,False
0.12,1.0,8151ae3d945546ac,380,16,66,False
0.12,1.0,8151ae3d945546ac,381,16,66,False
0.12,1.0,8151ae3d945546ac,382,16,66,False
0.12,1.0,8151ae3d945546ac,383,16,66,False
0.12,1.0,8151ae3d945546ac,384,16,67,False
0.12,1.0,8151ae3d945546ac,385,16,67,False
0.12,1.0,8151ae3d945546ac,386,16,67,False
0.12,1.0,8151ae3d945546ac,387,16,67,False
0.12,1.0,8151ae3d945546ac,388,16,67,False
0.12,1.0,8151ae3d945546ac,389,17,67,False
0.12,1.0,8151ae3d945546ac,390,17,67,False
0.12,1.0,8151ae3d945546ac,391,17,67,False
0.12,1.0,8151ae3d945546ac,392,17,67,False
0.12,1.0,8151ae3d945546ac,393,17,68,False
0.12,1.0,8151ae3d945546ac,394,17,68,False
0.12,1.0,8151ae3d945546ac,395,17,68,False
0.12,1.0,8151ae3d945546ac,396,17,68,False
0.12,1.0,8151ae3d945546ac,397,17,68,False
0.12,1.0,8151ae3d945546ac,398,18,68,False
0.12,1.0,8151ae3d945546ac,399,18,68,False
0.12,1.0,8151ae3d945546ac,400,18,68,False
0.12,1.0,8151ae3d945546ac,401,18,68,False
0.12,1.0,8151ae3d945546ac,402,18,68,False
0.12,1.0,8151ae3d945546ac,403,18,69,False
0.12,1.0,8151ae3d945546ac,404,18,69,False
0.12,1.0,8151ae3d945546ac,405,18,69,False
0.12,1.0,8151ae3d945546ac,406,18,69,False
0.12,1.0,8151ae3d945546ac,407,19,69,False
0.12,1.0,8151ae3d945546ac,408,19,69,False
0.12,1.0,8151ae3d945546ac,409,19,69,False
0.12,1.0,8151ae3d945546ac,410,19,69,False
0.12,1.0,8151ae3d945546ac,411,19,69,False
0.12,1.0,8151ae3d945546ac,412,19,70,False
0.12,1.0,8151ae3d945546ac,413,19,70,False
0.12,1.0,8151ae3d945546ac,414,19,70,False
0.12,1.0,8151ae3d945546ac,415,19,70,False
0.12,1.0,8151ae3d945546ac,416,20,70,False
0.12,1.0,8151ae3d945546ac,417,20,70,False
0.12,1.0,8151ae3d945546ac,418,20,70,False
0.12,1.0,8151ae3d945546ac,419,20,70,False
0.12,1.0,8151ae3d945546ac,420,20,70,False
0.12,1.0,8151ae3d945546ac,421,20,71,False
0.12,1.0,8151ae3d945546ac,422,20,71,False
0.12,1.0,8151ae3d945546ac,423,20,71,False
0.12,1.0,8151ae3d945546ac,424,20,71,False
0.12,1.0,8151ae3d945546ac,425,20,71,False
0.12,1.0,8151ae3d945546ac,426,21,71,False
0.12,1.0,8151ae3d945546ac,427,21,71,False
0.12,1.0,8151ae3d945546ac,428,21,71,False
0.12,1.0,8151ae3d945546ac,429,21,71,False
0.12,1.0,8151ae3d945546ac,430,21,72,False
0.12,1.0,8151ae3d945546ac,431,21,72,False
0.12,1.0,8151ae3d945546ac,432,21,72,False
0.12,1.0,8151ae3d945546ac,433,21,72,False
0.12,1.0,8151ae3d945546ac,434,21,72,False
0.12,1.0,8151ae3d945546ac,435,22,72,False
0.12,1.0,8151ae3d945546ac,436,22,72,False
0.12,1.0,8151ae3d945546ac,437,22,72,False
0.12,1.0,8151ae3d945546ac,438,22,72,False
0.12,1.0,8151ae3d945546ac,439,22,73,False
0.12,1.0,8151ae3d945546ac,440,22,73,False
0.12,1.0,8151ae3d945546ac,441,22,73,False
0.12,1.0,8151ae3d945546ac,442,22,73,False
0.12,1.0,8151ae3d945546ac,443,22,73,False
0.12,1.0,8151ae3d945546ac,444,23,73,False
0.12,1.0,8151ae3d945546ac,445,23,73,False
0.12,1.0,8151ae3d945546ac,446,23,73,False
0.12,1.0,8151ae3d945546ac,447,23,73,False
0.12,1.0,8151ae3d945546ac,448,23,74,False
0.12,1.0,8151ae3d945546ac,449,23,74,False
0.12,1.0,8151ae3d945546ac,450,23,74,False
0.12,1.0,8151ae3d945546ac,451,23,74,False
0.12,1.0,8151ae3d945546ac,452,23,74,False
0.12,1.0,8151ae3d945546ac,453,24,74,False
0.12,1.0,8151ae3d945546ac,454,24,74,False
0.12,1.0,8151ae3d945546ac,455,24,74,False
0.12,1.0,8151ae3d945546ac,456,24,74,False
0.12,1.0,8151ae3d945546ac,457,24,75,False
0.12,1.0,8151ae3d945546ac,458,24,75,False
0.12,1.0,8151ae3d945546ac,459,24,75,False
0.12,1.0,8151ae3d945546ac,460,24,75,False
0.12,1.0,8151ae3d945546ac,461,24,75,False
0.12,1.0,8151ae3d945546ac,462,25,75,False
0.12,1.0,8151ae3d945546ac,463,25,75,False
0.12,1.0,8151ae3d945546ac,464,25,75,False
0.12,1.0,8151ae3d945546ac,465,25,75,False
0.12,1.0,8151ae3d945546ac,466,25,76,False
0.12,1.0,8151ae3d945546ac,467,25,76,False
0.12,1.0,8151ae3d945546ac,468,25,76,False
0.12,1.0,8151ae3d945546ac,469,25,76,False
0.12,1.0,8151ae3d945546ac,470,25,76,False
0.12,1.0,8151ae3d945546ac,471,26,76,False
0.12,1.0,8151ae3d945546ac,472,26,76,False
0.12,1.0,8151ae3d945546ac,473,26,76,False
0.12,1.0,8151ae3d945546ac,474,26,76,False
0.12,1.0,8151ae3d945546ac,475,26,77,False
0.12,1.0,8151ae3d945546ac,476,26,77,False
0.12,1.0,8151ae3d945546ac,477,26,77,False
0.12,1.0,8151ae3d945546ac,478,26,77,False
0.12,1.0,8151ae3d945546ac,479,26,77,False
0.12,1.0,8151ae3d945546ac,480,27,77,False
0.12,1.0,8151ae3d945546ac,481,27,77,False
0.12,1.0,8151ae3d945546ac,482,27,77,False
0.12,1.0,8151ae3d945546ac,483,27,77,False
0.12,1.0,8151ae3d945546ac,484,27,77,False
0.12,1.0,8151ae3d945546ac,485,27,78,False
0.12,1.0,8151ae3d945546ac,486,27,78,False
0.12,1.0,8151ae3d945546ac,487,27,78,False
0.12,1.0,8151ae3d945546ac,488,27,78,False
0.12,1.0,8151ae3d945546ac,489,28,78,False
0.12,1.0,8151ae3d945546ac,490,28,78,False
0.12,1.0,8151ae3d945546ac,491,28,78,False
0.12,1.0,8151ae3d945546ac,492,28,78,False
0.12,1.0,8151ae3d945546ac,493,28,78,False
0.12,1.0,8151ae3d945546ac,494,28,79,False
0.12,1.0,8151ae3d945546ac,495,28,79,False
0.12,1.0,8151ae3d945546ac,496,28,79,False
0.12,1.0,8151ae3d945546ac,497,28,79,False
0.12,1.0,8151ae3d945546ac,498,29,79,False
0.12,1.0,8151ae3d945546ac,499,29,79,False
0.12,1.0,8151ae3d945546ac,500,29,79,False
0.12,1.0,8151ae3d945546ac,501,29,79,False
0.12,1.0,8151ae3d945546ac,502,29,79,False
0.12,1.0,8151ae3d945546ac,503,29,80,False
0.12,1.0,8151ae3d945546ac,504,29,80,False
0.12,1.0,8151ae3d945546ac,505,29,80,False
0.12,1.0,8151ae3d945546ac,506,29,80,False
0.12,1.0,8151ae3d945546ac,507,29,80,False
0.12,1.0,8151ae3d945546ac,508,30,80,False
0.12,1.0,8151ae3d945546ac,509,30,80,False
0.12,1.0,8151ae3d945546ac,510,30,80,False
0.12,1.0,8151ae3d945546ac,511,30,80,False
0.12,1.0,8151ae3d945546ac,512,30,81,False
0.12,1.0,8151ae3d945546ac,513,30,81,False
0.12,1.0,8151ae3d945546ac,514,30,81,False
0.12,1.0,8151ae3d945546ac,515,30,81,False
0.12,1.0,8151ae3d945546ac,516,30,81,False
0.12,1.0,8151ae3d945546ac,517,31,81,False
0.12,1.0,8151ae3d945546ac,518,31,81,False
0.12,1.0,8151ae3d945546ac,519,31,81,False
0.12,1.0,8151ae3d945546ac,520,31,81,False
0.12,1.0,8151ae3d945546ac,521,31,82,False
0.12,1.0,8151ae3d945546ac,522,31,82,False
0.12,1.0,8151ae3d945546ac,523,31,82,False
0.12,1.0,8151ae3d945546ac,524,31,82,False
0.12,1.0,8151ae3d945546ac,525,31,82,False
0.12,1.0,8151ae3d945546ac,526,32,82,False
0.12,1.0,8151ae3d945546ac,527,32,82,False
0.12,1.0,8151ae3d945546ac,528,32,82,False
0.12,1.0,8151ae3d945546ac,529,32,82,False
0.12,1.0,8151ae3d945546ac,530,32,83,False
0.12,1.0,8151ae3d945546ac,531,32,83,False
0.12,1.0,8151ae3d945546ac,532,32,83,False
0.12,1.0,8151ae3d945546ac,533,32,83,False
0.12,1.0,8151ae3d945546ac,534,32,83,False
0.12,1.0,8151ae3d945546ac,535,33,83,False
0.12,1.0,8151ae3d945546ac,536,33,83,False
0.12,1.0,8151ae3d945546ac,537,33,83,False
0.12,1.0,8151ae3d945546ac,538,33,83,False
0.12,1.0,8151ae3d945546ac,539,33,84,False
0.12,1.0,8151ae3d945546ac,540,33,84,False
0.12,1.0,8151ae3d945546ac,541,33,84,False
0.12,1.0,8151ae3d945546ac,542,33,84,False
0.12,1.0,8151ae3d945546ac,543,33,84,False
0.12,1.0,8151ae3d945546ac,544,34,84,False
0.12,1.0,8151ae3d945546ac,545,34,84,False
0.12,1.0,8151ae3d945546ac,546,34,84,False
0.12,1.0,8151ae3d945546ac,547,34,84,False
0.12,1.0,8151ae3d945546ac,548,34,85,False
0.12,1.0,8151ae3d945546ac,549,34,85,False
0.12,1.0,8151ae3d945546ac,550,34,85,False
0.12,1.0,8151ae3d945546ac,551,34,85,False
0.12,1.0,8151ae3d945546ac,552,34,85,False
0.12,1.0,8151ae3d945546ac,553,35,85,False
0.12,1.0,8151ae3d945546ac,554,35,85,False
0.12,1.0,8151ae3d945546ac,555,35,85,False
0.12,1.0,8151ae3d945546ac,556,35,85,False
0.12,1.0,8151ae3d945546ac,557,35,86,False
0.12,1.0,8151ae3d945546ac,558,35,86,False
0.12,1.0,8151ae3d945546ac,559,35,86,False
0.12,1.0,8151ae3d945546ac,560,35,86,False
0.12,1.0,8151ae3d945546ac,561,35,86,False
0.12,1.0,8151ae3d945546ac,562,36,86,False
0.12,1.0,8151ae3d945546ac,563,36,86,False
0.12,1.0,8151ae3d945546ac,564,36,86,False
0.12,1.0,8151ae3d945546ac,565,36,86,False
0.12,1.0,8151ae3d945546ac,566,36,86,False
0.12,1.0,8151ae3d945546ac,567,36,87,False
0.12,1.0,8151ae3d945546ac,568,36,87,False
0.12,1.0,8151ae3d945546ac,569,36,87,False
0.12,1.0,8151ae3d945546ac,570,36,87,False
0.12,1.0,8151ae3d945546ac,571,37,87,False
0.12,1.0,8151ae3d945546ac,572,37,87,False
0.12,1.0,8151ae3d945546ac,573,37,87,False
0.12,1.0,8151ae3d945546ac,574,37,87,False
0.12,1.0,8151ae3d945546ac,575,37,87,False
0.12,1.0,8151ae3d945546ac,576,37,88,False
0.12,1.0,8151ae3d945546ac,577,37,88,False
0.12,1.0,8151ae3d945546ac,578,37,88,False
0.12,1.0,8151ae3d945546ac,579,37,88,False
0.12,1.0,8151ae3d945546ac,580,38,88,False
0.12,1.0,8151ae3d945546ac,581,38,88,False
0.12,1.0,8151ae3d945546ac,582,38,88,False
0.12,1.0,8151ae3d945546ac,583,38,88,False
0.12,1.0,8151ae3d945546ac,584,38,88,False
0.12,1.0,8151ae3d945546ac,585,38,89,False
0.12,1.0,8151ae3d945546ac,586,38,89,False
0.12,1.0,8151ae3d945546ac,587,38,89,False
0.12,1.0,8151ae3d945546ac,588,38,89,False
0.12,1.0,8151ae3d945546ac,589,38,89,False
0.12,1.0,8151ae3d945546ac,590,39,89,False
0.12,1.0,8151ae3d945546ac,591,39,89,False
0.12,1.0,8151ae3d945546ac,592,39,89,False
0.12,1.0,8151ae3d945546ac,593,39,89,False
0.12,1.0,8151ae3d945546ac,594,39,90,False
0.12,1.0,8151ae3d945546ac,595,39,90,False
0.12,1.0,8151ae3d945546ac,596,39,90,False
0.12,1.0,8151ae3d945546ac,597,39,90,False
0.12,1.0,8151ae3d945546ac,598,39,90,False
0.12,1.0,8151ae3d945546ac,599,40,90,False
0.12,1.0,8151ae3d945546ac,600,40,90,False
0.12,1.0,8151ae3d945546ac,601,40,90,False
0.12,1.0,8151ae3d945546ac,602,40,90,False
0.12,1.0,8151ae3d945546ac,603,40,91,False
0.12,1.0,8151ae3d945546ac,604,40,91,False
0.12,1.0,8151ae3d945546ac,605,40,91,False
0.12,1.0,8151ae3d945546ac,606,40,91,False
0.12,1.0,8151ae3d945546ac,607,40,91,False
0.12,1.0,8151ae3d945546ac,608,41,91,False
0.12,1.0,8151ae3d945546ac,609,41,91,False
0.12,1.0,8151ae3d945546ac,610,41,91,False
0.12,1.0,8151ae3d945546ac,611,41,91,False
0.12,1.0,8151ae3d945546ac,612,41,92,False
0.12,1.0,8151ae3d945546ac,613,41,92,False
0.12,1.0,8151ae3d945546ac,614,41,92,False
0.12,1.0,8151ae3d945546ac,615,41,92,False
0.12,1.0,8151ae3d945546ac,616,41,92,False
0.12,1.0,8151ae3d945546ac,617,42,92,False
0.12,1.0,8151ae3d945546ac,618,42,92,False
0.12,1.0,8151ae3d945546ac,619,42,92,False
0.12,1.0,8151ae3d945546ac,620,42,92,False
0.12,1.0,8151ae3d945546ac,621,42,93,False
0.12,1.0,8151ae3d945546ac,622,42,93,False
0.12,1.0,8151ae3d945546ac,623,42,93,False
0.12,1.0,8151ae3d945546ac,624,42,93,False
0.12,1.0,8151ae3d945546ac,625,42,93,False
0.12,1.0,8151ae3d945546ac,626,43,93,False
0.12,1.0,8151ae3d945546ac,627,43,93,False
0.12,1.0,8151ae3d945546ac,628,43,93,False
0.12,1.0,8151ae3d945546ac,629,43,93,False
0.12,1.0,8151ae3d945546ac,630,43,94,False
0.12,1.0,8151ae3d945546ac,631,43,94,False
0.12,1.0,8151ae3d945546ac,632,43,94,False
0.12,1.0,8151ae3d945546ac,633,43,94,False
0.12,1.0,8151ae3d945546ac,634,43,94,False
0.12,1.0,8151ae3d945546ac,635,44,94,False
0.12,1.0,8151ae3d945546ac,636,44,94,False
0.12,1.0,8151ae3d945546ac,637,44,94,False
0.12,1.0,8151ae3d945546ac,638,44,94,False
0.12,1.0,8151ae3d945546ac,639,44,94,False
0.12,1.0,8151ae3d945546ac,640,44,95,False
0.12,1.0,8151ae3d945546ac,641,44,95,False
0.12,1.0,8151ae3d945546ac,642,44,95,False
0.12,1.0,8151ae3d945546ac,643,44,95,False
0.12,1.0,8151ae3d945546ac,644,45,95,False
0.12,1.0,8151ae3d945546ac,645,45,95,False
0.12,1.0,8151ae3d945546ac,646,45,95,False
0.12,1.0,8151ae3d945546ac,647,45,95,False
0.12,1.0,8151ae3d945546ac,648,45,95,False
0.12,1.0,8151ae3d945546ac,649,45,96,False
0.12,1.0,8151ae3d945546ac,650,45,96,False
0.12,1.0,8151ae3d945546ac,651,45,96,False
0.12,1.0,8151ae3d945546ac,652,45,96,False
0.12,1.0,8151ae3d945546ac,653,46,96,False
0.12,1.0,8151ae3d945546ac,654,46,96,False
0.12,1.0,8151ae3d945546ac,655,46,96,False
0.12,1.0,8151ae3d945546ac,656,46,96,False
0.12,1.0,8151ae3d945546ac,657,46,96,False
0.12,1.0,8151ae3d945546ac,658,46,97,False
0.12,1.0,8151ae3d945546ac,659,46,97,False
0.12,1.0,8151ae3d945546ac,660,46,97,False
0.12,1.0,8151ae3d945546ac,661,46,97,False
0.12,1.0,8151ae3d945546ac,662,47,97,False
0.12,1.0,8151ae3d945546ac,663,47,97,False
0.12,1.0,8151ae3d945546ac,664,47,97,False
0.12,1.0,8151ae3d945546ac,665,47,97,False
0.12,1.0,8151ae3d945546ac,666,47,97,False
0.12,1.0,8151ae3d945546ac,667,47,98,False
0.12,1.0,8151ae3d945546ac,668,47,98,False
0.12,1.0,8151ae3d945546ac,669,47,98,False
0.12,1.0,8151ae3d945546ac,670,47,98,False
0.12,1.0,8151ae3d945546ac,671,47,98,False
0.12,1.0,8151ae3d945546ac,672,48,98,False
0.12,1.0,8151ae3d945546ac,673,48,98,False
0.12,1.0,8151ae3d945546ac,674,48,98,False
0.12,1.0,8151ae3d945546ac,675,48,98,False
0.12,1.0,8151ae3d945546ac,676,48,99,False
0.12,1.0,8151ae3d945546ac,677,48,99,False
0.12,1.0,8151ae3d945546ac,678,48,99,False
0.12,1.0,8151ae3d945546ac,679,48,99,False
0.12,1.0,8151ae3d945546ac,680,48,99,False
0.12,1.0,8151ae3d945546ac,681,49,99,False
0.12,1.0,8151ae3d945546ac,682,49,99,False
0.12,1.0,8151ae3d945546ac,683,49,99,False
0.12,1.0,8151ae3d945546ac,684,49,99,False
0.12,1.0,8151ae3d945546ac,685,49,100,False
0.12,1.0,8151ae3d945546ac,686,49,100,False
0.12,1.0,8151ae3d945546ac,687,49,100,False
0.12,1.0,8151ae3d945546ac,688,49,100,False
0.12,1.0,8151ae3d945546ac,689,49,100,False
0.12,1.0,8151ae3d945546ac,690,50,100,False
0.12,1.0,8151ae3d945546ac,691,50,100,False
0.12,1.0,8151ae3d945546ac,692,50,100,False
0.12,1.0,8151ae3d945546ac,693,50,100,False
0.12,1.0,8151ae3d945546ac,694,50,101,False
0.12,1.0,8151ae3d945546ac,695,50,101,False
0.12,1.0,8151ae3d945546ac,696,50,101,False
0.12,1.0,8151ae3d945546ac,697,50,101,False
0.12,1.0,8151ae3d945546ac,698,50,101,False
0.12,1.0,8151ae3d945546ac,699,51,101,False
0.12,1.0,8151ae3d945546ac,700,51,101,False
0.12,1.0,8151ae3d945546ac,701,51,101,False
0.12,1.0,8151ae3d945546ac,702,51,101,False
0.12,1.0,8151ae3d945546ac,703,51,102,False
0.12,1.0,8151ae3d945546ac,704,51,102,False
0.12,1.0,8151ae3d945546ac,705,51,102,False
0.12,1.0,8151ae3d945546ac,706,51,102,False
0.12,1.0,8151ae3d945546ac,707,51,102,False
0.12,1.0,8151ae3d945546ac,708,52,102,False
0.12,1.0,8151ae3d945546ac,709,52,102,False
0.12,1.0,8151ae3d945546ac,710,52,102,False
0.12,1.0,8151ae3d945546ac,711,52,102,False
0.12,1.0,8151ae3d945546ac,712,52,103,False
0.12,1.0,8151ae3d945546ac,713,52,103,False
0.12,1.0,8151ae3d945546ac,714,52,103,False
0.12,1.0,8151ae3d945546ac,715,52,103,False
0.12,1.0,8151ae3d945546ac,716,52,103,False
0.12,1.0,8151ae3d945546ac,717,53,103,False
0.12,1.0,8151ae3d945546ac,718,53,103,False
0.12,1.0,8151ae3d945546ac,719,53,103,False
0.12,1.0,8151ae3d945546ac,720,53,103,False
0.12,1.0,8151ae3d945546ac,721,53,103,False
0.12,1.0,8151ae3d945546ac,722,53,104,False
0.12,1.0,8151ae3d945546ac,723,53,104,False
0.12,1.0,8151ae3d945546ac,724,53,104,False
0.12,1.0,8151ae3d945546ac,725,53,104,False
0.12,1.0,8151ae3d945546ac,726,54,104,False
0.12,1.0,8151ae3d945546ac,727,54,104,False
0.12,1.0,8151ae3d945546ac,728,54,104,False
0.12,1.0,8151ae3d945546ac,729,54,104,False
0.12,1.0,8151ae3d945546ac,730,54,104,False
0.12,1.0,8151ae3d945546ac,731,54,105,False
0.12,1.0,8151ae3d945546ac,732,54,105,False
0.12,1.0,8151ae3d945546ac,733,54,105,False
0.12,1.0,8151ae3d945546ac,734,54,105,False
0.12,1.0,8151ae3d945546ac,735,55,105,False
0.12,1.0,8151ae3d945546ac,736,55,105,False
0.12,1.0,8151ae3d945546ac,737,55,105,False
0.12,1.0,8151ae3d945546ac,738,55,105,False
0.12,1.0,8151ae3d945546ac,739,55,105,False
0.12,1.0,8151ae3d945546ac,740,55,106,False
0.12,1.0,8151ae3d945546ac,741,55,106,False
0.12,1.0,8151ae3d945546ac,742,55,106,False
0.12,1.0,8151ae3d945546ac,743,55,106,False
0.12,1.0,8151ae3d945546ac,744,56,106,False
0.12,1.0,8151ae3d945546ac,745,56,106,False
0.12,1.0,8151ae3d945546ac,746,56,106,False
0.12,1.0,8151ae3d945546ac,747,56,106,False
0.12,1.0,8151ae3d945546ac,748,56,106,False
0.12,1.0,8151ae3d945546ac,749,56,107,False
0.12,1.0,8151ae3d945546ac,750,56,107,False
0.12,1.0,8151ae3d945546ac,751,56,107,False
0.12,1.0,8151ae3d945546ac,752,56,107,False
0.12,1.0,8151ae3d945546ac,753,56,107,False
0.12,1.0,8151ae3d945546ac,754,57,107,False
0.12,1.0,8151ae3d945546ac,755,57,107,False
0.12,1.0,8151ae3d945546ac,756,57,107,False
0.12,1.0,8151ae3d945546ac,757,57,107,False
0.12,1.0,8151ae3d945546ac,758,57,108,False
0.12,1.0,8151ae3d945546ac,759,57,108,False
0.12,1.0,8151ae3d945546ac,760,57,108,False
0.12,1.0,8151ae3d945546ac,761,57,108,False
0.12,1.0,8151ae3d945546ac,762,57,108,False
0.12,1.0,8151ae3d945546ac,763,58,108,False
0.12,1.0,8151ae3d945546ac,764,58,108,False
0.12,1.0,8151ae3d945546ac,765,58,108,False
0.12,1.0,8151ae3d945546ac,766,58,108,False
0.12,1.0,8151ae3d945546ac,767,58,109,False
0.12,1.0,8151ae3d945546ac,768,58,109,False
0.12,1.0,8151ae3d945546ac,769,58,109,False
0.12,1.0,8151ae3d945546ac,770,58,109,False
0.12,1.0,8151ae3d945546ac,771,58,109,False
0.12,1.0,8151ae3d945546ac,772,59,109,False
0.12,1.0,8151ae3d945546ac,773,59,109,False
0.12,1.0,8151ae3d945546ac,774,59,109,False
0.12,1.0,8151ae3d945546ac,775,59,109,False
0.12,1.0,8151ae3d945546ac,776,59,110,False
0.12,1.0,8151ae3d945546ac,777,59,110,False
0.12,1.0,8151ae3d945546ac,778,59,110,False
0.12,1.0,8151ae3d945546ac,779,59,110,False
0.12,1.0,8151ae3d945546ac,780,59,110,False
0.12,1.0,8151ae3d945546ac,781,60,110,False
0.12,1.0,8151ae3d945546ac,782,60,110,False
0.12,1.0,8151ae3d945546ac,783,60,110,False
0.12,1.0,8151ae3d945546ac,784,60,110,False
0.12,1.0,8151ae3d945546ac,785,60,111,False
0.12,1.0,8151ae3d945546ac,786,60,111,False
0.12,1.0,8151ae3d945546ac,787,60,111,False
0.12,1.0,8151ae3d945546ac,788,60,111,False
0.12,1.0,8151ae3d945546ac,789,60,111,False
0.12,1.0,8151ae3d945546ac,790,61,111,False
0.12,1.0,8151ae3d945546ac,791,61,111,False
0.12,1.0,8151ae3d945546ac,792,61,111,False
0.12,1.0,8151ae3d945546ac,793,61,111,False
0.12,1.0,8151ae3d945546ac,794,61,112,False
0.12,1.0,8151ae3d945546ac,795,61,112,False
0.12,1.0,8151ae3d945546ac,796,61,112,False
0.12,1.0,8151ae3d945546ac,797,61,112,False
0.12,1.0,8151ae3d945546ac,798,61,112,False
0.12,1.0,8151ae3d945546ac,799,62,112,False
0.12,1.0,8151ae3d945546ac,800,62,112,False
0.12,1.0,8151ae3d945546ac,801,62,112,False
0.12,1.0,8151ae3d945546ac,802,62,112,False
0.12,1.0,8151ae3d945546ac,803,62,112,False
0.12,1.0,8151ae3d945546ac,804,62,113,False
0.12,1.0,8151ae3d945546ac,805,62,113,False
0.12,1.0,8151ae3d945546ac,806,62,113,False
0.12,1.0,8151ae3d945546ac,807,62,113,False
0.12,1.0,8151ae3d945546ac,808,63,113,False
0.12,1.0,8151ae3d945546ac,809,63,113,False
0.12,1.0,8151ae3d945546ac,810,63,113,False
0.12,1.0,8151ae3d945546ac,811,63,113,False
0.12,1.0,8151ae3d945546ac,812,63,113,False
0.12,1.0,8151ae3d945546ac,813,63,114,False
0.12,1.0,8151ae3d945546ac,814,63,114,False
0.12,1.0,8151ae3d945546ac,815,63,114,False
0.12,1.0,8151ae3d945546ac,816,63,114,False
0.12,1.0,8151ae3d945546ac,817,64,114,False
0.12,1.0,8151ae3d945546ac,818,64,114,False
0.12,1.0,8151ae3d945546ac,819,64,114,False
0.12,1.0,8151ae3d945546ac,820,64,114,False
0.12,1.0,8151ae3d945546ac,821,64,114,False
0.12,1.0,8151ae3d945546ac,822,64,115,False
0.12,1.0,8151ae3d945546ac,823,64,115,False
0.12,1.0,8151ae3d945546ac,824,64,115,False
0.12,1.0,8151ae3d945546ac,825,64,115,False
0.12,1.0,8151ae3d945546ac,826,64,115,False
0.12,1.0,8151ae3d945546ac,827,65,115,False
0.12,1.0,8151ae3d945546ac,828,65,115,False
0.12,1.0,8151ae3d945546ac,829,65,115,False
0.12,1.0,8151ae3d945546ac,830,65,115,False
0.12,1.0,8151ae3d945546ac,831,65,116,False
0.12,1.0,8151ae3d945546ac,832,65,116,False
0.12,1.0,8151ae3d945546ac,833,65,116,False
0.12,1.0,8151ae3d945546ac,834,65,116,False
0.12,1.0,8151ae3d945546ac,835,65,116,False
0.12,1.0,8151ae3d945546ac,836,66,116,False
0.12,1.0,8151ae3d945546ac,837,66,116,False
0.12,1.0,8151ae3d945546ac,838,66,116,False
0.12,1.0,8151ae3d945546ac,839,66,116,False
0.12,1.0,8151ae3d945546ac,840,66,117,False
0.12,1.0,8151ae3d945546ac,841,66,117,False
0.12,1.0,8151ae3d945546ac,842,66,117,False
0.12,1.0,8151ae3d945546ac,843,66,117,False
0.12,1.0,8151ae3d945546ac,844,66,117,False
0.12,1.0,8151ae3d945546ac,845,67,117,False
0.12,1.0,8151ae3d945546ac,846,67,117,False
0.12,1.0,8151ae3d945546ac,847,67,117,False
0.12,1.0,8151ae3d945546ac,848,67,117,False
0.12,1.0,8151ae3d945546ac,849,67,118,False
0.12,1.0,8151ae3d945546ac,850,67,118,False
0.12,1.0,8151ae3d945546ac,851,67,118,False
0.12,1.0,8151ae3d945546ac,852,67,118,False
0.12,1.0,8151ae3d945546ac,853,67,118,False
0.12,1.0,8151ae3d945546ac,854,68,118,False
0.12,1.0,8151ae3d945546ac,855,68,118,False
0.12,1.0,8151ae3d945546ac,856,68,118,False
0.12,1.0,8151ae3d945546ac,857,68,118,False
0.12,1.0,8151ae3d945546ac,858,68,119,False
0.12,1.0,8151ae3d945546ac,859,68,119,False
0.12,1.0,8151ae3d945546ac,860,68,119,False
0.12,1.0,8151ae3d945546ac,861,68,119,False
0.12,1.0,8151ae3d945546ac,862,68,119,False
0.12,1.0,8151ae3d945546ac,863,69,119,False
0.12,1.0,8151ae3d945546ac,864,69,119,False
0.12,1.0,8151ae3d945546ac,865,69,119,False
0.12,1.0,8151ae3d945546ac,866,69,119,False
0.12,1.0,8151ae3d945546ac,867,69,120,False
0.12,1.0,8151ae3d945546ac,868,69,120,False
0.12,1.0,8151ae3d945546ac,869,69,120,False
0.12,1.0,8151ae3d945546ac,870,69,120,False
0.12,1.0,8151ae3d945546ac,871,69,120,False
0.12,1.0,8151ae3d945546ac,872,70,120,False
0.12,1.0,8151ae3d945546ac,873,70,120,False
0.12,1.0,8151ae3d945546ac,874,70,120,False
0.12,1.0,8151ae3d945546ac,875,70,120,False
0.12,1.0,8151ae3d945546ac,876,70,121,False
0.12,1.0,8151ae3d945546ac,877,70,121,False
0.12,1.0,8151ae3d945546ac,878,70,121,False
0.12,1.0,8151ae3d945546ac,879,70,121,False
0.12,1.0,8151ae3d945546ac,880,70,121,False
0.12,1.0,8151ae3d945546ac,881,71,121,False
0.12,1.0,8151ae3d945546ac,882,71,121,False
0.12,1.0,8151ae3d945546ac,883,71,121,False
0.12,1.0,8151ae3d945546ac,884,71,121,False
0.12,1.0,8151ae3d945546ac,885,71,121,False
0.12,1.0,8151ae3d945546ac,886,71,122,False
0.12,1.0,8151ae3d945546ac,887,71,122,False
0.12,1.0,8151ae3d945546ac,888,71,122,False
0.12,1.0,8151ae3d945546ac,889,71,122,False
0.12,1.0,8151ae3d945546ac,890,72,122,False
0.12,1.0,8151ae3d945546ac,891,72,122,False
0.12,1.0,8151ae3d945546ac,892,72,122,False
0.12,1.0,8151ae3d945546ac,893,72,122,False
0.12,1.0,8151ae3d945546ac,894,72,122,False
0.12,1.0,8151ae3d945546ac,895,72,123,False
0.12,1.0,8151ae3d945546ac,896,72,123,False
0.12,1.0,8151ae3d945546ac,897,72,123,False
0.12,1.0,8151ae3d945546ac,898,72,123,False
0.12,1.0,8151ae3d945546ac,899,73,123,False
0.12,1.0,8151ae3d945546ac,900,73,123,False
0.12,1.0,8151ae3d945546ac,901,73,123,False
0.12,1.0,8151ae3d945546ac,902,73,123,False
0.12,1.0,8151ae3d945546ac,903,73,123,False
0.12,1.0,8151ae3d945546ac,904,73,124,False
0.12,1.0,8151ae3d945546ac,905,73,124,False
0.12,1.0,8151ae3d945546ac,906,73,124,False
0.12,1.0,8151ae3d945546ac,907,73,124,False
0.12,1.0,8151ae3d945546ac,908,73,124,False
0.12,1.0,8151ae3d945546ac,909,74,124,False
0.12,1.0,8151ae3d945546ac,910,74,124,False
0.12,1.0,8151ae3d945546ac,911,74,124,False
0.12,1.0,8151ae3d945546ac,912,74,124,False
0.12,1.0,8151ae3d945546ac,913,74,125,False
0.12,1.0,8151ae3d945546ac,914,74,125,False
0.12,1.0,8151ae3d945546ac,915,74,125,False
0.12,1.0,8151ae3d945546ac,916,74,125,False
0.12,1.0,8151ae3d945546ac,917,74,125,False
0.12,1.0,8151ae3d945546ac,918,75,125,False
0.12,1.0,8151ae3d945546ac,919,75,125,False
0.12,1.0,8151ae3d945546ac,920,75,125,False
0.12,1.0,8151ae3d945546ac,921,75,125,False
0.12,1.0,8151ae3d945546ac,922,75,126,False
0.12,1.0,8151ae3d945546ac,923,75,126,False
0.12,1.0,8151ae3d945546ac,924,75,126,False
0.12,1.0,8151ae3d945546ac,925,75,126,False
0.12,1.0,8151ae3d945546ac,926,75,126,False
0.12,1.0,8151ae3d945546ac,927,76,126,False
0.12,1.0,8151ae3d945546ac,928,76,126,False
0.12,1.0,8151ae3d945546ac,929,76,126,False
0.12,1.0,8151ae3d945546ac,930,76,126,False
0.12,1.0,8151ae3d945546ac,931,76,127,False
0.12,1.0,8151ae3d945546ac,932,76,127,False
0.12,1.0,8151ae3d945546ac,933,76,127,False
0.12,1.0,8151ae3d945546ac,934,76,127,False
0.12,1.0,8151ae3d945546ac,935,76,127,False
0.12,1.0,8151ae3d945546ac,936,77,127,False
0.12,1.0,8151ae3d945546ac,937,77,127,False
0.12,1.0,8151ae3d945546ac,938,77,127,False
0.12,1.0,8151ae3d945546ac,939,77,127,False
0.12,1.0,8151ae3d945546ac,940,77,128,False
0.12,1.0,8151ae3d945546ac,941,77,128,False
0.12,1.0,8151ae3d945546ac,942,77,128,False
0.12,1.0,8151ae3d945546ac,943,77,128,False
0.12,1.0,8151ae3d945546ac,944,77,128,False
0.12,1.0,8151ae3d945546ac,945,78,128,False
0.12,1.0,8151ae3d945546ac,946,78,128,False
0.12,1.0,8151ae3d945546ac,947,78,128,False
0.12,1.0,8151ae3d945546ac,948,78,128,False
0.12,1.0,8151ae3d945546ac,949,78,129,False
0.12,1.0,8151ae3d945546ac,950,78,129,False
0.12,1.0,8151ae3d945546ac,951,78,129,False
0.12,1.0,8151ae3d945546ac,952,78,129,False
0.12,1.0,8151ae3d945546ac,953,78,129,False
0.12,1.0,8151ae3d945546ac,954,79,129,False
0.12,1.0,8151ae3d945546ac,955,79,129,False
0.12,1.0,8151ae3d945546ac,956,79,129,False
0.12,1.0,8151ae3d945546ac,957,79,129,False
0.12,1.0,8151ae3d945546ac,958,79,130,False
0.12,1.0,8151ae3d945546ac,959,79,130,False
0.12,1.0,8151ae3d945546ac,960,79,130,False
0.12,1.0,8151ae3d945546ac,961,79,130,False
0.12,1.0,8151ae3d945546ac,962,79,130,False
0.12,1.0,8151ae3d945546ac,963,80,130,False
0.12,1.0,8151ae3d945546ac,964,80,130,False
0.12,1.0,8151ae3d945546ac,965,80,130,False
0.12,1.0,8151ae3d945546ac,966,80,130,False
0.12,1.0,8151ae3d945546ac,967,80,130,False
0.12,1.0,8151ae3d945546ac,968,80,131,False
0.12,1.0,8151ae3d945546ac,969,80,131,False
0.12,1.0,8151ae3d945546ac,970,80,131,False
0.12,1.0,8151ae3d945546ac,971,80,131,False
0.12,1.0,8151ae3d945546ac,972,81,131,False
0.12,1.0,8151ae3d945546ac,973,81,131,False
0.12,1.0,8151ae3d945546ac,974,81,131,False
0.12,1.0,8151ae3d945546ac,975,81,131,False
0.12,1.0,8151ae3d945546ac,976,81,131,False
0.12,1.0,8151ae3d945546ac,977,81,132,False
0.12,1.0,8151ae3d945546ac,978,81,132,False
0.12,1.0,8151ae3d945546ac,979,81,132,False
0.12,1.0,8151ae3d945546ac,980,81,132,False
0.12,1.0,8151ae3d945546ac,981,82,132,False
0.12,1.0,8151ae3d945546ac,982,82,132,False
0.12,1.0,8151ae3d945546ac,983,82,132,False
0.12,1.0,8151ae3d945546ac,984,82,132,False
0.12,1.0,8151ae3d945546ac,985,82,132,False
0.12,1.0,8151ae3d945546ac,986,82,133,False
0.12,1.0,8151ae3d945546ac,987,82,133,False
0.12,1.0,8151ae3d945546ac,988,82,133,False
0.12,1.0,8151ae3d945546ac,989,82,133,False
0.12,1.0,8151ae3d945546ac,990,82,133,False
0.12,1.0,8151ae3d945546ac,991,83,133,False
0.12,1.0,8151ae3d945546ac,992,83,133,False
0.12,1.0,8151ae3d945546ac,993,83,133,False
0.12,1.0,8151ae3d945546ac,994,83,133,False
0.12,1.0,8151ae3d945546ac,995,83,134,False
0.12,1.0,8151ae3d945546ac,996,83,134,False
0.12,1.0,8151ae3d945546ac,997,83,134,False
0.12,1.0,8151ae3d945546ac,998,83,134,False
0.12,1.0,8151ae3d945546ac,999,83,134,False
0.12,1.0,8151ae3d945546ac,1000,84,134,False
0.12,1.0,8151ae3d945546ac,1001,84,134,False
0.12,1.0,8151ae3d945546ac,1002,84,134,False
0.12,1.0,8151ae3d945546ac,1003,84,134,False
0.12,1.0,8151ae3d945546ac,1004,84,135,False
0.12,1.0,8151ae3d945546ac,1005,84,135,False
0.12,1.0,8151ae3d945546ac,1006,84,135,False
0.12,1.0,8151ae3d945546ac,1007,84,135,False
0.12,1.0,8151ae3d945546ac,1008,84,135,False
0.12,1.0,8151ae3d945546ac,1009,85,135,False
0.12,1.0,8151ae3d945546ac,1010,85,135,False
0.12,1.0,8151ae3d945546ac,1011,85,135,False
0.12,1.0,8151ae3d945546ac,1012,85,135,False
0.12,1.0,8151ae3d945546ac,1013,85,136,False
0.12,1.0,8151ae3d945546ac,1014,85,136,False
0.12,1.0,8151ae3d945546ac,1015,85,136,False
0.12,1.0,8151ae3d945546ac,1016,85,136,False
0.12,1.0,8151ae3d945546ac,1017,85,136,False
0.12,1.0,8151ae3d945546ac,1018,86,136,False
0.12,1.0,8151ae3d945546ac,1019,86,136,False
0.12,1.0,8151ae3d945546ac,1020,86,136,False
0.12,1.0,8151ae3d945546ac,1021,86,136,False
0.12,1.0,8151ae3d945546ac,1022,86,137,False
0.12,1.0,8151ae3d945546ac,1023,86,137,False
0.12,1.0,8151ae3d945546ac,1024,86,137,False
0.12,1.0,8151ae3d945546ac,1025,86,137,False
0.12,1.0,8151ae3d945546ac,1026,86,137,False
0.12,1.0,8151ae3d945546ac,1027,87,137,False
0.12,1.0,8151ae3d945546ac,1028,87,137,False
0.12,1.0,8151ae3d945546ac,1029,87,137,False
0.12,1.0,8151ae3d945546ac,1030,87,137,False
0.12,1.0,8151ae3d945546ac,1031,87,138,False
0.12,1.0,8151ae3d945546ac,1032,87,138,False
0.12,1.0,8151ae3d945546ac,1033,87,138,False
0.12,1.0,8151ae3d945546ac,1034,87,138,False
0.12,1.0,8151ae3d945546ac,1035,87,138,False
0.12,1.0,8151ae3d945546ac,1036,88,138,False
0.12,1.0,8151ae3d945546ac,1037,88,138,False
0.12,1.0,8151ae3d945546ac,1038,88,138,False
0.12,1.0,8151ae3d945546ac,1039,88,138,False
0.12,1.0,8151ae3d945546ac,1040,88,139,False
0.12,1.0,8151ae3d945546ac,1041,88,139,False
0.12,1.0,8151ae3d945546ac,1042,88,139,False
0.12,1.0,8151ae3d945546ac,1043,88,139,False
0.12,1.0,8151ae3d945546ac,1044,88,139,False
0.12,1.0,8151ae3d945546ac,1045,89,139,False
0.12,1.0,8151ae3d945546ac,1046,89,139,False
0.12,1.0,8151ae3d945546ac,1047,89,139,False
0.12,1.0,8151ae3d945546ac,1048,89,139,False
0.12,1.0,8151ae3d945546ac,1049,89,139,False
0.12,1.0,8151ae3d945546ac,1050,89,140,False
0.12,1.0,8151ae3d945546ac,1051,89,140,False
0.12,1.0,8151ae3d945546ac,1052,89,140,False
0.12,1.0,8151ae3d945546ac,1053,89,140,False
0.12,1.0,8151ae3d945546ac,1054,90,140,False
0.12,1.0,8151ae3d945546ac,1055,90,140,False
0.12,1.0,8151ae3d945546ac,1056,90,140,False
0.12,1.0,8151ae3d945546ac,1057,90,140,False
0.12,1.0,8151ae3d945546ac,1058,90,140,False
0.12,1.0,8151ae3d945546ac,1059,90,141,False
0.12,1.0,8151ae3d945546ac,1060,90,141,False
0.12,1.0,8151ae3d945546ac,1061,90,141,False
0.12,1.0,8151ae3d945546ac,1062,90,141,False
0.12,1.0,8151ae3d945546ac,1063,91,141,False
0.12,1.0,8151ae3d945546ac,1064,91,141,False
0.12,1.0,8151ae3d945546ac,1065,91,141,False
0.12,1.0,8151ae3d945546ac,1066,91,141,False
0.12,1.0,8151ae3d945546ac,1067,91,141,False
0.12,1.0,8151ae3d945546ac,1068,91,142,False
0.12,1.0,8151ae3d945546ac,1069,91,142,False
0.12,1.0,8151ae3d945546ac,1070,91,142,False
0.12,1.0,8151ae3d945546ac,1071,91,142,False
0.12,1.0,8151ae3d945546ac,1072,91,142,False
0.12,1.0,8151ae3d945546ac,1073,92,142,False
0.12,1.0,8151ae3d945546ac,1074,92,142,False
0.12,1.0,8151ae3d945546ac,1075,92,142,False
0.12,1.0,8151ae3d945546ac,1076,92,142,False
0.12,1.0,8151ae3d945546ac,1077,92,143,False
0.12,1.0,8151ae3d945546ac,1078,92,143,False
0.12,1.0,8151ae3d945546ac,1079,92,143,False
0.12,1.0,8151ae3d945546ac,1080,92,143,False
0.12,1.0,8151ae3d945546ac,1081,92,143,False
0.12,1.0,8151ae3d945546ac,1082,93,143,False
0.12,1.0,8151ae3d945546ac,1083,93,143,False
0.12,1.0,8151ae3d945546ac,1084,93,143,False
0.12,1.0,8151ae3d945546ac,1085,93,143,False
0.12,1.0,8151ae3d945546ac,1086,93,144,False
0.12,1.0,8151ae3d945546ac,1087,93,144,False
0.12,1.0,8151ae3d945546ac,1088,93,144,False
0.12,1.0,8151ae3d945546ac,1089,93,144,False
0.12,1.0,8151ae3d945546ac,1090,93,144,False
0.12,1.0,8151ae3d945546ac,1091,94,144,False
0.12,1.0,8151ae3d945546ac,1092,94,144,False
0.12,1.0,8151ae3d945546ac,1093,94,144,False
0.12,1.0,8151ae3d945546ac,1094,94,144,False
0.12,1.0,8151ae3d945546ac,1095,94,145,False
0.12,1.0,8151ae3d945546ac,1096,94,145,False
0.12,1.0,8151ae3d945546ac,1097,94,145,False
0.12,1.0,8151ae3d945546ac,1098,94,145,False
0.12,1.0,8151ae3d945546ac,1099,94,145,False
0.12,1.0,8151ae3d945546ac,1100,95,145,False
0.12,1.0,8151ae3d945546ac,1101,95,145,False
0.12,1.0,8151ae3d945546ac,1102,95,145,False
0.12,1.0,8151ae3d945546ac,1103,95,145,False
0.12,1.0,8151ae3d945546ac,1104,95,146,False
0.12,1.0,8151ae3d945546ac,1105,95,146,False
0.12,1.0,8151ae3d945546ac,1106,95,146,False
0.12,1.0,8151ae3d945546ac,1107,95,146,False
0.12,1.0,8151ae3d945546ac,1108,95,146,False
0.12,1.0,8151ae3d945546ac,1109,96,146,False
0.12,1.0,8151ae3d945546ac,1110,96,146,False
0.12,1.0,8151ae3d945546ac,1111,96,146,False
0.12,1.0,8151ae3d945546ac,1112,96,146,False
0.12,1.0,8151ae3d945546ac,1113,96,147,False
0.12,1.0,8151ae3d945546ac,1114,96,147,False
0.12,1.0,8151ae3d945546ac,1115,96,147,False
0.12,1.0,8151ae3d945546ac,1116,96,147,False
0.12,1.0,8151ae3d945546ac,1117,96,147,False
0.12,1.0,8151ae3d945546ac,1118,97,147,False
0.12,1.0,8151ae3d945546ac,1119,97,147,False
0.12,1.0,8151ae3d945546ac,1120,97,147,False
0.12,1.0,8151ae3d945546ac,1121,97,147,False
0.12,1.0,8151ae3d945546ac,1122,97,148,False
0.12,1.0,8151ae3d945546ac,1123,97,148,False
0.12,1.0,8151ae3d945546ac,1124,97,148,False
0.12,1.0,8151ae3d945546ac,1125,97,148,False
0.12,1.0,8151ae3d945546ac,1126,97,148,False
0.12,1.0,8151ae3d945546ac,1127,98,148,False
0.12,1.0,8151ae3d945546ac,1128,98,148,False
0.12,1.0,8151ae3d945546ac,1129,98,148,False
0.12,1.0,8151ae3d945546ac,1130,98,148,False
0.12,1.0,8151ae3d945546ac,1131,98,148,False
0.12,1.0,8151ae3d945546ac,1132,98,149,False
0.12,1.0,8151ae3d945546ac,1133,98,149,False
0.12,1.0,8151ae3d945546ac,1134,98,149,False
0.12,1.0,8151ae3d945546ac,1135,98,149,False
0.12,1.0,8151ae3d945546ac,1136,99,149,False
0.12,1.0,8151ae3d945546ac,1137,99,149,False
0.12,1.0,8151ae3d945546ac,1138,99,149,False
0.12,1.0,8151ae3d945546ac,1139,99,149,False
0.12,1.0,8151ae3d945546ac,1140,99,149,False
0.12,1.0,8151ae3d945546ac,1141,99,150,False
0.12,1.0,8151ae3d945546ac,1142,99,150,False
0.12,1.0,8151ae3d945546ac,1143,99,150,False
0.12,1.0,8151ae3d945546ac,1144,99,150,False
0.12,1.0,8151ae3d945546ac,1145,100,150,False
0.12,1.0,8151ae3d945546ac,1146,100,150,False
0.12,1.0,8151ae3d945546ac,1147,100,150,False
0.12,1.0,8151ae3d945546ac,1148,100,150,False
0.12,1.0,8151ae3d945546ac,1149,100,150,False
0.12,1.0,8151ae3d945546ac,1150,100,151,False
0.12,1.0,8151ae3d945546ac,1151,100,151,False
0.12,1.0,8151ae3d945546ac,1152,100,151,False
0.12,1.0,8151ae3d945546ac,1153,100,151,False
0.12,1.0,8151ae3d945546ac,1154,100,151,False
0.12,1.0,8151ae3d945546ac,1155,101,151,False
0.12,1.0,8151ae3d945546ac,1156,101,151,False
0.12,1.0,8151ae3d945546ac,1157,101,151,False
0.12,1.0,8151ae3d945546ac,1158,101,151,False
0.12,1.0,8151ae3d945546ac,1159,101,152,False
0.12,1.0,8151ae3d945546ac,1160,101,152,False
0.12,1.0,8151ae3d945546ac,1161,101,152,False
0.12,1.0,8151ae3d945546ac,1162,101,152,False
0.12,1.0,8151ae3d945546ac,1163,101,152,False
0.12,1.0,8151ae3d945546ac,1164,102,152,False
0.12,1.0,8151ae3d945546ac,1165,102,152,False
0.12,1.0,8151ae3d945546ac,1166,102,152,False
0.12,1.0,8151ae3d945546ac,1167,102,152,False
0.12,1.0,8151ae3d945546ac,1168,102,153,False
0.12,1.0,8151ae3d945546ac,1169,102,153,False
0.12,1.0,8151ae3d945546ac,1170,102,153,False
0.12,1.0,8151ae3d945546ac,1171,102,153,False
0.12,1.0,8151ae3d945546ac,1172,102,153,False
0.12,1.0,8151ae3d945546ac,1173,103,153,False
0.12,1.0,8151ae3d945546ac,1174,103,153,False
0.12,1.0,8151ae3d945546ac,1175,103,153,False
0.12,1.0,8151ae3d945546ac,1176,103,153,False
0.12,1.0,8151ae3d945546ac,1177,103,154,False
0.12,1.0,8151ae3d945546ac,1178,103,154,False
0.12,1.0,8151ae3d945546ac,1179,103,154,False
0.12,1.0,8151ae3d945546ac,1180,103,154,False
0.12,1.0,8151ae3d945546ac,1181,103,154,False
0.12,1.0,8151ae3d945546ac,1182,104,154,False
0.12,1.0,8151ae3d945546ac,1183,104,154,False
0.12,1.0,8151ae3d945546ac,1184,104,154,False
0.12,1.0,8151ae3d945546ac,1185,104,154,False
0.12,1.0,8151ae3d945546ac,1186,104,155,False
0.12,1.0,8151ae3d945546ac,1187,104,155,False
0.12,1.0,8151ae3d945546ac,1188,104,155,False
0.12,1.0,8151ae3d945546ac,1189,104,155,False
0.12,1.0,8151ae3d945546ac,1190,104,155,False
0.12,1.0,8151ae3d945546ac,1191,105,155,False
0.12,1.0,8151ae3d945546ac,1192,105,155,False
0.12,1.0,8151ae3d945546ac,1193,105,155,False
0.12,1.0,8151ae3d945546ac,1194,105,155,False
0.12,1.0,8151ae3d945546ac,1195,105,156,False
0.12,1.0,8151ae3d945546ac,1196,105,156,False
0.12,1.0,8151ae3d945546ac,1197,105,156,False
0.12,1.0,8151ae3d945546ac,1198,105,156,False
0.12,1.0,8151ae3d945546ac,1199,105,156,False
0.12,1.0,8151ae3d945546ac,1200,106,156,False
0.12,1.0,8151ae3d945546ac,1201,106,156,False
0.12,1.0,8151ae3d945546ac,1202,106,156,False
0.12,1.0,8151ae3d945546ac,1203,106,156,False
0.12,1.0,8151ae3d945546ac,1204,106,156,False
0.12,1.0,8151ae3d945546ac,1205,106,157,False
0.12,1.0,8151ae3d945546ac,1206,106,157,False
0.12,1.0,8151ae3d945546ac,1207,106,157,False
0.12,1.0,8151ae3d945546ac,1208,106,157,False
0.12,1.0,8151ae3d945546ac,1209,107,157,False
0.12,1.0,8151ae3d945546ac,1210,107,157,False
0.12,1.0,8151ae3d945546ac,1211,107,157,False
0.12,1.0,8151ae3d945546ac,1212,107,157,False
0.12,1.0,8151ae3d945546ac,1213,107,157,False
0.12,1.0,8151ae3d945546ac,1214,107,158,False
0.12,1.0,8151ae3d945546ac,1215,107,158,False
0.12,1.0,8151ae3d945546ac,1216,107,158,False
0.12,1.0,8151ae3d945546ac,1217,107,158,False
0.12,1.0,8151ae3d945546ac,1218,108,158,False
0.12,1.0,8151ae3d945546ac,1219,108,158,False
0.12,1.0,8151ae3d945546ac,1220,108,158,False
0.12,1.0,8151ae3d945546ac,1221,108,158,False
0.12,1.0,8151ae3d945546ac,1222,108,158,False
0.12,1.0,8151ae3d945546ac,1223,108,159,False
0.12,1.0,8151ae3d945546ac,1224,108,159,False
0.12,1.0,8151ae3d945546ac,1225,108,159,False
0.12,1.0,8151ae3d945546ac,1226,108,159,False
0.12,1.0,8151ae3d945546ac,1227,109,159,False
0.12,1.0,8151ae3d945546ac,1228,109,159,False
0.12,1.0,8151ae3d945546ac,1229,109,159,False
0.12,1.0,8151ae3d945546ac,1230,109,159,False
0.12,1.0,8151ae3d945546ac,1231,109,159,False
0.12,1.0,8151ae3d945546ac,1232,109,160,False
0.12,1.0,8151ae3d945546ac,1233,109,160,False
0.12,1.0,8151ae3d945546ac,1234,109,160,False
0.12,1.0,8151ae3d945546ac,1235,109,160,False
0.12,1.0,8151ae3d945546ac,1236,109,160,False
0.12,1.0,8151ae3d945546ac,1237,110,160,False
0.12,1.0,8151ae3d945546ac,1238,110,160,False
0.12,1.0,8151ae3d945546ac,1239,110,160,False
0.12,1.0,8151ae3d945546ac,1240,110,160,False
0.12,1.0,8151ae3d945546ac,1241,110,161,False
0.12,1.0,8151ae3d945546ac,1242,110,161,False
0.12,1.0,8151ae3d945546ac,1243,110,161,False
0.12,1.0,8151ae3d945546ac,1244,110,161,False
0.12,1.0,8151ae3d945546ac,1245,110,161,False
0.12,1.0,8151ae3d945546ac,1246,111,161,False
0.12,1.0,8151ae3d945546ac,1247,111,161,False
0.12,1.0,8151ae3d945546ac,1248,111,161,False
0.12,1.0,8151ae3d945546ac,1249,111,161,False
0.12,1.0,8151ae3d945546ac,1250,111,162,False
0.12,1.0,8151ae3d945546ac,1251,111,162,False
0.12,1.0,8151ae3d945546ac,1252,111,162,False
0.12,1.0,8151ae3d945546ac,1253,111,162,False
0.12,1.0,8151ae3d945546ac,1254,111,162,False
0.12,1.0,8151ae3d945546ac,1255,112,162,False
0.12,1.0,8151ae3d945546ac,1256,112,162,False
0.12,1.0,8151ae3d945546ac,1257,112,162,False
0.12,1.0,8151ae3d945546ac,1258,112,162,False
0.12,1.0,8151ae3d945546ac,1259,112,163,False
0.12,1.0,8151ae3d945546ac,1260,112,163,False
0.12,1.0,8151ae3d945546ac,1261,112,163,False
0.12,1.0,8151ae3d945546ac,1262,112,163,False
0.12,1.0,8151ae3d945546ac,1263,112,163,False
0.12,1.0,8151ae3d945546ac,1264,113,163,False
0.12,1.0,8151ae3d945546ac,1265,113,163,False
0.12,1.0,8151ae3d945546ac,1266,113,163,False
0.12,1.0,8151ae3d945546ac,1267,113,163,False
0.12,1.0,8151ae3d945546ac,1268,113,164,False
0.12,1.0,8151ae3d945546ac,1269,113,164,False
0.12,1.0,8151ae3d945546ac,1270,113,164,False
0.12,1.0,8151ae3d945546ac,1271,113,164,False
0.12,1.0,8151ae3d945546ac,1272,113,164,False
0.12,1.0,8151ae3d945546ac,1273,114,164,False
0.12,1.0,8151ae3d945546ac,1274,114,164,False
0.12,1.0,8151ae3d945546ac,1275,114,164,False
0.12,1.0,8151ae3d945546ac,1276,114,164,False
0.12,1.0,8151ae3d945546ac,1277,114,165,False
0.12,1.0,8151ae3d945546ac,1278,114,165,False
0.12,1.0,8151ae3d945546ac,1279,114,165,False
0.12,1.0,8151ae3d945546ac,1280,114,165,False
0.12,1.0,8151ae3d945546ac,1281,114,165,False
0.12,1.0,8151ae3d945546ac,1282,115,165,False
0.12,1.0,8151ae3d945546ac,1283,115,165,False
0.12,1.0,8151ae3d945546ac,1284,115,165,False
0.12,1.0,8151ae3d945546ac,1285,115,165,False
0.12,1.0,8151ae3d945546ac,1286,115,165,False
0.12,1.0,8151ae3d945546ac,1287,115,166,False
0.12,1.0,8151ae3d945546ac,1288,115,166,False
0.12,1.0,8151ae3d945546ac,1289,115,166,False
0.12,1.0,8151ae3d945546ac,1290,115,166,False
0.12,1.0,8151ae3d945546ac,1291,116,166,False
0.12,1.0,8151ae3d945546ac,1292,116,166,False
0.12,1.0,8151ae3d945546ac,1293,116,166,False
0.12,1.0,8151ae3d945546ac,1294,116,166,False
0.12,1.0,8151ae3d945546ac,1295,116,166,False
0.12,1.0,8151ae3d945546ac,1296,116,167,False
0.12,1.0,8151ae3d945546ac,1297,116,167,False
0.12,1.0,8151ae3d945546ac,1298,116,167,False
0.12,1.0,8151ae3d945546ac,1299,116,167,False
0.12,1.0,8151ae3d945546ac,1300,117,167,False
0.12,1.0,8151ae3d945546ac,1301,117,167,False
0.12,1.0,8151ae3d945546ac,1302,117,167,False
0.12,1.0,8151ae3d945546ac,1303,117,167,False
0.12,1.0,8151ae3d945546ac,1304,117,167,False
0.12,1.0,8151ae3d945546ac,1305,117,168,False
0.12,1.0,8151ae3d945546ac,1306,117,168,False
0.12,1.0,8151ae3d945546ac,1307,117,168,False
0.12,1.0,8151ae3d945546ac,1308,117,168,False
0.12,1.0,8151ae3d945546ac,1309,117,168,False
0.12,1.0,8151ae3d945546ac,1310,118,168,False
0.12,1.0,8151ae3d945546ac,1311,118,168,False
0.12,1.0,8151ae3d945546ac,1312,118,168,False
0.12,1.0,8151ae3d945546ac,1313,118,168,False
0.12,1.0,8151ae3d945546ac,1314,118,169,False
0.12,1.0,8151ae3d945546ac,1315,118,169,False
0.12,1.0,8151ae3d945546ac,1316,118,169,False
0.12,1.0,8151ae3d945546ac,1317,118,169,False
0.12,1.0,8151ae3d945546ac,1318,118,169,False
0.12,1.0,8151ae3d945546ac,1319,119,169,False
0.12,1.0,8151ae3d945546ac,1320,119,169,False
0.12,1.0,8151ae3d945546ac,1321,119,169,False
0.12,1.0,8151ae3d945546ac,1322,119,169,False
0.12,1.0,8151ae3d945546ac,1323,119,170,False
0.12,1.0,8151ae3d945546ac,1324,119,170,False
0.12,1.0,8151ae3d945546ac,1325,119,170,False
0.12,1.0,8151ae3d945546ac,1326,119,170,False
0.12,1.0,8151ae3d945546ac,1327,119,170,False
0.12,1.0,8151ae3d945546ac,1328,120,170,False
0.12,1.0,8151ae3d945546ac,1329,120,170,False
0.12,1.0,8151ae3d945546ac,1330,120,170,False
0.12,1.0,8151ae3d945546ac,1331,120,170,False
0.12,1.0,8151ae3d945546ac,1332,120,171,False
0.12,1.0,8151ae3d945546ac,1333,120,171,False
0.12,1.0,8151ae3d945546ac,1334,120,171,False
0.12,1.0,8151ae3d945546ac,1335,120,171,False
0.12,1.0,8151ae3d945546ac,1336,120,171,False
0.12,1.0,8151ae3d945546ac,1337,121,171,False
0.12,1.0,8151ae3d945546ac,1338,121,171,False
0.12,1.0,8151ae3d945546ac,1339,121,171,False
0.12,1.0,8151ae3d945546ac,1340,121,171,False
0.12,1.0,8151ae3d945546ac,1341,121,172,False
0.12,1.0,8151ae3d945546ac,1342,121,172,False
0.12,1.0,8151ae3d945546ac,1343,121,172,False
0.12,1.0,8151ae3d945546ac,1344,121,172,False
0.12,1.0,8151ae3d945546ac,1345,121,172,False
0.12,1.0,8151ae3d945546ac,1346,122,172,False
0.12,1.0,8151ae3d945546ac,1347,122,172,False
0.12,1.0,8151ae3d945546ac,1348,122,172,False
0.12,1.0,8151ae3d945546ac,1349,122,172,False
0.12,1.0,8151ae3d945546ac,1350,122,173,False
0.12,1.0,8151ae3d945546ac,1351,122,173,False
0.12,1.0,8151ae3d945546ac,1352,122,173,False
0.12,1.0,8151ae3d945546ac,1353,122,173,False
0.12,1.0,8151ae3d945546ac,1354,122,173,False
0.12,1.0,8151ae3d945546ac,1355,123,173,False
0.12,1.0,8151ae3d945546ac,1356,123,173,False
0.12,1.0,8151ae3d945546ac,1357,123,173,False
0.12,1.0,8151ae3d945546ac,1358,123,173,False
0.12,1.0,8151ae3d945546ac,1359,123,174,False
0.12,1.0,8151ae3d945546ac,1360,123,174,False
0.12,1.0,8151ae3d945546ac,1361,123,174,False
0.12,1.0,8151ae3d945546ac,1362,123,174,False
0.12,1.0,8151ae3d945546ac,1363,123,174,False
0.12,1.0,8151ae3d945546ac,1364,124,174,False
0.12,1.0,8151ae3d945546ac,1365,124,174,False
0.12,1.0,8151ae3d945546ac,1366,124,174,False
0.12,1.0,8151ae3d945546ac,1367,124,174,False
0.12,1.0,8151ae3d945546ac,1368,124,174,False
0.12,1.0,8151ae3d945546ac,1369,124,175,False
0.12,1.0,8151ae3d945546ac,1370,124,175,False
0.12,1.0,8151ae3d945546ac,1371,124,175,False
0.12,1.0,8151ae3d945546ac,1372,124,175,False
0.12,1.0,8151ae3d945546ac,1373,125,175,False
0.12,1.0,8151ae3d945546ac,1374,125,175,False
0.12,1.0,8151ae3d945546ac,1375,125,175,False
0.12,1.0,8151ae3d945546ac,1376,125,175,False
0.12,1.0,8151ae3d945546ac,1377,125,175,False
0.12,1.0,8151ae3d945546ac,1378,125,176,False
0.12,1.0,8151ae3d945546ac,1379,125,176,False
0.12,1.0,8151ae3d945546ac,1380,125,176,False
0.12,1.0,8151ae3d945546ac,1381,125,176,False
0.12,1.0,8151ae3d945546ac,1382,126,176,False
0.12,1.0,8151ae3d945546ac,1383,126,176,False
0.12,1.0,8151ae3d945546ac,1384,126,176,False
0.12,1.0,8151ae3d945546ac,1385,126,176,False
0.12,1.0,8151ae3d945546ac,1386,126,176,False
0.12,1.0,8151ae3d945546ac,1387,126,177,False
0.12,1.0,8151ae3d945546ac,1388,126,177,False
0.12,1.0,8151ae3d945546ac,1389,126,177,False
0.12,1.0,8151ae3d945546ac,1390,126,177,False
0.12,1.0,8151ae3d945546ac,1391,126,177,False
0.12,1.0,8151ae3d945546ac,1392,127,177,False
0.12,1.0,8151ae3d945546ac,1393,127,177,False
0.12,1.0,8151ae3d945546ac,1394,127,177,False
0.12,1.0,8151ae3d945546ac,1395,127,177,False
0.12,1.0,8151ae3d945546ac,1396,127,178,False
0.12,1.0,8151ae3d945546ac,1397,127,178,False
0.12,1.0,8151ae3d945546ac,1398,127,178,False
0.12,1.0,8151ae3d945546ac,1399,127,178,False
0.12,1.0,8151ae3d945546ac,1400,127,178,False
0.12,1.0,8151ae3d945546ac,1401,128,178,False
0.12,1.0,8151ae3d945546ac,1402,128,178,False
0.12,1.0,8151ae3d945546ac,1403,128,178,False
0.12,1.0,8151ae3d945546ac,1404,128,178,False
0.12,1.0,8151ae3d945546ac,1405,128,179,False
0.12,1.0,8151ae3d945546ac,1406,128,179,False
0.12,1.0,8151ae3d945546ac,1407,128,179,False
0.12,1.0,8151ae3d945546ac,1408,128,179,False
0.12,1.0,8151ae3d945546ac,1409,128,179,False
0.12,1.0,8151ae3d945546ac,1410,129,179,False
0.12,1.0,8151ae3d945546ac,1411,129,179,False
0.12,1.0,8151ae3d945546ac,1412,129,179,False
0.12,1.0,8151ae3d945546ac,1413,129,179,False
0.12,1.0,8151ae3d945546ac,1414,129,180,False
0.12,1.0,8151ae3d945546ac,1415,129,180,False
0.12,1.0,8151ae3d945546ac,1416,129,180,False
0.12,1.0,8151ae3d945546ac,1417,129,180,False
0.12,1.0,8151ae3d945546ac,1418,129,180,False
0.12,1.0,8151ae3d945546ac,1419,130,180,False
0.12,1.0,8151ae3d945546ac,1420,130,180,False
0.12,1.0,8151ae3d945546ac,1421,130,180,False
0.12,1.0,8151ae3d945546ac,1422,130,180,False
0.12,1.0,8151ae3d945546ac,1423,130,181,False
0.12,1.0,8151ae3d945546ac,1424,130,181,False
0.12,1.0,8151ae3d945546ac,1425,130,181,False
0.12,1.0,8151ae3d945546ac,1426,130,181,False
0.12,1.0,8151ae3d945546ac,1427,130,181,False
0.12,1.0,8151ae3d945546ac,1428,131,181,False
0.12,1.0,8151ae3d945546ac,1429,131,181,False
0.12,1.0,8151ae3d945546ac,1430,131,181,False
0.12,1.0,8151ae3d945546ac,1431,131,181,False
0.12,1.0,8151ae3d945546ac,1432,131,182,False
0.12,1.0,8151ae3d945546ac,1433,131,182,False
0.12,1.0,8151ae3d945546ac,1434,131,182,False
0.12,1.0,8151ae3d945546ac,1435,131,182,False
0.12,1.0,8151ae3d945546ac,1436,131,182,False
0.12,1.0,8151ae3d945546ac,1437,132,182,False
0.12,1.0,8151ae3d945546ac,1438,132,182,False
0.12,1.0,8151ae3d945546ac,1439,132,182,False
0.12,1.0,8151ae3d945546ac,1440,132,182,False
0.12,1.0,8151ae3d945546ac,1441,132,183,False
0.12,1.0,8151ae3d945546ac,1442,132,183,False
0.12,1.0,8151ae3d945546ac,1443,132,183,False
0.12,1.0,8151ae3d945546ac,1444,132,183,False
0.12,1.0,8151ae3d945546ac,1445,132,183,False
0.12,1.0,8151ae3d945546ac,1446,133,183,False
0.12,1.0,8151ae3d945546ac,1447,133,183,False
0.12,1.0,8151ae3d945546ac,1448,133,183,False
0.12,1.0,8151ae3d945546ac,1449,133,183,False
0.12,1.0,8151ae3d945546ac,1450,133,183,False
0.12,1.0,8151ae3d945546ac,1451,133,184,False
0.12,1.0,8151ae3d945546ac,1452,133,184,False
0.12,1.0,8151ae3d945546ac,1453,133,184,False
0.12,1.0,8151ae3d945546ac,1454,133,184,False
0.12,1.0,8151ae3d945546ac,1455,134,184,False
0.12,1.0,8151ae3d945546ac,1456,134,184,False
0.12,1.0,8151ae3d945546ac,1457,134,184,False
0.12,1.0,8151ae3d945546ac,1458,134,184,False
0.12,1.0,8151ae3d945546ac,1459,134,184,False
0.12,1.0,8151ae3d945546ac,1460,134,185,False
0.12,1.0,8151ae3d945546ac,1461,134,185,False
0.12,1.0,8151ae3d945546ac,1462,134,185,False
0.12,1.0,8151ae3d945546ac,1463,134,185,False
0.12,1.0,8151ae3d945546ac,1464,135,185,False
0.12,1.0,8151ae3d945546ac,1465,135,185,False
0.12,1.0,8151ae3d945546ac,1466,135,185,False
0.12,1.0,8151ae3d945546ac,1467,135,185,False
0.12,1.0,8151ae3d945546ac,1468,135,185,False
0.12,1.0,8151ae3d945546ac,1469,135,186,False
0.12,1.0,8151ae3d945546ac,1470,135,186,False
0.12,1.0,8151ae3d945546ac,1471,135,186,False
0.12,1.0,8151ae3d945546ac,1472,135,186,False
0.12,1.0,8151ae3d945546ac,1473,135,186,False
0.12,1.0,8151ae3d945546ac,1474,136,186,False
0.12,1.0,8151ae3d945546ac,1475,136,186,False
0.12,1.0,8151ae3d945546ac,1476,136,186,False
0.12,1.0,8151ae3d945546ac,1477,136,186,False
0.12,1.0,8151ae3d945546ac,1478,136,187,False
0.12,1.0,8151ae3d945546ac,1479,136,187,False
0.12,1.0,8151ae3d945546ac,1480,136,187,False
0.12,1.0,8151ae3d945546ac,1481,136,187,False
0.12,1.0,8151ae3d945546ac,1482,136,187,False
0.12,1.0,8151ae3d945546ac,1483,137,187,False
0.12,1.0,8151ae3d945546ac,1484,137,187,False
0.12,1.0,8151ae3d945546ac,1485,137,187,False
0.12,1.0,8151ae3d945546ac,1486,137,187,False
0.12,1.0,8151ae3d945546ac,1487,137,188,False
0.12,1.0,8151ae3d945546ac,1488,137,188,False
0.12,1.0,8151ae3d945546ac,1489,137,188,False
0.12,1.0,8151ae3d945546ac,1490,137,188,False
0.12,1.0,8151ae3d945546ac,1491,137,188,False
0.12,1.0,8151ae3d945546ac,1492,138,188,False
0.12,1.0,8151ae3d945546ac,1493,138,188,False
0.12,1.0,8151ae3d945546ac,1494,138,188,False
0.12,1.0,8151ae3d945546ac,1495,138,188,False
0.12,1.0,8151ae3d945546ac,1496,138,189,False
0.12,1.0,8151ae3d945546ac,1497,138,189,False
0.12,1.0,8151ae3d945546ac,1498,138,189,False
0.12,1.0,8151ae3d945546ac,1499,138,189,False
0.12,1.0,8151ae3d945546ac,1500,138,189,False
0.12,1.0,8151ae3d945546ac,1501,139,189,False
0.12,1.0,8151ae3d945546ac,1502,139,189,False
0.12,1.0,8151ae3d945546ac,1503,139,189,False
0.12,1.0,8151ae3d945546ac,1504,139,189,False
0.12,1.0,8151ae3d945546ac,1505,139,190,False
0.12,1.0,8151ae3d945546ac,1506,139,190,False
0.12,1.0,8151ae3d945546ac,1507,139,190,False
0.12,1.0,8151ae3d945546ac,1508,139,190,False
0.12,1.0,8151ae3d945546ac,1509,139,190,False
0.12,1.0,8151ae3d945546ac,1510,140,190,False
0.12,1.0,8151ae3d945546ac,1511,140,190,False
0.12,1.0,8151ae3d945546ac,1512,140,190,False
0.12,1.0,8151ae3d945546ac,1513,140,190,False
0.12,1.0,8151ae3d945546ac,1514,140,191,False
0.12,1.0,8151ae3d945546ac,1515,140,191,False
0.12,1.0,8151ae3d945546ac,1516,140,191,False
0.12,1.0,8151ae3d945546ac,1517,140,191,False
0.12,1.0,8151ae3d945546ac,1518,140,191,False
0.12,1.0,8151ae3d945546ac,1519,141,191,False
0.12,1.0,8151ae3d945546ac,1520,141,191,False
0.12,1.0,8151ae3d945546ac,1521,141,191,False
0.12,1.0,8151ae3d945546ac,1522,141,191,False
0.12,1.0,8151ae3d945546ac,1523,141,192,False
0.12,1.0,8151ae3d945546ac,1524,141,192,False
0.12,1.0,8151ae3d945546ac,1525,141,192,False
0.12,1.0,8151ae3d945546ac,1526,141,192,False
0.12,1.0,8151ae3d945546ac,1527,141,192,False
0.12,1.0,8151ae3d945546ac,1528,142,192,False
0.12,1.0,8151ae3d945546ac,1529,142,192,False
0.12,1.0,8151ae3d945546ac,1530,142,192,False
0.12,1.0,8151ae3d945546ac,1531,142,192,False
0.12,1.0,8151ae3d945546ac,1532,142,192,False
0.12,1.0,8151ae3d945546ac,1533,142,193,False
0.12,1.0,8151ae3d945546ac,1534,142,193,False
0.12,1.0,8151ae3d945546ac,1535,142,193,False
0.12,1.0,8151ae3d945546ac,1536,142,193,False
0.12,1.0,8151ae3d945546ac,1537,143,193,False
0.12,1.0,8151ae3d945546ac,1538,143,193,False
0.12,1.0,8151ae3d945546ac,1539,143,193,False
0.12,1.0,8151ae3d945546ac,1540,143,193,False
0.12,1.0,8151ae3d945546ac,1541,143,193,False
0.12,1.0,8151ae3d945546ac,1542,143,194,False
0.12,1.0,8151ae3d945546ac,1543,143,194,False
0.12,1.0,8151ae3d945546ac,1544,143,194,False
0.12,1.0,8151ae3d945546ac,1545,143,194,False
0.12,1.0,8151ae3d945546ac,1546,144,194,False
0.12,1.0,8151ae3d945546ac,1547,144,194,False
0.12,1.0,8151ae3d945546ac,1548,144,194,False
0.12,1.0,8151ae3d945546ac,1549,144,194,False
0.12,1.0,8151ae3d945546ac,1550,144,194,False
0.12,1.0,8151ae3d945546ac,1551,144,195,False
0.12,1.0,8151ae3d945546ac,1552,144,195,False
0.12,1.0,8151ae3d945546ac,1553,144,195,False
0.12,1.0,8151ae3d945546ac,1554,144,195,False
0.12,1.0,8151ae3d945546ac,1555,144,195,False
0.12,1.0,8151ae3d945546ac,1556,145,195,False
0.12,1.0,8151ae3d945546ac,1557,145,195,False
0.12,1.0,8151ae3d945546ac,1558,145,195,False
0.12,1.0,8151ae3d945546ac,1559,145,195,False
0.12,1.0,8151ae3d945546ac,1560,145,196,False
0.12,1.0,8151ae3d945546ac,1561,145,196,False
0.12,1.0,8151ae3d945546ac,1562,145,196,False
0.12,1.0,8151ae3d945546ac,1563,145,196,False
0.12,1.0,8151ae3d945546ac,1564,145,196,False
0.12,1.0,8151ae3d945546ac,1565,146,196,False
0.12,1.0,8151ae3d945546ac,1566,146,196,False
0.12,1.0,8151ae3d945546ac,1567,146,196,False
0.12,1.0,8151ae3d945546ac,1568,146,196,False
0.12,1.0,8151ae3d945546ac,1569,146,197,False
0.12,1.0,8151ae3d945546ac,1570,146,197,False
0.12,1.0,8151ae3d945546ac,1571,146,197,False
0.12,1.0,8151ae3d945546ac,1572,146,197,False
0.12,1.0,8151ae3d945546ac,1573,146,197,False
0.12,1.0,8151ae3d945546ac,1574,147,197,False
0.12,1.0,8151ae3d945546ac,1575,147,197,False
0.12,1.0,8151ae3d945546ac,1576,147,197,False
0.12,1.0,8151ae3d945546ac,1577,147,197,False
0.12,1.0,8151ae3d945546ac,1578,147,198,False
0.12,1.0,8151ae3d945546ac,1579,147,198,False
0.12,1.0,8151ae3d945546ac,1580,147,198,False
0.12,1.0,8151ae3d945546ac,1581,147,198,False
0.12,1.0,8151ae3d945546ac,1582,147,198,False
0.12,1.0,8151ae3d945546ac,1583,148,198,False
0.12,1.0,8151ae3d945546ac,1584,148,198,False
0.12,1.0,8151ae3d945546ac,1585,148,198,False
0.12,1.0,8151ae3d945546ac,1586,148,198,False
0.12,1.0,8151ae3d945546ac,1587,148,199,False
0.12,1.0,8151ae3d945546ac,1588,148,199,False
0.12,1.0,8151ae3d945546ac,1589,148,199,False
0.12,1.0,8151ae3d945546ac,1590,148,199,False
0.12,1.0,8151ae3d945546ac,1591,148,199,False
0.12,1.0,8151ae3d945546ac,1592,149,199,False
0.12,1.0,8151ae3d945546ac,1593,149,199,False
0.12,1.0,8151ae3d945546ac,1594,149,199,False
0.12,1.0,8151ae3d945546ac,1595,149,199,False
0.12,1.0,8151ae3d945546ac,1596,149,200,False
0.12,1.0,8151ae3d945546ac,1597,149,200,False
0.12,1.0,8151ae3d945546ac,1598,149,200,False
0.12,1.0,8151ae3d945546ac,1599,149,200,False
0.12,1.0,8151ae3d945546ac,1600,149,200,False
0.12,1.0,8151ae3d945546ac,1601,150,200,False
0.12,1.0,8151ae3d945546ac,1602,150,200,False
0.12,1.0,8151ae3d945546ac,1603,150,200,False
0.12,1.0,8151ae3d945546ac,1604,150,200,False
0.12,1.0,8151ae3d945546ac,1605,150,201,False
0.12,1.0,8151ae3d945546ac,1606,150,201,False
0.12,1.0,8151ae3d945546ac,1607,150,201,False
0.12,1.0,8151ae3d945546ac,1608,150,201,False
0.12,1.0,8151ae3d945546ac,1609,150,201,False
0.12,1.0,8151ae3d945546ac,1610,151,201,False
0.12,1.0,8151ae3d945546ac,1611,151,201,False
0.12,1.0,8151ae3d945546ac,1612,151,201,False
0.12,1.0,8151ae3d945546ac,1613,151,201,False
0.12,1.0,8151ae3d945546ac,1614,151,201,False
0.12,1.0,8151ae3d945546ac,1615,151,202,False
0.12,1.0,8151ae3d945546ac,1616,151,202,False
0.12,1.0,8151ae3d945546ac,1617,151,202,False
0.12,1.0,8151ae3d945546ac,1618,151,202,False
0.12,1.0,8151ae3d945546ac,1619,152,202,False
0.12,1.0,8151ae3d945546ac,1620,152,202,False
0.12,1.0,8151ae3d945546ac,1621,152,202,False
0.12,1.0,8151ae3d945546ac,1622,152,202,False
0.12,1.0,8151ae3d945546ac,1623,152,202,False
0.12,1.0,8151ae3d945546ac,1624,152,203,False
0.12,1.0,8151ae3d945546ac,1625,152,203,False
0.12,1.0,8151ae3d945546ac,1626,152,203,False
0.12,1.0,8151ae3d945546ac,1627,152,203,False
0.12,1.0,8151ae3d945546ac,1628,153,203,False
0.12,1.0,8151ae3d945546ac,1629,153,203,False
0.12,1.0,8151ae3d945546ac,1630,153,203,False
0.12,1.0,8151ae3d945546ac,1631,153,203,False
0.12,1.0,8151ae3d945546ac,1632,153,203,False
0.12,1.0,8151ae3d945546ac,1633,153,204,False
0.12,1.0,8151ae3d945546ac,1634,153,204,False
0.12,1.0,8151ae3d945546ac,1635,153,204,False
0.12,1.0,8151ae3d945546ac,1636,153,204,False
0.12,1.0,8151ae3d945546ac,1637,153,204,False
0.12,1.0,8151ae3d945546ac,1638,154,204,False
0.12,1.0,8151ae3d945546ac,1639,154,204,False
0.12,1.0,8151ae3d945546ac,1640,154,204,False
0.12,1.0,8151ae3d945546ac,1641,154,204,False
0.12,1.0,8151ae3d945546ac,1642,154,205,False
0.12,1.0,8151ae3d945546ac,1643,154,205,False
0.12,1.0,8151ae3d945546ac,1644,154,205,False
0.12,1.0,8151ae3d945546ac,1645,154,205,False
0.12,1.0,8151ae3d945546ac,1646,154,205,False
0.12,1.0,8151ae3d945546ac,1647,155,205,False
0.12,1.0,8151ae3d945546ac,1648,155,205,False
0.12,1.0,8151ae3d945546ac,1649,155,205,False
0.12,1.0,8151ae3d945546ac,1650,155,205,False
0.12,1.0,8151ae3d945546ac,1651,155,206,False
0.12,1.0,8151ae3d945546ac,1652,155,206,False
0.12,1.0,8151ae3d945546ac,1653,155,206,False
0.12,1.0,8151ae3d945546ac,1654,155,206,False
0.12,1.0,8151ae3d945546ac,1655,155,206,False
0.12,1.0,8151ae3d945546ac,1656,156,206,False
0.12,1.0,8151ae3d945546ac,1657,156,206,False
0.12,1.0,8151ae3d945546ac,1658,156,206,False
0.12,1.0,8151ae3d945546ac,1659,156,206,False
0.12,1.0,8151ae3d945546ac,1660,156,207,False
0.12,1.0,8151ae3d945546ac,1661,156,207,False
0.12,1.0,8151ae3d945546ac,1662,156,207,False
0.12,1.0,8151ae3d945546ac,1663,156,207,False
0.12,1.0,8151ae3d945546ac,1664,156,207,False
0.12,1.0,8151ae3d945546ac,1665,157,207,False
0.12,1.0,8151ae3d945546ac,1666,157,207,False
0.12,1.0,8151ae3d945546ac,1667,157,207,False
0.12,1.0,8151ae3d945546ac,1668,157,207,False
0.12,1.0,8151ae3d945546ac,1669,157,208,False
0.12,1.0,8151ae3d945546ac,1670,157,208,False
0.12,1.0,8151ae3d945546ac,1671,157,208,False
0.12,1.0,8151ae3d945546ac,1672,157,208,False
0.12,1.0,8151ae3d945546ac,1673,157,208,False
0.12,1.0,8151ae3d945546ac,1674,158,208,False
0.12,1.0,8151ae3d945546ac,1675,158,208,False
0.12,1.0,8151ae3d945546ac,1676,158,208,False
0.12,1.0,8151ae3d945546ac,1677,158,208,False
0.12,1.0,8151ae3d945546ac,1678,158,209,False
0.12,1.0,8151ae3d945546ac,1679,158,209,False
0.12,1.0,8151ae3d945546ac,1680,158,209,False
0.12,1.0,8151ae3d945546ac,1681,158,209,False
0.12,1.0,8151ae3d945546ac,1682,158,209,False
0.12,1.0,8151ae3d945546ac,1683,159,209,False
0.12,1.0,8151ae3d945546ac,1684,159,209,False
0.12,1.0,8151ae3d945546ac,1685,159,209,False
0.12,1.0,8151ae3d945546ac,1686,159,209,False
0.12,1.0,8151ae3d945546ac,1687,159,210,False
0.12,1.0,8151ae3d945546ac,1688,159,210,False
0.12,1.0,8151ae3d945546ac,1689,159,210,False
0.12,1.0,8151ae3d945546ac,1690,159,210,False
0.12,1.0,8151ae3d945546ac,1691,159,210,False
0.12,1.0,8151ae3d945546ac,1692,160,210,False
0.12,1.0,8151ae3d945546ac,1693,160,210,False
0.12,1.0,8151ae3d945546ac,1694,160,210,False
0.12,1.0,8151ae3d945546ac,1695,160,210,False
0.12,1.0,8151ae3d945546ac,1696,160,210,False
0.12,1.0,8151ae3d945546ac,1697,160,211,False
0.12,1.0,8151ae3d945546ac,1698,160,211,False
0.12,1.0,8151ae3d945546ac,1699,160,211,False
0.12,1.0,8151ae3d945546ac,1700,160,211,False
0.12,1.0,8151ae3d945546ac,1701,161,211,False
0.12,1.0,8151ae3d945546ac,1702,161,211,False
0.12,1.0,8151ae3d945546ac,1703,161,211,False
0.12,1.0,8151ae3d945546ac,1704,161,211,False
0.12,1.0,8151ae3d945546ac,1705,161,211,False
0.12,1.0,8151ae3d945546ac,1706,161,212,False
0.12,1.0,8151ae3d945546ac,1707,161,212,False
0.12,1.0,8151ae3d945546ac,1708,161,212,False
0.12,1.0,8151ae3d945546ac,1709,161,212,False
0.12,1.0,8151ae3d945546ac,1710,162,212,False
0.12,1.0,8151ae3d945546ac,1711,162,212,False
0.12,1.0,8151ae3d945546ac,1712,162,212,False
0.12,1.0,8151ae3d945546ac,1713,162,212,False
0.12,1.0,8151ae3d945546ac,1714,162,212,False
0.12,1.0,8151ae3d945546ac,1715,162,213,False
0.12,1.0,8151ae3d945546ac,1716,162,213,False
0.12,1.0,8151ae3d945546ac,1717,162,213,False
0.12,1.0,8151ae3d945546ac,1718,162,213,False
0.12,1.0,8151ae3d945546ac,1719,162,213,False
0.12,1.0,8151ae3d945546ac,1720,163,213,False
0.12,1.0,8151ae3d945546ac,1721,163,213,False
0.12,1.0,8151ae3d945546ac,1722,163,213,False
0.12,1.0,8151ae3d945546ac,1723,163,213,False
0.12,1.0,8151ae3d945546ac,1724,163,214,False
0.12,1.0,8151ae3d945546ac,1725,163,214,False
0.12,1.0,8151ae3d945546ac,1726,163,214,False
0.12,1.0,8151ae3d945546ac,1727,163,214,False
0.12,1.0,8151ae3d945546ac,1728,163,214,False
0.12,1.0,8151ae3d945546ac,1729,164,214,False
0.12,1.0,8151ae3d945546ac,1730,164,214,False
0.12,1.0,8151ae3d945546ac,1731,164,214,False
0.12,1.0,8151ae3d945546ac,1732,164,214,False
0.12,1.0,8151ae3d945546ac,1733,164,215,False
0.12,1.0,8151ae3d945546ac,1734,164,215,False
0.12,1.0,8151ae3d945546ac,1735,164,215,False
0.12,1.0,8151ae3d945546ac,1736,164,215,False
0.12,1.0,8151ae3d945546ac,1737,164,215,False
0.12,1.0,8151ae3d945546ac,1738,165,215,False
0.12,1.0,8151ae3d945546ac,1739,165,215,False
0.12,1.0,8151ae3d945546ac,1740,165,215,False
0.12,1.0,8151ae3d945546ac,1741,165,215,False
0.12,1.0,8151ae3d945546ac,1742,165,216,False
0.12,1.0,8151ae3d945546ac,1743,165,216,False
0.12,1.0,8151ae3d945546ac,1744,165,216,False
0.12,1.0,8151ae3d945546ac,1745,165,216,False
0.12,1.0,8151ae3d945546ac,1746,165,216,False
0.12,1.0,8151ae3d945546ac,1747,166,216,False
0.12,1.0,8151ae3d945546ac,1748,166,216,False
0.12,1.0,8151ae3d945546ac,1749,166,216,False
0.12,1.0,8151ae3d945546ac,1750,166,216,False
0.12,1.0,8151ae3d945546ac,1751,166,217,False
0.12,1.0,8151ae3d945546ac,1752,166,217,False
0.12,1.0,8151ae3d945546ac,1753,166,217,False
0.12,1.0,8151ae3d945546ac,1754,166,217,False
0.12,1.0,8151ae3d945546ac,1755,166,217,False
0.12,1.0,8151ae3d945546ac,1756,167,217,False
0.12,1.0,8151ae3d945546ac,1757,167,217,False
0.12,1.0,8151ae3d945546ac,1758,167,217,False
0.12,1.0,8151ae3d945546ac,1759,167,217,False
0.12,1.0,8151ae3d945546ac,1760,167,218,False
0.12,1.0,8151ae3d945546ac,1761,167,218,False
0.12,1.0,8151ae3d945546ac,1762,167,218,False
0.12,1.0,8151ae3d945546ac,1763,167,218,False
0.12,1.0,8151ae3d945546ac,1764,167,218,False
0.12,1.0,8151ae3d945546ac,1765,168,218,False
0.12,1.0,8151ae3d945546ac,1766,168,218,False
0.12,1.0,8151ae3d945546ac,1767,168,218,False
0.12,1.0,8151ae3d945546ac,1768,168,218,False
0.12,1.0,8151ae3d945546ac,1769,168,218,False
0.12,1.0,8151ae3d945546ac,1770,168,219,False
0.12,1.0,8151ae3d945546ac,1771,168,219,False
0.12,1.0,8151ae3d945546ac,1772,168,219,False
0.12,1.0,8151ae3d945546ac,1773,168,219,False
0.12,1.0,8151ae3d945546ac,1774,169,219,False
0.12,1.0,8151ae3d945546ac,1775,169,219,False
0.12,1.0,8151ae3d945546ac,1776,169,219,False
0.12,1.0,8151ae3d945546ac,1777,169,219,False
0.12,1.0,8151ae3d945546ac,1778,169,219,False
0.12,1.0,8151ae3d945546ac,1779,169,220,False
0.12,1.0,8151ae3d945546ac,1780,169,220,False
0.12,1.0,8151ae3d945546ac,1781,169,220,False
0.12,1.0,8151ae3d945546ac,1782,169,220,False
0.12,1.0,8151ae3d945546ac,1783,170,220,False
0.12,1.0,8151ae3d945546ac,1784,170,220,False
0.12,1.0,8151ae3d945546ac,1785,170,220,False
0.12,1.0,8151ae3d945546ac,1786,170,220,False
0.12,1.0,8151ae3d945546ac,1787,170,220,False
0.12,1.0,8151ae3d945546ac,1788,170,221,False
0.12,1.0,8151ae3d945546ac,1789,170,221,False
0.12,1.0,8151ae3d945546ac,1790,170,221,False
0.12,1.0,8151ae3d945546ac,1791,170,221,False
0.12,1.0,8151ae3d945546ac,1792,171,221,False
0.12,1.0,8151ae3d945546ac,1793,171,221,False
0.12,1.0,8151ae3d945546ac,1794,171,221,False
0.12,1.0,8151ae3d945546ac,1795,171,221,False
0.12,1.0,8151ae3d945546ac,1796,171,221,False
0.12,1.0,8151ae3d945546ac,1797,171,222,False
0.12,1.0,8151ae3d945546ac,1798,171,222,False
0.12,1.0,8151ae3d945546ac,1799,171,222,False
0.12,1.0,8151ae3d945546ac,1800,171,222,False
0.12,1.0,8151ae3d945546ac,1801,171,222,False
0.12,1.0,8151ae3d945546ac,1802,172,222,False
0.12,1.0,8151ae3d945546ac,1803,172,222,False
0.12,1.0,8151ae3d945546ac,1804,172,222,False
0.12,1.0,8151ae3d945546ac,1805,172,222,False
0.12,1.0,8151ae3d945546ac,1806,172,223,False
0.12,1.0,8151ae3d945546ac,1807,172,223,False
0.12,1.0,8151ae3d945546ac,1808,172,223,False
0.12,1.0,8151ae3d945546ac,1809,172,223,False
0.12,1.0,8151ae3d945546ac,1810,172,223,False
0.12,1.0,8151ae3d945546ac,1811,173,223,False
0.12,1.0,8151ae3d945546ac,1812,173,223,False
0.12,1.0,8151ae3d945546ac,1813,173,223,False
0.12,1.0,8151ae3d945546ac,1814,173,223,False
0.12,1.0,8151ae3d945546ac,1815,173,224,False
0.12,1.0,8151ae3d945546ac,1816,173,224,False
0.12,1.0,8151ae3d945546ac,1817,173,224,False
0.12,1.0,8151ae3d945546ac,1818,173,224,False
0.12,1.0,8151ae3d945546ac,1819,173,224,False
0.12,1.0,8151ae3d945546ac,1820,174,224,False
0.12,1.0,8151ae3d945546ac,1821,174,224,False
0.12,1.0,8151ae3d945546ac,1822,174,224,False
0.12,1.0,8151ae3d945546ac,1823,174,224,False
0.12,1.0,8151ae3d945546ac,1824,174,225,False
0.12,1.0,8151ae3d945546ac,1825,174,225,False
0.12,1.0,8151ae3d945546ac,1826,174,225,False
0.12,1.0,8151ae3d945546ac,1827,174,225,False
0.12,1.0,8151ae3d945546ac,1828,174,225,False
0.12,1.0,8151ae3d945546ac,1829,175,225,False
0.12,1.0,8151ae3d945546ac,1830,175,225,False
0.12,1.0,8151ae3d945546ac,1831,175,225,False
0.12,1.0,8151ae3d945546ac,1832,175,225,False
0.12,1.0,8151ae3d945546ac,1833,175,226,False
0.12,1.0,8151ae3d945546ac,1834,175,226,False
0.12,1.0,8151ae3d945546ac,1835,175,226,False
0.12,1.0,8151ae3d945546ac,1836,175,226,False
0.12,1.0,8151ae3d945546ac,1837,175,226,False
0.12,1.0,8151ae3d945546ac,1838,176,226,False
0.12,1.0,8151ae3d945546ac,1839,176,226,False
0.12,1.0,8151ae3d945546ac,1840,176,226,False
0.12,1.0,8151ae3d945546ac,1841,176,226,False
0.12,1.0,8151ae3d945546ac,1842,176,227,False
0.12,1.0,8151ae3d945546ac,1843,176,227,False
0.12,1.0,8151ae3d945546ac,1844,176,227,False
0.12,1.0,8151ae3d945546ac,1845,176,227,False
0.12,1.0,8151ae3d945546ac,1846,176,227,False
0.12,1.0,8151ae3d945546ac,1847,177,227,False
0.12,1.0,8151ae3d945546ac,1848,177,227,False
0.12,1.0,8151ae3d945546ac,1849,177,227,False
0.12,1.0,8151ae3d945546ac,1850,177,227,False
0.12,1.0,8151ae3d945546ac,1851,177,227,False
0.12,1.0,8151ae3d945546ac,1852,177,228,False
0.12,1.0,8151ae3d945546ac,1853,177,228,False
0.12,1.0,8151ae3d945546ac,1854,177,228,False
0.12,1.0,8151ae3d945546ac,1855,177,228,False
0.12,1.0,8151ae3d945546ac,1856,178,228,False
0.12,1.0,8151ae3d945546ac,1857,178,228,False
0.12,1.0,8151ae3d945546ac,1858,178,228,False
0.12,1.0,8151ae3d945546ac,1859,178,228,False
0.12,1.0,8151ae3d945546ac,1860,178,228,False
0.12,1.0,8151ae3d945546ac,1861,178,229,False
0.12,1.0,8151ae3d945546ac,1862,178,229,False
0.12,1.0,8151ae3d945546ac,1863,178,229,False
0.12,1.0,8151ae3d945546ac,1864,178,229,False
0.12,1.0,8151ae3d945546ac,1865,179,229,False
0.12,1.0,8151ae3d945546ac,1866,179,229,False
0.12,1.0,8151ae3d945546ac,1867,179,229,False
0.12,1.0,8151ae3d945546ac,1868,179,229,False
0.12,1.0,8151ae3d945546ac,1869,179,229,False
0.12,1.0,8151ae3d945546ac,1870,179,230,False
0.12,1.0,8151ae3d945546ac,1871,179,230,False
0.12,1.0,8151ae3d945546ac,1872,179,230,False
0.12,1.0,8151ae3d945546ac,1873,179,230,False
0.12,1.0,8151ae3d945546ac,1874,179,230,False
0.12,1.0,8151ae3d945546ac,1875,180,230,False
0.12,1.0,8151ae3d945546ac,1876,180,230,False
0.12,1.0,8151ae3d945546ac,1877,180,230,False
0.12,1.0,8151ae3d945546ac,1878,180,230,False
0.12,1.0,8151ae3d945546ac,1879,180,231,False
0.12,1.0,8151ae3d945546ac,1880,180,231,False
0.12,1.0,8151ae3d945546ac,1881,180,231,False
0.12,1.0,8151ae3d945546ac,1882,180,231,False
0.12,1.0,8151ae3d945546ac,1883,180,231,False
0.12,1.0,8151ae3d945546ac,1884,181,231,False
0.12,1.0,8151ae3d945546ac,1885,181,231,False
0.12,1.0,8151ae3d945546ac,1886,181,231,False
0.12,1.0,8151ae3d945546ac,1887,181,231,False
0.12,1.0,8151ae3d945546ac,1888,181,232,False
0.12,1.0,8151ae3d945546ac,1889,181,232,False
0.12,1.0,8151ae3d945546ac,1890,181,232,False
0.12,1.0,8151ae3d945546ac,1891,181,232,False
0.12,1.0,8151ae3d945546ac,1892,181,232,False
0.12,1.0,8151ae3d945546ac,1893,182,232,False
0.12,1.0,8151ae3d945546ac,1894,182,232,False
0.12,1.0,8151ae3d945546ac,1895,182,232,False
0.12,1.0,8151ae3d945546ac,1896,182,232,False
0.12,1.0,8151ae3d945546ac,1897,182,233,False
0.12,1.0,8151ae3d945546ac,1898,182,233,False
0.12,1.0,8151ae3d945546ac,1899,182,233,False
0.12,1.0,8151ae3d945546ac,1900,182,233,False
0.12,1.0,8151ae3d945546ac,1901,182,233,False
0.12,1.0,8151ae3d945546ac,1902,183,233,False
0.12,1.0,8151ae3d945546ac,1903,183,233,False
0.12,1.0,8151ae3d945546ac,1904,183,233,False
0.12,1.0,8151ae3d945546ac,1905,183,233,False
0.12,1.0,8151ae3d945546ac,1906,183,234,False
0.12,1.0,8151ae3d945546ac,1907,183,234,False
0.12,1.0,8151ae3d945546ac,1908,183,234,False
0.12,1.0,8151ae3d945546ac,1909,183,234,False
0.12,1.0,8151ae3d945546ac,1910,183,234,False
0.12,1.0,8151ae3d945546ac,1911,184,234,False
0.12,1.0,8151ae3d945546ac,1912,184,234,False
0.12,1.0,8151ae3d945546ac,1913,184,234,False
0.12,1.0,8151ae3d945546ac,1914,184,234,False
0.12,1.0,8151ae3d945546ac,1915,184,235,False
0.12,1.0,8151ae3d945546ac,1916,184,235,False
0.12,1.0,8151ae3d945546ac,1917,184,235,False
0.12,1.0,8151ae3d945546ac,1918,184,235,False
0.12,1.0,8151ae3d945546ac,1919,184,235,False
0.12,1.0,8151ae3d945546ac,1920,185,235,False
0.12,1.0,8151ae3d945546ac,1921,185,235,False
0.12,1.0,8151ae3d945546ac,1922,185,235,False
0.12,1.0,8151ae3d945546ac,1923,185,235,False
0.12,1.0,8151ae3d945546ac,1924,185,236,False
0.12,1.0,8151ae3d945546ac,1925,185,236,False
0.12,1.0,8151ae3d945546ac,1926,185,236,False
0.12,1.0,8151ae3d945546ac,1927,185,236,False
0.12,1.0,8151ae3d945546ac,1928,185,236,False
0.12,1.0,8151ae3d945546ac,1929,186,236,False
0.12,1.0,8151ae3d945546ac,1930,186,236,False
0.12,1.0,8151ae3d945546ac,1931,186,236,False
0.12,1.0,8151ae3d945546ac,1932,186,236,False
0.12,1.0,8151ae3d945546ac,1933,186,236,False
0.12,1.0,8151ae3d945546ac,1934,186,237,False
0.12,1.0,8151ae3d945546ac,1935,186,237,False
0.12,1.0,8151ae3d945546ac,1936,186,237,False
0.12,1.0,8151ae3d945546ac,1937,186,237,False
0.12,1.0,8151ae3d945546ac,1938,187,237,False
0.12,1.0,8151ae3d945546ac,1939,187,237,False
0.12,1.0,8151ae3d945546ac,1940,187,237,False
0.12,1.0,8151ae3d945546ac,1941,187,237,False
0.12,1.0,8151ae3d945546ac,1942,187,237,False
0.12,1.0,8151ae3d945546ac,1943,187,238,False
0.12,1.0,8151ae3d945546ac,1944,187,238,False
0.12,1.0,8151ae3d945546ac,1945,187,238,False
0.12,1.0,8151ae3d945546ac,1946,187,238,False
0.12,1.0,8151ae3d945546ac,1947,188,238,False
0.12,1.0,8151ae3d945546ac,1948,188,238,False
0.12,1.0,8151ae3d945546ac,1949,188,238,False
0.12,1.0,8151ae3d945546ac,1950,188,238,False
0.12,1.0,8151ae3d945546ac,1951,188,238,False
0.12,1.0,8151ae3d945546ac,1952,188,239,False
0.12,1.0,8151ae3d945546ac,1953,188,239,False
0.12,1.0,8151ae3d945546ac,1954,188,239,False
0.12,1.0,8151ae3d945546ac,1955,188,239,False
0.12,1.0,8151ae3d945546ac,1956,188,239,False
0.12,1.0,8151ae3d945546ac,1957,189,239,False
0.12,1.0,8151ae3d945546ac,1958,189,239,False
0.12,1.0,8151ae3d945546ac,1959,189,239,False
0.12,1.0,8151ae3d945546ac,1960,189,239,False
0.12,1.0,8151ae3d945546ac,1961,189,240,False
0.12,1.0,8151ae3d945546ac,1962,189,240,False
0.12,1.0,8151ae3d945546ac,1963,189,240,False
0.12,1.0,8151ae3d945546ac,1964,189,240,False
0.12,1.0,8151ae3d945546ac,1965,189,240,False
0.12,1.0,8151ae3d945546ac,1966,190,240,False
0.12,1.0,8151ae3d945546ac,1967,190,240,False
0.12,1.0,8151ae3d945546ac,1968,190,240,False
0.12,1.0,8151ae3d945546ac,1969,190,240,False
0.12,1.0,8151ae3d945546ac,1970,190,241,False
0.12,1.0,8151ae3d945546ac,1971,190,241,False
0.12,1.0,8151ae3d945546ac,1972,190,241,False
0.12,1.0,8151ae3d945546ac,1973,190,241,False
0.12,1.0,8151ae3d945546ac,1974,190,241,False
0.12,1.0,8151ae3d945546ac,1975,191,241,False
0.12,1.0,8151ae3d945546ac,1976,191,241,False
0.12,1.0,8151ae3d945546ac,1977,191,241,False
0.12,1.0,8151ae3d945546ac,1978,191,241,False
0.12,1.0,8151ae3d945546ac,1979,191,242,False
0.12,1.0,8151ae3d945546ac,1980,191,242,False
0.12,1.0,8151ae3d945546ac,1981,191,242,False
0.12,1.0,8151ae3d945546ac,1982,191,242,False
0.12,1.0,8151ae3d945546ac,1983,191,242,False
0.12,1.0,8151ae3d945546ac,1984,192,242,False
0.12,1.0,8151ae3d945546ac,1985,192,242,False
0.12,1.0,8151ae3d945546ac,1986,192,242,False
0.12,1.0,8151ae3d945546ac,1987,192,242,False
0.12,1.0,8151ae3d945546ac,1988,192,243,False
0.12,1.0,8151ae3d945546ac,1989,192,243,False
0.12,1.0,8151ae3d945546ac,1990,192,243,False
0.12,1.0,8151ae3d945546ac,1991,192,243,False
0.12,1.0,8151ae3d945546ac,1992,192,243,False
0.12,1.0,8151ae3d945546ac,1993,193,243,False
0.12,1.0,8151ae3d945546ac,1994,193,243,False
0.12,1.0,8151ae3d945546ac,1995,193,243,False
0.12,1.0,8151ae3d945546ac,1996,193,243,False
0.12,1.0,8151ae3d945546ac,1997,193,244,False
0.12,1.0,8151ae3d945546ac,1998,193,244,False
0.12,1.0,8151ae3d945546ac,1999,193,244,False
0.12,1.0,8151ae3d945546ac,2000,193,244,False
0.12,1.0,8151ae3d945546ac,2001,193,244,False
0.12,1.0,8151ae3d945546ac,2002,194,244,False
0.12,1.0,8151ae3d945546ac,2003,194,244,False
0.12,1.0,8151ae3d945546ac,2004,194,244,False
0.12,1.0,8151ae3d945546ac,2005,194,244,False
0.12,1.0,8151ae3d945546ac,2006,194,245,False
0.12,1.0,8151ae3d945546ac,2007,194,245,False
0.12,1.0,8151ae3d945546ac,2008,194,245,False
0.12,1.0,8151ae3d945546ac,2009,194,245,False
0.12,1.0,8151ae3d945546ac,2010,194,245,False
0.12,1.0,8151ae3d945546ac,2011,195,245,False
0.12,1.0,8151ae3d945546ac,2012,195,245,False
0.12,1.0,8151ae3d945546ac,2013,195,245,False
0.12,1.0,8151ae3d945546ac,2014,195,245,False
0.12,1.0,8151ae3d945546ac,2015,195,245,False
0.12,1.0,8151ae3d945546ac,2016,195,246,False
0.12,1.0,8151ae3d945546ac,2017,195,246,False
0.12,1.0,8151ae3d945546ac,2018,195,246,False
0.12,1.0,8151ae3d945546ac,2019,195,246,False
0.12,1.0,8151ae3d945546ac,2020,196,246,False
0.12,1.0,8151ae3d945546ac,2021,196,246,False
0.12,1.0,8151ae3d945546ac,2022,196,246,False
0.12,1.0,8151ae3d945546ac,2023,196,246,False
0.12,1.0,8151ae3d945546ac,2024,196,246,False
0.12,1.0,8151ae3d945546ac,2025,196,247,False
0.12,1.0,8151ae3d945546ac,2026,196,247,False
0.12,1.0,8151ae3d945546ac,2027,196,247,False
0.12,1.0,8151ae3d945546ac,2028,196,247,False
0.12,1.0,8151ae3d945546ac,2029,197,247,False
0.12,1.0,8151ae3d945546ac,2030,197,247,False
0.12,1.0,8151ae3d945546ac,2031,197,247,False
0.12,1.0,8151ae3d945546ac,2032,197,247,False
0.12,1.0,8151ae3d945546ac,2033,197,247,False
0.12,1.0,8151ae3d945546ac,2034,197,248,False
0.12,1.0,8151ae3d945546ac,2035,197,248,False
0.12,1.0,8151ae3d945546ac,2036,197,248,False
0.12,1.0,8151ae3d945546ac,2037,197,248,False
0.12,1.0,8151ae3d945546ac,2038,197,248,False
0.12,1.0,8151ae3d945546ac,2039,198,248,False
0.12,1.0,8151ae3d945546ac,2040,198,248,False
0.12,1.0,8151ae3d945546ac,2041,198,248,False
0.12,1.0,8151ae3d945546ac,2042,198,248,False
0.12,1.0,8151ae3d945546ac,2043,198,249,False
0.12,1.0,8151ae3d945546ac,2044,198,249,False
0.12,1.0,8151ae3d945546ac,2045,198,249,False
0.12,1.0,8151ae3d945546ac,2046,198,249,False
0.12,1.0,8151ae3d945546ac,2047,198,249,False
0.12,1.0,8151ae3d945546ac,2048,199,249,False
0.12,1.0,8151ae3d945546ac,2049,199,249,False
0.12,1.0,8151ae3d945546ac,2050,199,249,False
0.12,1.0,8151ae3d945546ac,2051,199,249,False
0.12,1.0,8151ae3d945546ac,2052,199,250,False
0.12,1.0,8151ae3d945546ac,2053,199,250,False
0.12,1.0,8151ae3d945546ac,2054,199,250,False
0.12,1.0,8151ae3d945546ac,2055,199,250,False
0.12,1.0,8151ae3d945546ac,2056,199,250,False
0.12,1.0,8151ae3d945546ac,2057,200,250,False
0.12,1.0,8151ae3d945546ac,2058,200,250,False
0.12,1.0,8151ae3d945546ac,2059,200,250,False
0.12,1.0,8151ae3d945546ac,2060,200,250,False
0.12,1.0,8151ae3d945546ac,2061,200,251,False
0.12,1.0,8151ae3d945546ac,2062,200,251,False
0.12,1.0,8151ae3d945546ac,2063,200,251,False
0.12,1.0,8151ae3d945546ac,2064,200,251,False
0.12,1.0,8151ae3d945546ac,2065,200,251,False
0.12,1.0,8151ae3d945546ac,2066,201,251,False
0.12,1.0,8151ae3d945546ac,2067,201,251,False
0.12,1.0,8151ae3d945546ac,2068,201,251,False
0.12,1.0,8151ae3d945546ac,2069,201,251,False
0.12,1.0,8151ae3d945546ac,2070,201,252,False
0.12,1.0,8151ae3d945546ac,2071,201,252,False
0.12,1.0,8151ae3d945546ac,2072,201,252,False
0.12,1.0,8151ae3d945546ac,2073,201,252,False
0.12,1.0,8151ae3d945546ac,2074,201,252,False
0.12,1.0,8151ae3d945546ac,2075,202,252,False
0.12,1.0,8151ae3d945546ac,2076,202,252,False
0.12,1.0,8151ae3d945546ac,2077,202,252,False
0.12,1.0,8151ae3d945546ac,2078,202,252,False
0.12,1.0,8151ae3d945546ac,2079,202,253,False
0.12,1.0,8151ae3d945546ac,2080,202,253,False
0.12,1.0,8151ae3d945546ac,2081,202,253,False
0.12,1.0,8151ae3d945546ac,2082,202,253,False
0.12,1.0,8151ae3d945546ac,2083,202,253,False
0.12,1.0,8151ae3d945546ac,2084,203,253,False
0.12,1.0,8151ae3d945546ac,2085,203,253,False
0.12,1.0,8151ae3d945546ac,2086,203,253,False
0.12,1.0,8151ae3d945546ac,2087,203,253,False
0.12,1.0,8151ae3d945546ac,2088,203,254,False
0.12,1.0,8151ae3d945546ac,2089,203,254,False
0.12,1.0,8151ae3d945546ac,2090,203,254,False
0.12,1.0,8151ae3d945546ac,2091,203,254,False
0.12,1.0,8151ae3d945546ac,2092,203,254,False
0.12,1.0,8151ae3d945546ac,2093,204,254,False
0.12,1.0,8151ae3d945546ac,2094,204,254,False
0.12,1.0,8151ae3d945546ac,2095,204,254,False
0.12,1.0,8151ae3d945546ac,2096,232,233,True
0.12,1.25,55c9f5980dfe3888,1,,,False
0.12,1.25,55c9f5980dfe3888,2,,,False
0.12,1.25,55c9f5980dfe3888,3,,,False
0.12,1.25,55c9f5980dfe3888,4,,,False
0.12,1.25,55c9f5980dfe3888,5,,,False
0.12,1.25,55c9f5980dfe3888,6,,,False
0.12,1.25,55c9f5980dfe3888,7,,,False
0.12,1.25,55c9f5980dfe3888,8,,,False
0.12,1.25,55c9f5980dfe3888,9,,,False
0.12,1.25,55c9f5980dfe3888,10,,,False
0.12,1.25,55c9f5980dfe3888,11,,,False
0.12,1.25,55c9f5980dfe3888,12,,,False
0.12,1.25,55c9f5980dfe3888,13,,,False
0.12,1.25,55c9f5980dfe3888,14,,,False
0.12,1.25,55c9f5980dfe3888,15,,,False
0.12,1.25,55c9f5980dfe3888,16,,,False
0.12,1.25,55c9f5980dfe3888,17,,,False
0.12,1.25,55c9f5980dfe3888,18,,,False
0.12,1.25,55c9f5980dfe3888,19,,19,False
0.12,1.25,55c9f5980dfe3888,20,,19,False
0.12,1.25,55c9f5980dfe3888,21,,19,False
0.12,1.25,55c9f5980dfe3888,22,,19,False
0.12,1.25,55c9f5980dfe3888,23,,20,False
0.12,1.25,55c9f5980dfe3888,24,,20,False
0.12,1.25,55c9f5980dfe3888,25,,20,False
0.12,1.25,55c9f5980dfe3888,26,,20,False
0.12,1.25,55c9f5980dfe3888,27,,20,False
0.12,1.25,55c9f5980dfe3888,28,,20,False
0.12,1.25,55c9f5980dfe3888,29,,20,False
0.12,1.25,55c9f5980dfe3888,30,,20,False
0.12,1.25,55c9f5980dfe3888,31,,20,False
0.12,1.25,55c9f5980dfe3888,32,,21,False
0.12,1.25,55c9f5980dfe3888,33,,21,False
0.12,1.25,55c9f5980dfe3888,34,,21,False
0.12,1.25,55c9f5980dfe3888,35,,21,False
0.12,1.25,55c9f5980dfe3888,36,,21,False
0.12,1.25,55c9f5980dfe3888,37,,21,False
0.12,1.25,55c9f5980dfe3888,38,,21,False
0.12,1.25,55c9f5980dfe3888,39,,21,False
0.12,1.25,55c9f5980dfe3888,40,,21,False
0.12,1.25,55c9f5980dfe3888,41,,22,False
0.12,1.25,55c9f5980dfe3888,42,,22,False
0.12,1.25,55c9f5980dfe3888,43,,22,False
0.12,1.25,55c9f5980dfe3888,44,,22,False
0.12,1.25,55c9f5980dfe3888,45,,22,False
0.12,1.25,55c9f5980dfe3888,46,,22,False
0.12,1.25,55c9f5980dfe3888,47,,22,False
0.12,1.25,55c9f5980dfe3888,48,,22,False
0.12,1.25,55c9f5980dfe3888,49,,22,False
0.12,1.25,55c9f5980dfe3888,50,,23,False
0.12,1.25,55c9f5980dfe3888,51,,23,False
0.12,1.25,55c9f5980dfe3888,52,,23,False
0.12,1.25,55c9f5980dfe3888,53,,23,False
0.12,1.25,55c9f5980dfe3888,54,,23,False
0.12,1.25,55c9f5980dfe3888,55,,23,False
0.12,1.25,55c9f5980dfe3888,56,,23,False
0.12,1.25,55c9f5980dfe3888,57,,23,False
0.12,1.25,55c9f5980dfe3888,58,,23,False
0.12,1.25,55c9f5980dfe3888,59,,24,False
0.12,1.25,55c9f5980dfe3888,60,,24,False
0.12,1.25,55c9f5980dfe3888,61,,24,False
0.12,1.25,55c9f5980dfe3888,62,,24,False
0.12,1.25,55c9f5980dfe3888,63,,24,False
0.12,1.25,55c9f5980dfe3888,64,,24,False
0.12,1.25,55c9f5980dfe3888,65,,24,False
0.12,1.25,55c9f5980dfe3888,66,,24,False
0.12,1.25,55c9f5980dfe3888,67,,24,False
0.12,1.25,55c9f5980dfe3888,68,,25,False
0.12,1.25,55c9f5980dfe3888,69,,25,False
0.12,1.25,55c9f5980dfe3888,70,,25,False
0.12,1.25,55c9f5980dfe3888,71,,25,False
0.12,1.25,55c9f5980dfe3888,72,,25,False
0.12,1.25,55c9f5980dfe3888,73,,25,False
0.12,1.25,55c9f5980dfe3888,74,,25,False
0.12,1.25,55c9f5980dfe3888,75,,25,False
0.12,1.25,55c9f5980dfe3888,76,,25,False
0.12,1.25,55c9f5980dfe3888,77,,26,False
0.12,1.25,55c9f5980dfe3888,78,,26,False
0.12,1.25,55c9f5980dfe3888,79,,26,False
0.12,1.25,55c9f5980dfe3888,80,,26,False
0.12,1.25,55c9f5980dfe3888,81,,26,False
0.12,1.25,55c9f5980dfe3888,82,,26,False
0.12,1.25,55c9f5980dfe3888,83,,26,False
0.12,1.25,55c9f5980dfe3888,84,,26,False
0.12,1.25,55c9f5980dfe3888,85,,26,False
0.12,1.25,55c9f5980dfe3888,86,,26,False
0.12,1.25,55c9f5980dfe3888,87,,27,False
0.12,1.25,55c9f5980dfe3888,88,,27,False
0.12,1.25,55c9f5980dfe3888,89,,27,False
0.12,1.25,55c9f5980dfe3888,90,,27,False
0.12,1.25,55c9f5980dfe3888,91,,27,False
0.12,1.25,55c9f5980dfe3888,92,,27,False
0.12,1.25,55c9f5980dfe3888,93,,27,False
0.12,1.25,55c9f5980dfe3888,94,,27,False
0.12,1.25,55c9f5980dfe3888,95,,27,False
0.12,1.25,55c9f5980dfe3888,96,,28,False
0.12,1.25,55c9f5980dfe3888,97,,28,False
0.12,1.25,55c9f5980dfe3888,98,,28,False
0.12,1.25,55c9f5980dfe3888,99,,28,False
0.12,1.25,55c9f5980dfe3888,100,,28,False
0.12,1.25,55c9f5980dfe3888,101,,28,False
0.12,1.25,55c9f5980dfe3888,102,,28,False
0.12,1.25,55c9f5980dfe3888,103,,28,False
0.12,1.25,55c9f5980dfe3888,104,,28,False
0.12,1.25,55c9f5980dfe3888,105,,29,False
0.12,1.25,55c9f5980dfe3888,106,,29,False
0.12,1.25,55c9f5980dfe3888,107,,29,False
0.12,1.25,55c9f5980dfe3888,108,,29,False
0.12,1.25,55c9f5980dfe3888,109,,29,False
0.12,1.25,55c9f5980dfe3888,110,,29,False
0.12,1.25,55c9f5980dfe3888,111,,29,False
0.12,1.25,55c9f5980dfe3888,112,,29,False
0.12,1.25,55c9f5980dfe3888,113,,29,False
0.12,1.25,55c9f5980dfe3888,114,,30,False
0.12,1.25,55c9f5980dfe3888,115,,30,False
0.12,1.25,55c9f5980dfe3888,116,,30,False
0.12,1.25,55c9f5980dfe3888,117,,30,False
0.12,1.25,55c9f5980dfe3888,118,,30,False
0.12,1.25,55c9f5980dfe3888,119,,30,False
0.12,1.25,55c9f5980dfe3888,120,,30,False
0.12,1.25,55c9f5980dfe3888,121,,30,False
0.12,1.25,55c9f5980dfe3888,122,,30,False
0.12,1.25,55c9f5980dfe3888,123,,31,False
0.12,1.25,55c9f5980dfe3888,124,,31,False
0.12,1.25,55c9f5980dfe3888,125,,31,False
0.12,1.25,55c9f5980dfe3888,126,,31,False
0.12,1.25,55c9f5980dfe3888,127,,31,False
0.12,1.25,55c9f5980dfe3888,128,,31,False
0.12,1.25,55c9f5980dfe3888,129,,31,False
0.12,1.25,55c9f5980dfe3888,130,,31,False
0.12,1.25,55c9f5980dfe3888,131,,31,False
0.12,1.25,55c9f5980dfe3888,132,,32,False
0.12,1.25,55c9f5980dfe3888,133,,32,False
0.12,1.25,55c9f5980dfe3888,134,,32,False
0.12,1.25,55c9f5980dfe3888,135,,32,False
0.12,1.25,55c9f5980dfe3888,136,,32,False
0.12,1.25,55c9f5980dfe3888,137,,32,False
0.12,1.25,55c9f5980dfe3888,138,,32,False
0.12,1.25,55c9f5980dfe3888,139,,32,False
0.12,1.25,55c9f5980dfe3888,140,,32,False
0.12,1.25,55c9f5980dfe3888,141,,33,False
0.12,1.25,55c9f5980dfe3888,142,,33,False
0.12,1.25,55c9f5980dfe3888,143,,33,False
0.12,1.25,55c9f5980dfe3888,144,,33,False
0.12,1.25,55c9f5980dfe3888,145,0,33,False
0.12,1.25,55c9f5980dfe3888,146,0,33,False
0.12,1.25,55c9f5980dfe3888,147,0,33,False
0.12,1.25,55c9f5980dfe3888,148,0,33,False
0.12,1.25,55c9f5980dfe3888,149,0,33,False
0.12,1.25,55c9f5980dfe3888,150,0,34,False
0.12,1.25,55c9f5980dfe3888,151,0,34,False
0.12,1.25,55c9f5980dfe3888,152,0,34,False
0.12,1.25,55c9f5980dfe3888,153,0,34,False
0.12,1.25,55c9f5980dfe3888,154,1,34,False
0.12,1.25,55c9f5980dfe3888,155,1,34,False
0.12,1.25,55c9f5980dfe3888,156,1,34,False
0.12,1.25,55c9f5980dfe3888,157,1,34,False
0.12,1.25,55c9f5980dfe3888,158,1,34,False
0.12,1.25,55c9f5980dfe3888,159,1,35,False
0.12,1.25,55c9f5980dfe3888,160,1,35,False
0.12,1.25,55c9f5980dfe3888,161,1,35,False
0.12,1.25,55c9f5980dfe3888,162,1,35,False
0.12,1.25,55c9f5980dfe3888,163,2,35,False
0.12,1.25,55c9f5980dfe3888,164,2,35,False
0.12,1.25,55c9f5980dfe3888,165,2,35,False
0.12,1.25,55c9f5980dfe3888,166,2,35,False
0.12,1.25,55c9f5980dfe3888,167,2,35,False
0.12,1.25,55c9f5980dfe3888,168,2,35,False
0.12,1.25,55c9f5980dfe3888,169,2,36,False
0.12,1.25,55c9f5980dfe3888,170,2,36,False
0.12,1.25,55c9f5980dfe3888,171,2,36,False
0.12,1.25,55c9f5980dfe3888,172,2,36,False
0.12,1.25,55c9f5980dfe3888,173,3,36,False
0.12,1.25,55c9f5980dfe3888,174,3,36,False
0.12,1.25,55c9f5980dfe3888,175,3,36,False
0.12,1.25,55c9f5980dfe3888,176,3,36,False
0.12,1.25,55c9f5980dfe3888,177,3,36,False
0.12,1.25,55c9f5980dfe3888,178,3,37,False
0.12,1.25,55c9f5980dfe3888,179,3,37,False
0.12,1.25,55c9f5980dfe3888,180,3,37,False
0.12,1.25,55c9f5980dfe3888,181,3,37,False
0.12,1.25,55c9f5980dfe3888,182,4,37,False
0.12,1.25,55c9f5980dfe3888,183,4,37,False
0.12,1.25,55c9f5980dfe3888,184,4,37,False
0.12,1.25,55c9f5980dfe3888,185,4,37,False
0.12,1.25,55c9f5980dfe3888,186,4,37,False
0.12,1.25,55c9f5980dfe3888,187,4,38,False
0.12,1.25,55c9f5980dfe3888,188,4,38,False
0.12,1.25,55c9f5980dfe3888,189,4,38,False
0.12,1.25,55c9f5980dfe3888,190,4,38,False
0.12,1.25,55c9f5980dfe3888,191,5,38,False
0.12,1.25,55c9f5980dfe3888,192,5,38,False
0.12,1.25,55c9f5980dfe3888,193,5,38,False
0.12,1.25,55c9f5980dfe3888,194,5,38,False
0.12,1.25,55c9f5980dfe3888,195,5,38,False
0.12,1.25,55c9f5980dfe3888,196,5,39,False
0.12,1.25,55c9f5980dfe3888,197,5,39,False
0.12,1.25,55c9f5980dfe3888,198,5,39,False
0.12,1.25,55c9f5980dfe3888,199,5,39,False
0.12,1.25,55c9f5980dfe3888,200,6,39,False
0.12,1.25,55c9f5980dfe3888,201,6,39,False
0.12,1.25,55c9f5980dfe3888,202,6,39,False
0.12,1.25,55c9f5980dfe3888,203,6,39,False
0.12,1.25,55c9f5980dfe3888,204,6,39,False
0.12,1.25,55c9f5980dfe3888,205,6,40,False
0.12,1.25,55c9f5980dfe3888,206,6,40,False
0.12,1.25,55c9f5980dfe3888,207,6,40,False
0.12,1.25,55c9f5980dfe3888,208,6,40,False
0.12,1.25,55c9f5980dfe3888,209,7,40,False
0.12,1.25,55c9f5980dfe3888,210,7,40,False
0.12,1.25,55c9f5980dfe3888,211,7,40,False
0.12,1.25,55c9f5980dfe3888,212,7,40,False
0.12,1.25,55c9f5980dfe3888,213,7,40,False
0.12,1.25,55c9f5980dfe3888,214,7,41,False
0.12,1.25,55c9f5980dfe3888,215,7,41,False
0.12,1.25,55c9f5980dfe3888,216,7,41,False
0.12,1.25,55c9f5980dfe3888,217,7,41,False
0.12,1.25,55c9f5980dfe3888,218,8,41,False
0.12,1.25,55c9f5980dfe3888,219,8,41,False
0.12,1.25,55c9f5980dfe3888,220,8,41,False
0.12,1.25,55c9f5980dfe3888,221,8,41,False
0.12,1.25,55c9f5980dfe3888,222,8,41,False
0.12,1.25,55c9f5980dfe3888,223,8,42,False
0.12,1.25,55c9f5980dfe3888,224,8,42,False
0.12,1.25,55c9f5980dfe3888,225,8,42,False
0.12,1.25,55c9f5980dfe3888,226,8,42,False
0.12,1.25,55c9f5980dfe3888,227,9,42,False
0.12,1.25,55c9f5980dfe3888,228,9,42,False
0.12,1.25,55c9f5980dfe3888,229,9,42,False
0.12,1.25,55c9f5980dfe3888,230,9,42,False
0.12,1.25,55c9f5980dfe3888,231,9,42,False
0.12,1.25,55c9f5980dfe3888,232,9,43,False
0.12,1.25,55c9f5980dfe3888,233,9,43,False
0.12,1.25,55c9f5980dfe3888,234,9,43,False
0.12,1.25,55c9f5980dfe3888,235,9,43,False
0.12,1.25,55c9f5980dfe3888,236,10,43,False
0.12,1.25,55c9f5980dfe3888,237,10,43,False
0.12,1.25,55c9f5980dfe3888,238,10,43,False
0.12,1.25,55c9f5980dfe3888,239,10,43,False
0.12,1.25,55c9f5980dfe3888,240,10,43,False
0.12,1.25,55c9f5980dfe3888,241,10,44,False
0.12,1.25,55c9f5980dfe3888,242,10,44,False
0.12,1.25,55c9f5980dfe3888,243,10,44,False
0.12,1.25,55c9f5980dfe3888,244,10,44,False
0.12,1.25,55c9f5980dfe3888,245,11,44,False
0.12,1.25,55c9f5980dfe3888,246,11,44,False
0.12,1.25,55c9f5980dfe3888,247,11,44,False
0.12,1.25,55c9f5980dfe3888,248,11,44,False
0.12,1.25,55c9f5980dfe3888,249,11,44,False
0.12,1.25,55c9f5980dfe3888,250,11,44,False
0.12,1.25,55c9f5980dfe3888,251,11,45,False
0.12,1.25,55c9f5980dfe3888,252,11,45,False
0.12,1.25,55c9f5980dfe3888,253,11,45,False
0.12,1.25,55c9f5980dfe3888,254,11,45,False
0.12,1.25,55c9f5980dfe3888,255,12,45,False
0.12,1.25,55c9f5980dfe3888,256,12,45,False
0.12,1.25,55c9f5980dfe3888,257,12,45,False
0.12,1.25,55c9f5980dfe3888,258,12,45,False
0.12,1.25,55c9f5980dfe3888,259,12,45,False
0.12,1.25,55c9f5980dfe3888,260,12,46,False
0.12,1.25,55c9f5980dfe3888,261,12,46,False
0.12,1.25,55c9f5980dfe3888,262,12,46,False
0.12,1.25,55c9f5980dfe3888,263,12,46,False
0.12,1.25,55c9f5980dfe3888,264,13,46,False
0.12,1.25,55c9f5980dfe3888,265,13,46,False
0.12,1.25,55c9f5980dfe3888,266,13,46,False
0.12,1.25,55c9f5980dfe3888,267,13,46,False
0.12,1.25,55c9f5980dfe3888,268,13,46,False
0.12,1.25,55c9f5980dfe3888,269,13,47,False
0.12,1.25,55c9f5980dfe3888,270,13,47,False
0.12,1.25,55c9f5980dfe3888,271,13,47,False
0.12,1.25,55c9f5980dfe3888,272,13,47,False
0.12,1.25,55c9f5980dfe3888,273,14,47,False
0.12,1.25,55c9f5980dfe3888,274,14,47,False
0.12,1.25,55c9f5980dfe3888,275,14,47,False
0.12,1.25,55c9f5980dfe3888,276,14,47,False
0.12,1.25,55c9f5980dfe3888,277,14,47,False
0.12,1.25,55c9f5980dfe3888,278,14,48,False
0.12,1.25,55c9f5980dfe3888,279,14,48,False
0.12,1.25,55c9f5980dfe3888,280,14,48,False
0.12,1.25,55c9f5980dfe3888,281,14,48,False
0.12,1.25,55c9f5980dfe3888,282,15,48,False
0.12,1.25,55c9f5980dfe3888,283,15,48,False
0.12,1.25,55c9f5980dfe3888,284,15,48,False
0.12,1.25,55c9f5980dfe3888,285,15,48,False
0.12,1.25,55c9f5980dfe3888,286,15,48,False
0.12,1.25,55c9f5980dfe3888,287,15,49,False
0.12,1.25,55c9f5980dfe3888,288,15,49,False
0.12,1.25,55c9f5980dfe3888,289,15,49,False
0.12,1.25,55c9f5980dfe3888,290,15,49,False
0.12,1.25,55c9f5980dfe3888,291,16,49,False
0.12,1.25,55c9f5980dfe3888,292,16,49,False
0.12,1.25,55c9f5980dfe3888,293,16,49,False
0.12,1.25,55c9f5980dfe3888,294,16,49,False
0.12,1.25,55c9f5980dfe3888,295,16,49,False
0.12,1.25,55c9f5980dfe3888,296,16,50,False
0.12,1.25,55c9f5980dfe3888,297,16,50,False
0.12,1.25,55c9f5980dfe3888,298,16,50,False
0.12,1.25,55c9f5980dfe3888,299,16,50,False
0.12,1.25,55c9f5980dfe3888,300,17,50,False
0.12,1.25,55c9f5980dfe3888,301,17,50,False
0.12,1.25,55c9f5980dfe3888,302,17,50,False
0.12,1.25,55c9f5980dfe3888,303,17,50,False
0.12,1.25,55c9f5980dfe3888,304,17,50,False
0.12,1.25,55c9f5980dfe3888,305,17,51,False
0.12,1.25,55c9f5980dfe3888,306,17,51,False
0.12,1.25,55c9f5980dfe3888,307,17,51,False
0.12,1.25,55c9f5980dfe3888,308,17,51,False
0.12,1.25,55c9f5980dfe3888,309,18,51,False
0.12,1.25,55c9f5980dfe3888,310,18,51,False
0.12,1.25,55c9f5980dfe3888,311,18,51,False
0.12,1.25,55c9f5980dfe3888,312,18,51,False
0.12,1.25,55c9f5980dfe3888,313,18,51,False
0.12,1.25,55c9f5980dfe3888,314,18,52,False
0.12,1.25,55c9f5980dfe3888,315,18,52,False
0.12,1.25,55c9f5980dfe3888,316,18,52,False
0.12,1.25,55c9f5980dfe3888,317,18,52,False
0.12,1.25,55c9f5980dfe3888,318,19,52,False
0.12,1.25,55c9f5980dfe3888,319,19,52,False
0.12,1.25,55c9f5980dfe3888,320,19,52,False
0.12,1.25,55c9f5980dfe3888,321,19,52,False
0.12,1.25,55c9f5980dfe3888,322,19,52,False
0.12,1.25,55c9f5980dfe3888,323,19,52,False
0.12,1.25,55c9f5980dfe3888,324,19,53,False
0.12,1.25,55c9f5980dfe3888,325,19,53,False
0.12,1.25,55c9f5980dfe3888,326,19,53,False
0.12,1.25,55c9f5980dfe3888,327,20,53,False
0.12,1.25,55c9f5980dfe3888,328,20,53,False
0.12,1.25,55c9f5980dfe3888,329,20,53,False
0.12,1.25,55c9f5980dfe3888,330,20,53,False
0.12,1.25,55c9f5980dfe3888,331,20,53,False
0.12,1.25,55c9f5980dfe3888,332,20,53,False
0.12,1.25,55c9f5980dfe3888,333,20,54,False
0.12,1.25,55c9f5980dfe3888,334,20,54,False
0.12,1.25,55c9f5980dfe3888,335,20,54,False
0.12,1.25,55c9f5980dfe3888,336,20,54,False
0.12,1.25,55c9f5980dfe3888,337,21,54,False
0.12,1.25,55c9f5980dfe3888,338,21,54,False
0.12,1.25,55c9f5980dfe3888,339,21,54,False
0.12,1.25,55c9f5980dfe3888,340,21,54,False
0.12,1.25,55c9f5980dfe3888,341,21,54,False
0.12,1.25,55c9f5980dfe3888,342,21,55,False
0.12,1.25,55c9f5980dfe3888,343,21,55,False
0.12,1.25,55c9f5980dfe3888,344,21,55,False
0.12,1.25,55c9f5980dfe3888,345,21,55,False
0.12,1.25,55c9f5980dfe3888,346,22,55,False
0.12,1.25,55c9f5980dfe3888,347,22,55,False
0.12,1.25,55c9f5980dfe3888,348,22,55,False
0.12,1.25,55c9f5980dfe3888,349,22,55,False
0.12,1.25,55c9f5980dfe3888,350,22,55,False
0.12,1.25,55c9f5980dfe3888,351,22,56,False
0.12,1.25,55c9f5980dfe3888,352,22,56,False
0.12,1.25,55c9f5980dfe3888,353,22,56,False
0.12,1.25,55c9f5980dfe3888,354,22,56,False
0.12,1.25,55c9f5980dfe3888,355,23,56,False
0.12,1.25,55c9f5980dfe3888,356,23,56,False
0.12,1.25,55c9f5980dfe3888,357,23,56,False
0.12,1.25,55c9f5980dfe3888,358,23,56,False
0.12,1.25,55c9f5980dfe3888,359,23,56,False
0.12,1.25,55c9f5980dfe3888,360,23,57,False
0.12,1.25,55c9f5980dfe3888,361,23,57,False
0.12,1.25,55c9f5980dfe3888,362,23,57,False
0.12,1.25,55c9f5980dfe3888,363,23,57,False
0.12,1.25,55c9f5980dfe3888,364,24,57,False
0.12,1.25,55c9f5980dfe3888,365,24,57,False
0.12,1.25,55c9f5980dfe3888,366,24,57,False
0.12,1.25,55c9f5980dfe3888,367,24,57,False
0.12,1.25,55c9f5980dfe3888,368,24,57,False
0.12,1.25,55c9f5980dfe3888,369,24,58,False
0.12,1.25,55c9f5980dfe3888,370,24,58,False
0.12,1.25,55c9f5980dfe3888,371,24,58,False
0.12,1.25,55c9f5980dfe3888,372,24,58,False
0.12,1.25,55c9f5980dfe3888,373,25,58,False
0.12,1.25,55c9f5980dfe3888,374,25,58,False
0.12,1.25,55c9f5980dfe3888,375,25,58,False
0.12,1.25,55c9f5980dfe3888,376,25,58,False
0.12,1.25,55c9f5980dfe3888,377,25,58,False
0.12,1.25,55c9f5980dfe3888,378,25,59,False
0.12,1.25,55c9f5980dfe3888,379,25,59,False
0.12,1.25,55c9f5980dfe3888,380,25,59,False
0.12,1.25,55c9f5980dfe3888,381,25,59,False
0.12,1.25,55c9f5980dfe3888,382,26,59,False
0.12,1.25,55c9f5980dfe3888,383,26,59,False
0.12,1.25,55c9f5980dfe3888,384,26,59,False
0.12,1.25,55c9f5980dfe3888,385,26,59,False
0.12,1.25,55c9f5980dfe3888,386,26,59,False
0.12,1.25,55c9f5980dfe3888,387,26,60,False
0.12,1.25,55c9f5980dfe3888,388,26,60,False
0.12,1.25,55c9f5980dfe3888,389,26,60,False
0.12,1.25,55c9f5980dfe3888,390,26,60,False
0.12,1.25,55c9f5980dfe3888,391,27,60,False
0.12,1.25,55c9f5980dfe3888,392,27,60,False
0.12,1.25,55c9f5980dfe3888,393,27,60,False
0.12,1.25,55c9f5980dfe3888,394,27,60,False
0.12,1.25,55c9f5980dfe3888,395,27,60,False
0.12,1.25,55c9f5980dfe3888,396,27,61,False
0.12,1.25,55c9f5980dfe3888,397,27,61,False
0.12,1.25,55c9f5980dfe3888,398,27,61,False
0.12,1.25,55c9f5980dfe3888,399,27,61,False
0.12,1.25,55c9f5980dfe3888,400,28,61,False
0.12,1.25,55c9f5980dfe3888,401,28,61,False
0.12,1.25,55c9f5980dfe3888,402,28,61,False
0.12,1.25,55c9f5980dfe3888,403,28,61,False
0.12,1.25,55c9f5980dfe3888,404,28,61,False
0.12,1.25,55c9f5980dfe3888,405,28,61,False
0.12,1.25,55c9f5980dfe3888,406,28,62,False
0.12,1.25,55c9f5980dfe3888,407,28,62,False
0.12,1.25,55c9f5980dfe3888,408,28,62,False
0.12,1.25,55c9f5980dfe3888,409,29,62,False
0.12,1.25,55c9f5980dfe3888,410,29,62,False
0.12,1.25,55c9f5980dfe3888,411,29,62,False
0.12,1.25,55c9f5980dfe3888,412,29,62,False
0.12,1.25,55c9f5980dfe3888,413,29,62,False
0.12,1.25,55c9f5980dfe3888,414,29,62,False
0.12,1.25,55c9f5980dfe3888,415,29,63,False
0.12,1.25,55c9f5980dfe3888,416,29,63,False
0.12,1.25,55c9f5980dfe3888,417,29,63,False
0.12,1.25,55c9f5980dfe3888,418,29,63,False
0.12,1.25,55c9f5980dfe3888,419,30,63,False
0.12,1.25,55c9f5980dfe3888,420,30,63,False
0.12,1.25,55c9f5980dfe3888,421,30,63,False
0.12,1.25,55c9f5980dfe3888,422,30,63,False
0.12,1.25,55c9f5980dfe3888,423,30,63,False
0.12,1.25,55c9f5980dfe3888,424,30,64,False
0.12,1.25,55c9f5980dfe3888,425,30,64,False
0.12,1.25,55c9f5980dfe3888,426,30,64,False
0.12,1.25,55c9f5980dfe3888,427,30,64,False
0.12,1.25,55c9f5980dfe3888,428,31,64,False
0.12,1.25,55c9f5980dfe3888,429,31,64,False
0.12,1.25,55c9f5980dfe3888,430,31,64,False
0.12,1.25,55c9f5980dfe3888,431,31,64,False
0.12,1.25,55c9f5980dfe3888,432,31,64,False
0.12,1.25,55c9f5980dfe3888,433,31,65,False
0.12,1.25,55c9f5980dfe3888,434,31,65,False
0.12,1.25,55c9f5980dfe3888,435,31,65,False
0.12,1.25,55c9f5980dfe3888,436,31,65,False
0.12,1.25,55c9f5980dfe3888,437,32,65,False
0.12,1.25,55c9f5980dfe3888,438,32,65,False
0.12,1.25,55c9f5980dfe3888,439,32,65,False
0.12,1.25,55c9f5980dfe3888,440,32,65,False
0.12,1.25,55c9f5980dfe3888,441,32,65,False
0.12,1.25,55c9f5980dfe3888,442,32,66,False
0.12,1.25,55c9f5980dfe3888,443,32,66,False
0.12,1.25,55c9f5980dfe3888,444,32,66,False
0.12,1.25,55c9f5980dfe3888,445,32,66,False
0.12,1.25,55c9f5980dfe3888,446,33,66,False
0.12,1.25,55c9f5980dfe3888,447,33,66,False
0.12,1.25,55c9f5980dfe3888,448,33,66,False
0.12,1.25,55c9f5980dfe3888,449,33,66,False
0.12,1.25,55c9f5980dfe3888,450,33,66,False
0.12,1.25,55c9f5980dfe3888,451,33,67,False
0.12,1.25,55c9f5980dfe3888,452,33,67,False
0.12,1.25,55c9f5980dfe3888,453,33,67,False
0.12,1.25,55c9f5980dfe3888,454,33,67,False
0.12,1.25,55c9f5980dfe3888,455,34,67,False
0.12,1.25,55c9f5980dfe3888,456,34,67,False
0.12,1.25,55c9f5980dfe3888,457,34,67,False
0.12,1.25,55c9f5980dfe3888,458,34,67,False
0.12,1.25,55c9f5980dfe3888,459,34,67,False
0.12,1.25,55c9f5980dfe3888,460,34,68,False
0.12,1.25,55c9f5980dfe3888,461,34,68,False
0.12,1.25,55c9f5980dfe3888,462,34,68,False
0.12,1.25,55c9f5980dfe3888,463,34,68,False
0.12,1.25,55c9f5980dfe3888,464,35,68,False
0.12,1.25,55c9f5980dfe3888,465,35,68,False
0.12,1.25,55c9f5980dfe3888,466,35,68,False
0.12,1.25,55c9f5980dfe3888,467,35,68,False
0.12,1.25,55c9f5980dfe3888,468,35,68,False
0.12,1.25,55c9f5980dfe3888,469,35,69,False
0.12,1.25,55c9f5980dfe3888,470,35,69,False
0.12,1.25,55c9f5980dfe3888,471,35,69,False
0.12,1.25,55c9f5980dfe3888,472,35,69,False
0.12,1.25,55c9f5980dfe3888,473,36,69,False
0.12,1.25,55c9f5980dfe3888,474,36,69,False
0.12,1.25,55c9f5980dfe3888,475,36,69,False
0.12,1.25,55c9f5980dfe3888,476,36,69,False
0.12,1.25,55c9f5980dfe3888,477,36,69,False
0.12,1.25,55c9f5980dfe3888,478,36,70,False
0.12,1.25,55c9f5980dfe3888,479,36,70,False
0.12,1.25,55c9f5980dfe3888,480,36,70,False
0.12,1.25,55c9f5980dfe3888,481,36,70,False
0.12,1.25,55c9f5980dfe3888,482,37,70,False
0.12,1.25,55c9f5980dfe3888,483,37,70,False
0.12,1.25,55c9f5980dfe3888,484,37,70,False
0.12,1.25,55c9f5980dfe3888,485,37,70,False
0.12,1.25,55c9f5980dfe3888,486,37,70,False
0.12,1.25,55c9f5980dfe3888,487,37,70,False
0.12,1.25,55c9f5980dfe3888,488,37,71,False
0.12,1.25,55c9f5980dfe3888,489,37,71,False
0.12,1.25,55c9f5980dfe3888,490,37,71,False
0.12,1.25,55c9f5980dfe3888,491,38,71,False
0.12,1.25,55c9f5980dfe3888,492,38,71,False
0.12,1.25,55c9f5980dfe3888,493,38,71,False
0.12,1.25,55c9f5980dfe3888,494,38,71,False
0.12,1.25,55c9f5980dfe3888,495,38,71,False
0.12,1.25,55c9f5980dfe3888,496,38,71,False
0.12,1.25,55c9f5980dfe3888,497,38,72,False
0.12,1.25,55c9f5980dfe3888,498,38,72,False
0.12,1.25,55c9f5980dfe3888,499,38,72,False
0.12,1.25,55c9f5980dfe3888,500,38,72,False
0.12,1.25,55c9f5980dfe3888,501,39,72,False
0.12,1.25,55c9f5980dfe3888,502,39,72,False
0.12,1.25,55c9f5980dfe3888,503,39,72,False
0.12,1.25,55c9f5980dfe3888,504,39,72,False
0.12,1.25,55c9f5980dfe3888,505,39,72,False
0.12,1.25,55c9f5980dfe3888,506,39,73,False
0.12,1.25,55c9f5980dfe3888,507,39,73,False
0.12,1.25,55c9f5980dfe3888,508,39,73,False
0.12,1.25,55c9f5980dfe3888,509,39,73,False
0.12,1.25,55c9f5980dfe3888,510,40,73,False
0.12,1.25,55c9f5980dfe3888,511,40,73,False
0.12,1.25,55c9f5980dfe3888,512,40,73,False
0.12,1.25,55c9f5980dfe3888,513,40,73,False
0.12,1.25,55c9f5980dfe3888,514,40,73,False
0.12,1.25,55c9f5980dfe3888,515,40,74,False
0.12,1.25,55c9f5980dfe3888,516,40,74,False
0.12,1.25,55c9f5980dfe3888,517,40,74,False
0.12,1.25,55c9f5980dfe3888,518,40,74,False
0.12,1.25,55c9f5980dfe3888,519,41,74,False
0.12,1.25,55c9f5980dfe3888,520,41,74,False
0.12,1.25,55c9f5980dfe3888,521,41,74,False
0.12,1.25,55c9f5980dfe3888,522,41,74,False
0.12,1.25,55c9f5980dfe3888,523,41,74,False
0.12,1.25,55c9f5980dfe3888,524,41,75,False
0.12,1.25,55c9f5980dfe3888,525,41,75,False
0.12,1.25,55c9f5980dfe3888,526,41,75,False
0.12,1.25,55c9f5980dfe3888,527,41,75,False
0.12,1.25,55c9f5980dfe3888,528,42,75,False
0.12,1.25,55c9f5980dfe3888,529,42,75,False
0.12,1.25,55c9f5980dfe3888,530,42,75,False
0.12,1.25,55c9f5980dfe3888,531,42,75,False
0.12,1.25,55c9f5980dfe3888,532,42,75,False
0.12,1.25,55c9f5980dfe3888,533,42,76,False
0.12,1.25,55c9f5980dfe3888,534,42,76,False
0.12,1.25,55c9f5980dfe3888,535,42,76,False
0.12,1.25,55c9f5980dfe3888,536,42,76,False
0.12,1.25,55c9f5980dfe3888,537,43,76,False
0.12,1.25,55c9f5980dfe3888,538,43,76,False
0.12,1.25,55c9f5980dfe3888,539,43,76,False
0.12,1.25,55c9f5980dfe3888,540,43,76,False
0.12,1.25,55c9f5980dfe3888,541,43,76,False
0.12,1.25,55c9f5980dfe3888,542,43,77,False
0.12,1.25,55c9f5980dfe3888,543,43,77,False
0.12,1.25,55c9f5980dfe3888,544,43,77,False
0.12,1.25,55c9f5980dfe3888,545,43,77,False
0.12,1.25,55c9f5980dfe3888,546,44,77,False
0.12,1.25,55c9f5980dfe3888,547,44,77,False
0.12,1.25,55c9f5980dfe3888,548,44,77,False
0.12,1.25,55c9f5980dfe3888,549,44,77,False
0.12,1.25,55c9f5980dfe3888,550,44,77,False
0.12,1.25,55c9f5980dfe3888,551,44,78,False
0.12,1.25,55c9f5980dfe3888,552,44,78,False
0.12,1.25,55c9f5980dfe3888,553,44,78,False
0.12,1.25,55c9f5980dfe3888,554,44,78,False
0.12,1.25,55c9f5980dfe3888,555,45,78,False
0.12,1.25,55c9f5980dfe3888,556,45,78,False
0.12,1.25,55c9f5980dfe3888,557,45,78,False
0.12,1.25,55c9f5980dfe3888,558,45,78,False
0.12,1.25,55c9f5980dfe3888,559,45,78,False
0.12,1.25,55c9f5980dfe3888,560,45,79,False
0.12,1.25,55c9f5980dfe3888,561,45,79,False
0.12,1.25,55c9f5980dfe3888,562,45,79,False
0.12,1.25,55c9f5980dfe3888,563,45,79,False
0.12,1.25,55c9f5980dfe3888,564,46,79,False
0.12,1.25,55c9f5980dfe3888,565,46,79,False
0.12,1.25,55c9f5980dfe3888,566,46,79,False
0.12,1.25,55c9f5980dfe3888,567,46,79,False
0.12,1.25,55c9f5980dfe3888,568,46,79,False
0.12,1.25,55c9f5980dfe3888,569,46,79,False
0.12,1.25,55c9f5980dfe3888,570,46,80,False
0.12,1.25,55c9f5980dfe3888,571,46,80,False
0.12,1.25,55c9f5980dfe3888,572,46,80,False
0.12,1.25,55c9f5980dfe3888,573,47,80,False
0.12,1.25,55c9f5980dfe3888,574,47,80,False
0.12,1.25,55c9f5980dfe3888,575,47,80,False
0.12,1.25,55c9f5980dfe3888,576,47,80,False
0.12,1.25,55c9f5980dfe3888,577,47,80,False
0.12,1.25,55c9f5980dfe3888,578,47,80,False
0.12,1.25,55c9f5980dfe3888,579,47,81,False
0.12,1.25,55c9f5980dfe3888,580,47,81,False
0.12,1.25,55c9f5980dfe3888,581,47,81,False
0.12,1.25,55c9f5980dfe3888,582,47,81,False
0.12,1.25,55c9f5980dfe3888,583,48,81,False
0.12,1.25,55c9f5980dfe3888,584,48,81,False
0.12,1.25,55c9f5980dfe3888,585,48,81,False
0.12,1.25,55c9f5980dfe3888,586,48,81,False
0.12,1.25,55c9f5980dfe3888,587,48,81,False
0.12,1.25,55c9f5980dfe3888,588,48,82,False
0.12,1.25,55c9f5980dfe3888,589,48,82,False
0.12,1.25,55c9f5980dfe3888,590,48,82,False
0.12,1.25,55c9f5980dfe3888,591,48,82,False
0.12,1.25,55c9f5980dfe3888,592,49,82,False
0.12,1.25,55c9f5980dfe3888,593,49,82,False
0.12,1.25,55c9f5980dfe3888,594,49,82,False
0.12,1.25,55c9f5980dfe3888,595,49,82,False
0.12,1.25,55c9f5980dfe3888,596,49,82,False
0.12,1.25,55c9f5980dfe3888,597,49,83,False
0.12,1.25,55c9f5980dfe3888,598,49,83,False
0.12,1.25,55c9f5980dfe3888,599,49,83,False
0.12,1.25,55c9f5980dfe3888,600,49,83,False
0.12,1.25,55c9f5980dfe3888,601,50,83,False
0.12,1.25,55c9f5980dfe3888,602,50,83,False
0.12,1.25,55c9f5980dfe3888,603,50,83,False
0.12,1.25,55c9f5980dfe3888,604,50,83,False
0.12,1.25,55c9f5980dfe3888,605,50,83,False
0.12,1.25,55c9f5980dfe3888,606,50,84,False
0.12,1.25,55c9f5980dfe3888,607,50,84,False
0.12,1.25,55c9f5980dfe3888,608,50,84,False
0.12,1.25,55c9f5980dfe3888,609,50,84,False
0.12,1.25,55c9f5980dfe3888,610,51,84,False
0.12,1.25,55c9f5980dfe3888,611,51,84,False
0.12,1.25,55c9f5980dfe3888,612,51,84,False
0.12,1.25,55c9f5980dfe3888,613,51,84,False
0.12,1.25,55c9f5980dfe3888,614,51,84,False
0.12,1.25,55c9f5980dfe3888,615,51,85,False
0.12,1.25,55c9f5980dfe3888,616,51,85,False
0.12,1.25,55c9f5980dfe3888,617,51,85,False
0.12,1.25,55c9f5980dfe3888,618,51,85,False
0.12,1.25,55c9f5980dfe3888,619,52,85,False
0.12,1.25,55c9f5980dfe3888,620,52,85,False
0.12,1.25,55c9f5980dfe3888,621,52,85,False
0.12,1.25,55c9f5980dfe3888,622,52,85,False
0.12,1.25,55c9f5980dfe3888,623,52,85,False
0.12,1.25,55c9f5980dfe3888,624,52,86,False
0.12,1.25,55c9f5980dfe3888,625,52,86,False
0.12,1.25,55c9f5980dfe3888,626,52,86,False
0.12,1.25,55c9f5980dfe3888,627,52,86,False
0.12,1.25,55c9f5980dfe3888,628,53,86,False
0.12,1.25,55c9f5980dfe3888,629,53,86,False
0.12,1.25,55c9f5980dfe3888,630,53,86,False
0.12,1.25,55c9f5980dfe3888,631,53,86,False
0.12,1.25,55c9f5980dfe3888,632,53,86,False
0.12,1.25,55c9f5980dfe3888,633,53,87,False
0.12,1.25,55c9f5980dfe3888,634,53,87,False
0.12,1.25,55c9f5980dfe3888,635,53,87,False
0.12,1.25,55c9f5980dfe3888,636,53,87,False
0.12,1.25,55c9f5980dfe3888,637,54,87,False
0.12,1.25,55c9f5980dfe3888,638,54,87,False
0.12,1.25,55c9f5980dfe3888,639,54,87,False
0.12,1.25,55c9f5980dfe3888,640,54,87,False
0.12,1.25,55c9f5980dfe3888,641,54,87,False
0.12,1.25,55c9f5980dfe3888,642,54,88,False
0.12,1.25,55c9f5980dfe3888,643,54,88,False
0.12,1.25,55c9f5980dfe3888,644,54,88,False
0.12,1.25,55c9f5980dfe3888,645,54,88,False
0.12,1.25,55c9f5980dfe3888,646,55,88,False
0.12,1.25,55c9f5980dfe3888,647,55,88,False
0.12,1.25,55c9f5980dfe3888,648,55,88,False
0.12,1.25,55c9f5980dfe3888,649,55,88,False
0.12,1.25,55c9f5980dfe3888,650,55,88,False
0.12,1.25,55c9f5980dfe3888,651,55,88,False
0.12,1.25,55c9f5980dfe3888,652,55,89,False
0.12,1.25,55c9f5980dfe3888,653,55,89,False
0.12,1.25,55c9f5980dfe3888,654,55,89,False
0.12,1.25,55c9f5980dfe3888,655,55,89,False
0.12,1.25,55c9f5980dfe3888,656,56,89,False
0.12,1.25,55c9f5980dfe3888,657,56,89,False
0.12,1.25,55c9f5980dfe3888,658,56,89,False
0.12,1.25,55c9f5980dfe3888,659,56,89,False
0.12,1.25,55c9f5980dfe3888,660,56,89,False
0.12,1.25,55c9f5980dfe3888,661,56,90,False
0.12,1.25,55c9f5980dfe3888,662,56,90,False
0.12,1.25,55c9f5980dfe3888,663,56,90,False
0.12,1.25,55c9f5980dfe3888,664,56,90,False
0.12,1.25,55c9f5980dfe3888,665,57,90,False
0.12,1.25,55c9f5980dfe3888,666,57,90,False
0.12,1.25,55c9f5980dfe3888,667,57,90,False
0.12,1.25,55c9f5980dfe3888,668,57,90,False
0.12,1.25,55c9f5980dfe3888,669,57,90,False
0.12,1.25,55c9f5980dfe3888,670,57,91,False
0.12,1.25,55c9f5980dfe3888,671,57,91,False
0.12,1.25,55c9f5980dfe3888,672,57,91,False
0.12,1.25,55c9f5980dfe3888,673,57,91,False
0.12,1.25,55c9f5980dfe3888,674,58,91,False
0.12,1.25,55c9f5980dfe3888,675,58,91,False
0.12,1.25,55c9f5980dfe3888,676,58,91,False
0.12,1.25,55c9f5980dfe3888,677,58,91,False
0.12,1.25,55c9f5980dfe3888,678,58,91,False
0.12,1.25,55c9f5980dfe3888,679,58,92,False
0.12,1.25,55c9f5980dfe3888,680,58,92,False
0.12,1.25,55c9f5980dfe3888,681,58,92,False
0.12,1.25,55c9f5980dfe3888,682,58,92,False
0.12,1.25,55c9f5980dfe3888,683,59,92,False
0.12,1.25,55c9f5980dfe3888,684,59,92,False
0.12,1.25,55c9f5980dfe3888,685,59,92,False
0.12,1.25,55c9f5980dfe3888,686,59,92,False
0.12,1.25,55c9f5980dfe3888,687,59,92,False
0.12,1.25,55c9f5980dfe3888,688,59,93,False
0.12,1.25,55c9f5980dfe3888,689,59,93,False
0.12,1.25,55c9f5980dfe3888,690,59,93,False
0.12,1.25,55c9f5980dfe3888,691,59,93,False
0.12,1.25,55c9f5980dfe3888,692,60,93,False
0.12,1.25,55c9f5980dfe3888,693,60,93,False
0.12,1.25,55c9f5980dfe3888,694,60,93,False
0.12,1.25,55c9f5980dfe3888,695,60,93,False
0.12,1.25,55c9f5980dfe3888,696,60,93,False
0.12,1.25,55c9f5980dfe3888,697,60,94,False
0.12,1.25,55c9f5980dfe3888,698,60,94,False
0.12,1.25,55c9f5980dfe3888,699,60,94,False
0.12,1.25,55c9f5980dfe3888,700,60,94,False
0.12,1.25,55c9f5980dfe3888,701,61,94,False
0.12,1.25,55c9f5980dfe3888,702,61,94,False
0.12,1.25,55c9f5980dfe3888,703,61,94,False
0.12,1.25,55c9f5980dfe3888,704,61,94,False
0.12,1.25,55c9f5980dfe3888,705,61,94,False
0.12,1.25,55c9f5980dfe3888,706,61,95,False
0.12,1.25,55c9f5980dfe3888,707,61,95,False
0.12,1.25,55c9f5980dfe3888,708,61,95,False
0.12,1.25,55c9f5980dfe3888,709,61,95,False
0.12,1.25,55c9f5980dfe3888,710,62,95,False
0.12,1.25,55c9f5980dfe3888,711,62,95,False
0.12,1.25,55c9f5980dfe3888,712,62,95,False
0.12,1.25,55c9f5980dfe3888,713,62,95,False
0.12,1.25,55c9f5980dfe3888,714,62,95,False
0.12,1.25,55c9f5980dfe3888,715,62,96,False
0.12,1.25,55c9f5980dfe3888,716,62,96,False
0.12,1.25,55c9f5980dfe3888,717,62,96,False
0.12,1.25,55c9f5980dfe3888,718,62,96,False
0.12,1.25,55c9f5980dfe3888,719,63,96,False
0.12,1.25,55c9f5980dfe3888,720,63,96,False
0.12,1.25,55c9f5980dfe3888,721,63,96,False
0.12,1.25,55c9f5980dfe3888,722,63,96,False
0.12,1.25,55c9f5980dfe3888,723,63,96,False
0.12,1.25,55c9f5980dfe3888,724,63,97,False
0.12,1.25,55c9f5980dfe3888,725,63,97,False
0.12,1.25,55c9f5980dfe3888,726,63,97,False
0.12,1.25,55c9f5980dfe3888,727,63,97,False
0.12,1.25,55c9f5980dfe3888,728,64,97,False
0.12,1.25,55c9f5980dfe3888,729,64,97,False
0.12,1.25,55c9f5980dfe3888,730,64,97,False
0.12,1.25,55c9f5980dfe3888,731,64,97,False
0.12,1.25,55c9f5980dfe3888,732,64,97,False
0.12,1.25,55c9f5980dfe3888,733,64,97,False
0.12,1.25,55c9f5980dfe3888,734,64,98,False
0.12,1.25,55c9f5980dfe3888,735,64,98,False
0.12,1.25,55c9f5980dfe3888,736,64,98,False
0.12,1.25,55c9f5980dfe3888,737,64,98,False
0.12,1.25,55c9f5980dfe3888,738,65,98,False
0.12,1.25,55c9f5980dfe3888,739,65,98,False
0.12,1.25,55c9f5980dfe3888,740,65,98,False
0.12,1.25,55c9f5980dfe3888,741,65,98,False
0.12,1.25,55c9f5980dfe3888,742,65,98,False
0.12,1.25,55c9f5980dfe3888,743,65,99,False
0.12,1.25,55c9f5980dfe3888,744,65,99,False
0.12,1.25,55c9f5980dfe3888,745,65,99,False
0.12,1.25,55c9f5980dfe3888,746,65,99,False
0.12,1.25,55c9f5980dfe3888,747,66,99,False
0.12,1.25,55c9f5980dfe3888,748,66,99,False
0.12,1.25,55c9f5980dfe3888,749,66,99,False
0.12,1.25,55c9f5980dfe3888,750,66,99,False
0.12,1.25,55c9f5980dfe3888,751,66,99,False
0.12,1.25,55c9f5980dfe3888,752,66,100,False
0.12,1.25,55c9f5980dfe3888,753,66,100,False
0.12,1.25,55c9f5980dfe3888,754,66,100,False
0.12,1.25,55c9f5980dfe3888,755,66,100,False
0.12,1.25,55c9f5980dfe3888,756,67,100,False
0.12,1.25,55c9f5980dfe3888,757,67,100,False
0.12,1.25,55c9f5980dfe3888,758,67,100,False
0.12,1.25,55c9f5980dfe3888,759,67,100,False
0.12,1.25,55c9f5980dfe3888,760,67,100,False
0.12,1.25,55c9f5980dfe3888,761,67,101,False
0.12,1.25,55c9f5980dfe3888,762,67,101,False
0.12,1.25,55c9f5980dfe3888,763,67,101,False
0.12,1.25,55c9f5980dfe3888,764,67,101,False
0.12,1.25,55c9f5980dfe3888,765,68,101,False
0.12,1.25,55c9f5980dfe3888,766,68,101,False
0.12,1.25,55c9f5980dfe3888,767,68,101,False
0.12,1.25,55c9f5980dfe3888,768,68,101,False
0.12,1.25,55c9f5980dfe3888,769,68,101,False
0.12,1.25,55c9f5980dfe3888,770,68,102,False
0.12,1.25,55c9f5980dfe3888,771,68,102,False
0.12,1.25,55c9f5980dfe3888,772,68,102,False
0.12,1.25,55c9f5980dfe3888,773,68,102,False
0.12,1.25,55c9f5980dfe3888,774,69,102,False
0.12,1.25,55c9f5980dfe3888,775,69,102,False
0.12,1.25,55c9f5980dfe3888,776,69,102,False
0.12,1.25,55c9f5980dfe3888,777,69,102,False
0.12,1.25,55c9f5980dfe3888,778,69,102,False
0.12,1.25,55c9f5980dfe3888,779,69,103,False
0.12,1.25,55c9f5980dfe3888,780,69,103,False
0.12,1.25,55c9f5980dfe3888,781,69,103,False
0.12,1.25,55c9f5980dfe3888,782,69,103,False
0.12,1.25,55c9f5980dfe3888,783,70,103,False
0.12,1.25,55c9f5980dfe3888,784,70,103,False
0.12,1.25,55c9f5980dfe3888,785,70,103,False
0.12,1.25,55c9f5980dfe3888,786,70,103,False
0.12,1.25,55c9f5980dfe3888,787,70,103,False
0.12,1.25,55c9f5980dfe3888,788,70,104,False
0.12,1.25,55c9f5980dfe3888,789,70,104,False
0.12,1.25,55c9f5980dfe3888,790,70,104,False
0.12,1.25,55c9f5980dfe3888,791,70,104,False
0.12,1.25,55c9f5980dfe3888,792,71,104,False
0.12,1.25,55c9f5980dfe3888,793,71,104,False
0.12,1.25,55c9f5980dfe3888,794,71,104,False
0.12,1.25,55c9f5980dfe3888,795,71,104,False
0.12,1.25,55c9f5980dfe3888,796,71,104,False
0.12,1.25,55c9f5980dfe3888,797,71,105,False
0.12,1.25,55c9f5980dfe3888,798,71,105,False
0.12,1.25,55c9f5980dfe3888,799,71,105,False
0.12,1.25,55c9f5980dfe3888,800,71,105,False
0.12,1.25,55c9f5980dfe3888,801,72,105,False
0.12,1.25,55c9f5980dfe3888,802,72,105,False
0.12,1.25,55c9f5980dfe3888,803,72,105,False
0.12,1.25,55c9f5980dfe3888,804,72,105,False
0.12,1.25,55c9f5980dfe3888,805,72,105,False
0.12,1.25,55c9f5980dfe3888,806,72,106,False
0.12,1.25,55c9f5980dfe3888,807,72,106,False
0.12,1.25,55c9f5980dfe3888,808,72,106,False
0.12,1.25,55c9f5980dfe3888,809,72,106,False
0.12,1.25,55c9f5980dfe3888,810,73,106,False
0.12,1.25,55c9f5980dfe3888,811,73,106,False
0.12,1.25,55c9f5980dfe3888,812,73,106,False
0.12,1.25,55c9f5980dfe3888,813,73,106,False
0.12,1.25,55c9f5980dfe3888,814,73,106,False
0.12,1.25,55c9f5980dfe3888,815,73,106,False
0.12,1.25,55c9f5980dfe3888,816,73,107,False
0.12,1.25,55c9f5980dfe3888,817,73,107,False
0.12,1.25,55c9f5980dfe3888,818,73,107,False
0.12,1.25,55c9f5980dfe3888,819,73,107,False
0.12,1.25,55c9f5980dfe3888,820,74,107,False
0.12,1.25,55c9f5980dfe3888,821,74,107,False
0.12,1.25,55c9f5980dfe3888,822,74,107,False
0.12,1.25,55c9f5980dfe3888,823,74,107,False
0.12,1.25,55c9f5980dfe3888,824,74,107,False
0.12,1.25,55c9f5980dfe3888,825,74,108,False
0.12,1.25,55c9f5980dfe3888,826,74,108,False
0.12,1.25,55c9f5980dfe3888,827,74,108,False
0.12,1.25,55c9f5980dfe3888,828,74,108,False
0.12,1.25,55c9f5980dfe3888,829,75,108,False
0.12,1.25,55c9f5980dfe3888,830,75,108,False
0.12,1.25,55c9f5980dfe3888,831,75,108,False
0.12,1.25,55c9f5980dfe3888,832,75,108,False
0.12,1.25,55c9f5980dfe3888,833,75,108,False
0.12,1.25,55c9f5980dfe3888,834,75,109,False
0.12,1.25,55c9f5980dfe3888,835,75,109,False
0.12,1.25,55c9f5980dfe3888,836,75,109,False
0.12,1.25,55c9f5980dfe3888,837,75,109,False
0.12,1.25,55c9f5980dfe3888,838,76,109,False
0.12,1.25,55c9f5980dfe3888,839,76,109,False
0.12,1.25,55c9f5980dfe3888,840,76,109,False
0.12,1.25,55c9f5980dfe3888,841,76,109,False
0.12,1.25,55c9f5980dfe3888,842,76,109,False
0.12,1.25,55c9f5980dfe3888,843,76,110,False
0.12,1.25,55c9f5980dfe3888,844,76,110,False
0.12,1.25,55c9f5980dfe3888,845,76,110,False
0.12,1.25,55c9f5980dfe3888,846,76,110,False
0.12,1.25,55c9f5980dfe3888,847,77,110,False
0.12,1.25,55c9f5980dfe3888,848,77,110,False
0.12,1.25,55c9f5980dfe3888,849,77,110,False
0.12,1.25,55c9f5980dfe3888,850,77,110,False
0.12,1.25,55c9f5980dfe3888,851,77,110,False
0.12,1.25,55c9f5980dfe3888,852,77,111,False
0.12,1.25,55c9f5980dfe3888,853,77,111,False
0.12,1.25,55c9f5980dfe3888,854,77,111,False
0.12,1.25,55c9f5980dfe3888,855,77,111,False
0.12,1.25,55c9f5980dfe3888,856,78,111,False
0.12,1.25,55c9f5980dfe3888,857,78,111,False
0.12,1.25,55c9f5980dfe3888,858,78,111,False
0.12,1.25,55c9f5980dfe3888,859,78,111,False
0.12,1.25,55c9f5980dfe3888,860,78,111,False
0.12,1.25,55c9f5980dfe3888,861,78,112,False
0.12,1.25,55c9f5980dfe3888,862,78,112,False
0.12,1.25,55c9f5980dfe3888,863,78,112,False
0.12,1.25,55c9f5980dfe3888,864,78,112,False
0.12,1.25,55c9f5980dfe3888,865,79,112,False
0.12,1.25,55c9f5980dfe3888,866,79,112,False
0.12,1.25,55c9f5980dfe3888,867,79,112,False
0.12,1.25,55c9f5980dfe3888,868,79,112,False
0.12,1.25,55c9f5980dfe3888,869,79,112,False
0.12,1.25,55c9f5980dfe3888,870,79,113,False
0.12,1.25,55c9f5980dfe3888,871,79,113,False
0.12,1.25,55c9f5980dfe3888,872,79,113,False
0.12,1.25,55c9f5980dfe3888,873,79,113,False
0.12,1.25,55c9f5980dfe3888,874,80,113,False
0.12,1.25,55c9f5980dfe3888,875,80,113,False
0.12,1.25,55c9f5980dfe3888,876,80,113,False
0.12,1.25,55c9f5980dfe3888,877,80,113,False
0.12,1.25,55c9f5980dfe3888,878,80,113,False
0.12,1.25,55c9f5980dfe3888,879,80,114,False
0.12,1.25,55c9f5980dfe3888,880,80,114,False
0.12,1.25,55c9f5980dfe3888,881,80,114,False
0.12,1.25,55c9f5980dfe3888,882,80,114,False
0.12,1.25,55c9f5980dfe3888,883,81,114,False
0.12,1.25,55c9f5980dfe3888,884,81,114,False
0.12,1.25,55c9f5980dfe3888,885,81,114,False
0.12,1.25,55c9f5980dfe3888,886,81,114,False
0.12,1.25,55c9f5980dfe3888,887,81,114,False
0.12,1.25,55c9f5980dfe3888,888,81,114,False
0.12,1.25,55c9f5980dfe3888,889,81,115,False
0.12,1.25,55c9f5980dfe3888,890,81,115,False
0.12,1.25,55c9f5980dfe3888,891,81,115,False
0.12,1.25,55c9f5980dfe3888,892,82,115,False
0.12,1.25,55c9f5980dfe3888,893,82,115,False
0.12,1.25,55c9f5980dfe3888,894,82,115,False
0.12,1.25,55c9f5980dfe3888,895,82,115,False
0.12,1.25,55c9f5980dfe3888,896,82,115,False
0.12,1.25,55c9f5980dfe3888,897,82,115,False
0.12,1.25,55c9f5980dfe3888,898,82,116,False
0.12,1.25,55c9f5980dfe3888,899,82,116,False
0.12,1.25,55c9f5980dfe3888,900,82,116,False
0.12,1.25,55c9f5980dfe3888,901,82,116,False
0.12,1.25,55c9f5980dfe3888,902,83,116,False
0.12,1.25,55c9f5980dfe3888,903,83,116,False
0.12,1.25,55c9f5980dfe3888,904,83,116,False
0.12,1.25,55c9f5980dfe3888,905,83,116,False
0.12,1.25,55c9f5980dfe3888,906,83,116,False
0.12,1.25,55c9f5980dfe3888,907,83,117,False
0.12,1.25,55c9f5980dfe3888,908,83,117,False
0.12,1.25,55c9f5980dfe3888,909,83,117,False
0.12,1.25,55c9f5980dfe3888,910,83,117,False
0.12,1.25,55c9f5980dfe3888,911,84,117,False
0.12,1.25,55c9f5980dfe3888,912,84,117,False
0.12,1.25,55c9f5980dfe3888,913,84,117,False
0.12,1.25,55c9f5980dfe3888,914,84,117,False
0.12,1.25,55c9f5980dfe3888,915,84,117,False
0.12,1.25,55c9f5980dfe3888,916,84,118,False
0.12,1.25,55c9f5980dfe3888,917,84,118,False
0.12,1.25,55c9f5980dfe3888,918,84,118,False
0.12,1.25,55c9f5980dfe3888,919,84,118,False
0.12,1.25,55c9f5980dfe3888,920,85,118,False
0.12,1.25,55c9f5980dfe3888,921,85,118,False
0.12,1.25,55c9f5980dfe3888,922,85,118,False
0.12,1.25,55c9f5980dfe3888,923,85,118,False
0.12,1.25,55c9f5980dfe3888,924,85,118,False
0.12,1.25,55c9f5980dfe3888,925,85,119,False
0.12,1.25,55c9f5980dfe3888,926,85,119,False
0.12,1.25,55c9f5980dfe3888,927,85,119,False
0.12,1.25,55c9f5980dfe3888,928,85,119,False
0.12,1.25,55c9f5980dfe3888,929,86,119,False
0.12,1.25,55c9f5980dfe3888,930,86,119,False
0.12,1.25,55c9f5980dfe3888,931,86,119,False
0.12,1.25,55c9f5980dfe3888,932,86,119,False
0.12,1.25,55c9f5980dfe3888,933,86,119,False
0.12,1.25,55c9f5980dfe3888,934,86,120,False
0.12,1.25,55c9f5980dfe3888,935,86,120,False
0.12,1.25,55c9f5980dfe3888,936,86,120,False
0.12,1.25,55c9f5980dfe3888,937,86,120,False
0.12,1.25,55c9f5980dfe3888,938,87,120,False
0.12,1.25,55c9f5980dfe3888,939,87,120,False
0.12,1.25,55c9f5980dfe3888,940,87,120,False
0.12,1.25,55c9f5980dfe3888,941,87,120,False
0.12,1.25,55c9f5980dfe3888,942,87,120,False
0.12,1.25,55c9f5980dfe3888,943,87,121,False
0.12,1.25,55c9f5980dfe3888,944,87,121,False
0.12,1.25,55c9f5980dfe3888,945,87,121,False
0.12,1.25,55c9f5980dfe3888,946,87,121,False
0.12,1.25,55c9f5980dfe3888,947,88,121,False
0.12,1.25,55c9f5980dfe3888,948,88,121,False
0.12,1.25,55c9f5980dfe3888,949,88,121,False
0.12,1.25,55c9f5980dfe3888,950,88,121,False
0.12,1.25,55c9f5980dfe3888,951,88,121,False
0.12,1.25,55c9f5980dfe3888,952,88,122,False
0.12,1.25,55c9f5980dfe3888,953,88,122,False
0.12,1.25,55c9f5980dfe3888,954,88,122,False
0.12,1.25,55c9f5980dfe3888,955,88,122,False
0.12,1.25,55c9f5980dfe3888,956,89,122,False
0.12,1.25,55c9f5980dfe3888,957,89,122,False
0.12,1.25,55c9f5980dfe3888,958,89,122,False
0.12,1.25,55c9f5980dfe3888,959,89,122,False
0.12,1.25,55c9f5980dfe3888,960,89,122,False
0.12,1.25,55c9f5980dfe3888,961,89,123,False
0.12,1.25,55c9f5980dfe3888,962,89,123,False
0.12,1.25,55c9f5980dfe3888,963,89,123,False
0.12,1.25,55c9f5980dfe3888,964,89,123,False
0.12,1.25,55c9f5980dfe3888,965,90,123,False
0.12,1.25,55c9f5980dfe3888,966,90,123,False
0.12,1.25,55c9f5980dfe3888,967,90,123,False
0.12,1.25,55c9f5980dfe3888,968,90,123,False
0.12,1.25,55c9f5980dfe3888,969,90,123,False
0.12,1.25,55c9f5980dfe3888,970,90,123,False
0.12,1.25,55c9f5980dfe3888,971,90,124,False
0.12,1.25,55c9f5980dfe3888,972,90,124,False
0.12,1.25,55c9f5980dfe3888,973,90,124,False
0.12,1.25,55c9f5980dfe3888,974,91,124,False
0.12,1.25,55c9f5980dfe3888,975,91,124,False
0.12,1.25,55c9f5980dfe3888,976,91,124,False
0.12,1.25,55c9f5980dfe3888,977,91,124,False
0.12,1.25,55c9f5980dfe3888,978,91,124,False
0.12,1.25,55c9f5980dfe3888,979,91,124,False
0.12,1.25,55c9f5980dfe3888,980,91,125,False
0.12,1.25,55c9f5980dfe3888,981,91,125,False
0.12,1.25,55c9f5980dfe3888,982,91,125,False
0.12,1.25,55c9f5980dfe3888,983,91,125,False
0.12,1.25,55c9f5980dfe3888,984,92,125,False
0.12,1.25,55c9f5980dfe3888,985,92,125,False
0.12,1.25,55c9f5980dfe3888,986,92,125,False
0.12,1.25,55c9f5980dfe3888,987,92,125,False
0.12,1.25,55c9f5980dfe3888,988,92,125,False
0.12,1.25,55c9f5980dfe3888,989,92,126,False
0.12,1.25,55c9f5980dfe3888,990,92,126,False
0.12,1.25,55c9f5980dfe3888,991,92,126,False
0.12,1.25,55c9f5980dfe3888,992,92,126,False
0.12,1.25,55c9f5980dfe3888,993,93,126,False
0.12,1.25,55c9f5980dfe3888,994,93,126,False
0.12,1.25,55c9f5980dfe3888,995,93,126,False
0.12,1.25,55c9f5980dfe3888,996,93,126,False
0.12,1.25,55c9f5980dfe3888,997,93,126,False
0.12,1.25,55c9f5980dfe3888,998,93,127,False
0.12,1.25,55c9f5980dfe3888,999,93,127,False
0.12,1.25,55c9f5980dfe3888,1000,93,127,False
0.12,1.25,55c9f5980dfe3888,1001,93,127,False
0.12,1.25,55c9f5980dfe3888,1002,94,127,False
0.12,1.25,55c9f5980dfe3888,1003,94,127,False
0.12,1.25,55c9f5980dfe3888,1004,94,127,False
0.12,1.25,55c9f5980dfe3888,1005,94,127,False
0.12,1.25,55c9f5980dfe3888,1006,94,127,False
0.12,1.25,55c9f5980dfe3888,1007,94,128,False
0.12,1.25,55c9f5980dfe3888,1008,94,128,False
0.12,1.25,55c9f5980dfe3888,1009,94,128,False
0.12,1.25,55c9f5980dfe3888,1010,94,128,False
0.12,1.25,55c9f5980dfe3888,1011,95,128,False
0.12,1.25,55c9f5980dfe3888,1012,95,128,False
0.12,1.25,55c9f5980dfe3888,1013,95,128,False
0.12,1.25,55c9f5980dfe3888,1014,95,128,False
0.12,1.25,55c9f5980dfe3888,1015,95,128,False
0.12,1.25,55c9f5980dfe3888,1016,95,129,False
0.12,1.25,55c9f5980dfe3888,1017,95,129,False
0.12,1.25,55c9f5980dfe3888,1018,95,129,False
0.12,1.25,55c9f5980dfe3888,1019,95,129,False
0.12,1.25,55c9f5980dfe3888,1020,96,129,False
0.12,1.25,55c9f5980dfe3888,1021,96,129,False
0.12,1.25,55c9f5980dfe3888,1022,96,129,False
0.12,1.25,55c9f5980dfe3888,1023,96,129,False
0.12,1.25,55c9f5980dfe3888,1024,96,129,False
0.12,1.25,55c9f5980dfe3888,1025,96,130,False
0.12,1.25,55c9f5980dfe3888,1026,96,130,False
0.12,1.25,55c9f5980dfe3888,1027,96,130,False
0.12,1.25,55c9f5980dfe3888,1028,96,130,False
0.12,1.25,55c9f5980dfe3888,1029,97,130,False
0.12,1.25,55c9f5980dfe3888,1030,97,130,False
0.12,1.25,55c9f5980dfe3888,1031,97,130,False
0.12,1.25,55c9f5980dfe3888,1032,97,130,False
0.12,1.25,55c9f5980dfe3888,1033,97,130,False
0.12,1.25,55c9f5980dfe3888,1034,97,131,False
0.12,1.25,55c9f5980dfe3888,1035,97,131,False
0.12,1.25,55c9f5980dfe3888,1036,97,131,False
0.12,1.25,55c9f5980dfe3888,1037,97,131,False
0.12,1.25,55c9f5980dfe3888,1038,98,131,False
0.12,1.25,55c9f5980dfe3888,1039,98,131,False
0.12,1.25,55c9f5980dfe3888,1040,98,131,False
0.12,1.25,55c9f5980dfe3888,1041,98,131,False
0.12,1.25,55c9f5980dfe3888,1042,98,131,False
0.12,1.25,55c9f5980dfe3888,1043,98,132,False
0.12,1.25,55c9f5980dfe3888,1044,98,132,False
0.12,1.25,55c9f5980dfe3888,1045,98,132,False
0.12,1.25,55c9f5980dfe3888,1046,98,132,False
0.12,1.25,55c9f5980dfe3888,1047,99,132,False
0.12,1.25,55c9f5980dfe3888,1048,99,132,False
0.12,1.25,55c9f5980dfe3888,1049,99,132,False
0.12,1.25,55c9f5980dfe3888,1050,99,132,False
0.12,1.25,55c9f5980dfe3888,1051,99,132,False
0.12,1.25,55c9f5980dfe3888,1052,99,132,False
0.12,1.25,55c9f5980dfe3888,1053,99,133,False
0.12,1.25,55c9f5980dfe3888,1054,99,133,False
0.12,1.25,55c9f5980dfe3888,1055,99,133,False
0.12,1.25,55c9f5980dfe3888,1056,100,133,False
0.12,1.25,55c9f5980dfe3888,1057,100,133,False
0.12,1.25,55c9f5980dfe3888,1058,100,133,False
0.12,1.25,55c9f5980dfe3888,1059,100,133,False
0.12,1.25,55c9f5980dfe3888,1060,100,133,False
0.12,1.25,55c9f5980dfe3888,1061,100,133,False
0.12,1.25,55c9f5980dfe3888,1062,100,134,False
0.12,1.25,55c9f5980dfe3888,1063,100,134,False
0.12,1.25,55c9f5980dfe3888,1064,100,134,False
0.12,1.25,55c9f5980dfe3888,1065,100,134,False
0.12,1.25,55c9f5980dfe3888,1066,101,134,False
0.12,1.25,55c9f5980dfe3888,1067,101,134,False
0.12,1.25,55c9f5980dfe3888,1068,101,134,False
0.12,1.25,55c9f5980dfe3888,1069,101,134,False
0.12,1.25,55c9f5980dfe3888,1070,101,134,False
0.12,1.25,55c9f5980dfe3888,1071,101,135,False
0.12,1.25,55c9f5980dfe3888,1072,101,135,False
0.12,1.25,55c9f5980dfe3888,1073,101,135,False
0.12,1.25,55c9f5980dfe3888,1074,101,135,False
0.12,1.25,55c9f5980dfe3888,1075,102,135,False
0.12,1.25,55c9f5980dfe3888,1076,102,135,False
0.12,1.25,55c9f5980dfe3888,1077,102,135,False
0.12,1.25,55c9f5980dfe3888,1078,102,135,False
0.12,1.25,55c9f5980dfe3888,1079,102,135,False
0.12,1.25,55c9f5980dfe3888,1080,102,136,False
0.12,1.25,55c9f5980dfe3888,1081,102,136,False
0.12,1.25,55c9f5980dfe3888,1082,102,136,False
0.12,1.25,55c9f5980dfe3888,1083,102,136,False
0.12,1.25,55c9f5980dfe3888,1084,103,136,False
0.12,1.25,55c9f5980dfe3888,1085,103,136,False
0.12,1.25,55c9f5980dfe3888,1086,103,136,False
0.12,1.25,55c9f5980dfe3888,1087,103,136,False
0.12,1.25,55c9f5980dfe3888,1088,103,136,False
0.12,1.25,55c9f5980dfe3888,1089,103,137,False
0.12,1.25,55c9f5980dfe3888,1090,103,137,False
0.12,1.25,55c9f5980dfe3888,1091,103,137,False
0.12,1.25,55c9f5980dfe3888,1092,103,137,False
0.12,1.25,55c9f5980dfe3888,1093,104,137,False
0.12,1.25,55c9f5980dfe3888,1094,104,137,False
0.12,1.25,55c9f5980dfe3888,1095,104,137,False
0.12,1.25,55c9f5980dfe3888,1096,104,137,False
0.12,1.25,55c9f5980dfe3888,1097,104,137,False
0.12,1.25,55c9f5980dfe3888,1098,104,138,False
0.12,1.25,55c9f5980dfe3888,1099,104,138,False
0.12,1.25,55c9f5980dfe3888,1100,104,138,False
0.12,1.25,55c9f5980dfe3888,1101,104,138,False
0.12,1.25,55c9f5980dfe3888,1102,105,138,False
0.12,1.25,55c9f5980dfe3888,1103,105,138,False
0.12,1.25,55c9f5980dfe3888,1104,105,138,False
0.12,1.25,55c9f5980dfe3888,1105,105,138,False
0.12,1.25,55c9f5980dfe3888,1106,105,138,False
0.12,1.25,55c9f5980dfe3888,1107,105,139,False
0.12,1.25,55c9f5980dfe3888,1108,105,139,False
0.12,1.25,55c9f5980dfe3888,1109,105,139,False
0.12,1.25,55c9f5980dfe3888,1110,105,139,False
0.12,1.25,55c9f5980dfe3888,1111,106,139,False
0.12,1.25,55c9f5980dfe3888,1112,106,139,False
0.12,1.25,55c9f5980dfe3888,1113,106,139,False
0.12,1.25,55c9f5980dfe3888,1114,106,139,False
0.12,1.25,55c9f5980dfe3888,1115,106,139,False
0.12,1.25,55c9f5980dfe3888,1116,106,140,False
0.12,1.25,55c9f5980dfe3888,1117,106,140,False
0.12,1.25,55c9f5980dfe3888,1118,106,140,False
0.12,1.25,55c9f5980dfe3888,1119,106,140,False
0.12,1.25,55c9f5980dfe3888,1120,107,140,False
0.12,1.25,55c9f5980dfe3888,1121,107,140,False
0.12,1.25,55c9f5980dfe3888,1122,107,140,False
0.12,1.25,55c9f5980dfe3888,1123,107,140,False
0.12,1.25,55c9f5980dfe3888,1124,107,140,False
0.12,1.25,55c9f5980dfe3888,1125,107,141,False
0.12,1.25,55c9f5980dfe3888,1126,107,141,False
0.12,1.25,55c9f5980dfe3888,1127,107,141,False
0.12,1.25,55c9f5980dfe3888,1128,107,141,False
0.12,1.25,55c9f5980dfe3888,1129,108,141,False
0.12,1.25,55c9f5980dfe3888,1130,108,141,False
0.12,1.25,55c9f5980dfe3888,1131,108,141,False
0.12,1.25,55c9f5980dfe3888,1132,108,141,False
0.12,1.25,55c9f5980dfe3888,1133,108,141,False
0.12,1.25,55c9f5980dfe3888,1134,108,141,False
0.12,1.25,55c9f5980dfe3888,1135,108,142,False
0.12,1.25,55c9f5980dfe3888,1136,108,142,False
0.12,1.25,55c9f5980dfe3888,1137,108,142,False
0.12,1.25,55c9f5980dfe3888,1138,109,142,False
0.12,1.25,55c9f5980dfe3888,1139,109,142,False
0.12,1.25,55c9f5980dfe3888,1140,109,142,False
0.12,1.25,55c9f5980dfe3888,1141,109,142,False
0.12,1.25,55c9f5980dfe3888,1142,109,142,False
0.12,1.25,55c9f5980dfe3888,1143,109,142,False
0.12,1.25,55c9f5980dfe3888,1144,109,143,False
0.12,1.25,55c9f5980dfe3888,1145,109,143,False
0.12,1.25,55c9f5980dfe3888,1146,109,143,False
0.12,1.25,55c9f5980dfe3888,1147,109,143,False
0.12,1.25,55c9f5980dfe3888,1148,110,143,False
0.12,1.25,55c9f5980dfe3888,1149,110,143,False
0.12,1.25,55c9f5980dfe3888,1150,110,143,False
0.12,1.25,55c9f5980dfe3888,1151,110,143,False
0.12,1.25,55c9f5980dfe3888,1152,110,143,False
0.12,1.25,55c9f5980dfe3888,1153,110,144,False
0.12,1.25,55c9f5980dfe3888,1154,110,144,False
0.12,1.25,55c9f5980dfe3888,1155,110,144,False
0.12,1.25,55c9f5980dfe3888,1156,110,144,False
0.12,1.25,55c9f5980dfe3888,1157,111,144,False
0.12,1.25,55c9f5980dfe3888,1158,111,144,False
0.12,1.25,55c9f5980dfe3888,1159,111,144,False
0.12,1.25,55c9f5980dfe3888,1160,111,144,False
0.12,1.25,55c9f5980dfe3888,1161,111,144,False
0.12,1.25,55c9f5980dfe3888,1162,111,145,False
0.12,1.25,55c9f5980dfe3888,1163,111,145,False
0.12,1.25,55c9f5980dfe3888,1164,111,145,False
0.12,1.25,55c9f5980dfe3888,1165,111,145,False
0.12,1.25,55c9f5980dfe3888,1166,112,145,False
0.12,1.25,55c9f5980dfe3888,1167,112,145,False
0.12,1.25,55c9f5980dfe3888,1168,112,145,False
0.12,1.25,55c9f5980dfe3888,1169,112,145,False
0.12,1.25,55c9f5980dfe3888,1170,112,145,False
0.12,1.25,55c9f5980dfe3888,1171,112,146,False
0.12,1.25,55c9f5980dfe3888,1172,112,146,False
0.12,1.25,55c9f5980dfe3888,1173,112,146,False
0.12,1.25,55c9f5980dfe3888,1174,112,146,False
0.12,1.25,55c9f5980dfe3888,1175,113,146,False
0.12,1.25,55c9f5980dfe3888,1176,113,146,False
0.12,1.25,55c9f5980dfe3888,1177,113,146,False
0.12,1.25,55c9f5980dfe3888,1178,113,146,False
0.12,1.25,55c9f5980dfe3888,1179,113,146,False
0.12,1.25,55c9f5980dfe3888,1180,113,147,False
0.12,1.25,55c9f5980dfe3888,1181,113,147,False
0.12,1.25,55c9f5980dfe3888,1182,113,147,False
0.12,1.25,55c9f5980dfe3888,1183,113,147,False
0.12,1.25,55c9f5980dfe3888,1184,114,147,False
0.12,1.25,55c9f5980dfe3888,1185,114,147,False
0.12,1.25,55c9f5980dfe3888,1186,114,147,False
0.12,1.25,55c9f5980dfe3888,1187,114,147,False
0.12,1.25,55c9f5980dfe3888,1188,114,147,False
0.12,1.25,55c9f5980dfe3888,1189,114,148,False
0.12,1.25,55c9f5980dfe3888,1190,114,148,False
0.12,1.25,55c9f5980dfe3888,1191,114,148,False
0.12,1.25,55c9f5980dfe3888,1192,114,148,False
0.12,1.25,55c9f5980dfe3888,1193,115,148,False
0.12,1.25,55c9f5980dfe3888,1194,115,148,False
0.12,1.25,55c9f5980dfe3888,1195,115,148,False
0.12,1.25,55c9f5980dfe3888,1196,115,148,False
0.12,1.25,55c9f5980dfe3888,1197,115,148,False
0.12,1.25,55c9f5980dfe3888,1198,115,149,False
0.12,1.25,55c9f5980dfe3888,1199,115,149,False
0.12,1.25,55c9f5980dfe3888,1200,115,149,False
0.12,1.25,55c9f5980dfe3888,1201,115,149,False
0.12,1.25,55c9f5980dfe3888,1202,116,149,False
0.12,1.25,55c9f5980dfe3888,1203,116,149,False
0.12,1.25,55c9f5980dfe3888,1204,116,149,False
0.12,1.25,55c9f5980dfe3888,1205,116,149,False
0.12,1.25,55c9f5980dfe3888,1206,116,149,False
0.12,1.25,55c9f5980dfe3888,1207,116,150,False
0.12,1.25,55c9f5980dfe3888,1208,116,150,False
0.12,1.25,55c9f5980dfe3888,1209,116,150,False
0.12,1.25,55c9f5980dfe3888,1210,116,150,False
0.12,1.25,55c9f5980dfe3888,1211,117,150,False
0.12,1.25,55c9f5980dfe3888,1212,117,150,False
0.12,1.25,55c9f5980dfe3888,1213,117,150,False
0.12,1.25,55c9f5980dfe3888,1214,117,150,False
0.12,1.25,55c9f5980dfe3888,1215,117,150,False
0.12,1.25,55c9f5980dfe3888,1216,117,150,False
0.12,1.25,55c9f5980dfe3888,1217,117,151,False
0.12,1.25,55c9f5980dfe3888,1218,117,151,False
0.12,1.25,55c9f5980dfe3888,1219,117,151,False
0.12,1.25,55c9f5980dfe3888,1220,117,151,False
0.12,1.25,55c9f5980dfe3888,1221,118,151,False
0.12,1.25,55c9f5980dfe3888,1222,118,151,False
0.12,1.25,55c9f5980dfe3888,1223,118,151,False
0.12,1.25,55c9f5980dfe3888,1224,118,151,False
0.12,1.25,55c9f5980dfe3888,1225,118,151,False
0.12,1.25,55c9f5980dfe3888,1226,118,152,False
0.12,1.25,55c9f5980dfe3888,1227,118,152,False
0.12,1.25,55c9f5980dfe3888,1228,118,152,False
0.12,1.25,55c9f5980dfe3888,1229,118,152,False
0.12,1.25,55c9f5980dfe3888,1230,119,152,False
0.12,1.25,55c9f5980dfe3888,1231,119,152,False
0.12,1.25,55c9f5980dfe3888,1232,119,152,False
0.12,1.25,55c9f5980dfe3888,1233,119,152,False
0.12,1.25,55c9f5980dfe3888,1234,119,152,False
0.12,1.25,55c9f5980dfe3888,1235,119,153,False
0.12,1.25,55c9f5980dfe3888,1236,119,153,False
0.12,1.25,55c9f5980dfe3888,1237,119,153,False
0.12,1.25,55c9f5980dfe3888,1238,119,153,False
0.12,1.25,55c9f5980dfe3888,1239,120,153,False
0.12,1.25,55c9f5980dfe3888,1240,120,153,False
0.12,1.25,55c9f5980dfe3888,1241,120,153,False
0.12,1.25,55c9f5980dfe3888,1242,120,153,False
0.12,1.25,55c9f5980dfe3888,1243,120,153,False
0.12,1.25,55c9f5980dfe3888,1244,120,154,False
0.12,1.25,55c9f5980dfe3888,1245,120,154,False
0.12,1.25,55c9f5980dfe3888,1246,120,154,False
0.12,1.25,55c9f5980dfe3888,1247,120,154,False
0.12,1.25,55c9f5980dfe3888,1248,121,154,False
0.12,1.25,55c9f5980dfe3888,1249,121,154,False
0.12,1.25,55c9f5980dfe3888,1250,121,154,False
0.12,1.25,55c9f5980dfe3888,1251,121,154,False
0.12,1.25,55c9f5980dfe3888,1252,121,154,False
0.12,1.25,55c9f5980dfe3888,1253,121,155,False
0.12,1.25,55c9f5980dfe3888,1254,121,155,False
0.12,1.25,55c9f5980dfe3888,1255,121,155,False
0.12,1.25,55c9f5980dfe3888,1256,121,155,False
0.12,1.25,55c9f5980dfe3888,1257,122,155,False
0.12,1.25,55c9f5980dfe3888,1258,122,155,False
0.12,1.25,55c9f5980dfe3888,1259,122,155,False
0.12,1.25,55c9f5980dfe3888,1260,122,155,False
0.12,1.25,55c9f5980dfe3888,1261,122,155,False
0.12,1.25,55c9f5980dfe3888,1262,122,156,False
0.12,1.25,55c9f5980dfe3888,1263,122,156,False
0.12,1.25,55c9f5980dfe3888,1264,122,156,False
0.12,1.25,55c9f5980dfe3888,1265,122,156,False
0.12,1.25,55c9f5980dfe3888,1266,123,156,False
0.12,1.25,55c9f5980dfe3888,1267,123,156,False
0.12,1.25,55c9f5980dfe3888,1268,123,156,False
0.12,1.25,55c9f5980dfe3888,1269,123,156,False
0.12,1.25,55c9f5980dfe3888,1270,123,156,False
0.12,1.25,55c9f5980dfe3888,1271,123,157,False
0.12,1.25,55c9f5980dfe3888,1272,123,157,False
0.12,1.25,55c9f5980dfe3888,1273,123,157,False
0.12,1.25,55c9f5980dfe3888,1274,123,157,False
0.12,1.25,55c9f5980dfe3888,1275,124,157,False
0.12,1.25,55c9f5980dfe3888,1276,124,157,False
0.12,1.25,55c9f5980dfe3888,1277,124,157,False
0.12,1.25,55c9f5980dfe3888,1278,124,157,False
0.12,1.25,55c9f5980dfe3888,1279,124,157,False
0.12,1.25,55c9f5980dfe3888,1280,124,158,False
0.12,1.25,55c9f5980dfe3888,1281,124,158,False
0.12,1.25,55c9f5980dfe3888,1282,124,158,False
0.12,1.25,55c9f5980dfe3888,1283,124,158,False
0.12,1.25,55c9f5980dfe3888,1284,125,158,False
0.12,1.25,55c9f5980dfe3888,1285,125,158,False
0.12,1.25,55c9f5980dfe3888,1286,125,158,False
0.12,1.25,55c9f5980dfe3888,1287,125,158,False
0.12,1.25,55c9f5980dfe3888,1288,125,158,False
0.12,1.25,55c9f5980dfe3888,1289,125,159,False
0.12,1.25,55c9f5980dfe3888,1290,125,159,False
0.12,1.25,55c9f5980dfe3888,1291,125,159,False
0.12,1.25,55c9f5980dfe3888,1292,125,159,False
0.12,1.25,55c9f5980dfe3888,1293,126,159,False
0.12,1.25,55c9f5980dfe3888,1294,126,159,False
0.12,1.25,55c9f5980dfe3888,1295,126,159,False
0.12,1.25,55c9f5980dfe3888,1296,126,159,False
0.12,1.25,55c9f5980dfe3888,1297,126,159,False
0.12,1.25,55c9f5980dfe3888,1298,126,159,False
0.12,1.25,55c9f5980dfe3888,1299,126,160,False
0.12,1.25,55c9f5980dfe3888,1300,126,160,False
0.12,1.25,55c9f5980dfe3888,1301,126,160,False
0.12,1.25,55c9f5980dfe3888,1302,126,160,False
0.12,1.25,55c9f5980dfe3888,1303,127,160,False
0.12,1.25,55c9f5980dfe3888,1304,127,160,False
0.12,1.25,55c9f5980dfe3888,1305,127,160,False
0.12,1.25,55c9f5980dfe3888,1306,127,160,False
0.12,1.25,55c9f5980dfe3888,1307,127,160,False
0.12,1.25,55c9f5980dfe3888,1308,127,161,False
0.12,1.25,55c9f5980dfe3888,1309,127,161,False
0.12,1.25,55c9f5980dfe3888,1310,127,161,False
0.12,1.25,55c9f5980dfe3888,1311,127,161,False
0.12,1.25,55c9f5980dfe3888,1312,128,161,False
0.12,1.25,55c9f5980dfe3888,1313,128,161,False
0.12,1.25,55c9f5980dfe3888,1314,128,161,False
0.12,1.25,55c9f5980dfe3888,1315,128,161,False
0.12,1.25,55c9f5980dfe3888,1316,128,161,False
0.12,1.25,55c9f5980dfe3888,1317,128,162,False
0.12,1.25,55c9f5980dfe3888,1318,128,162,False
0.12,1.25,55c9f5980dfe3888,1319,128,162,False
0.12,1.25,55c9f5980dfe3888,1320,128,162,False
0.12,1.25,55c9f5980dfe3888,1321,129,162,False
0.12,1.25,55c9f5980dfe3888,1322,129,162,False
0.12,1.25,55c9f5980dfe3888,1323,129,162,False
0.12,1.25,55c9f5980dfe3888,1324,129,162,False
0.12,1.25,55c9f5980dfe3888,1325,129,162,False
0.12,1.25,55c9f5980dfe3888,1326,129,163,False
0.12,1.25,55c9f5980dfe3888,1327,129,163,False
0.12,1.25,55c9f5980dfe3888,1328,129,163,False
0.12,1.25,55c9f5980dfe3888,1329,129,163,False
0.12,1.25,55c9f5980dfe3888,1330,130,163,False
0.12,1.25,55c9f5980dfe3888,1331,130,163,False
0.12,1.25,55c9f5980dfe3888,1332,130,163,False
0.12,1.25,55c9f5980dfe3888,1333,130,163,False
0.12,1.25,55c9f5980dfe3888,1334,130,163,False
0.12,1.25,55c9f5980dfe3888,1335,130,164,False
0.12,1.25,55c9f5980dfe3888,1336,130,164,False
0.12,1.25,55c9f5980dfe3888,1337,130,164,False
0.12,1.25,55c9f5980dfe3888,1338,130,164,False
0.12,1.25,55c9f5980dfe3888,1339,131,164,False
0.12,1.25,55c9f5980dfe3888,1340,131,164,False
0.12,1.25,55c9f5980dfe3888,1341,131,164,False
0.12,1.25,55c9f5980dfe3888,1342,131,164,False
0.12,1.25,55c9f5980dfe3888,1343,131,164,False
0.12,1.25,55c9f5980dfe3888,1344,131,165,False
0.12,1.25,55c9f5980dfe3888,1345,131,165,False
0.12,1.25,55c9f5980dfe3888,1346,131,165,False
0.12,1.25,55c9f5980dfe3888,1347,131,165,False
0.12,1.25,55c9f5980dfe3888,1348,132,165,False
0.12,1.25,55c9f5980dfe3888,1349,132,165,False
0.12,1.25,55c9f5980dfe3888,1350,132,165,False
0.12,1.25,55c9f5980dfe3888,1351,132,165,False
0.12,1.25,55c9f5980dfe3888,1352,132,165,False
0.12,1.25,55c9f5980dfe3888,1353,132,166,False
0.12,1.25,55c9f5980dfe3888,1354,132,166,False
0.12,1.25,55c9f5980dfe3888,1355,132,166,False
0.12,1.25,55c9f5980dfe3888,1356,132,166,False
0.12,1.25,55c9f5980dfe3888,1357,133,166,False
0.12,1.25,55c9f5980dfe3888,1358,133,166,False
0.12,1.25,55c9f5980dfe3888,1359,133,166,False
0.12,1.25,55c9f5980dfe3888,1360,133,166,False
0.12,1.25,55c9f5980dfe3888,1361,133,166,False
0.12,1.25,55c9f5980dfe3888,1362,133,167,False
0.12,1.25,55c9f5980dfe3888,1363,133,167,False
0.12,1.25,55c9f5980dfe3888,1364,133,167,False
0.12,1.25,55c9f5980dfe3888,1365,133,167,False
0.12,1.25,55c9f5980dfe3888,1366,134,167,False
0.12,1.25,55c9f5980dfe3888,1367,134,167,False
0.12,1.25,55c9f5980dfe3888,1368,134,167,False
0.12,1.25,55c9f5980dfe3888,1369,134,167,False
0.12,1.25,55c9f5980dfe3888,1370,134,167,False
0.12,1.25,55c9f5980dfe3888,1371,134,167,False
0.12,1.25,55c9f5980dfe3888,1372,134,168,False
0.12,1.25,55c9f5980dfe3888,1373,134,168,False
0.12,1.25,55c9f5980dfe3888,1374,134,168,False
0.12,1.25,55c9f5980dfe3888,1375,135,168,False
0.12,1.25,55c9f5980dfe3888,1376,135,168,False
0.12,1.25,55c9f5980dfe3888,1377,135,168,False
0.12,1.25,55c9f5980dfe3888,1378,135,168,False
0.12,1.25,55c9f5980dfe3888,1379,135,168,False
0.12,1.25,55c9f5980dfe3888,1380,135,168,False
0.12,1.25,55c9f5980dfe3888,1381,135,169,False
0.12,1.25,55c9f5980dfe3888,1382,135,169,False
0.12,1.25,55c9f5980dfe3888,1383,135,169,False
0.12,1.25,55c9f5980dfe3888,1384,135,169,False
0.12,1.25,55c9f5980dfe3888,1385,136,169,False
0.12,1.25,55c9f5980dfe3888,1386,136,169,False
0.12,1.25,55c9f5980dfe3888,1387,136,169,False
0.12,1.25,55c9f5980dfe3888,1388,136,169,False
0.12,1.25,55c9f5980dfe3888,1389,136,169,False
0.12,1.25,55c9f5980dfe3888,1390,136,170,False
0.12,1.25,55c9f5980dfe3888,1391,136,170,False
0.12,1.25,55c9f5980dfe3888,1392,136,170,False
0.12,1.25,55c9f5980dfe3888,1393,136,170,False
0.12,1.25,55c9f5980dfe3888,1394,137,170,False
0.12,1.25,55c9f5980dfe3888,1395,137,170,False
0.12,1.25,55c9f5980dfe3888,1396,137,170,False
0.12,1.25,55c9f5980dfe3888,1397,137,170,False
0.12,1.25,55c9f5980dfe3888,1398,137,170,False
0.12,1.25,55c9f5980dfe3888,1399,137,171,False
0.12,1.25,55c9f5980dfe3888,1400,137,171,False
0.12,1.25,55c9f5980dfe3888,1401,137,171,False
0.12,1.25,55c9f5980dfe3888,1402,137,171,False
0.12,1.25,55c9f5980dfe3888,1403,138,171,False
0.12,1.25,55c9f5980dfe3888,1404,138,171,False
0.12,1.25,55c9f5980dfe3888,1405,138,171,False
0.12,1.25,55c9f5980dfe3888,1406,138,171,False
0.12,1.25,55c9f5980dfe3888,1407,138,171,False
0.12,1.25,55c9f5980dfe3888,1408,138,172,False
0.12,1.25,55c9f5980dfe3888,1409,138,172,False
0.12,1.25,55c9f5980dfe3888,1410,138,172,False
0.12,1.25,55c9f5980dfe3888,1411,138,172,False
0.12,1.25,55c9f5980dfe3888,1412,139,172,False
0.12,1.25,55c9f5980dfe3888,1413,139,172,False
0.12,1.25,55c9f5980dfe3888,1414,139,172,False
0.12,1.25,55c9f5980dfe3888,1415,139,172,False
0.12,1.25,55c9f5980dfe3888,1416,139,172,False
0.12,1.25,55c9f5980dfe3888,1417,139,173,False
0.12,1.25,55c9f5980dfe3888,1418,139,173,False
0.12,1.25,55c9f5980dfe3888,1419,139,173,False
0.12,1.25,55c9f5980dfe3888,1420,139,173,False
0.12,1.25,55c9f5980dfe3888,1421,140,173,False
0.12,1.25,55c9f5980dfe3888,1422,140,173,False
0.12,1.25,55c9f5980dfe3888,1423,140,173,False
0.12,1.25,55c9f5980dfe3888,1424,140,173,False
0.12,1.25,55c9f5980dfe3888,1425,140,173,False
0.12,1.25,55c9f5980dfe3888,1426,140,174,False
0.12,1.25,55c9f5980dfe3888,1427,140,174,False
0.12,1.25,55c9f5980dfe3888,1428,140,174,False
0.12,1.25,55c9f5980dfe3888,1429,140,174,False
0.12,1.25,55c9f5980dfe3888,1430,141,174,False
0.12,1.25,55c9f5980dfe3888,1431,141,174,False
0.12,1.25,55c9f5980dfe3888,1432,141,174,False
0.12,1.25,55c9f5980dfe3888,1433,141,174,False
0.12,1.25,55c9f5980dfe3888,1434,141,174,False
0.12,1.25,55c9f5980dfe3888,1435,141,175,False
0.12,1.25,55c9f5980dfe3888,1436,141,175,False
0.12,1.25,55c9f5980dfe3888,1437,141,175,False
0.12,1.25,55c9f5980dfe3888,1438,141,175,False
0.12,1.25,55c9f5980dfe3888,1439,142,175,False
0.12,1.25,55c9f5980dfe3888,1440,142,175,False
0.12,1.25,55c9f5980dfe3888,1441,142,175,False
0.12,1.25,55c9f5980dfe3888,1442,142,175,False
0.12,1.25,55c9f5980dfe3888,1443,142,175,False
0.12,1.25,55c9f5980dfe3888,1444,142,176,False
0.12,1.25,55c9f5980dfe3888,1445,142,176,False
0.12,1.25,55c9f5980dfe3888,1446,142,176,False
0.12,1.25,55c9f5980dfe3888,1447,142,176,False
0.12,1.25,55c9f5980dfe3888,1448,143,176,False
0.12,1.25,55c9f5980dfe3888,1449,143,176,False
0.12,1.25,55c9f5980dfe3888,1450,143,176,False
0.12,1.25,55c9f5980dfe3888,1451,143,176,False
0.12,1.25,55c9f5980dfe3888,1452,143,176,False
0.12,1.25,55c9f5980dfe3888,1453,143,176,False
0.12,1.25,55c9f5980dfe3888,1454,143,177,False
0.12,1.25,55c9f5980dfe3888,1455,143,177,False
0.12,1.25,55c9f5980dfe3888,1456,143,177,False
0.12,1.25,55c9f5980dfe3888,1457,144,177,False
0.12,1.25,55c9f5980dfe3888,1458,144,177,False
0.12,1.25,55c9f5980dfe3888,1459,144,177,False
0.12,1.25,55c9f5980dfe3888,1460,144,177,False
0.12,1.25,55c9f5980dfe3888,1461,144,177,False
0.12,1.25,55c9f5980dfe3888,1462,144,177,False
0.12,1.25,55c9f5980dfe3888,1463,144,178,False
0.12,1.25,55c9f5980dfe3888,1464,144,178,False
0.12,1.25,55c9f5980dfe3888,1465,144,178,False
0.12,1.25,55c9f5980dfe3888,1466,144,178,False
0.12,1.25,55c9f5980dfe3888,1467,145,178,False
0.12,1.25,55c9f5980dfe3888,1468,145,178,False
0.12,1.25,55c9f5980dfe3888,1469,145,178,False
0.12,1.25,55c9f5980dfe3888,1470,145,178,False
0.12,1.25,55c9f5980dfe3888,1471,145,178,False
0.12,1.25,55c9f5980dfe3888,1472,145,179,False
0.12,1.25,55c9f5980dfe3888,1473,145,179,False
0.12,1.25,55c9f5980dfe3888,1474,145,179,False
0.12,1.25,55c9f5980dfe3888,1475,145,179,False
0.12,1.25,55c9f5980dfe3888,1476,146,179,False
0.12,1.25,55c9f5980dfe3888,1477,146,179,False
0.12,1.25,55c9f5980dfe3888,1478,146,179,False
0.12,1.25,55c9f5980dfe3888,1479,146,179,False
0.12,1.25,55c9f5980dfe3888,1480,146,179,False
0.12,1.25,55c9f5980dfe3888,1481,146,180,False
0.12,1.25,55c9f5980dfe3888,1482,146,180,False
0.12,1.25,55c9f5980dfe3888,1483,146,180,False
0.12,1.25,55c9f5980dfe3888,1484,146,180,False
0.12,1.25,55c9f5980dfe3888,1485,147,180,False
0.12,1.25,55c9f5980dfe3888,1486,147,180,False
0.12,1.25,55c9f5980dfe3888,1487,147,180,False
0.12,1.25,55c9f5980dfe3888,1488,147,180,False
0.12,1.25,55c9f5980dfe3888,1489,147,180,False
0.12,1.25,55c9f5980dfe3888,1490,147,181,False
0.12,1.25,55c9f5980dfe3888,1491,147,181,False
0.12,1.25,55c9f5980dfe3888,1492,147,181,False
0.12,1.25,55c9f5980dfe3888,1493,147,181,False
0.12,1.25,55c9f5980dfe3888,1494,148,181,False
0.12,1.25,55c9f5980dfe3888,1495,148,181,False
0.12,1.25,55c9f5980dfe3888,1496,148,181,False
0.12,1.25,55c9f5980dfe3888,1497,148,181,False
0.12,1.25,55c9f5980dfe3888,1498,148,181,False
0.12,1.25,55c9f5980dfe3888,1499,148,182,False
0.12,1.25,55c9f5980dfe3888,1500,148,182,False
0.12,1.25,55c9f5980dfe3888,1501,148,182,False
0.12,1.25,55c9f5980dfe3888,1502,148,182,False
0.12,1.25,55c9f5980dfe3888,1503,149,182,False
0.12,1.25,55c9f5980dfe3888,1504,149,182,False
0.12,1.25,55c9f5980dfe3888,1505,149,182,False
0.12,1.25,55c9f5980dfe3888,1506,149,182,False
0.12,1.25,55c9f5980dfe3888,1507,149,182,False
0.12,1.25,55c9f5980dfe3888,1508,149,183,False
0.12,1.25,55c9f5980dfe3888,1509,149,183,False
0.12,1.25,55c9f5980dfe3888,1510,149,183,False
0.12,1.25,55c9f5980dfe3888,1511,149,183,False
0.12,1.25,55c9f5980dfe3888,1512,150,183,False
0.12,1.25,55c9f5980dfe3888,1513,150,183,False
0.12,1.25,55c9f5980dfe3888,1514,150,183,False
0.12,1.25,55c9f5980dfe3888,1515,150,183,False
0.12,1.25,55c9f5980dfe3888,1516,150,183,False
0.12,1.25,55c9f5980dfe3888,1517,150,184,False
0.12,1.25,55c9f5980dfe3888,1518,150,184,False
0.12,1.25,55c9f5980dfe3888,1519,150,184,False
0.12,1.25,55c9f5980dfe3888,1520,150,184,False
0.12,1.25,55c9f5980dfe3888,1521,151,184,False
0.12,1.25,55c9f5980dfe3888,1522,151,184,False
0.12,1.25,55c9f5980dfe3888,1523,151,184,False
0.12,1.25,55c9f5980dfe3888,1524,151,184,False
0.12,1.25,55c9f5980dfe3888,1525,151,184,False
0.12,1.25,55c9f5980dfe3888,1526,151,185,False
0.12,1.25,55c9f5980dfe3888,1527,151,185,False
0.12,1.25,55c9f5980dfe3888,1528,151,185,False
0.12,1.25,55c9f5980dfe3888,1529,151,185,False
0.12,1.25,55c9f5980dfe3888,1530,152,185,False
0.12,1.25,55c9f5980dfe3888,1531,152,185,False
0.12,1.25,55c9f5980dfe3888,1532,152,185,False
0.12,1.25,55c9f5980dfe3888,1533,152,185,False
0.12,1.25,55c9f5980dfe3888,1534,152,185,False
0.12,1.25,55c9f5980dfe3888,1535,152,185,False
0.12,1.25,55c9f5980dfe3888,1536,152,186,False
0.12,1.25,55c9f5980dfe3888,1537,152,186,False
0.12,1.25,55c9f5980dfe3888,1538,152,186,False
0.12,1.25,55c9f5980dfe3888,1539,153,186,False
0.12,1.25,55c9f5980dfe3888,1540,153,186,False
0.12,1.25,55c9f5980dfe3888,1541,153,186,False
0.12,1.25,55c9f5980dfe3888,1542,153,186,False
0.12,1.25,55c9f5980dfe3888,1543,153,186,False
0.12,1.25,55c9f5980dfe3888,1544,153,186,False
0.12,1.25,55c9f5980dfe3888,1545,153,187,False
0.12,1.25,55c9f5980dfe3888,1546,153,187,False
0.12,1.25,55c9f5980dfe3888,1547,153,187,False
0.12,1.25,55c9f5980dfe3888,1548,153,187,False
0.12,1.25,55c9f5980dfe3888,1549,154,187,False
0.12,1.25,55c9f5980dfe3888,1550,154,187,False
0.12,1.25,55c9f5980dfe3888,1551,154,187,False
0.12,1.25,55c9f5980dfe3888,1552,154,187,False
0.12,1.25,55c9f5980dfe3888,1553,154,187,False
0.12,1.25,55c9f5980dfe3888,1554,154,188,False
0.12,1.25,55c9f5980dfe3888,1555,154,188,False
0.12,1.25,55c9f5980dfe3888,1556,154,188,False
0.12,1.25,55c9f5980dfe3888,1557,154,188,False
0.12,1.25,55c9f5980dfe3888,1558,155,188,False
0.12,1.25,55c9f5980dfe3888,1559,155,188,False
0.12,1.25,55c9f5980dfe3888,1560,155,188,False
0.12,1.25,55c9f5980dfe3888,1561,155,188,False
0.12,1.25,55c9f5980dfe3888,1562,155,188,False
0.12,1.25,55c9f5980dfe3888,1563,155,189,False
0.12,1.25,55c9f5980dfe3888,1564,155,189,False
0.12,1.25,55c9f5980dfe3888,1565,155,189,False
0.12,1.25,55c9f5980dfe3888,1566,155,189,False
0.12,1.25,55c9f5980dfe3888,1567,156,189,False
0.12,1.25,55c9f5980dfe3888,1568,156,189,False
0.12,1.25,55c9f5980dfe3888,1569,156,189,False
0.12,1.25,55c9f5980dfe3888,1570,156,189,False
0.12,1.25,55c9f5980dfe3888,1571,156,189,False
0.12,1.25,55c9f5980dfe3888,1572,156,190,False
0.12,1.25,55c9f5980dfe3888,1573,156,190,False
0.12,1.25,55c9f5980dfe3888,1574,156,190,False
0.12,1.25,55c9f5980dfe3888,1575,156,190,False
0.12,1.25,55c9f5980dfe3888,1576,157,190,False
0.12,1.25,55c9f5980dfe3888,1577,157,190,False
0.12,1.25,55c9f5980dfe3888,1578,157,190,False
0.12,1.25,55c9f5980dfe3888,1579,157,190,False
0.12,1.25,55c9f5980dfe3888,1580,157,190,False
0.12,1.25,55c9f5980dfe3888,1581,157,191,False
0.12,1.25,55c9f5980dfe3888,1582,157,191,False
0.12,1.25,55c9f5980dfe3888,1583,157,191,False
0.12,1.25,55c9f5980dfe3888,1584,157,191,False
0.12,1.25,55c9f5980dfe3888,1585,158,191,False
0.12,1.25,55c9f5980dfe3888,1586,158,191,False
0.12,1.25,55c9f5980dfe3888,1587,158,191,False
0.12,1.25,55c9f5980dfe3888,1588,158,191,False
0.12,1.25,55c9f5980dfe3888,1589,158,191,False
0.12,1.25,55c9f5980dfe3888,1590,158,192,False
0.12,1.25,55c9f5980dfe3888,1591,158,192,False
0.12,1.25,55c9f5980dfe3888,1592,158,192,False
0.12,1.25,55c9f5980dfe3888,1593,158,192,False
0.12,1.25,55c9f5980dfe3888,1594,159,192,False
0.12,1.25,55c9f5980dfe3888,1595,159,192,False
0.12,1.25,55c9f5980dfe3888,1596,159,192,False
0.12,1.25,55c9f5980dfe3888,1597,159,192,False
0.12,1.25,55c9f5980dfe3888,1598,159,192,False
0.12,1.25,55c9f5980dfe3888,1599,159,193,False
0.12,1.25,55c9f5980dfe3888,1600,159,193,False
0.12,1.25,55c9f5980dfe3888,1601,159,193,False
0.12,1.25,55c9f5980dfe3888,1602,159,193,False
0.12,1.25,55c9f5980dfe3888,1603,160,193,False
0.12,1.25,55c9f5980dfe3888,1604,160,193,False
0.12,1.25,55c9f5980dfe3888,1605,160,193,False
0.12,1.25,55c9f5980dfe3888,1606,160,193,False
0.12,1.25,55c9f5980dfe3888,1607,160,193,False
0.12,1.25,55c9f5980dfe3888,1608,160,194,False
0.12,1.25,55c9f5980dfe3888,1609,160,194,False
0.12,1.25,55c9f5980dfe3888,1610,160,194,False
0.12,1.25,55c9f5980dfe3888,1611,160,194,False
0.12,1.25,55c9f5980dfe3888,1612,161,194,False
0.12,1.25,55c9f5980dfe3888,1613,161,194,False
0.12,1.25,55c9f5980dfe3888,1614,161,194,False
0.12,1.25,55c9f5980dfe3888,1615,161,194,False
0.12,1.25,55c9f5980dfe3888,1616,161,194,False
0.12,1.25,55c9f5980dfe3888,1617,161,194,False
0.12,1.25,55c9f5980dfe3888,1618,161,195,False
0.12,1.25,55c9f5980dfe3888,1619,161,195,False
0.12,1.25,55c9f5980dfe3888,1620,161,195,False
0.12,1.25,55c9f5980dfe3888,1621,162,195,False
0.12,1.25,55c9f5980dfe3888,1622,162,195,False
0.12,1.25,55c9f5980dfe3888,1623,162,195,False
0.12,1.25,55c9f5980dfe3888,1624,162,195,False
0.12,1.25,55c9f5980dfe3888,1625,162,195,False
0.12,1.25,55c9f5980dfe3888,1626,162,195,False
0.12,1.25,55c9f5980dfe3888,1627,162,196,False
0.12,1.25,55c9f5980dfe3888,1628,162,196,False
0.12,1.25,55c9f5980dfe3888,1629,162,196,False
0.12,1.25,55c9f5980dfe3888,1630,162,196,False
0.12,1.25,55c9f5980dfe3888,1631,163,196,False
0.12,1.25,55c9f5980dfe3888,1632,163,196,False
0.12,1.25,55c9f5980dfe3888,1633,163,196,False
0.12,1.25,55c9f5980dfe3888,1634,163,196,False
0.12,1.25,55c9f5980dfe3888,1635,163,196,False
0.12,1.25,55c9f5980dfe3888,1636,163,197,False
0.12,1.25,55c9f5980dfe3888,1637,163,197,False
0.12,1.25,55c9f5980dfe3888,1638,163,197,False
0.12,1.25,55c9f5980dfe3888,1639,163,197,False
0.12,1.25,55c9f5980dfe3888,1640,164,197,False
0.12,1.25,55c9f5980dfe3888,1641,164,197,False
0.12,1.25,55c9f5980dfe3888,1642,164,197,False
0.12,1.25,55c9f5980dfe3888,1643,164,197,False
0.12,1.25,55c9f5980dfe3888,1644,164,197,False
0.12,1.25,55c9f5980dfe3888,1645,164,198,False
0.12,1.25,55c9f5980dfe3888,1646,164,198,False
0.12,1.25,55c9f5980dfe3888,1647,164,198,False
0.12,1.25,55c9f5980dfe3888,1648,164,198,False
0.12,1.25,55c9f5980dfe3888,1649,165,198,False
0.12,1.25,55c9f5980dfe3888,1650,165,198,False
0.12,1.25,55c9f5980dfe3888,1651,165,198,False
0.12,1.25,55c9f5980dfe3888,1652,165,198,False
0.12,1.25,55c9f5980dfe3888,1653,165,198,False
0.12,1.25,55c9f5980dfe3888,1654,165,199,False
0.12,1.25,55c9f5980dfe3888,1655,165,199,False
0.12,1.25,55c9f5980dfe3888,1656,165,199,False
0.12,1.25,55c9f5980dfe3888,1657,165,199,False
0.12,1.25,55c9f5980dfe3888,1658,166,199,False
0.12,1.25,55c9f5980dfe3888,1659,166,199,False
0.12,1.25,55c9f5980dfe3888,1660,166,199,False
0.12,1.25,55c9f5980dfe3888,1661,166,199,False
0.12,1.25,55c9f5980dfe3888,1662,166,199,False
0.12,1.25,55c9f5980dfe3888,1663,166,200,False
0.12,1.25,55c9f5980dfe3888,1664,166,200,False
0.12,1.25,55c9f5980dfe3888,1665,166,200,False
0.12,1.25,55c9f5980dfe3888,1666,166,200,False
0.12,1.25,55c9f5980dfe3888,1667,167,200,False
0.12,1.25,55c9f5980dfe3888,1668,167,200,False
0.12,1.25,55c9f5980dfe3888,1669,167,200,False
0.12,1.25,55c9f5980dfe3888,1670,167,200,False
0.12,1.25,55c9f5980dfe3888,1671,167,200,False
0.12,1.25,55c9f5980dfe3888,1672,167,201,False
0.12,1.25,55c9f5980dfe3888,1673,167,201,False
0.12,1.25,55c9f5980dfe3888,1674,167,201,False
0.12,1.25,55c9f5980dfe3888,1675,167,201,False
0.12,1.25,55c9f5980dfe3888,1676,168,201,False
0.12,1.25,55c9f5980dfe3888,1677,168,201,False
0.12,1.25,55c9f5980dfe3888,1678,168,201,False
0.12,1.25,55c9f5980dfe3888,1679,168,201,False
0.12,1.25,55c9f5980dfe3888,1680,168,201,False
0.12,1.25,55c9f5980dfe3888,1681,168,202,False
0.12,1.25,55c9f5980dfe3888,1682,168,202,False
0.12,1.25,55c9f5980dfe3888,1683,168,202,False
0.12,1.25,55c9f5980dfe3888,1684,168,202,False
0.12,1.25,55c9f5980dfe3888,1685,169,202,False
0.12,1.25,55c9f5980dfe3888,1686,169,202,False
0.12,1.25,55c9f5980dfe3888,1687,169,202,False
0.12,1.25,55c9f5980dfe3888,1688,169,202,False
0.12,1.25,55c9f5980dfe3888,1689,169,202,False
0.12,1.25,55c9f5980dfe3888,1690,169,203,False
0.12,1.25,55c9f5980dfe3888,1691,169,203,False
0.12,1.25,55c9f5980dfe3888,1692,169,203,False
0.12,1.25,55c9f5980dfe3888,1693,169,203,False
0.12,1.25,55c9f5980dfe3888,1694,170,203,False
0.12,1.25,55c9f5980dfe3888,1695,170,203,False
0.12,1.25,55c9f5980dfe3888,1696,170,203,False
0.12,1.25,55c9f5980dfe3888,1697,170,203,False
0.12,1.25,55c9f5980dfe3888,1698,170,203,False
0.12,1.25,55c9f5980dfe3888,1699,170,203,False
0.12,1.25,55c9f5980dfe3888,1700,170,204,False
0.12,1.25,55c9f5980dfe3888,1701,170,204,False
0.12,1.25,55c9f5980dfe3888,1702,170,204,False
0.12,1.25,55c9f5980dfe3888,1703,171,204,False
0.12,1.25,55c9f5980dfe3888,1704,171,204,False
0.12,1.25,55c9f5980dfe3888,1705,171,204,False
0.12,1.25,55c9f5980dfe3888,1706,171,204,False
0.12,1.25,55c9f5980dfe3888,1707,171,204,False
0.12,1.25,55c9f5980dfe3888,1708,171,204,False
0.12,1.25,55c9f5980dfe3888,1709,171,205,False
0.12,1.25,55c9f5980dfe3888,1710,171,205,False
0.12,1.25,55c9f5980dfe3888,1711,171,205,False
0.12,1.25,55c9f5980dfe3888,1712,171,205,False
0.12,1.25,55c9f5980dfe3888,1713,172,205,False
0.12,1.25,55c9f5980dfe3888,1714,172,205,False
0.12,1.25,55c9f5980dfe3888,1715,172,205,False
0.12,1.25,55c9f5980dfe3888,1716,172,205,False
0.12,1.25,55c9f5980dfe3888,1717,172,205,False
0.12,1.25,55c9f5980dfe3888,1718,172,206,False
0.12,1.25,55c9f5980dfe3888,1719,172,206,False
0.12,1.25,55c9f5980dfe3888,1720,172,206,False
0.12,1.25,55c9f5980dfe3888,1721,172,206,False
0.12,1.25,55c9f5980dfe3888,1722,173,206,False
0.12,1.25,55c9f5980dfe3888,1723,173,206,False
0.12,1.25,55c9f5980dfe3888,1724,173,206,False
0.12,1.25,55c9f5980dfe3888,1725,173,206,False
0.12,1.25,55c9f5980dfe3888,1726,173,206,False
0.12,1.25,55c9f5980dfe3888,1727,173,207,False
0.12,1.25,55c9f5980dfe3888,1728,173,207,False
0.12,1.25,55c9f5980dfe3888,1729,173,207,False
0.12,1.25,55c9f5980dfe3888,1730,173,207,False
0.12,1.25,55c9f5980dfe3888,1731,174,207,False
0.12,1.25,55c9f5980dfe3888,1732,174,207,False
0.12,1.25,55c9f5980dfe3888,1733,174,207,False
0.12,1.25,55c9f5980dfe3888,1734,174,207,False
0.12,1.25,55c9f5980dfe3888,1735,174,207,False
0.12,1.25,55c9f5980dfe3888,1736,174,208,False
0.12,1.25,55c9f5980dfe3888,1737,174,208,False
0.12,1.25,55c9f5980dfe3888,1738,174,208,False
0.12,1.25,55c9f5980dfe3888,1739,174,208,False
0.12,1.25,55c9f5980dfe3888,1740,175,208,False
0.12,1.25,55c9f5980dfe3888,1741,175,208,False
0.12,1.25,55c9f5980dfe3888,1742,175,208,False
0.12,1.25,55c9f5980dfe3888,1743,175,208,False
0.12,1.25,55c9f5980dfe3888,1744,175,208,False
0.12,1.25,55c9f5980dfe3888,1745,175,209,False
0.12,1.25,55c9f5980dfe3888,1746,175,209,False
0.12,1.25,55c9f5980dfe3888,1747,175,209,False
0.12,1.25,55c9f5980dfe3888,1748,175,209,False
0.12,1.25,55c9f5980dfe3888,1749,176,209,False
0.12,1.25,55c9f5980dfe3888,1750,176,209,False
0.12,1.25,55c9f5980dfe3888,1751,176,209,False
0.12,1.25,55c9f5980dfe3888,1752,176,209,False
0.12,1.25,55c9f5980dfe3888,1753,176,209,False
0.12,1.25,55c9f5980dfe3888,1754,176,210,False
0.12,1.25,55c9f5980dfe3888,1755,176,210,False
0.12,1.25,55c9f5980dfe3888,1756,176,210,False
0.12,1.25,55c9f5980dfe3888,1757,176,210,False
0.12,1.25,55c9f5980dfe3888,1758,177,210,False
0.12,1.25,55c9f5980dfe3888,1759,177,210,False
0.12,1.25,55c9f5980dfe3888,1760,177,210,False
0.12,1.25,55c9f5980dfe3888,1761,177,210,False
0.12,1.25,55c9f5980dfe3888,1762,177,210,False
0.12,1.25,55c9f5980dfe3888,1763,177,211,False
0.12,1.25,55c9f5980dfe3888,1764,177,211,False
0.12,1.25,55c9f5980dfe3888,1765,177,211,False
0.12,1.25,55c9f5980dfe3888,1766,177,211,False
0.12,1.25,55c9f5980dfe3888,1767,178,211,False
0.12,1.25,55c9f5980dfe3888,1768,178,211,False
0.12,1.25,55c9f5980dfe3888,1769,178,211,False
0.12,1.25,55c9f5980dfe3888,1770,178,211,False
0.12,1.25,55c9f5980dfe3888,1771,178,211,False
0.12,1.25,55c9f5980dfe3888,1772,178,212,False
0.12,1.25,55c9f5980dfe3888,1773,178,212,False
0.12,1.25,55c9f5980dfe3888,1774,178,212,False
0.12,1.25,55c9f5980dfe3888,1775,178,212,False
0.12,1.25,55c9f5980dfe3888,1776,179,212,False
0.12,1.25,55c9f5980dfe3888,1777,179,212,False
0.12,1.25,55c9f5980dfe3888,1778,179,212,False
0.12,1.25,55c9f5980dfe3888,1779,179,212,False
0.12,1.25,55c9f5980dfe3888,1780,179,212,False
0.12,1.25,55c9f5980dfe3888,1781,179,212,False
0.12,1.25,55c9f5980dfe3888,1782,179,213,False
0.12,1.25,55c9f5980dfe3888,1783,179,213,False
0.12,1.25,55c9f5980dfe3888,1784,179,213,False
0.12,1.25,55c9f5980dfe3888,1785,179,213,False
0.12,1.25,55c9f5980dfe3888,1786,180,213,False
0.12,1.25,55c9f5980dfe3888,1787,180,213,False
0.12,1.25,55c9f5980dfe3888,1788,180,213,False
0.12,1.25,55c9f5980dfe3888,1789,180,213,False
0.12,1.25,55c9f5980dfe3888,1790,180,213,False
0.12,1.25,55c9f5980dfe3888,1791,180,214,False
0.12,1.25,55c9f5980dfe3888,1792,180,214,False
0.12,1.25,55c9f5980dfe3888,1793,180,214,False
0.12,1.25,55c9f5980dfe3888,1794,180,214,False
0.12,1.25,55c9f5980dfe3888,1795,181,214,False
0.12,1.25,55c9f5980dfe3888,1796,181,214,False
0.12,1.25,55c9f5980dfe3888,1797,181,214,False
0.12,1.25,55c9f5980dfe3888,1798,181,214,False
0.12,1.25,55c9f5980dfe3888,1799,181,214,False
0.12,1.25,55c9f5980dfe3888,1800,181,215,False
0.12,1.25,55c9f5980dfe3888,1801,181,215,False
0.12,1.25,55c9f5980dfe3888,1802,181,215,False
0.12,1.25,55c9f5980dfe3888,1803,181,215,False
0.12,1.25,55c9f5980dfe3888,1804,182,215,False
0.12,1.25,55c9f5980dfe3888,1805,182,215,False
0.12,1.25,55c9f5980dfe3888,1806,182,215,False
0.12,1.25,55c9f5980dfe3888,1807,182,215,False
0.12,1.25,55c9f5980dfe3888,1808,182,215,False
0.12,1.25,55c9f5980dfe3888,1809,182,216,False
0.12,1.25,55c9f5980dfe3888,1810,182,216,False
0.12,1.25,55c9f5980dfe3888,1811,182,216,False
0.12,1.25,55c9f5980dfe3888,1812,182,216,False
0.12,1.25,55c9f5980dfe3888,1813,183,216,False
0.12,1.25,55c9f5980dfe3888,1814,183,216,False
0.12,1.25,55c9f5980dfe3888,1815,183,216,False
0.12,1.25,55c9f5980dfe3888,1816,183,216,False
0.12,1.25,55c9f5980dfe3888,1817,183,216,False
0.12,1.25,55c9f5980dfe3888,1818,183,217,False
0.12,1.25,55c9f5980dfe3888,1819,183,217,False
0.12,1.25,55c9f5980dfe3888,1820,183,217,False
0.12,1.25,55c9f5980dfe3888,1821,183,217,False
0.12,1.25,55c9f5980dfe3888,1822,184,217,False
0.12,1.25,55c9f5980dfe3888,1823,184,217,False
0.12,1.25,55c9f5980dfe3888,1824,184,217,False
0.12,1.25,55c9f5980dfe3888,1825,184,217,False
0.12,1.25,55c9f5980dfe3888,1826,184,217,False
0.12,1.25,55c9f5980dfe3888,1827,184,218,False
0.12,1.25,55c9f5980dfe3888,1828,184,218,False
0.12,1.25,55c9f5980dfe3888,1829,184,218,False
0.12,1.25,55c9f5980dfe3888,1830,184,218,False
0.12,1.25,55c9f5980dfe3888,1831,185,218,False
0.12,1.25,55c9f5980dfe3888,1832,185,218,False
0.12,1.25,55c9f5980dfe3888,1833,185,218,False
0.12,1.25,55c9f5980dfe3888,1834,185,218,False
0.12,1.25,55c9f5980dfe3888,1835,185,218,False
0.12,1.25,55c9f5980dfe3888,1836,185,219,False
0.12,1.25,55c9f5980dfe3888,1837,185,219,False
0.12,1.25,55c9f5980dfe3888,1838,185,219,False
0.12,1.25,55c9f5980dfe3888,1839,185,219,False
0.12,1.25,55c9f5980dfe3888,1840,186,219,False
0.12,1.25,55c9f5980dfe3888,1841,186,219,False
0.12,1.25,55c9f5980dfe3888,1842,186,219,False
0.12,1.25,55c9f5980dfe3888,1843,186,219,False
0.12,1.25,55c9f5980dfe3888,1844,186,219,False
0.12,1.25,55c9f5980dfe3888,1845,186,220,False
0.12,1.25,55c9f5980dfe3888,1846,186,220,False
0.12,1.25,55c9f5980dfe3888,1847,186,220,False
0.12,1.25,55c9f5980dfe3888,1848,186,220,False
0.12,1.25,55c9f5980dfe3888,1849,187,220,False
0.12,1.25,55c9f5980dfe3888,1850,187,220,False
0.12,1.25,55c9f5980dfe3888,1851,187,220,False
0.12,1.25,55c9f5980dfe3888,1852,187,220,False
0.12,1.25,55c9f5980dfe3888,1853,187,220,False
0.12,1.25,55c9f5980dfe3888,1854,187,221,False
0.12,1.25,55c9f5980dfe3888,1855,187,221,False
0.12,1.25,55c9f5980dfe3888,1856,187,221,False
0.12,1.25,55c9f5980dfe3888,1857,187,221,False
0.12,1.25,55c9f5980dfe3888,1858,188,221,False
0.12,1.25,55c9f5980dfe3888,1859,188,221,False
0.12,1.25,55c9f5980dfe3888,1860,188,221,False
0.12,1.25,55c9f5980dfe3888,1861,188,221,False
0.12,1.25,55c9f5980dfe3888,1862,188,221,False
0.12,1.25,55c9f5980dfe3888,1863,188,221,False
0.12,1.25,55c9f5980dfe3888,1864,188,222,False
0.12,1.25,55c9f5980dfe3888,1865,188,222,False
0.12,1.25,55c9f5980dfe3888,1866,188,222,False
0.12,1.25,55c9f5980dfe3888,1867,188,222,False
0.12,1.25,55c9f5980dfe3888,1868,189,222,False
0.12,1.25,55c9f5980dfe3888,1869,189,222,False
0.12,1.25,55c9f5980dfe3888,1870,189,222,False
0.12,1.25,55c9f5980dfe3888,1871,189,222,False
0.12,1.25,55c9f5980dfe3888,1872,189,222,False
0.12,1.25,55c9f5980dfe3888,1873,189,223,False
0.12,1.25,55c9f5980dfe3888,1874,189,223,False
0.12,1.25,55c9f5980dfe3888,1875,189,223,False
0.12,1.25,55c9f5980dfe3888,1876,189,223,False
0.12,1.25,55c9f5980dfe3888,1877,190,223,False
0.12,1.25,55c9f5980dfe3888,1878,190,223,False
0.12,1.25,55c9f5980dfe3888,1879,190,223,False
0.12,1.25,55c9f5980dfe3888,1880,190,223,False
0.12,1.25,55c9f5980dfe3888,1881,190,223,False
0.12,1.25,55c9f5980dfe3888,1882,190,224,False
0.12,1.25,55c9f5980dfe3888,1883,190,224,False
0.12,1.25,55c9f5980dfe3888,1884,190,224,False
0.12,1.25,55c9f5980dfe3888,1885,190,224,False
0.12,1.25,55c9f5980dfe3888,1886,191,224,False
0.12,1.25,55c9f5980dfe3888,1887,191,224,False
0.12,1.25,55c9f5980dfe3888,1888,191,224,False
0.12,1.25,55c9f5980dfe3888,1889,191,224,False
0.12,1.25,55c9f5980dfe3888,1890,191,224,False
0.12,1.25,55c9f5980dfe3888,1891,191,225,False
0.12,1.25,55c9f5980dfe3888,1892,191,225,False
0.12,1.25,55c9f5980dfe3888,1893,191,225,False
0.12,1.25,55c9f5980dfe3888,1894,191,225,False
0.12,1.25,55c9f5980dfe3888,1895,192,225,False
0.12,1.25,55c9f5980dfe3888,1896,192,225,False
0.12,1.25,55c9f5980dfe3888,1897,192,225,False
0.12,1.25,55c9f5980dfe3888,1898,192,225,False
0.12,1.25,55c9f5980dfe3888,1899,192,225,False
0.12,1.25,55c9f5980dfe3888,1900,192,226,False
0.12,1.25,55c9f5980dfe3888,1901,192,226,False
0.12,1.25,55c9f5980dfe3888,1902,192,226,False
0.12,1.25,55c9f5980dfe3888,1903,192,226,False
0.12,1.25,55c9f5980dfe3888,1904,193,226,False
0.12,1.25,55c9f5980dfe3888,1905,193,226,False
0.12,1.25,55c9f5980dfe3888,1906,193,226,False
0.12,1.25,55c9f5980dfe3888,1907,193,226,False
0.12,1.25,55c9f5980dfe3888,1908,193,226,False
0.12,1.25,55c9f5980dfe3888,1909,193,227,False
0.12,1.25,55c9f5980dfe3888,1910,193,227,False
0.12,1.25,55c9f5980dfe3888,1911,193,227,False
0.12,1.25,55c9f5980dfe3888,1912,193,227,False
0.12,1.25,55c9f5980dfe3888,1913,194,227,False
0.12,1.25,55c9f5980dfe3888,1914,194,227,False
0.12,1.25,55c9f5980dfe3888,1915,194,227,False
0.12,1.25,55c9f5980dfe3888,1916,194,227,False
0.12,1.25,55c9f5980dfe3888,1917,194,227,False
0.12,1.25,55c9f5980dfe3888,1918,194,228,False
0.12,1.25,55c9f5980dfe3888,1919,194,228,False
0.12,1.25,55c9f5980dfe3888,1920,194,228,False
0.12,1.25,55c9f5980dfe3888,1921,194,228,False
0.12,1.25,55c9f5980dfe3888,1922,195,228,False
0.12,1.25,55c9f5980dfe3888,1923,195,228,False
0.12,1.25,55c9f5980dfe3888,1924,195,228,False
0.12,1.25,55c9f5980dfe3888,1925,195,228,False
0.12,1.25,55c9f5980dfe3888,1926,195,228,False
0.12,1.25,55c9f5980dfe3888,1927,195,229,False
0.12,1.25,55c9f5980dfe3888,1928,195,229,False
0.12,1.25,55c9f5980dfe3888,1929,195,229,False
0.12,1.25,55c9f5980dfe3888,1930,195,229,False
0.12,1.25,55c9f5980dfe3888,1931,196,229,False
0.12,1.25,55c9f5980dfe3888,1932,196,229,False
0.12,1.25,55c9f5980dfe3888,1933,196,229,False
0.12,1.25,55c9f5980dfe3888,1934,196,229,False
0.12,1.25,55c9f5980dfe3888,1935,196,229,False
0.12,1.25,55c9f5980dfe3888,1936,196,229,False
0.12,1.25,55c9f5980dfe3888,1937,196,230,False
0.12,1.25,55c9f5980dfe3888,1938,196,230,False
0.12,1.25,55c9f5980dfe3888,1939,196,230,False
0.12,1.25,55c9f5980dfe3888,1940,197,230,False
0.12,1.25,55c9f5980dfe3888,1941,197,230,False
0.12,1.25,55c9f5980dfe3888,1942,197,230,False
0.12,1.25,55c9f5980dfe3888,1943,197,230,False
0.12,1.25,55c9f5980dfe3888,1944,197,230,False
0.12,1.25,55c9f5980dfe3888,1945,197,230,False
0.12,1.25,55c9f5980dfe3888,1946,197,231,False
0.12,1.25,55c9f5980dfe3888,1947,197,231,False
0.12,1.25,55c9f5980dfe3888,1948,197,231,False
0.12,1.25,55c9f5980dfe3888,1949,197,231,False
0.12,1.25,55c9f5980dfe3888,1950,198,231,False
0.12,1.25,55c9f5980dfe3888,1951,198,231,False
0.12,1.25,55c9f5980dfe3888,1952,198,231,False
0.12,1.25,55c9f5980dfe3888,1953,198,231,False
0.12,1.25,55c9f5980dfe3888,1954,198,231,False
0.12,1.25,55c9f5980dfe3888,1955,198,232,False
0.12,1.25,55c9f5980dfe3888,1956,198,232,False
0.12,1.25,55c9f5980dfe3888,1957,198,232,False
0.12,1.25,55c9f5980dfe3888,1958,198,232,False
0.12,1.25,55c9f5980dfe3888,1959,199,232,False
0.12,1.25,55c9f5980dfe3888,1960,199,232,False
0.12,1.25,55c9f5980dfe3888,1961,199,232,False
0.12,1.25,55c9f5980dfe3888,1962,199,232,False
0.12,1.25,55c9f5980dfe3888,1963,199,232,False
0.12,1.25,55c9f5980dfe3888,1964,199,233,False
0.12,1.25,55c9f5980dfe3888,1965,199,233,False
0.12,1.25,55c9f5980dfe3888,1966,199,233,False
0.12,1.25,55c9f5980dfe3888,1967,199,233,False
0.12,1.25,55c9f5980dfe3888,1968,200,233,False
0.12,1.25,55c9f5980dfe3888,1969,200,233,False
0.12,1.25,55c9f5980dfe3888,1970,200,233,False
0.12,1.25,55c9f5980dfe3888,1971,200,233,False
0.12,1.25,55c9f5980dfe3888,1972,200,233,False
0.12,1.25,55c9f5980dfe3888,1973,200,234,False
0.12,1.25,55c9f5980dfe3888,1974,200,234,False
0.12,1.25,55c9f5980dfe3888,1975,200,234,False
0.12,1.25,55c9f5980dfe3888,1976,200,234,False
0.12,1.25,55c9f5980dfe3888,1977,201,234,False
0.12,1.25,55c9f5980dfe3888,1978,201,234,False
0.12,1.25,55c9f5980dfe3888,1979,201,234,False
0.12,1.25,55c9f5980dfe3888,1980,201,234,False
0.12,1.25,55c9f5980dfe3888,1981,201,234,False
0.12,1.25,55c9f5980dfe3888,1982,201,235,False
0.12,1.25,55c9f5980dfe3888,1983,201,235,False
0.12,1.25,55c9f5980dfe3888,1984,201,235,False
0.12,1.25,55c9f5980dfe3888,1985,201,235,False
0.12,1.25,55c9f5980dfe3888,1986,202,235,False
0.12,1.25,55c9f5980dfe3888,1987,202,235,False
0.12,1.25,55c9f5980dfe3888,1988,202,235,False
0.12,1.25,55c9f5980dfe3888,1989,202,235,False
0.12,1.25,55c9f5980dfe3888,1990,202,235,False
0.12,1.25,55c9f5980dfe3888,1991,202,236,False
0.12,1.25,55c9f5980dfe3888,1992,202,236,False
0.12,1.25,55c9f5980dfe3888,1993,202,236,False
0.12,1.25,55c9f5980dfe3888,1994,202,236,False
0.12,1.25,55c9f5980dfe3888,1995,203,236,False
0.12,1.25,55c9f5980dfe3888,1996,203,236,False
0.12,1.25,55c9f5980dfe3888,1997,203,236,False
0.12,1.25,55c9f5980dfe3888,1998,203,236,False
0.12,1.25,55c9f5980dfe3888,1999,203,236,False
0.12,1.25,55c9f5980dfe3888,2000,203,237,False
0.12,1.25,55c9f5980dfe3888,2001,203,237,False
0.12,1.25,55c9f5980dfe3888,2002,203,237,False
0.12,1.25,55c9f5980dfe3888,2003,203,237,False
0.12,1.25,55c9f5980dfe3888,2004,204,237,False
0.12,1.25,55c9f5980dfe3888,2005,204,237,False
0.12,1.25,55c9f5980dfe3888,2006,204,237,False
0.12,1.25,55c9f5980dfe3888,2007,204,237,False
0.12,1.25,55c9f5980dfe3888,2008,204,237,False
0.12,1.25,55c9f5980dfe3888,2009,204,238,False
0.12,1.25,55c9f5980dfe3888,2010,204,238,False
0.12,1.25,55c9f5980dfe3888,2011,204,238,False
0.12,1.25,55c9f5980dfe3888,2012,204,238,False
0.12,1.25,55c9f5980dfe3888,2013,205,238,False
0.12,1.25,55c9f5980dfe3888,2014,205,238,False
0.12,1.25,55c9f5980dfe3888,2015,205,238,False
0.12,1.25,55c9f5980dfe3888,2016,205,238,False
0.12,1.25,55c9f5980dfe3888,2017,205,238,False
0.12,1.25,55c9f5980dfe3888,2018,205,238,False
0.12,1.25,55c9f5980dfe3888,2019,205,239,False
0.12,1.25,55c9f5980dfe3888,2020,205,239,False
0.12,1.25,55c9f5980dfe3888,2021,205,239,False
0.12,1.25,55c9f5980dfe3888,2022,206,239,False
0.12,1.25,55c9f5980dfe3888,2023,206,239,False
0.12,1.25,55c9f5980dfe3888,2024,206,239,False
0.12,1.25,55c9f5980dfe3888,2025,206,239,False
0.12,1.25,55c9f5980dfe3888,2026,206,239,False
0.12,1.25,55c9f5980dfe3888,2027,206,239,False
0.12,1.25,55c9f5980dfe3888,2028,206,240,False
0.12,1.25,55c9f5980dfe3888,2029,206,240,False
0.12,1.25,55c9f5980dfe3888,2030,206,240,False
0.12,1.25,55c9f5980dfe3888,2031,206,240,False
0.12,1.25,55c9f5980dfe3888,2032,207,240,False
0.12,1.25,55c9f5980dfe3888,2033,207,240,False
0.12,1.25,55c9f5980dfe3888,2034,207,240,False
0.12,1.25,55c9f5980dfe3888,2035,207,240,False
0.12,1.25,55c9f5980dfe3888,2036,207,240,False
0.12,1.25,55c9f5980dfe3888,2037,207,241,False
0.12,1.25,55c9f5980dfe3888,2038,207,241,False
0.12,1.25,55c9f5980dfe3888,2039,207,241,False
0.12,1.25,55c9f5980dfe3888,2040,207,241,False
0.12,1.25,55c9f5980dfe3888,2041,208,241,False
0.12,1.25,55c9f5980dfe3888,2042,208,241,False
0.12,1.25,55c9f5980dfe3888,2043,208,241,False
0.12,1.25,55c9f5980dfe3888,2044,208,241,False
0.12,1.25,55c9f5980dfe3888,2045,208,241,False
0.12,1.25,55c9f5980dfe3888,2046,208,242,False
0.12,1.25,55c9f5980dfe3888,2047,208,242,False
0.12,1.25,55c9f5980dfe3888,2048,208,242,False
0.12,1.25,55c9f5980dfe3888,2049,208,242,False
0.12,1.25,55c9f5980dfe3888,2050,209,242,False
0.12,1.25,55c9f5980dfe3888,2051,209,242,False
0.12,1.25,55c9f5980dfe3888,2052,209,242,False
0.12,1.25,55c9f5980dfe3888,2053,209,242,False
0.12,1.25,55c9f5980dfe3888,2054,209,242,False
0.12,1.25,55c9f5980dfe3888,2055,209,243,False
0.12,1.25,55c9f5980dfe3888,2056,209,243,False
0.12,1.25,55c9f5980dfe3888,2057,209,243,False
0.12,1.25,55c9f5980dfe3888,2058,209,243,False
0.12,1.25,55c9f5980dfe3888,2059,210,243,False
0.12,1.25,55c9f5980dfe3888,2060,210,243,False
0.12,1.25,55c9f5980dfe3888,2061,210,243,False
0.12,1.25,55c9f5980dfe3888,2062,210,243,False
0.12,1.25,55c9f5980dfe3888,2063,210,243,False
0.12,1.25,55c9f5980dfe3888,2064,210,244,False
0.12,1.25,55c9f5980dfe3888,2065,210,244,False
0.12,1.25,55c9f5980dfe3888,2066,210,244,False
0.12,1.25,55c9f5980dfe3888,2067,210,244,False
0.12,1.25,55c9f5980dfe3888,2068,211,244,False
0.12,1.25,55c9f5980dfe3888,2069,211,244,False
0.12,1.25,55c9f5980dfe3888,2070,211,244,False
0.12,1.25,55c9f5980dfe3888,2071,211,244,False
0.12,1.25,55c9f5980dfe3888,2072,211,244,False
0.12,1.25,55c9f5980dfe3888,2073,211,245,False
0.12,1.25,55c9f5980dfe3888,2074,211,245,False
0.12,1.25,55c9f5980dfe3888,2075,211,245,False
0.12,1.25,55c9f5980dfe3888,2076,211,245,False
0.12,1.25,55c9f5980dfe3888,2077,212,245,False
0.12,1.25,55c9f5980dfe3888,2078,212,245,False
0.12,1.25,55c9f5980dfe3888,2079,212,245,False
0.12,1.25,55c9f5980dfe3888,2080,212,245,False
0.12,1.25,55c9f5980dfe3888,2081,212,245,False
0.12,1.25,55c9f5980dfe3888,2082,212,246,False
0.12,1.25,55c9f5980dfe3888,2083,212,246,False
0.12,1.25,55c9f5980dfe3888,2084,212,246,False
0.12,1.25,55c9f5980dfe3888,2085,212,246,False
0.12,1.25,55c9f5980dfe3888,2086,213,246,False
0.12,1.25,55c9f5980dfe3888,2087,213,246,False
0.12,1.25,55c9f5980dfe3888,2088,213,246,False
0.12,1.25,55c9f5980dfe3888,2089,213,246,False
0.12,1.25,55c9f5980dfe3888,2090,213,246,False
0.12,1.25,55c9f5980dfe3888,2091,213,247,False
0.12,1.25,55c9f5980dfe3888,2092,213,247,False
0.12,1.25,55c9f5980dfe3888,2093,213,247,False
0.12,1.25,55c9f5980dfe3888,2094,213,247,False
0.12,1.25,55c9f5980dfe3888,2095,214,247,False
0.12,1.25,55c9f5980dfe3888,2096,214,247,False
0.12,1.25,55c9f5980dfe3888,2097,214,247,False
0.12,1.25,55c9f5980dfe3888,2098,214,247,False
0.12,1.25,55c9f5980dfe3888,2099,214,247,False
0.12,1.25,55c9f5980dfe3888,2100,214,247,False
0.12,1.25,55c9f5980dfe3888,2101,214,248,False
0.12,1.25,55c9f5980dfe3888,2102,214,248,False
0.12,1.25,55c9f5980dfe3888,2103,214,248,False
0.12,1.25,55c9f5980dfe3888,2104,215,248,False
0.12,1.25,55c9f5980dfe3888,2105,215,248,False
0.12,1.25,55c9f5980dfe3888,2106,215,248,False
0.12,1.25,55c9f5980dfe3888,2107,215,248,False
0.12,1.25,55c9f5980dfe3888,2108,215,248,False
0.12,1.25,55c9f5980dfe3888,2109,215,248,False
0.12,1.25,55c9f5980dfe3888,2110,215,249,False
0.12,1.25,55c9f5980dfe3888,2111,215,249,False
0.12,1.25,55c9f5980dfe3888,2112,215,249,False
0.12,1.25,55c9f5980dfe3888,2113,215,249,False
0.12,1.25,55c9f5980dfe3888,2114,216,249,False
0.12,1.25,55c9f5980dfe3888,2115,216,249,False
0.12,1.25,55c9f5980dfe3888,2116,216,249,False
0.12,1.25,55c9f5980dfe3888,2117,216,249,False
0.12,1.25,55c9f5980dfe3888,2118,216,249,False
0.12,1.25,55c9f5980dfe3888,2119,216,250,False
0.12,1.25,55c9f5980dfe3888,2120,216,250,False
0.12,1.25,55c9f5980dfe3888,2121,216,250,False
0.12,1.25,55c9f5980dfe3888,2122,216,250,False
0.12,1.25,55c9f5980dfe3888,2123,217,250,False
0.12,1.25,55c9f5980dfe3888,2124,217,250,False
0.12,1.25,55c9f5980dfe3888,2125,217,250,False
0.12,1.25,55c9f5980dfe3888,2126,217,250,False
0.12,1.25,55c9f5980dfe3888,2127,217,250,False
0.12,1.25,55c9f5980dfe3888,2128,217,251,False
0.12,1.25,55c9f5980dfe3888,2129,217,251,False
0.12,1.25,55c9f5980dfe3888,2130,217,251,False
0.12,1.25,55c9f5980dfe3888,2131,217,251,False
0.12,1.25,55c9f5980dfe3888,2132,218,251,False
0.12,1.25,55c9f5980dfe3888,2133,218,251,False
0.12,1.25,55c9f5980dfe3888,2134,218,251,False
0.12,1.25,55c9f5980dfe3888,2135,218,251,False
0.12,1.25,55c9f5980dfe3888,2136,218,251,False
0.12,1.25,55c9f5980dfe3888,2137,218,252,False
0.12,1.25,55c9f5980dfe3888,2138,218,252,False
0.12,1.25,55c9f5980dfe3888,2139,218,252,False
0.12,1.25,55c9f5980dfe3888,2140,218,252,False
0.12,1.25,55c9f5980dfe3888,2141,219,252,False
0.12,1.25,55c9f5980dfe3888,2142,219,252,False
0.12,1.25,55c9f5980dfe3888,2143,219,252,False
0.12,1.25,55c9f5980dfe3888,2144,219,252,False
0.12,1.25,55c9f5980dfe3888,2145,219,252,False
0.12,1.25,55c9f5980dfe3888,2146,219,253,False
0.12,1.25,55c9f5980dfe3888,2147,219,253,False
0.12,1.25,55c9f5980dfe3888,2148,219,253,False
0.12,1.25,55c9f5980dfe3888,2149,219,253,False
0.12,1.25,55c9f5980dfe3888,2150,220,253,False
0.12,1.25,55c9f5980dfe3888,2151,220,253,False
0.12,1.25,55c9f5980dfe3888,2152,220,253,False
0.12,1.25,55c9f5980dfe3888,2153,220,253,False
0.12,1.25,55c9f5980dfe3888,2154,220,253,False
0.12,1.25,55c9f5980dfe3888,2155,220,254,False
0.12,1.25,55c9f5980dfe3888,2156,220,254,False
0.12,1.25,55c9f5980dfe3888,2157,220,254,False
0.12,1.25,55c9f5980dfe3888,2158,220,254,False
0.12,1.25,55c9f5980dfe3888,2159,221,254,False
0.12,1.25,55c9f5980dfe3888,2160,221,254,False
0.12,1.25,55c9f5980dfe3888,2161,221,254,False
0.12,1.25,55c9f5980dfe3888,2162,221,254,False
0.12,1.25,55c9f5980dfe3888,2163,221,254,False
0.12,1.25,55c9f5980dfe3888,2164,221,255,False
0.12,1.25,55c9f5980dfe3888,2165,221,255,False
0.12,1.25,55c9f5980dfe3888,2166,221,255,False
0.12,1.25,55c9f5980dfe3888,2167,221,255,False
0.12,1.25,55c9f5980dfe3888,2168,222,255,False
0.12,1.25,55c9f5980dfe3888,2169,222,255,False
0.12,1.25,55c9f5980dfe3888,2170,222,255,False
0.12,1.25,55c9f5980dfe3888,2171,222,255,False
0.12,1.25,55c9f5980dfe3888,2172,222,255,False
0.12,1.25,55c9f5980dfe3888,2173,222,256,False
0.12,1.25,55c9f5980dfe3888,2174,222,256,False
0.12,1.25,55c9f5980dfe3888,2175,222,256,False
0.12,1.25,55c9f5980dfe3888,2176,222,256,False
0.12,1.25,55c9f5980dfe3888,2177,223,256,False
0.12,1.25,55c9f5980dfe3888,2178,223,256,False
0.12,1.25,55c9f5980dfe3888,2179,223,256,False
0.12,1.25,55c9f5980dfe3888,2180,223,256,False
0.12,1.25,55c9f5980dfe3888,2181,223,256,False
0.12,1.25,55c9f5980dfe3888,2182,223,256,False
0.12,1.25,55c9f5980dfe3888,2183,223,257,False
0.12,1.25,55c9f5980dfe3888,2184,223,257,False
0.12,1.25,55c9f5980dfe3888,2185,223,257,False
0.12,1.25,55c9f5980dfe3888,2186,224,257,False
0.12,1.25,55c9f5980dfe3888,2187,224,257,False
0.12,1.25,55c9f5980dfe3888,2188,224,257,False
0.12,1.25,55c9f5980dfe3888,2189,224,257,False
0.12,1.25,55c9f5980dfe3888,2190,224,257,False
0.12,1.25,55c9f5980dfe3888,2191,224,257,False
0.12,1.25,55c9f5980dfe3888,2192,224,258,False
0.12,1.25,55c9f5980dfe3888,2193,224,258,False
0.12,1.25,55c9f5980dfe3888,2194,224,258,False
0.12,1.25,55c9f5980dfe3888,2195,224,258,False
0.12,1.25,55c9f5980dfe3888,2196,225,258,False
0.12,1.25,55c9f5980dfe3888,2197,225,258,False
0.12,1.25,55c9f5980dfe3888,2198,225,258,False
0.12,1.25,55c9f5980dfe3888,2199,225,258,False
0.12,1.25,55c9f5980dfe3888,2200,225,258,False
0.12,1.25,55c9f5980dfe3888,2201,225,259,False
0.12,1.25,55c9f5980dfe3888,2202,225,259,False
0.12,1.25,55c9f5980dfe3888,2203,225,259,False
0.12,1.25,55c9f5980dfe3888,2204,225,259,False
0.12,1.25,55c9f5980dfe3888,2205,226,259,False
0.12,1.25,55c9f5980dfe3888,2206,226,259,False
0.12,1.25,55c9f5980dfe3888,2207,226,259,False
0.12,1.25,55c9f5980dfe3888,2208,226,259,False
0.12,1.25,55c9f5980dfe3888,2209,226,259,False
0.12,1.25,55c9f5980dfe3888,2210,226,260,False
0.12,1.25,55c9f5980dfe3888,2211,226,260,False
0.12,1.25,55c9f5980dfe3888,2212,226,260,False
0.12,1.25,55c9f5980dfe3888,2213,226,260,False
0.12,1.25,55c9f5980dfe3888,2214,227,260,False
0.12,1.25,55c9f5980dfe3888,2215,227,260,False
0.12,1.25,55c9f5980dfe3888,2216,227,260,False
0.12,1.25,55c9f5980dfe3888,2217,227,260,False
0.12,1.25,55c9f5980dfe3888,2218,227,260,False
0.12,1.25,55c9f5980dfe3888,2219,227,261,False
0.12,1.25,55c9f5980dfe3888,2220,227,261,False
0.12,1.25,55c9f5980dfe3888,2221,227,261,False
0.12,1.25,55c9f5980dfe3888,2222,227,261,False
0.12,1.25,55c9f5980dfe3888,2223,228,261,False
0.12,1.25,55c9f5980dfe3888,2224,228,261,False
0.12,1.25,55c9f5980dfe3888,2225,228,261,False
0.12,1.25,55c9f5980dfe3888,2226,228,261,False
0.12,1.25,55c9f5980dfe3888,2227,247,248,True
0.12,1.5,33c83aa82c39003f,1,,,False
0.12,1.5,33c83aa82c39003f,2,,,False
0.12,1.5,33c83aa82c39003f,3,,,False
0.12,1.5,33c83aa82c39003f,4,,,False
0.12,1.5,33c83aa82c39003f,5,,,False
0.12,1.5,33c83aa82c39003f,6,,,False
0.12,1.5,33c83aa82c39003f,7,,,False
0.12,1.5,33c83aa82c39003f,8,,,False
0.12,1.5,33c83aa82c39003f,9,,,False
0.12,1.5,33c83aa82c39003f,10,,,False
0.12,1.5,33c83aa82c39003f,11,,,False
0.12,1.5,33c83aa82c39003f,12,,,False
0.12,1.5,33c83aa82c39003f,13,,,False
0.12,1.5,33c83aa82c39003f,14,,,False
0.12,1.5,33c83aa82c39003f,15,,,False
0.12,1.5,33c83aa82c39003f,16,,16,False
0.12,1.5,33c83aa82c39003f,17,,16,False
0.12,1.5,33c83aa82c39003f,18,,17,False
0.12,1.5,33c83aa82c39003f,19,,17,False
0.12,1.5,33c83aa82c39003f,20,,17,False
0.12,1.5,33c83aa82c39003f,21,,17,False
0.12,1.5,33c83aa82c39003f,22,,17,False
0.12,1.5,33c83aa82c39003f,23,,17,False
0.12,1.5,33c83aa82c39003f,24,,17,False
0.12,1.5,33c83aa82c39003f,25,,17,False
0.12,1.5,33c83aa82c39003f,26,,17,False
0.12,1.5,33c83aa82c39003f,27,,18,False
0.12,1.5,33c83aa82c39003f,28,,18,False
0.12,1.5,33c83aa82c39003f,29,,18,False
0.12,1.5,33c83aa82c39003f,30,,18,False
0.12,1.5,33c83aa82c39003f,31,,18,False
0.12,1.5,33c83aa82c39003f,32,,18,False
0.12,1.5,33c83aa82c39003f,33,,18,False
0.12,1.5,33c83aa82c39003f,34,,18,False
0.12,1.5,33c83aa82c39003f,35,,18,False
0.12,1.5,33c83aa82c39003f,36,,19,False
0.12,1.5,33c83aa82c39003f,37,,19,False
0.12,1.5,33c83aa82c39003f,38,,19,False
0.12,1.5,33c83aa82c39003f,39,,19,False
0.12,1.5,33c83aa82c39003f,40,,19,False
0.12,1.5,33c83aa82c39003f,41,,19,False
0.12,1.5,33c83aa82c39003f,42,,19,False
0.12,1.5,33c83aa82c39003f,43,,19,False
0.12,1.5,33c83aa82c39003f,44,,19,False
0.12,1.5,33c83aa82c39003f,45,,20,False
0.12,1.5,33c83aa82c39003f,46,,20,False
0.12,1.5,33c83aa82c39003f,47,,20,False
0.12,1.5,33c83aa82c39003f,48,,20,False
0.12,1.5,33c83aa82c39003f,49,,20,False
0.12,1.5,33c83aa82c39003f,50,,20,False
0.12,1.5,33c83aa82c39003f,51,,20,False
0.12,1.5,33c83aa82c39003f,52,,20,False
0.12,1.5,33c83aa82c39003f,53,,20,False
0.12,1.5,33c83aa82c39003f,54,,21,False
0.12,1.5,33c83aa82c39003f,55,,21,False
0.12,1.5,33c83aa82c39003f,56,,21,False
0.12,1.5,33c83aa82c39003f,57,,21,False
0.12,1.5,33c83aa82c39003f,58,,21,False
0.12,1.5,33c83aa82c39003f,59,,21,False
0.12,1.5,33c83aa82c39003f,60,,21,False
0.12,1.5,33c83aa82c39003f,61,,21,False
0.12,1.5,33c83aa82c39003f,62,,21,False
0.12,1.5,33c83aa82c39003f,63,,22,False
0.12,1.5,33c83aa82c39003f,64,,22,False
0.12,1.5,33c83aa82c39003f,65,,22,False
0.12,1.5,33c83aa82c39003f,66,,22,False
0.12,1.5,33c83aa82c39003f,67,,22,False
0.12,1.5,33c83aa82c39003f,68,,22,False
0.12,1.5,33c83aa82c39003f,69,,22,False
0.12,1.5,33c83aa82c39003f,70,,22,False
0.12,1.5,33c83aa82c39003f,71,,22,False
0.12,1.5,33c83aa82c39003f,72,,23,False
0.12,1.5,33c83aa82c39003f,73,,23,False
0.12,1.5,33c83aa82c39003f,74,,23,False
0.12,1.5,33c83aa82c39003f,75,,23,False
0.12,1.5,33c83aa82c39003f,76,,23,False
0.12,1.5,33c83aa82c39003f,77,,23,False
0.12,1.5,33c83aa82c39003f,78,,23,False
0.12,1.5,33c83aa82c39003f,79,,23,False
0.12,1.5,33c83aa82c39003f,80,,23,False
0.12,1.5,33c83aa82c39003f,81,,24,False
0.12,1.5,33c83aa82c39003f,82,,24,False
0.12,1.5,33c83aa82c39003f,83,,24,False
0.12,1.5,33c83aa82c39003f,84,,24,False
0.12,1.5,33c83aa82c39003f,85,,24,False
0.12,1.5,33c83aa82c39003f,86,,24,False
0.12,1.5,33c83aa82c39003f,87,,24,False
0.12,1.5,33c83aa82c39003f,88,,24,False
0.12,1.5,33c83aa82c39003f,89,,24,False
0.12,1.5,33c83aa82c39003f,90,,24,False
0.12,1.5,33c83aa82c39003f,91,,25,False
0.12,1.5,33c83aa82c39003f,92,,25,False
0.12,1.5,33c83aa82c39003f,93,,25,False
0.12,1.5,33c83aa82c39003f,94,,25,False
0.12,1.5,33c83aa82c39003f,95,,25,False
0.12,1.5,33c83aa82c39003f,96,,25,False
0.12,1.5,33c83aa82c39003f,97,,25,False
0.12,1.5,33c83aa82c39003f,98,,25,False
0.12,1.5,33c83aa82c39003f,99,,25,False
0.12,1.5,33c83aa82c39003f,100,,26,False
0.12,1.5,33c83aa82c39003f,101,,26,False
0.12,1.5,33c83aa82c39003f,102,,26,False
0.12,1.5,33c83aa82c39003f,103,,26,False
0.12,1.5,33c83aa82c39003f,104,,26,False
0.12,1.5,33c83aa82c39003f,105,,26,False
0.12,1.5,33c83aa82c39003f,106,,26,False
0.12,1.5,33c83aa82c39003f,107,,26,False
0.12,1.5,33c83aa82c39003f,108,,26,False
0.12,1.5,33c83aa82c39003f,109,,27,False
0.12,1.5,33c83aa82c39003f,110,,27,False
0.12,1.5,33c83aa82c39003f,111,,27,False
0.12,1.5,33c83aa82c39003f,112,,27,False
0.12,1.5,33c83aa82c39003f,113,,27,False
0.12,1.5,33c83aa82c39003f,114,,27,False
0.12,1.5,33c83aa82c39003f,115,,27,False
0.12,1.5,33c83aa82c39003f,116,,27,False
0.12,1.5,33c83aa82c39003f,117,,27,False
0.12,1.5,33c83aa82c39003f,118,,28,False
0.12,1.5,33c83aa82c39003f,119,,28,False
0.12,1.5,33c83aa82c39003f,120,,28,False
0.12,1.5,33c83aa82c39003f,121,,28,False
0.12,1.5,33c83aa82c39003f,122,,28,False
0.12,1.5,33c83aa82c39003f,123,,28,False
0.12,1.5,33c83aa82c39003f,124,,28,False
0.12,1.5,33c83aa82c39003f,125,,28,False
0.12,1.5,33c83aa82c39003f,126,,28,False
0.12,1.5,33c83aa82c39003f,127,,29,False
0.12,1.5,33c83aa82c39003f,128,,29,False
0.12,1.5,33c83aa82c39003f,129,,29,False
0.12,1.5,33c83aa82c39003f,130,,29,False
0.12,1.5,33c83aa82c39003f,131,,29,False
0.12,1.5,33c83aa82c39003f,132,,29,False
0.12,1.5,33c83aa82c39003f,133,,29,False
0.12,1.5,33c83aa82c39003f,134,,29,False
0.12,1.5,33c83aa82c39003f,135,,29,False
0.12,1.5,33c83aa82c39003f,136,,30,False
0.12,1.5,33c83aa82c39003f,137,,30,False
0.12,1.5,33c83aa82c39003f,138,,30,False
0.12,1.5,33c83aa82c39003f,139,,30,False
0.12,1.5,33c83aa82c39003f,140,,30,False
0.12,1.5,33c83aa82c39003f,141,,30,False
0.12,1.5,33c83aa82c39003f,142,,30,False
0.12,1.5,33c83aa82c39003f,143,,30,False
0.12,1.5,33c83aa82c39003f,144,,30,False
0.12,1.5,33c83aa82c39003f,145,0,31,False
0.12,1.5,33c83aa82c39003f,146,0,31,False
0.12,1.5,33c83aa82c39003f,147,0,31,False
0.12,1.5,33c83aa82c39003f,148,0,31,False
0.12,1.5,33c83aa82c39003f,149,0,31,False
0.12,1.5,33c83aa82c39003f,150,0,31,False
0.12,1.5,33c83aa82c39003f,151,0,31,False
0.12,1.5,33c83aa82c39003f,152,0,31,False
0.12,1.5,33c83aa82c39003f,153,0,31,False
0.12,1.5,33c83aa82c39003f,154,1,32,False
0.12,1.5,33c83aa82c39003f,155,1,32,False
0.12,1.5,33c83aa82c39003f,156,1,32,False
0.12,1.5,33c83aa82c39003f,157,1,32,False
0.12,1.5,33c83aa82c39003f,158,1,32,False
0.12,1.5,33c83aa82c39003f,159,1,32,False
0.12,1.5,33c83aa82c39003f,160,1,32,False
0.12,1.5,33c83aa82c39003f,161,1,32,False
0.12,1.5,33c83aa82c39003f,162,1,32,False
0.12,1.5,33c83aa82c39003f,163,2,33,False
0.12,1.5,33c83aa82c39003f,164,2,33,False
0.12,1.5,33c83aa82c39003f,165,2,33,False
0.12,1.5,33c83aa82c39003f,166,2,33,False
0.12,1.5,33c83aa82c39003f,167,2,33,False
0.12,1.5,33c83aa82c39003f,168,2,33,False
0.12,1.5,33c83aa82c39003f,169,2,33,False
0.12,1.5,33c83aa82c39003f,170,2,33,False
0.12,1.5,33c83aa82c39003f,171,2,33,False
0.12,1.5,33c83aa82c39003f,172,2,33,False
0.12,1.5,33c83aa82c39003f,173,3,34,False
0.12,1.5,33c83aa82c39003f,174,3,34,False
0.12,1.5,33c83aa82c39003f,175,3,34,False
0.12,1.5,33c83aa82c39003f,176,3,34,False
0.12,1.5,33c83aa82c39003f,177,3,34,False
0.12,1.5,33c83aa82c39003f,178,3,34,False
0.12,1.5,33c83aa82c39003f,179,3,34,False
0.12,1.5,33c83aa82c39003f,180,3,34,False
0.12,1.5,33c83aa82c39003f,181,3,34,False
0.12,1.5,33c83aa82c39003f,182,4,35,False
0.12,1.5,33c83aa82c39003f,183,4,35,False
0.12,1.5,33c83aa82c39003f,184,4,35,False
0.12,1.5,33c83aa82c39003f,185,4,35,False
0.12,1.5,33c83aa82c39003f,186,4,35,False
0.12,1.5,33c83aa82c39003f,187,4,35,False
0.12,1.5,33c83aa82c39003f,188,4,35,False
0.12,1.5,33c83aa82c39003f,189,4,35,False
0.12,1.5,33c83aa82c39003f,190,4,35,False
0.12,1.5,33c83aa82c39003f,191,5,36,False
0.12,1.5,33c83aa82c39003f,192,5,36,False
0.12,1.5,33c83aa82c39003f,193,5,36,False
0.12,1.5,33c83aa82c39003f,194,5,36,False
0.12,1.5,33c83aa82c39003f,195,5,36,False
0.12,1.5,33c83aa82c39003f,196,5,36,False
0.12,1.5,33c83aa82c39003f,197,5,36,False
0.12,1.5,33c83aa82c39003f,198,5,36,False
0.12,1.5,33c83aa82c39003f,199,5,36,False
0.12,1.5,33c83aa82c39003f,200,6,37,False
0.12,1.5,33c83aa82c39003f,201,6,37,False
0.12,1.5,33c83aa82c39003f,202,6,37,False
0.12,1.5,33c83aa82c39003f,203,6,37,False
0.12,1.5,33c83aa82c39003f,204,6,37,False
0.12,1.5,33c83aa82c39003f,205,6,37,False
0.12,1.5,33c83aa82c39003f,206,6,37,False
0.12,1.5,33c83aa82c39003f,207,6,37,False
0.12,1.5,33c83aa82c39003f,208,6,37,False
0.12,1.5,33c83aa82c39003f,209,7,38,False
0.12,1.5,33c83aa82c39003f,210,7,38,False
0.12,1.5,33c83aa82c39003f,211,7,38,False
0.12,1.5,33c83aa82c39003f,212,7,38,False
0.12,1.5,33c83aa82c39003f,213,7,38,False
0.12,1.5,33c83aa82c39003f,214,7,38,False
0.12,1.5,33c83aa82c39003f,215,7,38,False
0.12,1.5,33c83aa82c39003f,216,7,38,False
0.12,1.5,33c83aa82c39003f,217,7,38,False
0.12,1.5,33c83aa82c39003f,218,8,39,False
0.12,1.5,33c83aa82c39003f,219,8,39,False
0.12,1.5,33c83aa82c39003f,220,8,39,False
0.12,1.5,33c83aa82c39003f,221,8,39,False
0.12,1.5,33c83aa82c39003f,222,8,39,False
0.12,1.5,33c83aa82c39003f,223,8,39,False
0.12,1.5,33c83aa82c39003f,224,8,39,False
0.12,1.5,33c83aa82c39003f,225,8,39,False
0.12,1.5,33c83aa82c39003f,226,8,39,False
0.12,1.5,33c83aa82c39003f,227,9,40,False
0.12,1.5,33c83aa82c39003f,228,9,40,False
0.12,1.5,33c83aa82c39003f,229,9,40,False
0.12,1.5,33c83aa82c39003f,230,9,40,False
0.12,1.5,33c83aa82c39003f,231,9,40,False
0.12,1.5,33c83aa82c39003f,232,9,40,False
0.12,1.5,33c83aa82c39003f,233,9,40,False
0.12,1.5,33c83aa82c39003f,234,9,40,False
0.12,1.5,33c83aa82c39003f,235,9,40,False
0.12,1.5,33c83aa82c39003f,236,10,41,False
0.12,1.5,33c83aa82c39003f,237,10,41,False
0.12,1.5,33c83aa82c39003f,238,10,41,False
0.12,1.5,33c83aa82c39003f,239,10,41,False
0.12,1.5,33c83aa82c39003f,240,10,41,False
0.12,1.5,33c83aa82c39003f,241,10,41,False
0.12,1.5,33c83aa82c39003f,242,10,41,False
0.12,1.5,33c83aa82c39003f,243,10,41,False
0.12,1.5,33c83aa82c39003f,244,10,41,False
0.12,1.5,33c83aa82c39003f,245,11,41,False
0.12,1.5,33c83aa82c39003f,246,11,42,False
0.12,1.5,33c83aa82c39003f,247,11,42,False
0.12,1.5,33c83aa82c39003f,248,11,42,False
0.12,1.5,33c83aa82c39003f,249,11,42,False
0.12,1.5,33c83aa82c39003f,250,11,42,False
0.12,1.5,33c83aa82c39003f,251,11,42,False
0.12,1.5,33c83aa82c39003f,252,11,42,False
0.12,1.5,33c83aa82c39003f,253,11,42,False
0.12,1.5,33c83aa82c39003f,254,11,42,False
0.12,1.5,33c83aa82c39003f,255,12,43,False
0.12,1.5,33c83aa82c39003f,256,12,43,False
0.12,1.5,33c83aa82c39003f,257,12,43,False
0.12,1.5,33c83aa82c39003f,258,12,43,False
0.12,1.5,33c83aa82c39003f,259,12,43,False
0.12,1.5,33c83aa82c39003f,260,12,43,False
0.12,1.5,33c83aa82c39003f,261,12,43,False
0.12,1.5,33c83aa82c39003f,262,12,43,False
0.12,1.5,33c83aa82c39003f,263,12,43,False
0.12,1.5,33c83aa82c39003f,264,13,44,False
0.12,1.5,33c83aa82c39003f,265,13,44,False
0.12,1.5,33c83aa82c39003f,266,13,44,False
0.12,1.5,33c83aa82c39003f,267,13,44,False
0.12,1.5,33c83aa82c39003f,268,13,44,False
0.12,1.5,33c83aa82c39003f,269,13,44,False
0.12,1.5,33c83aa82c39003f,270,13,44,False
0.12,1.5,33c83aa82c39003f,271,13,44,False
0.12,1.5,33c83aa82c39003f,272,13,44,False
0.12,1.5,33c83aa82c39003f,273,14,45,False
0.12,1.5,33c83aa82c39003f,274,14,45,False
0.12,1.5,33c83aa82c39003f,275,14,45,False
0.12,1.5,33c83aa82c39003f,276,14,45,False
0.12,1.5,33c83aa82c39003f,277,14,45,False
0.12,1.5,33c83aa82c39003f,278,14,45,False
0.12,1.5,33c83aa82c39003f,279,14,45,False
0.12,1.5,33c83aa82c39003f,280,14,45,False
0.12,1.5,33c83aa82c39003f,281,14,45,False
0.12,1.5,33c83aa82c39003f,282,15,46,False
0.12,1.5,33c83aa82c39003f,283,15,46,False
0.12,1.5,33c83aa82c39003f,284,15,46,False
0.12,1.5,33c83aa82c39003f,285,15,46,False
0.12,1.5,33c83aa82c39003f,286,15,46,False
0.12,1.5,33c83aa82c39003f,287,15,46,False
0.12,1.5,33c83aa82c39003f,288,15,46,False
0.12,1.5,33c83aa82c39003f,289,15,46,False
0.12,1.5,33c83aa82c39003f,290,15,46,False
0.12,1.5,33c83aa82c39003f,291,16,47,False
0.12,1.5,33c83aa82c39003f,292,16,47,False
0.12,1.5,33c83aa82c39003f,293,16,47,False
0.12,1.5,33c83aa82c39003f,294,16,47,False
0.12,1.5,33c83aa82c39003f,295,16,47,False
0.12,1.5,33c83aa82c39003f,296,16,47,False
0.12,1.5,33c83aa82c39003f,297,16,47,False
0.12,1.5,33c83aa82c39003f,298,16,47,False
0.12,1.5,33c83aa82c39003f,299,16,47,False
0.12,1.5,33c83aa82c39003f,300,17,48,False
0.12,1.5,33c83aa82c39003f,301,17,48,False
0.12,1.5,33c83aa82c39003f,302,17,48,False
0.12,1.5,33c83aa82c39003f,303,17,48,False
0.12,1.5,33c83aa82c39003f,304,17,48,False
0.12,1.5,33c83aa82c39003f,305,17,48,False
0.12,1.5,33c83aa82c39003f,306,17,48,False
0.12,1.5,33c83aa82c39003f,307,17,48,False
0.12,1.5,33c83aa82c39003f,308,17,48,False
0.12,1.5,33c83aa82c39003f,309,18,49,False
0.12,1.5,33c83aa82c39003f,310,18,49,False
0.12,1.5,33c83aa82c39003f,311,18,49,False
0.12,1.5,33c83aa82c39003f,312,18,49,False
0.12,1.5,33c83aa82c39003f,313,18,49,False
0.12,1.5,33c83aa82c39003f,314,18,49,False
0.12,1.5,33c83aa82c39003f,315,18,49,False
0.12,1.5,33c83aa82c39003f,316,18,49,False
0.12,1.5,33c83aa82c39003f,317,18,49,False
0.12,1.5,33c83aa82c39003f,318,19,50,False
0.12,1.5,33c83aa82c39003f,319,19,50,False
0.12,1.5,33c83aa82c39003f,320,19,50,False
0.12,1.5,33c83aa82c39003f,321,19,50,False
0.12,1.5,33c83aa82c39003f,322,19,50,False
0.12,1.5,33c83aa82c39003f,323,19,50,False
0.12,1.5,33c83aa82c39003f,324,19,50,False
0.12,1.5,33c83aa82c39003f,325,19,50,False
0.12,1.5,33c83aa82c39003f,326,19,50,False
0.12,1.5,33c83aa82c39003f,327,20,50,False
0.12,1.5,33c83aa82c39003f,328,20,51,False
0.12,1.5,33c83aa82c39003f,329,20,51,False
0.12,1.5,33c83aa82c39003f,330,20,51,False
0.12,1.5,33c83aa82c39003f,331,20,51,False
0.12,1.5,33c83aa82c39003f,332,20,51,False
0.12,1.5,33c83aa82c39003f,333,20,51,False
0.12,1.5,33c83aa82c39003f,334,20,51,False
0.12,1.5,33c83aa82c39003f,335,20,51,False
0.12,1.5,33c83aa82c39003f,336,20,51,False
0.12,1.5,33c83aa82c39003f,337,21,52,False
0.12,1.5,33c83aa82c39003f,338,21,52,False
0.12,1.5,33c83aa82c39003f,339,21,52,False
0.12,1.5,33c83aa82c39003f,340,21,52,False
0.12,1.5,33c83aa82c39003f,341,21,52,False
0.12,1.5,33c83aa82c39003f,342,21,52,False
0.12,1.5,33c83aa82c39003f,343,21,52,False
0.12,1.5,33c83aa82c39003f,344,21,52,False
0.12,1.5,33c83aa82c39003f,345,21,52,False
0.12,1.5,33c83aa82c39003f,346,22,53,False
0.12,1.5,33c83aa82c39003f,347,22,53,False
0.12,1.5,33c83aa82c39003f,348,22,53,False
0.12,1.5,33c83aa82c39003f,349,22,53,False
0.12,1.5,33c83aa82c39003f,350,22,53,False
0.12,1.5,33c83aa82c39003f,351,22,53,False
0.12,1.5,33c83aa82c39003f,352,22,53,False
0.12,1.5,33c83aa82c39003f,353,22,53,False
0.12,1.5,33c83aa82c39003f,354,22,53,False
0.12,1.5,33c83aa82c39003f,355,23,54,False
0.12,1.5,33c83aa82c39003f,356,23,54,False
0.12,1.5,33c83aa82c39003f,357,23,54,False
0.12,1.5,33c83aa82c39003f,358,23,54,False
0.12,1.5,33c83aa82c39003f,359,23,54,False
0.12,1.5,33c83aa82c39003f,360,23,54,False
0.12,1.5,33c83aa82c39003f,361,23,54,False
0.12,1.5,33c83aa82c39003f,362,23,54,False
0.12,1.5,33c83aa82c39003f,363,23,54,False
0.12,1.5,33c83aa82c39003f,364,24,55,False
0.12,1.5,33c83aa82c39003f,365,24,55,False
0.12,1.5,33c83aa82c39003f,366,24,55,False
0.12,1.5,33c83aa82c39003f,367,24,55,False
0.12,1.5,33c83aa82c39003f,368,24,55,False
0.12,1.5,33c83aa82c39003f,369,24,55,False
0.12,1.5,33c83aa82c39003f,370,24,55,False
0.12,1.5,33c83aa82c39003f,371,24,55,False
0.12,1.5,33c83aa82c39003f,372,24,55,False
0.12,1.5,33c83aa82c39003f,373,25,56,False
0.12,1.5,33c83aa82c39003f,374,25,56,False
0.12,1.5,33c83aa82c39003f,375,25,56,False
0.12,1.5,33c83aa82c39003f,376,25,56,False
0.12,1.5,33c83aa82c39003f,377,25,56,False
0.12,1.5,33c83aa82c39003f,378,25,56,False
0.12,1.5,33c83aa82c39003f,379,25,56,False
0.12,1.5,33c83aa82c39003f,380,25,56,False
0.12,1.5,33c83aa82c39003f,381,25,56,False
0.12,1.5,33c83aa82c39003f,382,26,57,False
0.12,1.5,33c83aa82c39003f,383,26,57,False
0.12,1.5,33c83aa82c39003f,384,26,57,False
0.12,1.5,33c83aa82c39003f,385,26,57,False
0.12,1.5,33c83aa82c39003f,386,26,57,False
0.12,1.5,33c83aa82c39003f,387,26,57,False
0.12,1.5,33c83aa82c39003f,388,26,57,False
0.12,1.5,33c83aa82c39003f,389,26,57,False
0.12,1.5,33c83aa82c39003f,390,26,57,False
0.12,1.5,33c83aa82c39003f,391,27,58,False
0.12,1.5,33c83aa82c39003f,392,27,58,False
0.12,1.5,33c83aa82c39003f,393,27,58,False
0.12,1.5,33c83aa82c39003f,394,27,58,False
0.12,1.5,33c83aa82c39003f,395,27,58,False
0.12,1.5,33c83aa82c39003f,396,27,58,False
0.12,1.5,33c83aa82c39003f,397,27,58,False
0.12,1.5,33c83aa82c39003f,398,27,58,False
0.12,1.5,33c83aa82c39003f,399,27,58,False
0.12,1.5,33c83aa82c39003f,400,28,59,False
0.12,1.5,33c83aa82c39003f,401,28,59,False
0.12,1.5,33c83aa82c39003f,402,28,59,False
0.12,1.5,33c83aa82c39003f,403,28,59,False
0.12,1.5,33c83aa82c39003f,404,28,59,False
0.12,1.5,33c83aa82c39003f,405,28,59,False
0.12,1.5,33c83aa82c39003f,406,28,59,False
0.12,1.5,33c83aa82c39003f,407,28,59,False
0.12,1.5,33c83aa82c39003f,408,28,59,False
0.12,1.5,33c83aa82c39003f,409,29,59,False
0.12,1.5,33c83aa82c39003f,410,29,60,False
0.12,1.5,33c83aa82c39003f,411,29,60,False
0.12,1.5,33c83aa82c39003f,412,29,60,False
0.12,1.5,33c83aa82c39003f,413,29,60,False
0.12,1.5,33c83aa82c39003f,414,29,60,False
0.12,1.5,33c83aa82c39003f,415,29,60,False
0.12,1.5,33c83aa82c39003f,416,29,60,False
0.12,1.5,33c83aa82c39003f,417,29,60,False
0.12,1.5,33c83aa82c39003f,418,29,60,False
0.12,1.5,33c83aa82c39003f,419,30,61,False
0.12,1.5,33c83aa82c39003f,420,30,61,False
0.12,1.5,33c83aa82c39003f,421,30,61,False
0.12,1.5,33c83aa82c39003f,422,30,61,False
0.12,1.5,33c83aa82c39003f,423,30,61,False
0.12,1.5,33c83aa82c39003f,424,30,61,False
0.12,1.5,33c83aa82c39003f,425,30,61,False
0.12,1.5,33c83aa82c39003f,426,30,61,False
0.12,1.5,33c83aa82c39003f,427,30,61,False
0.12,1.5,33c83aa82c39003f,428,31,62,False
0.12,1.5,33c83aa82c39003f,429,31,62,False
0.12,1.5,33c83aa82c39003f,430,31,62,False
0.12,1.5,33c83aa82c39003f,431,31,62,False
0.12,1.5,33c83aa82c39003f,432,31,62,False
0.12,1.5,33c83aa82c39003f,433,31,62,False
0.12,1.5,33c83aa82c39003f,434,31,62,False
0.12,1.5,33c83aa82c39003f,435,31,62,False
0.12,1.5,33c83aa82c39003f,436,31,62,False
0.12,1.5,33c83aa82c39003f,437,32,63,False
0.12,1.5,33c83aa82c39003f,438,32,63,False
0.12,1.5,33c83aa82c39003f,439,32,63,False
0.12,1.5,33c83aa82c39003f,440,32,63,False
0.12,1.5,33c83aa82c39003f,441,32,63,False
0.12,1.5,33c83aa82c39003f,442,32,63,False
0.12,1.5,33c83aa82c39003f,443,32,63,False
0.12,1.5,33c83aa82c39003f,444,32,63,False
0.12,1.5,33c83aa82c39003f,445,32,63,False
0.12,1.5,33c83aa82c39003f,446,33,64,False
0.12,1.5,33c83aa82c39003f,447,33,64,False
0.12,1.5,33c83aa82c39003f,448,33,64,False
0.12,1.5,33c83aa82c39003f,449,33,64,False
0.12,1.5,33c83aa82c39003f,450,33,64,False
0.12,1.5,33c83aa82c39003f,451,33,64,False
0.12,1.5,33c83aa82c39003f,452,33,64,False
0.12,1.5,33c83aa82c39003f,453,33,64,False
0.12,1.5,33c83aa82c39003f,454,33,64,False
0.12,1.5,33c83aa82c39003f,455,34,65,False
0.12,1.5,33c83aa82c39003f,456,34,65,False
0.12,1.5,33c83aa82c39003f,457,34,65,False
0.12,1.5,33c83aa82c39003f,458,34,65,False
0.12,1.5,33c83aa82c39003f,459,34,65,False
0.12,1.5,33c83aa82c39003f,460,34,65,False
0.12,1.5,33c83aa82c39003f,461,34,65,False
0.12,1.5,33c83aa82c39003f,462,34,65,False
0.12,1.5,33c83aa82c39003f,463,34,65,False
0.12,1.5,33c83aa82c39003f,464,35,66,False
0.12,1.5,33c83aa82c39003f,465,35,66,False
0.12,1.5,33c83aa82c39003f,466,35,66,False
0.12,1.5,33c83aa82c39003f,467,35,66,False
0.12,1.5,33c83aa82c39003f,468,35,66,False
0.12,1.5,33c83aa82c39003f,469,35,66,False
0.12,1.5,33c83aa82c39003f,470,35,66,False
0.12,1.5,33c83aa82c39003f,471,35,66,False
0.12,1.5,33c83aa82c39003f,472,35,66,False
0.12,1.5,33c83aa82c39003f,473,36,67,False
0.12,1.5,33c83aa82c39003f,474,36,67,False
0.12,1.5,33c83aa82c39003f,475,36,67,False
0.12,1.5,33c83aa82c39003f,476,36,67,False
0.12,1.5,33c83aa82c39003f,477,36,67,False
0.12,1.5,33c83aa82c39003f,478,36,67,False
0.12,1.5,33c83aa82c39003f,479,36,67,False
0.12,1.5,33c83aa82c39003f,480,36,67,False
0.12,1.5,33c83aa82c39003f,481,36,67,False
0.12,1.5,33c83aa82c39003f,482,37,68,False
0.12,1.5,33c83aa82c39003f,483,37,68,False
0.12,1.5,33c83aa82c39003f,484,37,68,False
0.12,1.5,33c83aa82c39003f,485,37,68,False
0.12,1.5,33c83aa82c39003f,486,37,68,False
0.12,1.5,33c83aa82c39003f,487,37,68,False
0.12,1.5,33c83aa82c39003f,488,37,68,False
0.12,1.5,33c83aa82c39003f,489,37,68,False
0.12,1.5,33c83aa82c39003f,490,37,68,False
0.12,1.5,33c83aa82c39003f,491,38,68,False
0.12,1.5,33c83aa82c39003f,492,38,69,False
0.12,1.5,33c83aa82c39003f,493,38,69,False
0.12,1.5,33c83aa82c39003f,494,38,69,False
0.12,1.5,33c83aa82c39003f,495,38,69,False
0.12,1.5,33c83aa82c39003f,496,38,69,False
0.12,1.5,33c83aa82c39003f,497,38,69,False
0.12,1.5,33c83aa82c39003f,498,38,69,False
0.12,1.5,33c83aa82c39003f,499,38,69,False
0.12,1.5,33c83aa82c39003f,500,38,69,False
0.12,1.5,33c83aa82c39003f,501,39,70,False
0.12,1.5,33c83aa82c39003f,502,39,70,False
0.12,1.5,33c83aa82c39003f,503,39,70,False
0.12,1.5,33c83aa82c39003f,504,39,70,False
0.12,1.5,33c83aa82c39003f,505,39,70,False
0.12,1.5,33c83aa82c39003f,506,39,70,False
0.12,1.5,33c83aa82c39003f,507,39,70,False
0.12,1.5,33c83aa82c39003f,508,39,70,False
0.12,1.5,33c83aa82c39003f,509,39,70,False
0.12,1.5,33c83aa82c39003f,510,40,71,False
0.12,1.5,33c83aa82c39003f,511,40,71,False
0.12,1.5,33c83aa82c39003f,512,40,71,False
0.12,1.5,33c83aa82c39003f,513,40,71,False
0.12,1.5,33c83aa82c39003f,514,40,71,False
0.12,1.5,33c83aa82c39003f,515,40,71,False
0.12,1.5,33c83aa82c39003f,516,40,71,False
0.12,1.5,33c83aa82c39003f,517,40,71,False
0.12,1.5,33c83aa82c39003f,518,40,71,False
0.12,1.5,33c83aa82c39003f,519,41,72,False
0.12,1.5,33c83aa82c39003f,520,41,72,False
0.12,1.5,33c83aa82c39003f,521,41,72,False
0.12,1.5,33c83aa82c39003f,522,41,72,False
0.12,1.5,33c83aa82c39003f,523,41,72,False
0.12,1.5,33c83aa82c39003f,524,41,72,False
0.12,1.5,33c83aa82c39003f,525,41,72,False
0.12,1.5,33c83aa82c39003f,526,41,72,False
0.12,1.5,33c83aa82c39003f,527,41,72,False
0.12,1.5,33c83aa82c39003f,528,42,73,False
0.12,1.5,33c83aa82c39003f,529,42,73,False
0.12,1.5,33c83aa82c39003f,530,42,73,False
0.12,1.5,33c83aa82c39003f,531,42,73,False
0.12,1.5,33c83aa82c39003f,532,42,73,False
0.12,1.5,33c83aa82c39003f,533,42,73,False
0.12,1.5,33c83aa82c39003f,534,42,73,False
0.12,1.5,33c83aa82c39003f,535,42,73,False
0.12,1.5,33c83aa82c39003f,536,42,73,False
0.12,1.5,33c83aa82c39003f,537,43,74,False
0.12,1.5,33c83aa82c39003f,538,43,74,False
0.12,1.5,33c83aa82c39003f,539,43,74,False
0.12,1.5,33c83aa82c39003f,540,43,74,False
0.12,1.5,33c83aa82c39003f,541,43,74,False
0.12,1.5,33c83aa82c39003f,542,43,74,False
0.12,1.5,33c83aa82c39003f,543,43,74,False
0.12,1.5,33c83aa82c39003f,544,43,74,False
0.12,1.5,33c83aa82c39003f,545,43,74,False
0.12,1.5,33c83aa82c39003f,546,44,75,False
0.12,1.5,33c83aa82c39003f,547,44,75,False
0.12,1.5,33c83aa82c39003f,548,44,75,False
0.12,1.5,33c83aa82c39003f,549,44,75,False
0.12,1.5,33c83aa82c39003f,550,44,75,False
0.12,1.5,33c83aa82c39003f,551,44,75,False
0.12,1.5,33c83aa82c39003f,552,44,75,False
0.12,1.5,33c83aa82c39003f,553,44,75,False
0.12,1.5,33c83aa82c39003f,554,44,75,False
0.12,1.5,33c83aa82c39003f,555,45,76,False
0.12,1.5,33c83aa82c39003f,556,45,76,False
0.12,1.5,33c83aa82c39003f,557,45,76,False
0.12,1.5,33c83aa82c39003f,558,45,76,False
0.12,1.5,33c83aa82c39003f,559,45,76,False
0.12,1.5,33c83aa82c39003f,560,45,76,False
0.12,1.5,33c83aa82c39003f,561,45,76,False
0.12,1.5,33c83aa82c39003f,562,45,76,False
0.12,1.5,33c83aa82c39003f,563,45,76,False
0.12,1.5,33c83aa82c39003f,564,46,77,False
0.12,1.5,33c83aa82c39003f,565,46,77,False
0.12,1.5,33c83aa82c39003f,566,46,77,False
0.12,1.5,33c83aa82c39003f,567,46,77,False
0.12,1.5,33c83aa82c39003f,568,46,77,False
0.12,1.5,33c83aa82c39003f,569,46,77,False
0.12,1.5,33c83aa82c39003f,570,46,77,False
0.12,1.5,33c83aa82c39003f,571,46,77,False
0.12,1.5,33c83aa82c39003f,572,46,77,False
0.12,1.5,33c83aa82c39003f,573,47,77,False
0.12,1.5,33c83aa82c39003f,574,47,78,False
0.12,1.5,33c83aa82c39003f,575,47,78,False
0.12,1.5,33c83aa82c39003f,576,47,78,False
0.12,1.5,33c83aa82c39003f,577,47,78,False
0.12,1.5,33c83aa82c39003f,578,47,78,False
0.12,1.5,33c83aa82c39003f,579,47,78,False
0.12,1.5,33c83aa82c39003f,580,47,78,False
0.12,1.5,33c83aa82c39003f,581,47,78,False
0.12,1.5,33c83aa82c39003f,582,47,78,False
0.12,1.5,33c83aa82c39003f,583,48,79,False
0.12,1.5,33c83aa82c39003f,584,48,79,False
0.12,1.5,33c83aa82c39003f,585,48,79,False
0.12,1.5,33c83aa82c39003f,586,48,79,False
0.12,1.5,33c83aa82c39003f,587,48,79,False
0.12,1.5,33c83aa82c39003f,588,48,79,False
0.12,1.5,33c83aa82c39003f,589,48,79,False
0.12,1.5,33c83aa82c39003f,590,48,79,False
0.12,1.5,33c83aa82c39003f,591,48,79,False
0.12,1.5,33c83aa82c39003f,592,49,80,False
0.12,1.5,33c83aa82c39003f,593,49,80,False
0.12,1.5,33c83aa82c39003f,594,49,80,False
0.12,1.5,33c83aa82c39003f,595,49,80,False
0.12,1.5,33c83aa82c39003f,596,49,80,False
0.12,1.5,33c83aa82c39003f,597,49,80,False
0.12,1.5,33c83aa82c39003f,598,49,80,False
0.12,1.5,33c83aa82c39003f,599,49,80,False
0.12,1.5,33c83aa82c39003f,600,49,80,False
0.12,1.5,33c83aa82c39003f,601,50,81,False
0.12,1.5,33c83aa82c39003f,602,50,81,False
0.12,1.5,33c83aa82c39003f,603,50,81,False
0.12,1.5,33c83aa82c39003f,604,50,81,False
0.12,1.5,33c83aa82c39003f,605,50,81,False
0.12,1.5,33c83aa82c39003f,606,50,81,False
0.12,1.5,33c83aa82c39003f,607,50,81,False
0.12,1.5,33c83aa82c39003f,608,50,81,False
0.12,1.5,33c83aa82c39003f,609,50,81,False
0.12,1.5,33c83aa82c39003f,610,51,82,False
0.12,1.5,33c83aa82c39003f,611,51,82,False
0.12,1.5,33c83aa82c39003f,612,51,82,False
0.12,1.5,33c83aa82c39003f,613,51,82,False
0.12,1.5,33c83aa82c39003f,614,51,82,False
0.12,1.5,33c83aa82c39003f,615,51,82,False
0.12,1.5,33c83aa82c39003f,616,51,82,False
0.12,1.5,33c83aa82c39003f,617,51,82,False
0.12,1.5,33c83aa82c39003f,618,51,82,False
0.12,1.5,33c83aa82c39003f,619,52,83,False
0.12,1.5,33c83aa82c39003f,620,52,83,False
0.12,1.5,33c83aa82c39003f,621,52,83,False
0.12,1.5,33c83aa82c39003f,622,52,83,False
0.12,1.5,33c83aa82c39003f,623,52,83,False
0.12,1.5,33c83aa82c39003f,624,52,83,False
0.12,1.5,33c83aa82c39003f,625,52,83,False
0.12,1.5,33c83aa82c39003f,626,52,83,False
0.12,1.5,33c83aa82c39003f,627,52,83,False
0.12,1.5,33c83aa82c39003f,628,53,84,False
0.12,1.5,33c83aa82c39003f,629,53,84,False
0.12,1.5,33c83aa82c39003f,630,53,84,False
0.12,1.5,33c83aa82c39003f,631,53,84,False
0.12,1.5,33c83aa82c39003f,632,53,84,False
0.12,1.5,33c83aa82c39003f,633,53,84,False
0.12,1.5,33c83aa82c39003f,634,53,84,False
0.12,1.5,33c83aa82c39003f,635,53,84,False
0.12,1.5,33c83aa82c39003f,636,53,84,False
0.12,1.5,33c83aa82c39003f,637,54,85,False
0.12,1.5,33c83aa82c39003f,638,54,85,False
0.12,1.5,33c83aa82c39003f,639,54,85,False
0.12,1.5,33c83aa82c39003f,640,54,85,False
0.12,1.5,33c83aa82c39003f,641,54,85,False
0.12,1.5,33c83aa82c39003f,642,54,85,False
0.12,1.5,33c83aa82c39003f,643,54,85,False
0.12,1.5,33c83aa82c39003f,644,54,85,False
0.12,1.5,33c83aa82c39003f,645,54,85,False
0.12,1.5,33c83aa82c39003f,646,55,86,False
0.12,1.5,33c83aa82c39003f,647,55,86,False
0.12,1.5,33c83aa82c39003f,648,55,86,False
0.12,1.5,33c83aa82c39003f,649,55,86,False
0.12,1.5,33c83aa82c39003f,650,55,86,False
0.12,1.5,33c83aa82c39003f,651,55,86,False
0.12,1.5,33c83aa82c39003f,652,55,86,False
0.12,1.5,33c83aa82c39003f,653,55,86,False
0.12,1.5,33c83aa82c39003f,654,55,86,False
0.12,1.5,33c83aa82c39003f,655,55,86,False
0.12,1.5,33c83aa82c39003f,656,56,87,False
0.12,1.5,33c83aa82c39003f,657,56,87,False
0.12,1.5,33c83aa82c39003f,658,56,87,False
0.12,1.5,33c83aa82c39003f,659,56,87,False
0.12,1.5,33c83aa82c39003f,660,56,87,False
0.12,1.5,33c83aa82c39003f,661,56,87,False
0.12,1.5,33c83aa82c39003f,662,56,87,False
0.12,1.5,33c83aa82c39003f,663,56,87,False
0.12,1.5,33c83aa82c39003f,664,56,87,False
0.12,1.5,33c83aa82c39003f,665,57,88,False
0.12,1.5,33c83aa82c39003f,666,57,88,False
0.12,1.5,33c83aa82c39003f,667,57,88,False
0.12,1.5,33c83aa82c39003f,668,57,88,False
0.12,1.5,33c83aa82c39003f,669,57,88,False
0.12,1.5,33c83aa82c39003f,670,57,88,False
0.12,1.5,33c83aa82c39003f,671,57,88,False
0.12,1.5,33c83aa82c39003f,672,57,88,False
0.12,1.5,33c83aa82c39003f,673,57,88,False
0.12,1.5,33c83aa82c39003f,674,58,89,False
0.12,1.5,33c83aa82c39003f,675,58,89,False
0.12,1.5,33c83aa82c39003f,676,58,89,False
0.12,1.5,33c83aa82c39003f,677,58,89,False
0.12,1.5,33c83aa82c39003f,678,58,89,False
0.12,1.5,33c83aa82c39003f,679,58,89,False
0.12,1.5,33c83aa82c39003f,680,58,89,False
0.12,1.5,33c83aa82c39003f,681,58,89,False
0.12,1.5,33c83aa82c39003f,682,58,89,False
0.12,1.5,33c83aa82c39003f,683,59,90,False
0.12,1.5,33c83aa82c39003f,684,59,90,False
0.12,1.5,33c83aa82c39003f,685,59,90,False
0.12,1.5,33c83aa82c39003f,686,59,90,False
0.12,1.5,33c83aa82c39003f,687,59,90,False
0.12,1.5,33c83aa82c39003f,688,59,90,False
0.12,1.5,33c83aa82c39003f,689,59,90,False
0.12,1.5,33c83aa82c39003f,690,59,90,False
0.12,1.5,33c83aa82c39003f,691,59,90,False
0.12,1.5,33c83aa82c39003f,692,60,91,False
0.12,1.5,33c83aa82c39003f,693,60,91,False
0.12,1.5,33c83aa82c39003f,694,60,91,False
0.12,1.5,33c83aa82c39003f,695,60,91,False
0.12,1.5,33c83aa82c39003f,696,60,91,False
0.12,1.5,33c83aa82c39003f,697,60,91,False
0.12,1.5,33c83aa82c39003f,698,60,91,False
0.12,1.5,33c83aa82c39003f,699,60,91,False
0.12,1.5,33c83aa82c39003f,700,60,91,False
0.12,1.5,33c83aa82c39003f,701,61,92,False
0.12,1.5,33c83aa82c39003f,702,61,92,False
0.12,1.5,33c83aa82c39003f,703,61,92,False
0.12,1.5,33c83aa82c39003f,704,61,92,False
0.12,1.5,33c83aa82c39003f,705,61,92,False
0.12,1.5,33c83aa82c39003f,706,61,92,False
0.12,1.5,33c83aa82c39003f,707,61,92,False
0.12,1.5,33c83aa82c39003f,708,61,92,False
0.12,1.5,33c83aa82c39003f,709,61,92,False
0.12,1.5,33c83aa82c39003f,710,62,93,False
0.12,1.5,33c83aa82c39003f,711,62,93,False
0.12,1.5,33c83aa82c39003f,712,62,93,False
0.12,1.5,33c83aa82c39003f,713,62,93,False
0.12,1.5,33c83aa82c39003f,714,62,93,False
0.12,1.5,33c83aa82c39003f,715,62,93,False
0.12,1.5,33c83aa82c39003f,716,62,93,False
0.12,1.5,33c83aa82c39003f,717,62,93,False
0.12,1.5,33c83aa82c39003f,718,62,93,False
0.12,1.5,33c83aa82c39003f,719,63,94,False
0.12,1.5,33c83aa82c39003f,720,63,94,False
0.12,1.5,33c83aa82c39003f,721,63,94,False
0.12,1.5,33c83aa82c39003f,722,63,94,False
0.12,1.5,33c83aa82c39003f,723,63,94,False
0.12,1.5,33c83aa82c39003f,724,63,94,False
0.12,1.5,33c83aa82c39003f,725,63,94,False
0.12,1.5,33c83aa82c39003f,726,63,94,False
0.12,1.5,33c83aa82c39003f,727,63,94,False
0.12,1.5,33c83aa82c39003f,728,64,94,False
0.12,1.5,33c83aa82c39003f,729,64,95,False
0.12,1.5,33c83aa82c39003f,730,64,95,False
0.12,1.5,33c83aa82c39003f,731,64,95,False
0.12,1.5,33c83aa82c39003f,732,64,95,False
0.12,1.5,33c83aa82c39003f,733,64,95,False
0.12,1.5,33c83aa82c39003f,734,64,95,False
0.12,1.5,33c83aa82c39003f,735,64,95,False
0.12,1.5,33c83aa82c39003f,736,64,95,False
0.12,1.5,33c83aa82c39003f,737,64,95,False
0.12,1.5,33c83aa82c39003f,738,65,96,False
0.12,1.5,33c83aa82c39003f,739,65,96,False
0.12,1.5,33c83aa82c39003f,740,65,96,False
0.12,1.5,33c83aa82c39003f,741,65,96,False
0.12,1.5,33c83aa82c39003f,742,65,96,False
0.12,1.5,33c83aa82c39003f,743,65,96,False
0.12,1.5,33c83aa82c39003f,744,65,96,False
0.12,1.5,33c83aa82c39003f,745,65,96,False
0.12,1.5,33c83aa82c39003f,746,65,96,False
0.12,1.5,33c83aa82c39003f,747,66,97,False
0.12,1.5,33c83aa82c39003f,748,66,97,False
0.12,1.5,33c83aa82c39003f,749,66,97,False
0.12,1.5,33c83aa82c39003f,750,66,97,False
0.12,1.5,33c83aa82c39003f,751,66,97,False
0.12,1.5,33c83aa82c39003f,752,66,97,False
0.12,1.5,33c83aa82c39003f,753,66,97,False
0.12,1.5,33c83aa82c39003f,754,66,97,False
0.12,1.5,33c83aa82c39003f,755,66,97,False
0.12,1.5,33c83aa82c39003f,756,67,98,False
0.12,1.5,33c83aa82c39003f,757,67,98,False
0.12,1.5,33c83aa82c39003f,758,67,98,False
0.12,1.5,33c83aa82c39003f,759,67,98,False
0.12,1.5,33c83aa82c39003f,760,67,98,False
0.12,1.5,33c83aa82c39003f,761,67,98,False
0.12,1.5,33c83aa82c39003f,762,67,98,False
0.12,1.5,33c83aa82c39003f,763,67,98,False
0.12,1.5,33c83aa82c39003f,764,67,98,False
0.12,1.5,33c83aa82c39003f,765,68,99,False
0.12,1.5,33c83aa82c39003f,766,68,99,False
0.12,1.5,33c83aa82c39003f,767,68,99,False
0.12,1.5,33c83aa82c39003f,768,68,99,False
0.12,1.5,33c83aa82c39003f,769,68,99,False
0.12,1.5,33c83aa82c39003f,770,68,99,False
0.12,1.5,33c83aa82c39003f,771,68,99,False
0.12,1.5,33c83aa82c39003f,772,68,99,False
0.12,1.5,33c83aa82c39003f,773,68,99,False
0.12,1.5,33c83aa82c39003f,774,69,100,False
0.12,1.5,33c83aa82c39003f,775,69,100,False
0.12,1.5,33c83aa82c39003f,776,69,100,False
0.12,1.5,33c83aa82c39003f,777,69,100,False
0.12,1.5,33c83aa82c39003f,778,69,100,False
0.12,1.5,33c83aa82c39003f,779,69,100,False
0.12,1.5,33c83aa82c39003f,780,69,100,False
0.12,1.5,33c83aa82c39003f,781,69,100,False
0.12,1.5,33c83aa82c39003f,782,69,100,False
0.12,1.5,33c83aa82c39003f,783,70,101,False
0.12,1.5,33c83aa82c39003f,784,70,101,False
0.12,1.5,33c83aa82c39003f,785,70,101,False
0.12,1.5,33c83aa82c39003f,786,70,101,False
0.12,1.5,33c83aa82c39003f,787,70,101,False
0.12,1.5,33c83aa82c39003f,788,70,101,False
0.12,1.5,33c83aa82c39003f,789,70,101,False
0.12,1.5,33c83aa82c39003f,790,70,101,False
0.12,1.5,33c83aa82c39003f,791,70,101,False
0.12,1.5,33c83aa82c39003f,792,71,102,False
0.12,1.5,33c83aa82c39003f,793,71,102,False
0.12,1.5,33c83aa82c39003f,794,71,102,False
0.12,1.5,33c83aa82c39003f,795,71,102,False
0.12,1.5,33c83aa82c39003f,796,71,102,False
0.12,1.5,33c83aa82c39003f,797,71,102,False
0.12,1.5,33c83aa82c39003f,798,71,102,False
0.12,1.5,33c83aa82c39003f,799,71,102,False
0.12,1.5,33c83aa82c39003f,800,71,102,False
0.12,1.5,33c83aa82c39003f,801,72,103,False
0.12,1.5,33c83aa82c39003f,802,72,103,False
0.12,1.5,33c83aa82c39003f,803,72,103,False
0.12,1.5,33c83aa82c39003f,804,72,103,False
0.12,1.5,33c83aa82c39003f,805,72,103,False
0.12,1.5,33c83aa82c39003f,806,72,103,False
0.12,1.5,33c83aa82c39003f,807,72,103,False
0.12,1.5,33c83aa82c39003f,808,72,103,False
0.12,1.5,33c83aa82c39003f,809,72,103,False
0.12,1.5,33c83aa82c39003f,810,73,103,False
0.12,1.5,33c83aa82c39003f,811,73,104,False
0.12,1.5,33c83aa82c39003f,812,73,104,False
0.12,1.5,33c83aa82c39003f,813,73,104,False
0.12,1.5,33c83aa82c39003f,814,73,104,False
0.12,1.5,33c83aa82c39003f,815,73,104,False
0.12,1.5,33c83aa82c39003f,816,73,104,False
0.12,1.5,33c83aa82c39003f,817,73,104,False
0.12,1.5,33c83aa82c39003f,818,73,104,False
0.12,1.5,33c83aa82c39003f,819,73,104,False
0.12,1.5,33c83aa82c39003f,820,74,105,False
0.12,1.5,33c83aa82c39003f,821,74,105,False
0.12,1.5,33c83aa82c39003f,822,74,105,False
0.12,1.5,33c83aa82c39003f,823,74,105,False
0.12,1.5,33c83aa82c39003f,824,74,105,False
0.12,1.5,33c83aa82c39003f,825,74,105,False
0.12,1.5,33c83aa82c39003f,826,74,105,False
0.12,1.5,33c83aa82c39003f,827,74,105,False
0.12,1.5,33c83aa82c39003f,828,74,105,False
0.12,1.5,33c83aa82c39003f,829,75,106,False
0.12,1.5,33c83aa82c39003f,830,75,106,False
0.12,1.5,33c83aa82c39003f,831,75,106,False
0.12,1.5,33c83aa82c39003f,832,75,106,False
0.12,1.5,33c83aa82c39003f,833,75,106,False
0.12,1.5,33c83aa82c39003f,834,75,106,False
0.12,1.5,33c83aa82c39003f,835,75,106,False
0.12,1.5,33c83aa82c39003f,836,75,106,False
0.12,1.5,33c83aa82c39003f,837,75,106,False
0.12,1.5,33c83aa82c39003f,838,76,107,False
0.12,1.5,33c83aa82c39003f,839,76,107,False
0.12,1.5,33c83aa82c39003f,840,76,107,False
0.12,1.5,33c83aa82c39003f,841,76,107,False
0.12,1.5,33c83aa82c39003f,842,76,107,False
0.12,1.5,33c83aa82c39003f,843,76,107,False
0.12,1.5,33c83aa82c39003f,844,76,107,False
0.12,1.5,33c83aa82c39003f,845,76,107,False
0.12,1.5,33c83aa82c39003f,846,76,107,False
0.12,1.5,33c83aa82c39003f,847,77,108,False
0.12,1.5,33c83aa82c39003f,848,77,108,False
0.12,1.5,33c83aa82c39003f,849,77,108,False
0.12,1.5,33c83aa82c39003f,850,77,108,False
0.12,1.5,33c83aa82c39003f,851,77,108,False
0.12,1.5,33c83aa82c39003f,852,77,108,False
0.12,1.5,33c83aa82c39003f,853,77,108,False
0.12,1.5,33c83aa82c39003f,854,77,108,False
0.12,1.5,33c83aa82c39003f,855,77,108,False
0.12,1.5,33c83aa82c39003f,856,78,109,False
0.12,1.5,33c83aa82c39003f,857,78,109,False
0.12,1.5,33c83aa82c39003f,858,78,109,False
0.12,1.5,33c83aa82c39003f,859,78,109,False
0.12,1.5,33c83aa82c39003f,860,78,109,False
0.12,1.5,33c83aa82c39003f,861,78,109,False
0.12,1.5,33c83aa82c39003f,862,78,109,False
0.12,1.5,33c83aa82c39003f,863,78,109,False
0.12,1.5,33c83aa82c39003f,864,78,109,False
0.12,1.5,33c83aa82c39003f,865,79,110,False
0.12,1.5,33c83aa82c39003f,866,79,110,False
0.12,1.5,33c83aa82c39003f,867,79,110,False
0.12,1.5,33c83aa82c39003f,868,79,110,False
0.12,1.5,33c83aa82c39003f,869,79,110,False
0.12,1.5,33c83aa82c39003f,870,79,110,False
0.12,1.5,33c83aa82c39003f,871,79,110,False
0.12,1.5,33c83aa82c39003f,872,79,110,False
0.12,1.5,33c83aa82c39003f,873,79,110,False
0.12,1.5,33c83aa82c39003f,874,80,111,False
0.12,1.5,33c83aa82c39003f,875,80,111,False
0.12,1.5,33c83aa82c39003f,876,80,111,False
0.12,1.5,33c83aa82c39003f,877,80,111,False
0.12,1.5,33c83aa82c39003f,878,80,111,False
0.12,1.5,33c83aa82c39003f,879,80,111,False
0.12,1.5,33c83aa82c39003f,880,80,111,False
0.12,1.5,33c83aa82c39003f,881,80,111,False
0.12,1.5,33c83aa82c39003f,882,80,111,False
0.12,1.5,33c83aa82c39003f,883,81,112,False
0.12,1.5,33c83aa82c39003f,884,81,112,False
0.12,1.5,33c83aa82c39003f,885,81,112,False
0.12,1.5,33c83aa82c39003f,886,81,112,False
0.12,1.5,33c83aa82c39003f,887,81,112,False
0.12,1.5,33c83aa82c39003f,888,81,112,False
0.12,1.5,33c83aa82c39003f,889,81,112,False
0.12,1.5,33c83aa82c39003f,890,81,112,False
0.12,1.5,33c83aa82c39003f,891,81,112,False
0.12,1.5,33c83aa82c39003f,892,82,112,False
0.12,1.5,33c83aa82c39003f,893,82,113,False
0.12,1.5,33c83aa82c39003f,894,82,113,False
0.12,1.5,33c83aa82c39003f,895,82,113,False
0.12,1.5,33c83aa82c39003f,896,82,113,False
0.12,1.5,33c83aa82c39003f,897,82,113,False
0.12,1.5,33c83aa82c39003f,898,82,113,False
0.12,1.5,33c83aa82c39003f,899,82,113,False
0.12,1.5,33c83aa82c39003f,900,82,113,False
0.12,1.5,33c83aa82c39003f,901,82,113,False
0.12,1.5,33c83aa82c39003f,902,83,114,False
0.12,1.5,33c83aa82c39003f,903,83,114,False
0.12,1.5,33c83aa82c39003f,904,83,114,False
0.12,1.5,33c83aa82c39003f,905,83,114,False
0.12,1.5,33c83aa82c39003f,906,83,114,False
0.12,1.5,33c83aa82c39003f,907,83,114,False
0.12,1.5,33c83aa82c39003f,908,83,114,False
0.12,1.5,33c83aa82c39003f,909,83,114,False
0.12,1.5,33c83aa82c39003f,910,83,114,False
0.12,1.5,33c83aa82c39003f,911,84,115,False
0.12,1.5,33c83aa82c39003f,912,84,115,False
0.12,1.5,33c83aa82c39003f,913,84,115,False
0.12,1.5,33c83aa82c39003f,914,84,115,False
0.12,1.5,33c83aa82c39003f,915,84,115,False
0.12,1.5,33c83aa82c39003f,916,84,115,False
0.12,1.5,33c83aa82c39003f,917,84,115,False
0.12,1.5,33c83aa82c39003f,918,84,115,False
0.12,1.5,33c83aa82c39003f,919,84,115,False
0.12,1.5,33c83aa82c39003f,920,85,116,False
0.12,1.5,33c83aa82c39003f,921,85,116,False
0.12,1.5,33c83aa82c39003f,922,85,116,False
0.12,1.5,33c83aa82c39003f,923,85,116,False
0.12,1.5,33c83aa82c39003f,924,85,116,False
0.12,1.5,33c83aa82c39003f,925,85,116,False
0.12,1.5,33c83aa82c39003f,926,85,116,False
0.12,1.5,33c83aa82c39003f,927,85,116,False
0.12,1.5,33c83aa82c39003f,928,85,116,False
0.12,1.5,33c83aa82c39003f,929,86,117,False
0.12,1.5,33c83aa82c39003f,930,86,117,False
0.12,1.5,33c83aa82c39003f,931,86,117,False
0.12,1.5,33c83aa82c39003f,932,86,117,False
0.12,1.5,33c83aa82c39003f,933,86,117,False
0.12,1.5,33c83aa82c39003f,934,86,117,False
0.12,1.5,33c83aa82c39003f,935,86,117,False
0.12,1.5,33c83aa82c39003f,936,86,117,False
0.12,1.5,33c83aa82c39003f,937,86,117,False
0.12,1.5,33c83aa82c39003f,938,87,118,False
0.12,1.5,33c83aa82c39003f,939,87,118,False
0.12,1.5,33c83aa82c39003f,940,87,118,False
0.12,1.5,33c83aa82c39003f,941,87,118,False
0.12,1.5,33c83aa82c39003f,942,87,118,False
0.12,1.5,33c83aa82c39003f,943,87,118,False
0.12,1.5,33c83aa82c39003f,944,87,118,False
0.12,1.5,33c83aa82c39003f,945,87,118,False
0.12,1.5,33c83aa82c39003f,946,87,118,False
0.12,1.5,33c83aa82c39003f,947,88,119,False
0.12,1.5,33c83aa82c39003f,948,88,119,False
0.12,1.5,33c83aa82c39003f,949,88,119,False
0.12,1.5,33c83aa82c39003f,950,88,119,False
0.12,1.5,33c83aa82c39003f,951,88,119,False
0.12,1.5,33c83aa82c39003f,952,88,119,False
0.12,1.5,33c83aa82c39003f,953,88,119,False
0.12,1.5,33c83aa82c39003f,954,88,119,False
0.12,1.5,33c83aa82c39003f,955,88,119,False
0.12,1.5,33c83aa82c39003f,956,89,120,False
0.12,1.5,33c83aa82c39003f,957,89,120,False
0.12,1.5,33c83aa82c39003f,958,89,120,False
0.12,1.5,33c83aa82c39003f,959,89,120,False
0.12,1.5,33c83aa82c39003f,960,89,120,False
0.12,1.5,33c83aa82c39003f,961,89,120,False
0.12,1.5,33c83aa82c39003f,962,89,120,False
0.12,1.5,33c83aa82c39003f,963,89,120,False
0.12,1.5,33c83aa82c39003f,964,89,120,False
0.12,1.5,33c83aa82c39003f,965,90,121,False
0.12,1.5,33c83aa82c39003f,966,90,121,False
0.12,1.5,33c83aa82c39003f,967,90,121,False
0.12,1.5,33c83aa82c39003f,968,90,121,False
0.12,1.5,33c83aa82c39003f,969,90,121,False
0.12,1.5,33c83aa82c39003f,970,90,121,False
0.12,1.5,33c83aa82c39003f,971,90,121,False
0.12,1.5,33c83aa82c39003f,972,90,121,False
0.12,1.5,33c83aa82c39003f,973,90,121,False
0.12,1.5,33c83aa82c39003f,974,91,121,False
0.12,1.5,33c83aa82c39003f,975,91,122,False
0.12,1.5,33c83aa82c39003f,976,91,122,False
0.12,1.5,33c83aa82c39003f,977,91,122,False
0.12,1.5,33c83aa82c39003f,978,91,122,False
0.12,1.5,33c83aa82c39003f,979,91,122,False
0.12,1.5,33c83aa82c39003f,980,91,122,False
0.12,1.5,33c83aa82c39003f,981,91,122,False
0.12,1.5,33c83aa82c39003f,982,91,122,False
0.12,1.5,33c83aa82c39003f,983,91,122,False
0.12,1.5,33c83aa82c39003f,984,92,123,False
0.12,1.5,33c83aa82c39003f,985,92,123,False
0.12,1.5,33c83aa82c39003f,986,92,123,False
0.12,1.5,33c83aa82c39003f,987,92,123,False
0.12,1.5,33c83aa82c39003f,988,92,123,False
0.12,1.5,33c83aa82c39003f,989,92,123,False
0.12,1.5,33c83aa82c39003f,990,92,123,False
0.12,1.5,33c83aa82c39003f,991,92,123,False
0.12,1.5,33c83aa82c39003f,992,92,123,False
0.12,1.5,33c83aa82c39003f,993,93,124,False
0.12,1.5,33c83aa82c39003f,994,93,124,False
0.12,1.5,33c83aa82c39003f,995,93,124,False
0.12,1.5,33c83aa82c39003f,996,93,124,False
0.12,1.5,33c83aa82c39003f,997,93,124,False
0.12,1.5,33c83aa82c39003f,998,93,124,False
0.12,1.5,33c83aa82c39003f,999,93,124,False
0.12,1.5,33c83aa82c39003f,1000,93,124,False
0.12,1.5,33c83aa82c39003f,1001,93,124,False
0.12,1.5,33c83aa82c39003f,1002,94,125,False
0.12,1.5,33c83aa82c39003f,1003,94,125,False
0.12,1.5,33c83aa82c39003f,1004,94,125,False
0.12,1.5,33c83aa82c39003f,1005,94,125,False
0.12,1.5,33c83aa82c39003f,1006,94,125,False
0.12,1.5,33c83aa82c39003f,1007,94,125,False
0.12,1.5,33c83aa82c39003f,1008,94,125,False
0.12,1.5,33c83aa82c39003f,1009,94,125,False
0.12,1.5,33c83aa82c39003f,1010,94,125,False
0.12,1.5,33c83aa82c39003f,1011,95,126,False
0.12,1.5,33c83aa82c39003f,1012,95,126,False
0.12,1.5,33c83aa82c39003f,1013,95,126,False
0.12,1.5,33c83aa82c39003f,1014,95,126,False
0.12,1.5,33c83aa82c39003f,1015,95,126,False
0.12,1.5,33c83aa82c39003f,1016,95,126,False
0.12,1.5,33c83aa82c39003f,1017,95,126,False
0.12,1.5,33c83aa82c39003f,1018,95,126,False
0.12,1.5,33c83aa82c39003f,1019,95,126,False
0.12,1.5,33c83aa82c39003f,1020,96,127,False
0.12,1.5,33c83aa82c39003f,1021,96,127,False
0.12,1.5,33c83aa82c39003f,1022,96,127,False
0.12,1.5,33c83aa82c39003f,1023,96,127,False
0.12,1.5,33c83aa82c39003f,1024,96,127,False
0.12,1.5,33c83aa82c39003f,1025,96,127,False
0.12,1.5,33c83aa82c39003f,1026,96,127,False
0.12,1.5,33c83aa82c39003f,1027,96,127,False
0.12,1.5,33c83aa82c39003f,1028,96,127,False
0.12,1.5,33c83aa82c39003f,1029,97,128,False
0.12,1.5,33c83aa82c39003f,1030,97,128,False
0.12,1.5,33c83aa82c39003f,1031,97,128,False
0.12,1.5,33c83aa82c39003f,1032,97,128,False
0.12,1.5,33c83aa82c39003f,1033,97,128,False
0.12,1.5,33c83aa82c39003f,1034,97,128,False
0.12,1.5,33c83aa82c39003f,1035,97,128,False
0.12,1.5,33c83aa82c39003f,1036,97,128,False
0.12,1.5,33c83aa82c39003f,1037,97,128,False
0.12,1.5,33c83aa82c39003f,1038,98,129,False
0.12,1.5,33c83aa82c39003f,1039,98,129,False
0.12,1.5,33c83aa82c39003f,1040,98,129,False
0.12,1.5,33c83aa82c39003f,1041,98,129,False
0.12,1.5,33c83aa82c39003f,1042,98,129,False
0.12,1.5,33c83aa82c39003f,1043,98,129,False
0.12,1.5,33c83aa82c39003f,1044,98,129,False
0.12,1.5,33c83aa82c39003f,1045,98,129,False
0.12,1.5,33c83aa82c39003f,1046,98,129,False
0.12,1.5,33c83aa82c39003f,1047,99,130,False
0.12,1.5,33c83aa82c39003f,1048,99,130,False
0.12,1.5,33c83aa82c39003f,1049,99,130,False
0.12,1.5,33c83aa82c39003f,1050,99,130,False
0.12,1.5,33c83aa82c39003f,1051,99,130,False
0.12,1.5,33c83aa82c39003f,1052,99,130,False
0.12,1.5,33c83aa82c39003f,1053,99,130,False
0.12,1.5,33c83aa82c39003f,1054,99,130,False
0.12,1.5,33c83aa82c39003f,1055,99,130,False
0.12,1.5,33c83aa82c39003f,1056,100,130,False
0.12,1.5,33c83aa82c39003f,1057,100,131,False
0.12,1.5,33c83aa82c39003f,1058,100,131,False
0.12,1.5,33c83aa82c39003f,1059,100,131,False
0.12,1.5,33c83aa82c39003f,1060,100,131,False
0.12,1.5,33c83aa82c39003f,1061,100,131,False
0.12,1.5,33c83aa82c39003f,1062,100,131,False
0.12,1.5,33c83aa82c39003f,1063,100,131,False
0.12,1.5,33c83aa82c39003f,1064,100,131,False
0.12,1.5,33c83aa82c39003f,1065,100,131,False
0.12,1.5,33c83aa82c39003f,1066,101,132,False
0.12,1.5,33c83aa82c39003f,1067,101,132,False
0.12,1.5,33c83aa82c39003f,1068,101,132,False
0.12,1.5,33c83aa82c39003f,1069,101,132,False
0.12,1.5,33c83aa82c39003f,1070,101,132,False
0.12,1.5,33c83aa82c39003f,1071,101,132,False
0.12,1.5,33c83aa82c39003f,1072,101,132,False
0.12,1.5,33c83aa82c39003f,1073,101,132,False
0.12,1.5,33c83aa82c39003f,1074,101,132,False
0.12,1.5,33c83aa82c39003f,1075,102,133,False
0.12,1.5,33c83aa82c39003f,1076,102,133,False
0.12,1.5,33c83aa82c39003f,1077,102,133,False
0.12,1.5,33c83aa82c39003f,1078,102,133,False
0.12,1.5,33c83aa82c39003f,1079,102,133,False
0.12,1.5,33c83aa82c39003f,1080,102,133,False
0.12,1.5,33c83aa82c39003f,1081,102,133,False
0.12,1.5,33c83aa82c39003f,1082,102,133,False
0.12,1.5,33c83aa82c39003f,1083,102,133,False
0.12,1.5,33c83aa82c39003f,1084,103,134,False
0.12,1.5,33c83aa82c39003f,1085,103,134,False
0.12,1.5,33c83aa82c39003f,1086,103,134,False
0.12,1.5,33c83aa82c39003f,1087,103,134,False
0.12,1.5,33c83aa82c39003f,1088,103,134,False
0.12,1.5,33c83aa82c39003f,1089,103,134,False
0.12,1.5,33c83aa82c39003f,1090,103,134,False
0.12,1.5,33c83aa82c39003f,1091,103,134,False
0.12,1.5,33c83aa82c39003f,1092,103,134,False
0.12,1.5,33c83aa82c39003f,1093,104,135,False
0.12,1.5,33c83aa82c39003f,1094,104,135,False
0.12,1.5,33c83aa82c39003f,1095,104,135,False
0.12,1.5,33c83aa82c39003f,1096,104,135,False
0.12,1.5,33c83aa82c39003f,1097,104,135,False
0.12,1.5,33c83aa82c39003f,1098,104,135,False
0.12,1.5,33c83aa82c39003f,1099,104,135,False
0.12,1.5,33c83aa82c39003f,1100,104,135,False
0.12,1.5,33c83aa82c39003f,1101,104,135,False
0.12,1.5,33c83aa82c39003f,1102,105,136,False
0.12,1.5,33c83aa82c39003f,1103,105,136,False
0.12,1.5,33c83aa82c39003f,1104,105,136,False
0.12,1.5,33c83aa82c39003f,1105,105,136,False
0.12,1.5,33c83aa82c39003f,1106,105,136,False
0.12,1.5,33c83aa82c39003f,1107,105,136,False
0.12,1.5,33c83aa82c39003f,1108,105,136,False
0.12,1.5,33c83aa82c39003f,1109,105,136,False
0.12,1.5,33c83aa82c39003f,1110,105,136,False
0.12,1.5,33c83aa82c39003f,1111,106,137,False
0.12,1.5,33c83aa82c39003f,1112,106,137,False
0.12,1.5,33c83aa82c39003f,1113,106,137,False
0.12,1.5,33c83aa82c39003f,1114,106,137,False
0.12,1.5,33c83aa82c39003f,1115,106,137,False
0.12,1.5,33c83aa82c39003f,1116,106,137,False
0.12,1.5,33c83aa82c39003f,1117,106,137,False
0.12,1.5,33c83aa82c39003f,1118,106,137,False
0.12,1.5,33c83aa82c39003f,1119,106,137,False
0.12,1.5,33c83aa82c39003f,1120,107,138,False
0.12,1.5,33c83aa82c39003f,1121,107,138,False
0.12,1.5,33c83aa82c39003f,1122,107,138,False
0.12,1.5,33c83aa82c39003f,1123,107,138,False
0.12,1.5,33c83aa82c39003f,1124,107,138,False
0.12,1.5,33c83aa82c39003f,1125,107,138,False
0.12,1.5,33c83aa82c39003f,1126,107,138,False
0.12,1.5,33c83aa82c39003f,1127,107,138,False
0.12,1.5,33c83aa82c39003f,1128,107,138,False
0.12,1.5,33c83aa82c39003f,1129,108,139,False
0.12,1.5,33c83aa82c39003f,1130,108,139,False
0.12,1.5,33c83aa82c39003f,1131,108,139,False
0.12,1.5,33c83aa82c39003f,1132,108,139,False
0.12,1.5,33c83aa82c39003f,1133,108,139,False
0.12,1.5,33c83aa82c39003f,1134,108,139,False
0.12,1.5,33c83aa82c39003f,1135,108,139,False
0.12,1.5,33c83aa82c39003f,1136,108,139,False
0.12,1.5,33c83aa82c39003f,1137,108,139,False
0.12,1.5,33c83aa82c39003f,1138,109,139,False
0.12,1.5,33c83aa82c39003f,1139,109,140,False
0.12,1.5,33c83aa82c39003f,1140,109,140,False
0.12,1.5,33c83aa82c39003f,1141,109,140,False
0.12,1.5,33c83aa82c39003f,1142,109,140,False
0.12,1.5,33c83aa82c39003f,1143,109,140,False
0.12,1.5,33c83aa82c39003f,1144,109,140,False
0.12,1.5,33c83aa82c39003f,1145,109,140,False
0.12,1.5,33c83aa82c39003f,1146,109,140,False
0.12,1.5,33c83aa82c39003f,1147,109,140,False
0.12,1.5,33c83aa82c39003f,1148,110,141,False
0.12,1.5,33c83aa82c39003f,1149,110,141,False
0.12,1.5,33c83aa82c39003f,1150,110,141,False
0.12,1.5,33c83aa82c39003f,1151,110,141,False
0.12,1.5,33c83aa82c39003f,1152,110,141,False
0.12,1.5,33c83aa82c39003f,1153,110,141,False
0.12,1.5,33c83aa82c39003f,1154,110,141,False
0.12,1.5,33c83aa82c39003f,1155,110,141,False
0.12,1.5,33c83aa82c39003f,1156,110,141,False
0.12,1.5,33c83aa82c39003f,1157,111,142,False
0.12,1.5,33c83aa82c39003f,1158,111,142,False
0.12,1.5,33c83aa82c39003f,1159,111,142,False
0.12,1.5,33c83aa82c39003f,1160,111,142,False
0.12,1.5,33c83aa82c39003f,1161,111,142,False
0.12,1.5,33c83aa82c39003f,1162,111,142,False
0.12,1.5,33c83aa82c39003f,1163,111,142,False
0.12,1.5,33c83aa82c39003f,1164,111,142,False
0.12,1.5,33c83aa82c39003f,1165,111,142,False
0.12,1.5,33c83aa82c39003f,1166,112,143,False
0.12,1.5,33c83aa82c39003f,1167,112,143,False
0.12,1.5,33c83aa82c39003f,1168,112,143,False
0.12,1.5,33c83aa82c39003f,1169,112,143,False
0.12,1.5,33c83aa82c39003f,1170,112,143,False
0.12,1.5,33c83aa82c39003f,1171,112,143,False
0.12,1.5,33c83aa82c39003f,1172,112,143,False
0.12,1.5,33c83aa82c39003f,1173,112,143,False
0.12,1.5,33c83aa82c39003f,1174,112,143,False
0.12,1.5,33c83aa82c39003f,1175,113,144,False
0.12,1.5,33c83aa82c39003f,1176,113,144,False
0.12,1.5,33c83aa82c39003f,1177,113,144,False
0.12,1.5,33c83aa82c39003f,1178,113,144,False
0.12,1.5,33c83aa82c39003f,1179,113,144,False
0.12,1.5,33c83aa82c39003f,1180,113,144,False
0.12,1.5,33c83aa82c39003f,1181,113,144,False
0.12,1.5,33c83aa82c39003f,1182,113,144,False
0.12,1.5,33c83aa82c39003f,1183,113,144,False
0.12,1.5,33c83aa82c39003f,1184,114,145,False
0.12,1.5,33c83aa82c39003f,1185,114,145,False
0.12,1.5,33c83aa82c39003f,1186,114,145,False
0.12,1.5,33c83aa82c39003f,1187,114,145,False
0.12,1.5,33c83aa82c39003f,1188,114,145,False
0.12,1.5,33c83aa82c39003f,1189,114,145,False
0.12,1.5,33c83aa82c39003f,1190,114,145,False
0.12,1.5,33c83aa82c39003f,1191,114,145,False
0.12,1.5,33c83aa82c39003f,1192,114,145,False
0.12,1.5,33c83aa82c39003f,1193,115,146,False
0.12,1.5,33c83aa82c39003f,1194,115,146,False
0.12,1.5,33c83aa82c39003f,1195,115,146,False
0.12,1.5,33c83aa82c39003f,1196,115,146,False
0.12,1.5,33c83aa82c39003f,1197,115,146,False
0.12,1.5,33c83aa82c39003f,1198,115,146,False
0.12,1.5,33c83aa82c39003f,1199,115,146,False
0.12,1.5,33c83aa82c39003f,1200,115,146,False
0.12,1.5,33c83aa82c39003f,1201,115,146,False
0.12,1.5,33c83aa82c39003f,1202,116,147,False
0.12,1.5,33c83aa82c39003f,1203,116,147,False
0.12,1.5,33c83aa82c39003f,1204,116,147,False
0.12,1.5,33c83aa82c39003f,1205,116,147,False
0.12,1.5,33c83aa82c39003f,1206,116,147,False
0.12,1.5,33c83aa82c39003f,1207,116,147,False
0.12,1.5,33c83aa82c39003f,1208,116,147,False
0.12,1.5,33c83aa82c39003f,1209,116,147,False
0.12,1.5,33c83aa82c39003f,1210,116,147,False
0.12,1.5,33c83aa82c39003f,1211,117,148,False
0.12,1.5,33c83aa82c39003f,1212,117,148,False
0.12,1.5,33c83aa82c39003f,1213,117,148,False
0.12,1.5,33c83aa82c39003f,1214,117,148,False
0.12,1.5,33c83aa82c39003f,1215,117,148,False
0.12,1.5,33c83aa82c39003f,1216,117,148,False
0.12,1.5,33c83aa82c39003f,1217,117,148,False
0.12,1.5,33c83aa82c39003f,1218,117,148,False
0.12,1.5,33c83aa82c39003f,1219,117,148,False
0.12,1.5,33c83aa82c39003f,1220,117,148,False
0.12,1.5,33c83aa82c39003f,1221,118,149,False
0.12,1.5,33c83aa82c39003f,1222,118,149,False
0.12,1.5,33c83aa82c39003f,1223,118,149,False
0.12,1.5,33c83aa82c39003f,1224,118,149,False
0.12,1.5,33c83aa82c39003f,1225,118,149,False
0.12,1.5,33c83aa82c39003f,1226,118,149,False
0.12,1.5,33c83aa82c39003f,1227,118,149,False
0.12,1.5,33c83aa82c39003f,1228,118,149,False
0.12,1.5,33c83aa82c39003f,1229,118,149,False
0.12,1.5,33c83aa82c39003f,1230,119,150,False
0.12,1.5,33c83aa82c39003f,1231,119,150,False
0.12,1.5,33c83aa82c39003f,1232,119,150,False
0.12,1.5,33c83aa82c39003f,1233,119,150,False
0.12,1.5,33c83aa82c39003f,1234,119,150,False
0.12,1.5,33c83aa82c39003f,1235,119,150,False
0.12,1.5,33c83aa82c39003f,1236,119,150,False
0.12,1.5,33c83aa82c39003f,1237,119,150,False
0.12,1.5,33c83aa82c39003f,1238,119,150,False
0.12,1.5,33c83aa82c39003f,1239,120,151,False
0.12,1.5,33c83aa82c39003f,1240,120,151,False
0.12,1.5,33c83aa82c39003f,1241,120,151,False
0.12,1.5,33c83aa82c39003f,1242,120,151,False
0.12,1.5,33c83aa82c39003f,1243,120,151,False
0.12,1.5,33c83aa82c39003f,1244,120,151,False
0.12,1.5,33c83aa82c39003f,1245,120,151,False
0.12,1.5,33c83aa82c39003f,1246,120,151,False
0.12,1.5,33c83aa82c39003f,1247,120,151,False
0.12,1.5,33c83aa82c39003f,1248,121,152,False
0.12,1.5,33c83aa82c39003f,1249,121,152,False
0.12,1.5,33c83aa82c39003f,1250,121,152,False
0.12,1.5,33c83aa82c39003f,1251,121,152,False
0.12,1.5,33c83aa82c39003f,1252,121,152,False
0.12,1.5,33c83aa82c39003f,1253,121,152,False
0.12,1.5,33c83aa82c39003f,1254,121,152,False
0.12,1.5,33c83aa82c39003f,1255,121,152,False
0.12,1.5,33c83aa82c39003f,1256,121,152,False
0.12,1.5,33c83aa82c39003f,1257,122,153,False
0.12,1.5,33c83aa82c39003f,1258,122,153,False
0.12,1.5,33c83aa82c39003f,1259,122,153,False
0.12,1.5,33c83aa82c39003f,1260,122,153,False
0.12,1.5,33c83aa82c39003f,1261,122,153,False
0.12,1.5,33c83aa82c39003f,1262,122,153,False
0.12,1.5,33c83aa82c39003f,1263,122,153,False
0.12,1.5,33c83aa82c39003f,1264,122,153,False
0.12,1.5,33c83aa82c39003f,1265,122,153,False
0.12,1.5,33c83aa82c39003f,1266,123,154,False
0.12,1.5,33c83aa82c39003f,1267,123,154,False
0.12,1.5,33c83aa82c39003f,1268,123,154,False
0.12,1.5,33c83aa82c39003f,1269,123,154,False
0.12,1.5,33c83aa82c39003f,1270,123,154,False
0.12,1.5,33c83aa82c39003f,1271,123,154,False
0.12,1.5,33c83aa82c39003f,1272,123,154,False
0.12,1.5,33c83aa82c39003f,1273,123,154,False
0.12,1.5,33c83aa82c39003f,1274,123,154,False
0.12,1.5,33c83aa82c39003f,1275,124,155,False
0.12,1.5,33c83aa82c39003f,1276,124,155,False
0.12,1.5,33c83aa82c39003f,1277,124,155,False
0.12,1.5,33c83aa82c39003f,1278,124,155,False
0.12,1.5,33c83aa82c39003f,1279,124,155,False
0.12,1.5,33c83aa82c39003f,1280,124,155,False
0.12,1.5,33c83aa82c39003f,1281,124,155,False
0.12,1.5,33c83aa82c39003f,1282,124,155,False
0.12,1.5,33c83aa82c39003f,1283,124,155,False
0.12,1.5,33c83aa82c39003f,1284,125,156,False
0.12,1.5,33c83aa82c39003f,1285,125,156,False
0.12,1.5,33c83aa82c39003f,1286,125,156,False
0.12,1.5,33c83aa82c39003f,1287,125,156,False
0.12,1.5,33c83aa82c39003f,1288,125,156,False
0.12,1.5,33c83aa82c39003f,1289,125,156,False
0.12,1.5,33c83aa82c39003f,1290,125,156,False
0.12,1.5,33c83aa82c39003f,1291,125,156,False
0.12,1.5,33c83aa82c39003f,1292,125,156,False
0.12,1.5,33c83aa82c39003f,1293,126,156,False
0.12,1.5,33c83aa82c39003f,1294,126,157,False
0.12,1.5,33c83aa82c39003f,1295,126,157,False
0.12,1.5,33c83aa82c39003f,1296,126,157,False
0.12,1.5,33c83aa82c39003f,1297,126,157,False
0.12,1.5,33c83aa82c39003f,1298,126,157,False
0.12,1.5,33c83aa82c39003f,1299,126,157,False
0.12,1.5,33c83aa82c39003f,1300,126,157,False
0.12,1.5,33c83aa82c39003f,1301,126,157,False
0.12,1.5,33c83aa82c39003f,1302,126,157,False
0.12,1.5,33c83aa82c39003f,1303,127,158,False
0.12,1.5,33c83aa82c39003f,1304,127,158,False
0.12,1.5,33c83aa82c39003f,1305,127,158,False
0.12,1.5,33c83aa82c39003f,1306,127,158,False
0.12,1.5,33c83aa82c39003f,1307,127,158,False
0.12,1.5,33c83aa82c39003f,1308,127,158,False
0.12,1.5,33c83aa82c39003f,1309,127,158,False
0.12,1.5,33c83aa82c39003f,1310,127,158,False
0.12,1.5,33c83aa82c39003f,1311,127,158,False
0.12,1.5,33c83aa82c39003f,1312,128,159,False
0.12,1.5,33c83aa82c39003f,1313,128,159,False
0.12,1.5,33c83aa82c39003f,1314,128,159,False
0.12,1.5,33c83aa82c39003f,1315,128,159,False
0.12,1.5,33c83aa82c39003f,1316,128,159,False
0.12,1.5,33c83aa82c39003f,1317,128,159,False
0.12,1.5,33c83aa82c39003f,1318,128,159,False
0.12,1.5,33c83aa82c39003f,1319,128,159,False
0.12,1.5,33c83aa82c39003f,1320,128,159,False
0.12,1.5,33c83aa82c39003f,1321,129,160,False
0.12,1.5,33c83aa82c39003f,1322,129,160,False
0.12,1.5,33c83aa82c39003f,1323,129,160,False
0.12,1.5,33c83aa82c39003f,1324,129,160,False
0.12,1.5,33c83aa82c39003f,1325,129,160,False
0.12,1.5,33c83aa82c39003f,1326,129,160,False
0.12,1.5,33c83aa82c39003f,1327,129,160,False
0.12,1.5,33c83aa82c39003f,1328,129,160,False
0.12,1.5,33c83aa82c39003f,1329,129,160,False
0.12,1.5,33c83aa82c39003f,1330,130,161,False
0.12,1.5,33c83aa82c39003f,1331,130,161,False
0.12,1.5,33c83aa82c39003f,1332,130,161,False
0.12,1.5,33c83aa82c39003f,1333,130,161,False
0.12,1.5,33c83aa82c39003f,1334,130,161,False
0.12,1.5,33c83aa82c39003f,1335,130,161,False
0.12,1.5,33c83aa82c39003f,1336,130,161,False
0.12,1.5,33c83aa82c39003f,1337,130,161,False
0.12,1.5,33c83aa82c39003f,1338,130,161,False
0.12,1.5,33c83aa82c39003f,1339,131,162,False
0.12,1.5,33c83aa82c39003f,1340,131,162,False
0.12,1.5,33c83aa82c39003f,1341,131,162,False
0.12,1.5,33c83aa82c39003f,1342,131,162,False
0.12,1.5,33c83aa82c39003f,1343,131,162,False
0.12,1.5,33c83aa82c39003f,1344,131,162,False
0.12,1.5,33c83aa82c39003f,1345,131,162,False
0.12,1.5,33c83aa82c39003f,1346,131,162,False
0.12,1.5,33c83aa82c39003f,1347,131,162,False
0.12,1.5,33c83aa82c39003f,1348,132,163,False
0.12,1.5,33c83aa82c39003f,1349,132,163,False
0.12,1.5,33c83aa82c39003f,1350,132,163,False
0.12,1.5,33c83aa82c39003f,1351,132,163,False
0.12,1.5,33c83aa82c39003f,1352,132,163,False
0.12,1.5,33c83aa82c39003f,1353,132,163,False
0.12,1.5,33c83aa82c39003f,1354,132,163,False
0.12,1.5,33c83aa82c39003f,1355,132,163,False
0.12,1.5,33c83aa82c39003f,1356,132,163,False
0.12,1.5,33c83aa82c39003f,1357,133,164,False
0.12,1.5,33c83aa82c39003f,1358,133,164,False
0.12,1.5,33c83aa82c39003f,1359,133,164,False
0.12,1.5,33c83aa82c39003f,1360,133,164,False
0.12,1.5,33c83aa82c39003f,1361,133,164,False
0.12,1.5,33c83aa82c39003f,1362,133,164,False
0.12,1.5,33c83aa82c39003f,1363,133,164,False
0.12,1.5,33c83aa82c39003f,1364,133,164,False
0.12,1.5,33c83aa82c39003f,1365,133,164,False
0.12,1.5,33c83aa82c39003f,1366,134,165,False
0.12,1.5,33c83aa82c39003f,1367,134,165,False
0.12,1.5,33c83aa82c39003f,1368,134,165,False
0.12,1.5,33c83aa82c39003f,1369,134,165,False
0.12,1.5,33c83aa82c39003f,1370,134,165,False
0.12,1.5,33c83aa82c39003f,1371,134,165,False
0.12,1.5,33c83aa82c39003f,1372,134,165,False
0.12,1.5,33c83aa82c39003f,1373,134,165,False
0.12,1.5,33c83aa82c39003f,1374,134,165,False
0.12,1.5,33c83aa82c39003f,1375,135,165,False
0.12,1.5,33c83aa82c39003f,1376,135,166,False
0.12,1.5,33c83aa82c39003f,1377,135,166,False
0.12,1.5,33c83aa82c39003f,1378,135,166,False
0.12,1.5,33c83aa82c39003f,1379,135,166,False
0.12,1.5,33c83aa82c39003f,1380,135,166,False
0.12,1.5,33c83aa82c39003f,1381,135,166,False
0.12,1.5,33c83aa82c39003f,1382,135,166,False
0.12,1.5,33c83aa82c39003f,1383,135,166,False
0.12,1.5,33c83aa82c39003f,1384,135,166,False
0.12,1.5,33c83aa82c39003f,1385,136,167,False
0.12,1.5,33c83aa82c39003f,1386,136,167,False
0.12,1.5,33c83aa82c39003f,1387,136,167,False
0.12,1.5,33c83aa82c39003f,1388,136,167,False
0.12,1.5,33c83aa82c39003f,1389,136,167,False
0.12,1.5,33c83aa82c39003f,1390,136,167,False
0.12,1.5,33c83aa82c39003f,1391,136,167,False
0.12,1.5,33c83aa82c39003f,1392,136,167,False
0.12,1.5,33c83aa82c39003f,1393,136,167,False
0.12,1.5,33c83aa82c39003f,1394,137,168,False
0.12,1.5,33c83aa82c39003f,1395,137,168,False
0.12,1.5,33c83aa82c39003f,1396,137,168,False
0.12,1.5,33c83aa82c39003f,1397,137,168,False
0.12,1.5,33c83aa82c39003f,1398,137,168,False
0.12,1.5,33c83aa82c39003f,1399,137,168,False
0.12,1.5,33c83aa82c39003f,1400,137,168,False
0.12,1.5,33c83aa82c39003f,1401,137,168,False
0.12,1.5,33c83aa82c39003f,1402,137,168,False
0.12,1.5,33c83aa82c39003f,1403,138,169,False
0.12,1.5,33c83aa82c39003f,1404,138,169,False
0.12,1.5,33c83aa82c39003f,1405,138,169,False
0.12,1.5,33c83aa82c39003f,1406,138,169,False
0.12,1.5,33c83aa82c39003f,1407,138,169,False
0.12,1.5,33c83aa82c39003f,1408,138,169,False
0.12,1.5,33c83aa82c39003f,1409,138,169,False
0.12,1.5,33c83aa82c39003f,1410,138,169,False
0.12,1.5,33c83aa82c39003f,1411,138,169,False
0.12,1.5,33c83aa82c39003f,1412,139,170,False
0.12,1.5,33c83aa82c39003f,1413,139,170,False
0.12,1.5,33c83aa82c39003f,1414,139,170,False
0.12,1.5,33c83aa82c39003f,1415,139,170,False
0.12,1.5,33c83aa82c39003f,1416,139,170,False
0.12,1.5,33c83aa82c39003f,1417,139,170,False
0.12,1.5,33c83aa82c39003f,1418,139,170,False
0.12,1.5,33c83aa82c39003f,1419,139,170,False
0.12,1.5,33c83aa82c39003f,1420,139,170,False
0.12,1.5,33c83aa82c39003f,1421,140,171,False
0.12,1.5,33c83aa82c39003f,1422,140,171,False
0.12,1.5,33c83aa82c39003f,1423,140,171,False
0.12,1.5,33c83aa82c39003f,1424,140,171,False
0.12,1.5,33c83aa82c39003f,1425,140,171,False
0.12,1.5,33c83aa82c39003f,1426,140,171,False
0.12,1.5,33c83aa82c39003f,1427,140,171,False
0.12,1.5,33c83aa82c39003f,1428,140,171,False
0.12,1.5,33c83aa82c39003f,1429,140,171,False
0.12,1.5,33c83aa82c39003f,1430,141,172,False
0.12,1.5,33c83aa82c39003f,1431,141,172,False
0.12,1.5,33c83aa82c39003f,1432,141,172,False
0.12,1.5,33c83aa82c39003f,1433,141,172,False
0.12,1.5,33c83aa82c39003f,1434,141,172,False
0.12,1.5,33c83aa82c39003f,1435,141,172,False
0.12,1.5,33c83aa82c39003f,1436,141,172,False
0.12,1.5,33c83aa82c39003f,1437,141,172,False
0.12,1.5,33c83aa82c39003f,1438,141,172,False
0.12,1.5,33c83aa82c39003f,1439,142,173,False
0.12,1.5,33c83aa82c39003f,1440,142,173,False
0.12,1.5,33c83aa82c39003f,1441,142,173,False
0.12,1.5,33c83aa82c39003f,1442,142,173,False
0.12,1.5,33c83aa82c39003f,1443,142,173,False
0.12,1.5,33c83aa82c39003f,1444,142,173,False
0.12,1.5,33c83aa82c39003f,1445,142,173,False
0.12,1.5,33c83aa82c39003f,1446,142,173,False
0.12,1.5,33c83aa82c39003f,1447,142,173,False
0.12,1.5,33c83aa82c39003f,1448,143,174,False
0.12,1.5,33c83aa82c39003f,1449,143,174,False
0.12,1.5,33c83aa82c39003f,1450,143,174,False
0.12,1.5,33c83aa82c39003f,1451,143,174,False
0.12,1.5,33c83aa82c39003f,1452,143,174,False
0.12,1.5,33c83aa82c39003f,1453,143,174,False
0.12,1.5,33c83aa82c39003f,1454,143,174,False
0.12,1.5,33c83aa82c39003f,1455,143,174,False
0.12,1.5,33c83aa82c39003f,1456,143,174,False
0.12,1.5,33c83aa82c39003f,1457,144,174,False
0.12,1.5,33c83aa82c39003f,1458,144,175,False
0.12,1.5,33c83aa82c39003f,1459,144,175,False
0.12,1.5,33c83aa82c39003f,1460,144,175,False
0.12,1.5,33c83aa82c39003f,1461,144,175,False
0.12,1.5,33c83aa82c39003f,1462,144,175,False
0.12,1.5,33c83aa82c39003f,1463,144,175,False
0.12,1.5,33c83aa82c39003f,1464,144,175,False
0.12,1.5,33c83aa82c39003f,1465,144,175,False
0.12,1.5,33c83aa82c39003f,1466,144,175,False
0.12,1.5,33c83aa82c39003f,1467,145,176,False
0.12,1.5,33c83aa82c39003f,1468,145,176,False
0.12,1.5,33c83aa82c39003f,1469,145,176,False
0.12,1.5,33c83aa82c39003f,1470,145,176,False
0.12,1.5,33c83aa82c39003f,1471,145,176,False
0.12,1.5,33c83aa82c39003f,1472,145,176,False
0.12,1.5,33c83aa82c39003f,1473,145,176,False
0.12,1.5,33c83aa82c39003f,1474,145,176,False
0.12,1.5,33c83aa82c39003f,1475,145,176,False
0.12,1.5,33c83aa82c39003f,1476,146,177,False
0.12,1.5,33c83aa82c39003f,1477,146,177,False
0.12,1.5,33c83aa82c39003f,1478,146,177,False
0.12,1.5,33c83aa82c39003f,1479,146,177,False
0.12,1.5,33c83aa82c39003f,1480,146,177,False
0.12,1.5,33c83aa82c39003f,1481,146,177,False
0.12,1.5,33c83aa82c39003f,1482,146,177,False
0.12,1.5,33c83aa82c39003f,1483,146,177,False
0.12,1.5,33c83aa82c39003f,1484,146,177,False
0.12,1.5,33c83aa82c39003f,1485,147,178,False
0.12,1.5,33c83aa82c39003f,1486,147,178,False
0.12,1.5,33c83aa82c39003f,1487,147,178,False
0.12,1.5,33c83aa82c39003f,1488,147,178,False
0.12,1.5,33c83aa82c39003f,1489,147,178,False
0.12,1.5,33c83aa82c39003f,1490,147,178,False
0.12,1.5,33c83aa82c39003f,1491,147,178,False
0.12,1.5,33c83aa82c39003f,1492,147,178,False
0.12,1.5,33c83aa82c39003f,1493,147,178,False
0.12,1.5,33c83aa82c39003f,1494,148,179,False
0.12,1.5,33c83aa82c39003f,1495,148,179,False
0.12,1.5,33c83aa82c39003f,1496,148,179,False
0.12,1.5,33c83aa82c39003f,1497,148,179,False
0.12,1.5,33c83aa82c39003f,1498,148,179,False
0.12,1.5,33c83aa82c39003f,1499,148,179,False
0.12,1.5,33c83aa82c39003f,1500,148,179,False
0.12,1.5,33c83aa82c39003f,1501,148,179,False
0.12,1.5,33c83aa82c39003f,1502,148,179,False
0.12,1.5,33c83aa82c39003f,1503,149,180,False
0.12,1.5,33c83aa82c39003f,1504,149,180,False
0.12,1.5,33c83aa82c39003f,1505,149,180,False
0.12,1.5,33c83aa82c39003f,1506,149,180,False
0.12,1.5,33c83aa82c39003f,1507,149,180,False
0.12,1.5,33c83aa82c39003f,1508,149,180,False
0.12,1.5,33c83aa82c39003f,1509,149,180,False
0.12,1.5,33c83aa82c39003f,1510,149,180,False
0.12,1.5,33c83aa82c39003f,1511,149,180,False
0.12,1.5,33c83aa82c39003f,1512,150,181,False
0.12,1.5,33c83aa82c39003f,1513,150,181,False
0.12,1.5,33c83aa82c39003f,1514,150,181,False
0.12,1.5,33c83aa82c39003f,1515,150,181,False
0.12,1.5,33c83aa82c39003f,1516,150,181,False
0.12,1.5,33c83aa82c39003f,1517,150,181,False
0.12,1.5,33c83aa82c39003f,1518,150,181,False
0.12,1.5,33c83aa82c39003f,1519,150,181,False
0.12,1.5,33c83aa82c39003f,1520,150,181,False
0.12,1.5,33c83aa82c39003f,1521,151,182,False
0.12,1.5,33c83aa82c39003f,1522,151,182,False
0.12,1.5,33c83aa82c39003f,1523,151,182,False
0.12,1.5,33c83aa82c39003f,1524,151,182,False
0.12,1.5,33c83aa82c39003f,1525,151,182,False
0.12,1.5,33c83aa82c39003f,1526,151,182,False
0.12,1.5,33c83aa82c39003f,1527,151,182,False
0.12,1.5,33c83aa82c39003f,1528,151,182,False
0.12,1.5,33c83aa82c39003f,1529,151,182,False
0.12,1.5,33c83aa82c39003f,1530,152,183,False
0.12,1.5,33c83aa82c39003f,1531,152,183,False
0.12,1.5,33c83aa82c39003f,1532,152,183,False
0.12,1.5,33c83aa82c39003f,1533,152,183,False
0.12,1.5,33c83aa82c39003f,1534,152,183,False
0.12,1.5,33c83aa82c39003f,1535,152,183,False
0.12,1.5,33c83aa82c39003f,1536,152,183,False
0.12,1.5,33c83aa82c39003f,1537,152,183,False
0.12,1.5,33c83aa82c39003f,1538,152,183,False
0.12,1.5,33c83aa82c39003f,1539,153,183,False
0.12,1.5,33c83aa82c39003f,1540,153,184,False
0.12,1.5,33c83aa82c39003f,1541,153,184,False
0.12,1.5,33c83aa82c39003f,1542,153,184,False
0.12,1.5,33c83aa82c39003f,1543,153,184,False
0.12,1.5,33c83aa82c39003f,1544,153,184,False
0.12,1.5,33c83aa82c39003f,1545,153,184,False
0.12,1.5,33c83aa82c39003f,1546,153,184,False
0.12,1.5,33c83aa82c39003f,1547,153,184,False
0.12,1.5,33c83aa82c39003f,1548,153,184,False
0.12,1.5,33c83aa82c39003f,1549,154,185,False
0.12,1.5,33c83aa82c39003f,1550,154,185,False
0.12,1.5,33c83aa82c39003f,1551,154,185,False
0.12,1.5,33c83aa82c39003f,1552,154,185,False
0.12,1.5,33c83aa82c39003f,1553,154,185,False
0.12,1.5,33c83aa82c39003f,1554,154,185,False
0.12,1.5,33c83aa82c39003f,1555,154,185,False
0.12,1.5,33c83aa82c39003f,1556,154,185,False
0.12,1.5,33c83aa82c39003f,1557,154,185,False
0.12,1.5,33c83aa82c39003f,1558,155,186,False
0.12,1.5,33c83aa82c39003f,1559,155,186,False
0.12,1.5,33c83aa82c39003f,1560,155,186,False
0.12,1.5,33c83aa82c39003f,1561,155,186,False
0.12,1.5,33c83aa82c39003f,1562,155,186,False
0.12,1.5,33c83aa82c39003f,1563,155,186,False
0.12,1.5,33c83aa82c39003f,1564,155,186,False
0.12,1.5,33c83aa82c39003f,1565,155,186,False
0.12,1.5,33c83aa82c39003f,1566,155,186,False
0.12,1.5,33c83aa82c39003f,1567,156,187,False
0.12,1.5,33c83aa82c39003f,1568,156,187,False
0.12,1.5,33c83aa82c39003f,1569,156,187,False
0.12,1.5,33c83aa82c39003f,1570,156,187,False
0.12,1.5,33c83aa82c39003f,1571,156,187,False
0.12,1.5,33c83aa82c39003f,1572,156,187,False
0.12,1.5,33c83aa82c39003f,1573,156,187,False
0.12,1.5,33c83aa82c39003f,1574,156,187,False
0.12,1.5,33c83aa82c39003f,1575,156,187,False
0.12,1.5,33c83aa82c39003f,1576,157,188,False
0.12,1.5,33c83aa82c39003f,1577,157,188,False
0.12,1.5,33c83aa82c39003f,1578,157,188,False
0.12,1.5,33c83aa82c39003f,1579,157,188,False
0.12,1.5,33c83aa82c39003f,1580,157,188,False
0.12,1.5,33c83aa82c39003f,1581,157,188,False
0.12,1.5,33c83aa82c39003f,1582,157,188,False
0.12,1.5,33c83aa82c39003f,1583,157,188,False
0.12,1.5,33c83aa82c39003f,1584,157,188,False
0.12,1.5,33c83aa82c39003f,1585,158,189,False
0.12,1.5,33c83aa82c39003f,1586,158,189,False
0.12,1.5,33c83aa82c39003f,1587,158,189,False
0.12,1.5,33c83aa82c39003f,1588,158,189,False
0.12,1.5,33c83aa82c39003f,1589,158,189,False
0.12,1.5,33c83aa82c39003f,1590,158,189,False
0.12,1.5,33c83aa82c39003f,1591,158,189,False
0.12,1.5,33c83aa82c39003f,1592,158,189,False
0.12,1.5,33c83aa82c39003f,1593,158,189,False
0.12,1.5,33c83aa82c39003f,1594,159,190,False
0.12,1.5,33c83aa82c39003f,1595,159,190,False
0.12,1.5,33c83aa82c39003f,1596,159,190,False
0.12,1.5,33c83aa82c39003f,1597,159,190,False
0.12,1.5,33c83aa82c39003f,1598,159,190,False
0.12,1.5,33c83aa82c39003f,1599,159,190,False
0.12,1.5,33c83aa82c39003f,1600,159,190,False
0.12,1.5,33c83aa82c39003f,1601,159,190,False
0.12,1.5,33c83aa82c39003f,1602,159,190,False
0.12,1.5,33c83aa82c39003f,1603,160,191,False
0.12,1.5,33c83aa82c39003f,1604,160,191,False
0.12,1.5,33c83aa82c39003f,1605,160,191,False
0.12,1.5,33c83aa82c39003f,1606,160,191,False
0.12,1.5,33c83aa82c39003f,1607,160,191,False
0.12,1.5,33c83aa82c39003f,1608,160,191,False
0.12,1.5,33c83aa82c39003f,1609,160,191,False
0.12,1.5,33c83aa82c39003f,1610,160,191,False
0.12,1.5,33c83aa82c39003f,1611,160,191,False
0.12,1.5,33c83aa82c39003f,1612,161,192,False
0.12,1.5,33c83aa82c39003f,1613,161,192,False
0.12,1.5,33c83aa82c39003f,1614,161,192,False
0.12,1.5,33c83aa82c39003f,1615,161,192,False
0.12,1.5,33c83aa82c39003f,1616,161,192,False
0.12,1.5,33c83aa82c39003f,1617,161,192,False
0.12,1.5,33c83aa82c39003f,1618,161,192,False
0.12,1.5,33c83aa82c39003f,1619,161,192,False
0.12,1.5,33c83aa82c39003f,1620,161,192,False
0.12,1.5,33c83aa82c39003f,1621,162,192,False
0.12,1.5,33c83aa82c39003f,1622,162,193,False
0.12,1.5,33c83aa82c39003f,1623,162,193,False
0.12,1.5,33c83aa82c39003f,1624,162,193,False
0.12,1.5,33c83aa82c39003f,1625,162,193,False
0.12,1.5,33c83aa82c39003f,1626,162,193,False
0.12,1.5,33c83aa82c39003f,1627,162,193,False
0.12,1.5,33c83aa82c39003f,1628,162,193,False
0.12,1.5,33c83aa82c39003f,1629,162,193,False
0.12,1.5,33c83aa82c39003f,1630,162,193,False
0.12,1.5,33c83aa82c39003f,1631,163,194,False
0.12,1.5,33c83aa82c39003f,1632,163,194,False
0.12,1.5,33c83aa82c39003f,1633,163,194,False
0.12,1.5,33c83aa82c39003f,1634,163,194,False
0.12,1.5,33c83aa82c39003f,1635,163,194,False
0.12,1.5,33c83aa82c39003f,1636,163,194,False
0.12,1.5,33c83aa82c39003f,1637,163,194,False
0.12,1.5,33c83aa82c39003f,1638,163,194,False
0.12,1.5,33c83aa82c39003f,1639,163,194,False
0.12,1.5,33c83aa82c39003f,1640,164,195,False
0.12,1.5,33c83aa82c39003f,1641,164,195,False
0.12,1.5,33c83aa82c39003f,1642,164,195,False
0.12,1.5,33c83aa82c39003f,1643,164,195,False
0.12,1.5,33c83aa82c39003f,1644,164,195,False
0.12,1.5,33c83aa82c39003f,1645,164,195,False
0.12,1.5,33c83aa82c39003f,1646,164,195,False
0.12,1.5,33c83aa82c39003f,1647,164,195,False
0.12,1.5,33c83aa82c39003f,1648,164,195,False
0.12,1.5,33c83aa82c39003f,1649,165,196,False
0.12,1.5,33c83aa82c39003f,1650,165,196,False
0.12,1.5,33c83aa82c39003f,1651,165,196,False
0.12,1.5,33c83aa82c39003f,1652,165,196,False
0.12,1.5,33c83aa82c39003f,1653,165,196,False
0.12,1.5,33c83aa82c39003f,1654,165,196,False
0.12,1.5,33c83aa82c39003f,1655,165,196,False
0.12,1.5,33c83aa82c39003f,1656,165,196,False
0.12,1.5,33c83aa82c39003f,1657,165,196,False
0.12,1.5,33c83aa82c39003f,1658,166,197,False
0.12,1.5,33c83aa82c39003f,1659,166,197,False
0.12,1.5,33c83aa82c39003f,1660,166,197,False
0.12,1.5,33c83aa82c39003f,1661,166,197,False
0.12,1.5,33c83aa82c39003f,1662,166,197,False
0.12,1.5,33c83aa82c39003f,1663,166,197,False
0.12,1.5,33c83aa82c39003f,1664,166,197,False
0.12,1.5,33c83aa82c39003f,1665,166,197,False
0.12,1.5,33c83aa82c39003f,1666,166,197,False
0.12,1.5,33c83aa82c39003f,1667,167,198,False
0.12,1.5,33c83aa82c39003f,1668,167,198,False
0.12,1.5,33c83aa82c39003f,1669,167,198,False
0.12,1.5,33c83aa82c39003f,1670,167,198,False
0.12,1.5,33c83aa82c39003f,1671,167,198,False
0.12,1.5,33c83aa82c39003f,1672,167,198,False
0.12,1.5,33c83aa82c39003f,1673,167,198,False
0.12,1.5,33c83aa82c39003f,1674,167,198,False
0.12,1.5,33c83aa82c39003f,1675,167,198,False
0.12,1.5,33c83aa82c39003f,1676,168,199,False
0.12,1.5,33c83aa82c39003f,1677,168,199,False
0.12,1.5,33c83aa82c39003f,1678,168,199,False
0.12,1.5,33c83aa82c39003f,1679,168,199,False
0.12,1.5,33c83aa82c39003f,1680,168,199,False
0.12,1.5,33c83aa82c39003f,1681,168,199,False
0.12,1.5,33c83aa82c39003f,1682,168,199,False
0.12,1.5,33c83aa82c39003f,1683,168,199,False
0.12,1.5,33c83aa82c39003f,1684,168,199,False
0.12,1.5,33c83aa82c39003f,1685,169,200,False
0.12,1.5,33c83aa82c39003f,1686,169,200,False
0.12,1.5,33c83aa82c39003f,1687,169,200,False
0.12,1.5,33c83aa82c39003f,1688,169,200,False
0.12,1.5,33c83aa82c39003f,1689,169,200,False
0.12,1.5,33c83aa82c39003f,1690,169,200,False
0.12,1.5,33c83aa82c39003f,1691,169,200,False
0.12,1.5,33c83aa82c39003f,1692,169,200,False
0.12,1.5,33c83aa82c39003f,1693,169,200,False
0.12,1.5,33c83aa82c39003f,1694,170,201,False
0.12,1.5,33c83aa82c39003f,1695,170,201,False
0.12,1.5,33c83aa82c39003f,1696,170,201,False
0.12,1.5,33c83aa82c39003f,1697,170,201,False
0.12,1.5,33c83aa82c39003f,1698,170,201,False
0.12,1.5,33c83aa82c39003f,1699,170,201,False
0.12,1.5,33c83aa82c39003f,1700,170,201,False
0.12,1.5,33c83aa82c39003f,1701,170,201,False
0.12,1.5,33c83aa82c39003f,1702,170,201,False
0.12,1.5,33c83aa82c39003f,1703,171,201,False
0.12,1.5,33c83aa82c39003f,1704,171,202,False
0.12,1.5,33c83aa82c39003f,1705,171,202,False
0.12,1.5,33c83aa82c39003f,1706,171,202,False
0.12,1.5,33c83aa82c39003f,1707,171,202,False
0.12,1.5,33c83aa82c39003f,1708,171,202,False
0.12,1.5,33c83aa82c39003f,1709,171,202,False
0.12,1.5,33c83aa82c39003f,1710,171,202,False
0.12,1.5,33c83aa82c39003f,1711,171,202,False
0.12,1.5,33c83aa82c39003f,1712,171,202,False
0.12,1.5,33c83aa82c39003f,1713,172,203,False
0.12,1.5,33c83aa82c39003f,1714,172,203,False
0.12,1.5,33c83aa82c39003f,1715,172,203,False
0.12,1.5,33c83aa82c39003f,1716,172,203,False
0.12,1.5,33c83aa82c39003f,1717,172,203,False
0.12,1.5,33c83aa82c39003f,1718,172,203,False
0.12,1.5,33c83aa82c39003f,1719,172,203,False
0.12,1.5,33c83aa82c39003f,1720,172,203,False
0.12,1.5,33c83aa82c39003f,1721,172,203,False
0.12,1.5,33c83aa82c39003f,1722,173,204,False
0.12,1.5,33c83aa82c39003f,1723,173,204,False
0.12,1.5,33c83aa82c39003f,1724,173,204,False
0.12,1.5,33c83aa82c39003f,1725,173,204,False
0.12,1.5,33c83aa82c39003f,1726,173,204,False
0.12,1.5,33c83aa82c39003f,1727,173,204,False
0.12,1.5,33c83aa82c39003f,1728,173,204,False
0.12,1.5,33c83aa82c39003f,1729,173,204,False
0.12,1.5,33c83aa82c39003f,1730,173,204,False
0.12,1.5,33c83aa82c39003f,1731,174,205,False
0.12,1.5,33c83aa82c39003f,1732,174,205,False
0.12,1.5,33c83aa82c39003f,1733,174,205,False
0.12,1.5,33c83aa82c39003f,1734,174,205,False
0.12,1.5,33c83aa82c39003f,1735,174,205,False
0.12,1.5,33c83aa82c39003f,1736,174,205,False
0.12,1.5,33c83aa82c39003f,1737,174,205,False
0.12,1.5,33c83aa82c39003f,1738,174,205,False
0.12,1.5,33c83aa82c39003f,1739,174,205,False
0.12,1.5,33c83aa82c39003f,1740,175,206,False
0.12,1.5,33c83aa82c39003f,1741,175,206,False
0.12,1.5,33c83aa82c39003f,1742,175,206,False
0.12,1.5,33c83aa82c39003f,1743,175,206,False
0.12,1.5,33c83aa82c39003f,1744,175,206,False
0.12,1.5,33c83aa82c39003f,1745,175,206,False
0.12,1.5,33c83aa82c39003f,1746,175,206,False
0.12,1.5,33c83aa82c39003f,1747,175,206,False
0.12,1.5,33c83aa82c39003f,1748,175,206,False
0.12,1.5,33c83aa82c39003f,1749,176,207,False
0.12,1.5,33c83aa82c39003f,1750,176,207,False
0.12,1.5,33c83aa82c39003f,1751,176,207,False
0.12,1.5,33c83aa82c39003f,1752,176,207,False
0.12,1.5,33c83aa82c39003f,1753,176,207,False
0.12,1.5,33c83aa82c39003f,1754,176,207,False
0.12,1.5,33c83aa82c39003f,1755,176,207,False
0.12,1.5,33c83aa82c39003f,1756,176,207,False
0.12,1.5,33c83aa82c39003f,1757,176,207,False
0.12,1.5,33c83aa82c39003f,1758,177,208,False
0.12,1.5,33c83aa82c39003f,1759,177,208,False
0.12,1.5,33c83aa82c39003f,1760,177,208,False
0.12,1.5,33c83aa82c39003f,1761,177,208,False
0.12,1.5,33c83aa82c39003f,1762,177,208,False
0.12,1.5,33c83aa82c39003f,1763,177,208,False
0.12,1.5,33c83aa82c39003f,1764,177,208,False
0.12,1.5,33c83aa82c39003f,1765,177,208,False
0.12,1.5,33c83aa82c39003f,1766,177,208,False
0.12,1.5,33c83aa82c39003f,1767,178,209,False
0.12,1.5,33c83aa82c39003f,1768,178,209,False
0.12,1.5,33c83aa82c39003f,1769,178,209,False
0.12,1.5,33c83aa82c39003f,1770,178,209,False
0.12,1.5,33c83aa82c39003f,1771,178,209,False
0.12,1.5,33c83aa82c39003f,1772,178,209,False
0.12,1.5,33c83aa82c39003f,1773,178,209,False
0.12,1.5,33c83aa82c39003f,1774,178,209,False
0.12,1.5,33c83aa82c39003f,1775,178,209,False
0.12,1.5,33c83aa82c39003f,1776,179,210,False
0.12,1.5,33c83aa82c39003f,1777,179,210,False
0.12,1.5,33c83aa82c39003f,1778,179,210,False
0.12,1.5,33c83aa82c39003f,1779,179,210,False
0.12,1.5,33c83aa82c39003f,1780,179,210,False
0.12,1.5,33c83aa82c39003f,1781,179,210,False
0.12,1.5,33c83aa82c39003f,1782,179,210,False
0.12,1.5,33c83aa82c39003f,1783,179,210,False
0.12,1.5,33c83aa82c39003f,1784,179,210,False
0.12,1.5,33c83aa82c39003f,1785,179,210,False
0.12,1.5,33c83aa82c39003f,1786,180,211,False
0.12,1.5,33c83aa82c39003f,1787,180,211,False
0.12,1.5,33c83aa82c39003f,1788,180,211,False
0.12,1.5,33c83aa82c39003f,1789,180,211,False
0.12,1.5,33c83aa82c39003f,1790,180,211,False
0.12,1.5,33c83aa82c39003f,1791,180,211,False
0.12,1.5,33c83aa82c39003f,1792,180,211,False
0.12,1.5,33c83aa82c39003f,1793,180,211,False
0.12,1.5,33c83aa82c39003f,1794,180,211,False
0.12,1.5,33c83aa82c39003f,1795,181,212,False
0.12,1.5,33c83aa82c39003f,1796,181,212,False
0.12,1.5,33c83aa82c39003f,1797,181,212,False
0.12,1.5,33c83aa82c39003f,1798,181,212,False
0.12,1.5,33c83aa82c39003f,1799,181,212,False
0.12,1.5,33c83aa82c39003f,1800,181,212,False
0.12,1.5,33c83aa82c39003f,1801,181,212,False
0.12,1.5,33c83aa82c39003f,1802,181,212,False
0.12,1.5,33c83aa82c39003f,1803,181,212,False
0.12,1.5,33c83aa82c39003f,1804,182,213,False
0.12,1.5,33c83aa82c39003f,1805,182,213,False
0.12,1.5,33c83aa82c39003f,1806,182,213,False
0.12,1.5,33c83aa82c39003f,1807,182,213,False
0.12,1.5,33c83aa82c39003f,1808,182,213,False
0.12,1.5,33c83aa82c39003f,1809,182,213,False
0.12,1.5,33c83aa82c39003f,1810,182,213,False
0.12,1.5,33c83aa82c39003f,1811,182,213,False
0.12,1.5,33c83aa82c39003f,1812,182,213,False
0.12,1.5,33c83aa82c39003f,1813,183,214,False
0.12,1.5,33c83aa82c39003f,1814,183,214,False
0.12,1.5,33c83aa82c39003f,1815,183,214,False
0.12,1.5,33c83aa82c39003f,1816,183,214,False
0.12,1.5,33c83aa82c39003f,1817,183,214,False
0.12,1.5,33c83aa82c39003f,1818,183,214,False
0.12,1.5,33c83aa82c39003f,1819,183,214,False
0.12,1.5,33c83aa82c39003f,1820,183,214,False
0.12,1.5,33c83aa82c39003f,1821,183,214,False
0.12,1.5,33c83aa82c39003f,1822,184,215,False
0.12,1.5,33c83aa82c39003f,1823,184,215,False
0.12,1.5,33c83aa82c39003f,1824,184,215,False
0.12,1.5,33c83aa82c39003f,1825,184,215,False
0.12,1.5,33c83aa82c39003f,1826,184,215,False
0.12,1.5,33c83aa82c39003f,1827,184,215,False
0.12,1.5,33c83aa82c39003f,1828,184,215,False
0.12,1.5,33c83aa82c39003f,1829,184,215,False
0.12,1.5,33c83aa82c39003f,1830,184,215,False
0.12,1.5,33c83aa82c39003f,1831,185,216,False
0.12,1.5,33c83aa82c39003f,1832,185,216,False
0.12,1.5,33c83aa82c39003f,1833,185,216,False
0.12,1.5,33c83aa82c39003f,1834,185,216,False
0.12,1.5,33c83aa82c39003f,1835,185,216,False
0.12,1.5,33c83aa82c39003f,1836,185,216,False
0.12,1.5,33c83aa82c39003f,1837,185,216,False
0.12,1.5,33c83aa82c39003f,1838,185,216,False
0.12,1.5,33c83aa82c39003f,1839,185,216,False
0.12,1.5,33c83aa82c39003f,1840,186,217,False
0.12,1.5,33c83aa82c39003f,1841,186,217,False
0.12,1.5,33c83aa82c39003f,1842,186,217,False
0.12,1.5,33c83aa82c39003f,1843,186,217,False
0.12,1.5,33c83aa82c39003f,1844,186,217,False
0.12,1.5,33c83aa82c39003f,1845,186,217,False
0.12,1.5,33c83aa82c39003f,1846,186,217,False
0.12,1.5,33c83aa82c39003f,1847,186,217,False
0.12,1.5,33c83aa82c39003f,1848,186,217,False
0.12,1.5,33c83aa82c39003f,1849,187,218,False
0.12,1.5,33c83aa82c39003f,1850,187,218,False
0.12,1.5,33c83aa82c39003f,1851,187,218,False
0.12,1.5,33c83aa82c39003f,1852,187,218,False
0.12,1.5,33c83aa82c39003f,1853,187,218,False
0.12,1.5,33c83aa82c39003f,1854,187,218,False
0.12,1.5,33c83aa82c39003f,1855,187,218,False
0.12,1.5,33c83aa82c39003f,1856,187,218,False
0.12,1.5,33c83aa82c39003f,1857,187,218,False
0.12,1.5,33c83aa82c39003f,1858,188,218,False
0.12,1.5,33c83aa82c39003f,1859,188,219,False
0.12,1.5,33c83aa82c39003f,1860,188,219,False
0.12,1.5,33c83aa82c39003f,1861,188,219,False
0.12,1.5,33c83aa82c39003f,1862,188,219,False
0.12,1.5,33c83aa82c39003f,1863,188,219,False
0.12,1.5,33c83aa82c39003f,1864,188,219,False
0.12,1.5,33c83aa82c39003f,1865,188,219,False
0.12,1.5,33c83aa82c39003f,1866,188,219,False
0.12,1.5,33c83aa82c39003f,1867,188,219,False
0.12,1.5,33c83aa82c39003f,1868,189,220,False
0.12,1.5,33c83aa82c39003f,1869,189,220,False
0.12,1.5,33c83aa82c39003f,1870,189,220,False
0.12,1.5,33c83aa82c39003f,1871,189,220,False
0.12,1.5,33c83aa82c39003f,1872,189,220,False
0.12,1.5,33c83aa82c39003f,1873,189,220,False
0.12,1.5,33c83aa82c39003f,1874,189,220,False
0.12,1.5,33c83aa82c39003f,1875,189,220,False
0.12,1.5,33c83aa82c39003f,1876,189,220,False
0.12,1.5,33c83aa82c39003f,1877,190,221,False
0.12,1.5,33c83aa82c39003f,1878,190,221,False
0.12,1.5,33c83aa82c39003f,1879,190,221,False
0.12,1.5,33c83aa82c39003f,1880,190,221,False
0.12,1.5,33c83aa82c39003f,1881,190,221,False
0.12,1.5,33c83aa82c39003f,1882,190,221,False
0.12,1.5,33c83aa82c39003f,1883,190,221,False
0.12,1.5,33c83aa82c39003f,1884,190,221,False
0.12,1.5,33c83aa82c39003f,1885,190,221,False
0.12,1.5,33c83aa82c39003f,1886,191,222,False
0.12,1.5,33c83aa82c39003f,1887,191,222,False
0.12,1.5,33c83aa82c39003f,1888,191,222,False
0.12,1.5,33c83aa82c39003f,1889,191,222,False
0.12,1.5,33c83aa82c39003f,1890,191,222,False
0.12,1.5,33c83aa82c39003f,1891,191,222,False
0.12,1.5,33c83aa82c39003f,1892,191,222,False
0.12,1.5,33c83aa82c39003f,1893,191,222,False
0.12,1.5,33c83aa82c39003f,1894,191,222,False
0.12,1.5,33c83aa82c39003f,1895,192,223,False
0.12,1.5,33c83aa82c39003f,1896,192,223,False
0.12,1.5,33c83aa82c39003f,1897,192,223,False
0.12,1.5,33c83aa82c39003f,1898,192,223,False
0.12,1.5,33c83aa82c39003f,1899,192,223,False
0.12,1.5,33c83aa82c39003f,1900,192,223,False
0.12,1.5,33c83aa82c39003f,1901,192,223,False
0.12,1.5,33c83aa82c39003f,1902,192,223,False
0.12,1.5,33c83aa82c39003f,1903,192,223,False
0.12,1.5,33c83aa82c39003f,1904,193,224,False
0.12,1.5,33c83aa82c39003f,1905,193,224,False
0.12,1.5,33c83aa82c39003f,1906,193,224,False
0.12,1.5,33c83aa82c39003f,1907,193,224,False
0.12,1.5,33c83aa82c39003f,1908,193,224,False
0.12,1.5,33c83aa82c39003f,1909,193,224,False
0.12,1.5,33c83aa82c39003f,1910,193,224,False
0.12,1.5,33c83aa82c39003f,1911,193,224,False
0.12,1.5,33c83aa82c39003f,1912,193,224,False
0.12,1.5,33c83aa82c39003f,1913,194,225,False
0.12,1.5,33c83aa82c39003f,1914,194,225,False
0.12,1.5,33c83aa82c39003f,1915,194,225,False
0.12,1.5,33c83aa82c39003f,1916,194,225,False
0.12,1.5,33c83aa82c39003f,1917,194,225,False
0.12,1.5,33c83aa82c39003f,1918,194,225,False
0.12,1.5,33c83aa82c39003f,1919,194,225,False
0.12,1.5,33c83aa82c39003f,1920,194,225,False
0.12,1.5,33c83aa82c39003f,1921,194,225,False
0.12,1.5,33c83aa82c39003f,1922,195,226,False
0.12,1.5,33c83aa82c39003f,1923,195,226,False
0.12,1.5,33c83aa82c39003f,1924,195,226,False
0.12,1.5,33c83aa82c39003f,1925,195,226,False
0.12,1.5,33c83aa82c39003f,1926,195,226,False
0.12,1.5,33c83aa82c39003f,1927,195,226,False
0.12,1.5,33c83aa82c39003f,1928,195,226,False
0.12,1.5,33c83aa82c39003f,1929,195,226,False
0.12,1.5,33c83aa82c39003f,1930,195,226,False
0.12,1.5,33c83aa82c39003f,1931,196,227,False
0.12,1.5,33c83aa82c39003f,1932,196,227,False
0.12,1.5,33c83aa82c39003f,1933,196,227,False
0.12,1.5,33c83aa82c39003f,1934,196,227,False
0.12,1.5,33c83aa82c39003f,1935,196,227,False
0.12,1.5,33c83aa82c39003f,1936,196,227,False
0.12,1.5,33c83aa82c39003f,1937,196,227,False
0.12,1.5,33c83aa82c39003f,1938,196,227,False
0.12,1.5,33c83aa82c39003f,1939,196,227,False
0.12,1.5,33c83aa82c39003f,1940,197,227,False
0.12,1.5,33c83aa82c39003f,1941,197,228,False
0.12,1.5,33c83aa82c39003f,1942,197,228,False
0.12,1.5,33c83aa82c39003f,1943,197,228,False
0.12,1.5,33c83aa82c39003f,1944,197,228,False
0.12,1.5,33c83aa82c39003f,1945,197,228,False
0.12,1.5,33c83aa82c39003f,1946,197,228,False
0.12,1.5,33c83aa82c39003f,1947,197,228,False
0.12,1.5,33c83aa82c39003f,1948,197,228,False
0.12,1.5,33c83aa82c39003f,1949,197,228,False
0.12,1.5,33c83aa82c39003f,1950,198,229,False
0.12,1.5,33c83aa82c39003f,1951,198,229,False
0.12,1.5,33c83aa82c39003f,1952,198,229,False
0.12,1.5,33c83aa82c39003f,1953,198,229,False
0.12,1.5,33c83aa82c39003f,1954,198,229,False
0.12,1.5,33c83aa82c39003f,1955,198,229,False
0.12,1.5,33c83aa82c39003f,1956,198,229,False
0.12,1.5,33c83aa82c39003f,1957,198,229,False
0.12,1.5,33c83aa82c39003f,1958,198,229,False
0.12,1.5,33c83aa82c39003f,1959,199,230,False
0.12,1.5,33c83aa82c39003f,1960,199,230,False
0.12,1.5,33c83aa82c39003f,1961,199,230,False
0.12,1.5,33c83aa82c39003f,1962,199,230,False
0.12,1.5,33c83aa82c39003f,1963,199,230,False
0.12,1.5,33c83aa82c39003f,1964,199,230,False
0.12,1.5,33c83aa82c39003f,1965,199,230,False
0.12,1.5,33c83aa82c39003f,1966,199,230,False
0.12,1.5,33c83aa82c39003f,1967,199,230,False
0.12,1.5,33c83aa82c39003f,1968,200,231,False
0.12,1.5,33c83aa82c39003f,1969,200,231,False
0.12,1.5,33c83aa82c39003f,1970,200,231,False
0.12,1.5,33c83aa82c39003f,1971,200,231,False
0.12,1.5,33c83aa82c39003f,1972,200,231,False
0.12,1.5,33c83aa82c39003f,1973,200,231,False
0.12,1.5,33c83aa82c39003f,1974,200,231,False
0.12,1.5,33c83aa82c39003f,1975,200,231,False
0.12,1.5,33c83aa82c39003f,1976,200,231,False
0.12,1.5,33c83aa82c39003f,1977,201,232,False
0.12,1.5,33c83aa82c39003f,1978,201,232,False
0.12,1.5,33c83aa82c39003f,1979,201,232,False
0.12,1.5,33c83aa82c39003f,1980,201,232,False
0.12,1.5,33c83aa82c39003f,1981,201,232,False
0.12,1.5,33c83aa82c39003f,1982,201,232,False
0.12,1.5,33c83aa82c39003f,1983,201,232,False
0.12,1.5,33c83aa82c39003f,1984,201,232,False
0.12,1.5,33c83aa82c39003f,1985,201,232,False
0.12,1.5,33c83aa82c39003f,1986,202,233,False
0.12,1.5,33c83aa82c39003f,1987,202,233,False
0.12,1.5,33c83aa82c39003f,1988,202,233,False
0.12,1.5,33c83aa82c39003f,1989,202,233,False
0.12,1.5,33c83aa82c39003f,1990,202,233,False
0.12,1.5,33c83aa82c39003f,1991,202,233,False
0.12,1.5,33c83aa82c39003f,1992,202,233,False
0.12,1.5,33c83aa82c39003f,1993,202,233,False
0.12,1.5,33c83aa82c39003f,1994,202,233,False
0.12,1.5,33c83aa82c39003f,1995,203,234,False
0.12,1.5,33c83aa82c39003f,1996,203,234,False
0.12,1.5,33c83aa82c39003f,1997,203,234,False
0.12,1.5,33c83aa82c39003f,1998,203,234,False
0.12,1.5,33c83aa82c39003f,1999,203,234,False
0.12,1.5,33c83aa82c39003f,2000,203,234,False
0.12,1.5,33c83aa82c39003f,2001,203,234,False
0.12,1.5,33c83aa82c39003f,2002,203,234,False
0.12,1.5,33c83aa82c39003f,2003,203,234,False
0.12,1.5,33c83aa82c39003f,2004,204,235,False
0.12,1.5,33c83aa82c39003f,2005,204,235,False
0.12,1.5,33c83aa82c39003f,2006,204,235,False
0.12,1.5,33c83aa82c39003f,2007,204,235,False
0.12,1.5,33c83aa82c39003f,2008,204,235,False
0.12,1.5,33c83aa82c39003f,2009,204,235,False
0.12,1.5,33c83aa82c39003f,2010,204,235,False
0.12,1.5,33c83aa82c39003f,2011,204,235,False
0.12,1.5,33c83aa82c39003f,2012,204,235,False
0.12,1.5,33c83aa82c39003f,2013,205,236,False
0.12,1.5,33c83aa82c39003f,2014,205,236,False
0.12,1.5,33c83aa82c39003f,2015,205,236,False
0.12,1.5,33c83aa82c39003f,2016,205,236,False
0.12,1.5,33c83aa82c39003f,2017,205,236,False
0.12,1.5,33c83aa82c39003f,2018,205,236,False
0.12,1.5,33c83aa82c39003f,2019,205,236,False
0.12,1.5,33c83aa82c39003f,2020,205,236,False
0.12,1.5,33c83aa82c39003f,2021,205,236,False
0.12,1.5,33c83aa82c39003f,2022,206,236,False
0.12,1.5,33c83aa82c39003f,2023,206,237,False
0.12,1.5,33c83aa82c39003f,2024,206,237,False
0.12,1.5,33c83aa82c39003f,2025,206,237,False
0.12,1.5,33c83aa82c39003f,2026,206,237,False
0.12,1.5,33c83aa82c39003f,2027,206,237,False
0.12,1.5,33c83aa82c39003f,2028,206,237,False
0.12,1.5,33c83aa82c39003f,2029,206,237,False
0.12,1.5,33c83aa82c39003f,2030,206,237,False
0.12,1.5,33c83aa82c39003f,2031,206,237,False
0.12,1.5,33c83aa82c39003f,2032,207,238,False
0.12,1.5,33c83aa82c39003f,2033,207,238,False
0.12,1.5,33c83aa82c39003f,2034,207,238,False
0.12,1.5,33c83aa82c39003f,2035,207,238,False
0.12,1.5,33c83aa82c39003f,2036,207,238,False
0.12,1.5,33c83aa82c39003f,2037,207,238,False
0.12,1.5,33c83aa82c39003f,2038,207,238,False
0.12,1.5,33c83aa82c39003f,2039,207,238,False
0.12,1.5,33c83aa82c39003f,2040,207,238,False
0.12,1.5,33c83aa82c39003f,2041,208,239,False
0.12,1.5,33c83aa82c39003f,2042,208,239,False
0.12,1.5,33c83aa82c39003f,2043,208,239,False
0.12,1.5,33c83aa82c39003f,2044,208,239,False
0.12,1.5,33c83aa82c39003f,2045,208,239,False
0.12,1.5,33c83aa82c39003f,2046,208,239,False
0.12,1.5,33c83aa82c39003f,2047,208,239,False
0.12,1.5,33c83aa82c39003f,2048,208,239,False
0.12,1.5,33c83aa82c39003f,2049,208,239,False
0.12,1.5,33c83aa82c39003f,2050,209,240,False
0.12,1.5,33c83aa82c39003f,2051,209,240,False
0.12,1.5,33c83aa82c39003f,2052,209,240,False
0.12,1.5,33c83aa82c39003f,2053,209,240,False
0.12,1.5,33c83aa82c39003f,2054,209,240,False
0.12,1.5,33c83aa82c39003f,2055,209,240,False
0.12,1.5,33c83aa82c39003f,2056,209,240,False
0.12,1.5,33c83aa82c39003f,2057,209,240,False
0.12,1.5,33c83aa82c39003f,2058,209,240,False
0.12,1.5,33c83aa82c39003f,2059,210,241,False
0.12,1.5,33c83aa82c39003f,2060,210,241,False
0.12,1.5,33c83aa82c39003f,2061,210,241,False
0.12,1.5,33c83aa82c39003f,2062,210,241,False
0.12,1.5,33c83aa82c39003f,2063,210,241,False
0.12,1.5,33c83aa82c39003f,2064,210,241,False
0.12,1.5,33c83aa82c39003f,2065,210,241,False
0.12,1.5,33c83aa82c39003f,2066,210,241,False
0.12,1.5,33c83aa82c39003f,2067,210,241,False
0.12,1.5,33c83aa82c39003f,2068,211,242,False
0.12,1.5,33c83aa82c39003f,2069,211,242,False
0.12,1.5,33c83aa82c39003f,2070,211,242,False
0.12,1.5,33c83aa82c39003f,2071,211,242,False
0.12,1.5,33c83aa82c39003f,2072,211,242,False
0.12,1.5,33c83aa82c39003f,2073,211,242,False
0.12,1.5,33c83aa82c39003f,2074,211,242,False
0.12,1.5,33c83aa82c39003f,2075,211,242,False
0.12,1.5,33c83aa82c39003f,2076,211,242,False
0.12,1.5,33c83aa82c39003f,2077,212,243,False
0.12,1.5,33c83aa82c39003f,2078,212,243,False
0.12,1.5,33c83aa82c39003f,2079,212,243,False
0.12,1.5,33c83aa82c39003f,2080,212,243,False
0.12,1.5,33c83aa82c39003f,2081,212,243,False
0.12,1.5,33c83aa82c39003f,2082,212,243,False
0.12,1.5,33c83aa82c39003f,2083,212,243,False
0.12,1.5,33c83aa82c39003f,2084,212,243,False
0.12,1.5,33c83aa82c39003f,2085,212,243,False
0.12,1.5,33c83aa82c39003f,2086,213,244,False
0.12,1.5,33c83aa82c39003f,2087,213,244,False
0.12,1.5,33c83aa82c39003f,2088,213,244,False
0.12,1.5,33c83aa82c39003f,2089,213,244,False
0.12,1.5,33c83aa82c39003f,2090,213,244,False
0.12,1.5,33c83aa82c39003f,2091,213,244,False
0.12,1.5,33c83aa82c39003f,2092,213,244,False
0.12,1.5,33c83aa82c39003f,2093,213,244,False
0.12,1.5,33c83aa82c39003f,2094,213,244,False
0.12,1.5,33c83aa82c39003f,2095,214,245,False
0.12,1.5,33c83aa82c39003f,2096,214,245,False
0.12,1.5,33c83aa82c39003f,2097,214,245,False
0.12,1.5,33c83aa82c39003f,2098,214,245,False
0.12,1.5,33c83aa82c39003f,2099,214,245,False
0.12,1.5,33c83aa82c39003f,2100,214,245,False
0.12,1.5,33c83aa82c39003f,2101,214,245,False
0.12,1.5,33c83aa82c39003f,2102,214,245,False
0.12,1.5,33c83aa82c39003f,2103,214,245,False
0.12,1.5,33c83aa82c39003f,2104,215,245,False
0.12,1.5,33c83aa82c39003f,2105,215,246,False
0.12,1.5,33c83aa82c39003f,2106,215,246,False
0.12,1.5,33c83aa82c39003f,2107,215,246,False
0.12,1.5,33c83aa82c39003f,2108,215,246,False
0.12,1.5,33c83aa82c39003f,2109,215,246,False
0.12,1.5,33c83aa82c39003f,2110,215,246,False
0.12,1.5,33c83aa82c39003f,2111,215,246,False
0.12,1.5,33c83aa82c39003f,2112,215,246,False
0.12,1.5,33c83aa82c39003f,2113,215,246,False
0.12,1.5,33c83aa82c39003f,2114,216,247,False
0.12,1.5,33c83aa82c39003f,2115,216,247,False
0.12,1.5,33c83aa82c39003f,2116,216,247,False
0.12,1.5,33c83aa82c39003f,2117,216,247,False
0.12,1.5,33c83aa82c39003f,2118,216,247,False
0.12,1.5,33c83aa82c39003f,2119,216,247,False
0.12,1.5,33c83aa82c39003f,2120,216,247,False
0.12,1.5,33c83aa82c39003f,2121,216,247,False
0.12,1.5,33c83aa82c39003f,2122,216,247,False
0.12,1.5,33c83aa82c39003f,2123,217,248,False
0.12,1.5,33c83aa82c39003f,2124,217,248,False
0.12,1.5,33c83aa82c39003f,2125,217,248,False
0.12,1.5,33c83aa82c39003f,2126,217,248,False
0.12,1.5,33c83aa82c39003f,2127,217,248,False
0.12,1.5,33c83aa82c39003f,2128,217,248,False
0.12,1.5,33c83aa82c39003f,2129,217,248,False
0.12,1.5,33c83aa82c39003f,2130,217,248,False
0.12,1.5,33c83aa82c39003f,2131,217,248,False
0.12,1.5,33c83aa82c39003f,2132,218,249,False
0.12,1.5,33c83aa82c39003f,2133,218,249,False
0.12,1.5,33c83aa82c39003f,2134,218,249,False
0.12,1.5,33c83aa82c39003f,2135,218,249,False
0.12,1.5,33c83aa82c39003f,2136,218,249,False
0.12,1.5,33c83aa82c39003f,2137,218,249,False
0.12,1.5,33c83aa82c39003f,2138,218,249,False
0.12,1.5,33c83aa82c39003f,2139,218,249,False
0.12,1.5,33c83aa82c39003f,2140,218,249,False
0.12,1.5,33c83aa82c39003f,2141,219,250,False
0.12,1.5,33c83aa82c39003f,2142,219,250,False
0.12,1.5,33c83aa82c39003f,2143,219,250,False
0.12,1.5,33c83aa82c39003f,2144,219,250,False
0.12,1.5,33c83aa82c39003f,2145,219,250,False
0.12,1.5,33c83aa82c39003f,2146,219,250,False
0.12,1.5,33c83aa82c39003f,2147,219,250,False
0.12,1.5,33c83aa82c39003f,2148,219,250,False
0.12,1.5,33c83aa82c39003f,2149,219,250,False
0.12,1.5,33c83aa82c39003f,2150,220,251,False
0.12,1.5,33c83aa82c39003f,2151,220,251,False
0.12,1.5,33c83aa82c39003f,2152,220,251,False
0.12,1.5,33c83aa82c39003f,2153,220,251,False
0.12,1.5,33c83aa82c39003f,2154,220,251,False
0.12,1.5,33c83aa82c39003f,2155,220,251,False
0.12,1.5,33c83aa82c39003f,2156,220,251,False
0.12,1.5,33c83aa82c39003f,2157,220,251,False
0.12,1.5,33c83aa82c39003f,2158,220,251,False
0.12,1.5,33c83aa82c39003f,2159,221,252,False
0.12,1.5,33c83aa82c39003f,2160,221,252,False
0.12,1.5,33c83aa82c39003f,2161,221,252,False
0.12,1.5,33c83aa82c39003f,2162,221,252,False
0.12,1.5,33c83aa82c39003f,2163,221,252,False
0.12,1.5,33c83aa82c39003f,2164,221,252,False
0.12,1.5,33c83aa82c39003f,2165,221,252,False
0.12,1.5,33c83aa82c39003f,2166,221,252,False
0.12,1.5,33c83aa82c39003f,2167,221,252,False
0.12,1.5,33c83aa82c39003f,2168,222,253,False
0.12,1.5,33c83aa82c39003f,2169,222,253,False
0.12,1.5,33c83aa82c39003f,2170,222,253,False
0.12,1.5,33c83aa82c39003f,2171,222,253,False
0.12,1.5,33c83aa82c39003f,2172,222,253,False
0.12,1.5,33c83aa82c39003f,2173,222,253,False
0.12,1.5,33c83aa82c39003f,2174,222,253,False
0.12,1.5,33c83aa82c39003f,2175,222,253,False
0.12,1.5,33c83aa82c39003f,2176,222,253,False
0.12,1.5,33c83aa82c39003f,2177,223,254,False
0.12,1.5,33c83aa82c39003f,2178,223,254,False
0.12,1.5,33c83aa82c39003f,2179,223,254,False
0.12,1.5,33c83aa82c39003f,2180,223,254,False
0.12,1.5,33c83aa82c39003f,2181,223,254,False
0.12,1.5,33c83aa82c39003f,2182,223,254,False
0.12,1.5,33c83aa82c39003f,2183,223,254,False
0.12,1.5,33c83aa82c39003f,2184,223,254,False
0.12,1.5,33c83aa82c39003f,2185,223,254,False
0.12,1.5,33c83aa82c39003f,2186,224,254,False
0.12,1.5,33c83aa82c39003f,2187,224,255,False
0.12,1.5,33c83aa82c39003f,2188,224,255,False
0.12,1.5,33c83aa82c39003f,2189,224,255,False
0.12,1.5,33c83aa82c39003f,2190,224,255,False
0.12,1.5,33c83aa82c39003f,2191,224,255,False
0.12,1.5,33c83aa82c39003f,2192,224,255,False
0.12,1.5,33c83aa82c39003f,2193,224,255,False
0.12,1.5,33c83aa82c39003f,2194,224,255,False
0.12,1.5,33c83aa82c39003f,2195,224,255,False
0.12,1.5,33c83aa82c39003f,2196,225,256,False
0.12,1.5,33c83aa82c39003f,2197,225,256,False
0.12,1.5,33c83aa82c39003f,2198,225,256,False
0.12,1.5,33c83aa82c39003f,2199,225,256,False
0.12,1.5,33c83aa82c39003f,2200,225,256,False
0.12,1.5,33c83aa82c39003f,2201,225,256,False
0.12,1.5,33c83aa82c39003f,2202,225,256,False
0.12,1.5,33c83aa82c39003f,2203,225,256,False
0.12,1.5,33c83aa82c39003f,2204,225,256,False
0.12,1.5,33c83aa82c39003f,2205,226,257,False
0.12,1.5,33c83aa82c39003f,2206,226,257,False
0.12,1.5,33c83aa82c39003f,2207,226,257,False
0.12,1.5,33c83aa82c39003f,2208,226,257,False
0.12,1.5,33c83aa82c39003f,2209,226,257,False
0.12,1.5,33c83aa82c39003f,2210,226,257,False
0.12,1.5,33c83aa82c39003f,2211,226,257,False
0.12,1.5,33c83aa82c39003f,2212,226,257,False
0.12,1.5,33c83aa82c39003f,2213,226,257,False
0.12,1.5,33c83aa82c39003f,2214,227,258,False
0.12,1.5,33c83aa82c39003f,2215,227,258,False
0.12,1.5,33c83aa82c39003f,2216,227,258,False
0.12,1.5,33c83aa82c39003f,2217,227,258,False
0.12,1.5,33c83aa82c39003f,2218,227,258,False
0.12,1.5,33c83aa82c39003f,2219,227,258,False
0.12,1.5,33c83aa82c39003f,2220,227,258,False
0.12,1.5,33c83aa82c39003f,2221,227,258,False
0.12,1.5,33c83aa82c39003f,2222,227,258,False
0.12,1.5,33c83aa82c39003f,2223,228,259,False
0.12,1.5,33c83aa82c39003f,2224,228,259,False
0.12,1.5,33c83aa82c39003f,2225,228,259,False
0.12,1.5,33c83aa82c39003f,2226,228,259,False
0.12,1.5,33c83aa82c39003f,2227,228,259,False
0.12,1.5,33c83aa82c39003f,2228,228,259,False
0.12,1.5,33c83aa82c39003f,2229,228,259,False
0.12,1.5,33c83aa82c39003f,2230,228,259,False
0.12,1.5,33c83aa82c39003f,2231,228,259,False
0.12,1.5,33c83aa82c39003f,2232,229,260,False
0.12,1.5,33c83aa82c39003f,2233,229,260,False
0.12,1.5,33c83aa82c39003f,2234,229,260,False
0.12,1.5,33c83aa82c39003f,2235,229,260,False
0.12,1.5,33c83aa82c39003f,2236,229,260,False
0.12,1.5,33c83aa82c39003f,2237,229,260,False
0.12,1.5,33c83aa82c39003f,2238,229,260,False
0.12,1.5,33c83aa82c39003f,2239,229,260,False
0.12,1.5,33c83aa82c39003f,2240,229,260,False
0.12,1.5,33c83aa82c39003f,2241,230,261,False
0.12,1.5,33c83aa82c39003f,2242,230,261,False
0.12,1.5,33c83aa82c39003f,2243,230,261,False
0.12,1.5,33c83aa82c39003f,2244,230,261,False
0.12,1.5,33c83aa82c39003f,2245,230,261,False
0.12,1.5,33c83aa82c39003f,2246,230,261,False
0.12,1.5,33c83aa82c39003f,2247,230,261,False
0.12,1.5,33c83aa82c39003f,2248,230,261,False
0.12,1.5,33c83aa82c39003f,2249,230,261,False
0.12,1.5,33c83aa82c39003f,2250,231,262,False
0.12,1.5,33c83aa82c39003f,2251,231,262,False
0.12,1.5,33c83aa82c39003f,2252,231,262,False
0.12,1.5,33c83aa82c39003f,2253,231,262,False
0.12,1.5,33c83aa82c39003f,2254,231,262,False
0.12,1.5,33c83aa82c39003f,2255,231,262,False
0.12,1.5,33c83aa82c39003f,2256,231,262,False
0.12,1.5,33c83aa82c39003f,2257,231,262,False
0.12,1.5,33c83aa82c39003f,2258,231,262,False
0.12,1.5,33c83aa82c39003f,2259,232,263,False
0.12,1.5,33c83aa82c39003f,2260,232,263,False
0.12,1.5,33c83aa82c39003f,2261,232,263,False
0.12,1.5,33c83aa82c39003f,2262,232,263,False
0.12,1.5,33c83aa82c39003f,2263,232,263,False
0.12,1.5,33c83aa82c39003f,2264,232,263,False
0.12,1.5,33c83aa82c39003f,2265,232,263,False
0.12,1.5,33c83aa82c39003f,2266,232,263,False
0.12,1.5,33c83aa82c39003f,2267,232,263,False
0.12,1.5,33c83aa82c39003f,2268,233,263,False
0.12,1.5,33c83aa82c39003f,2269,233,264,False
0.12,1.5,33c83aa82c39003f,2270,233,264,False
0.12,1.5,33c83aa82c39003f,2271,233,264,False
0.12,1.5,33c83aa82c39003f,2272,233,264,False
0.12,1.5,33c83aa82c39003f,2273,233,264,False
0.12,1.5,33c83aa82c39003f,2274,233,264,False
0.12,1.5,33c83aa82c39003f,2275,233,264,False
0.12,1.5,33c83aa82c39003f,2276,233,264,False
0.12,1.5,33c83aa82c39003f,2277,233,264,False
0.12,1.5,33c83aa82c39003f,2278,234,265,False
0.12,1.5,33c83aa82c39003f,2279,234,265,False
0.12,1.5,33c83aa82c39003f,2280,234,265,False
0.12,1.5,33c83aa82c39003f,2281,234,265,False
0.12,1.5,33c83aa82c39003f,2282,234,265,False
0.12,1.5,33c83aa82c39003f,2283,234,265,False
0.12,1.5,33c83aa82c39003f,2284,234,265,False
0.12,1.5,33c83aa82c39003f,2285,234,265,False
0.12,1.5,33c83aa82c39003f,2286,234,265,False
0.12,1.5,33c83aa82c39003f,2287,235,266,False
0.12,1.5,33c83aa82c39003f,2288,235,266,False
0.12,1.5,33c83aa82c39003f,2289,235,266,False
0.12,1.5,33c83aa82c39003f,2290,235,266,False
0.12,1.5,33c83aa82c39003f,2291,235,266,False
0.12,1.5,33c83aa82c39003f,2292,235,266,False
0.12,1.5,33c83aa82c39003f,2293,235,266,False
0.12,1.5,33c83aa82c39003f,2294,235,266,False
0.12,1.5,33c83aa82c39003f,2295,235,266,False
0.12,1.5,33c83aa82c39003f,2296,236,267,False
0.12,1.5,33c83aa82c39003f,2297,236,267,False
0.12,1.5,33c83aa82c39003f,2298,236,267,False
0.12,1.5,33c83aa82c39003f,2299,236,267,False
0.12,1.5,33c83aa82c39003f,2300,236,267,False
0.12,1.5,33c83aa82c39003f,2301,236,267,False
0.12,1.5,33c83aa82c39003f,2302,236,267,False
0.12,1.5,33c83aa82c39003f,2303,236,267,False
0.12,1.5,33c83aa82c39003f,2304,236,267,False
0.12,1.5,33c83aa82c39003f,2305,237,268,False
0.12,1.5,33c83aa82c39003f,2306,237,268,False
0.12,1.5,33c83aa82c39003f,2307,237,268,False
0.12,1.5,33c83aa82c39003f,2308,237,268,False
0.12,1.5,33c83aa82c39003f,2309,237,268,False
0.12,1.5,33c83aa82c39003f,2310,237,268,False
0.12,1.5,33c83aa82c39003f,2311,237,268,False
0.12,1.5,33c83aa82c39003f,2312,237,268,False
0.12,1.5,33c83aa82c39003f,2313,237,268,False
0.12,1.5,33c83aa82c39003f,2314,238,269,False
0.12,1.5,33c83aa82c39003f,2315,238,269,False
0.12,1.5,33c83aa82c39003f,2316,238,269,False
0.12,1.5,33c83aa82c39003f,2317,238,269,False
0.12,1.5,33c83aa82c39003f,2318,238,269,False
0.12,1.5,33c83aa82c39003f,2319,238,269,False
0.12,1.5,33c83aa82c39003f,2320,238,269,False
0.12,1.5,33c83aa82c39003f,2321,238,269,False
0.12,1.5,33c83aa82c39003f,2322,238,269,False
0.12,1.5,33c83aa82c39003f,2323,239,270,False
0.12,1.5,33c83aa82c39003f,2324,239,270,False
0.12,1.5,33c83aa82c39003f,2325,239,270,False
0.12,1.5,33c83aa82c39003f,2326,239,270,False
0.12,1.5,33c83aa82c39003f,2327,239,270,False
0.12,1.5,33c83aa82c39003f,2328,239,270,False
0.12,1.5,33c83aa82c39003f,2329,239,270,False
0.12,1.5,33c83aa82c39003f,2330,239,270,False
0.12,1.5,33c83aa82c39003f,2331,239,270,False
0.12,1.5,33c83aa82c39003f,2332,240,271,False
0.12,1.5,33c83aa82c39003f,2333,240,271,False
0.12,1.5,33c83aa82c39003f,2334,240,271,False
0.12,1.5,33c83aa82c39003f,2335,240,271,False
0.12,1.5,33c83aa82c39003f,2336,240,271,False
0.12,1.5,33c83aa82c39003f,2337,240,271,False
0.12,1.5,33c83aa82c39003f,2338,240,271,False
0.12,1.5,33c83aa82c39003f,2339,240,271,False
0.12,1.5,33c83aa82c39003f,2340,240,271,False
0.12,1.5,33c83aa82c39003f,2341,241,272,False
0.12,1.5,33c83aa82c39003f,2342,241,272,False
0.12,1.5,33c83aa82c39003f,2343,241,272,False
0.12,1.5,33c83aa82c39003f,2344,241,272,False
0.12,1.5,33c83aa82c39003f,2345,241,272,False
0.12,1.5,33c83aa82c39003f,2346,241,272,False
0.12,1.5,33c83aa82c39003f,2347,241,272,False
0.12,1.5,33c83aa82c39003f,2348,241,272,False
0.12,1.5,33c83aa82c39003f,2349,241,272,False
0.12,1.5,33c83aa82c39003f,2350,241,272,False
0.12,1.5,33c83aa82c39003f,2351,242,273,False
0.12,1.5,33c83aa82c39003f,2352,242,273,False
0.12,1.5,33c83aa82c39003f,2353,242,273,False
0.12,1.5,33c83aa82c39003f,2354,242,273,False
0.12,1.5,33c83aa82c39003f,2355,242,273,False
0.12,1.5,33c83aa82c39003f,2356,242,273,False
0.12,1.5,33c83aa82c39003f,2357,242,273,False
0.12,1.5,33c83aa82c39003f,2358,242,273,False
0.12,1.5,33c83aa82c39003f,2359,242,273,False
0.12,1.5,33c83aa82c39003f,2360,243,274,False
0.12,1.5,33c83aa82c39003f,2361,243,274,False
0.12,1.5,33c83aa82c39003f,2362,243,274,False
0.12,1.5,33c83aa82c39003f,2363,243,274,False
0.12,1.5,33c83aa82c39003f,2364,243,274,False
0.12,1.5,33c83aa82c39003f,2365,243,274,False
0.12,1.5,33c83aa82c39003f,2366,243,274,False
0.12,1.5,33c83aa82c39003f,2367,243,274,False
0.12,1.5,33c83aa82c39003f,2368,243,274,False
0.12,1.5,33c83aa82c39003f,2369,244,275,False
0.12,1.5,33c83aa82c39003f,2370,244,275,False
0.12,1.5,33c83aa82c39003f,2371,244,275,False
0.12,1.5,33c83aa82c39003f,2372,244,275,False
0.12,1.5,33c83aa82c39003f,2373,244,275,False
0.12,1.5,33c83aa82c39003f,2374,244,275,False
0.12,1.5,33c83aa82c39003f,2375,244,275,False
0.12,1.5,33c83aa82c39003f,2376,244,275,False
0.12,1.5,33c83aa82c39003f,2377,244,275,False
0.12,1.5,33c83aa82c39003f,2378,245,276,False
0.12,1.5,33c83aa82c39003f,2379,245,276,False
0.12,1.5,33c83aa82c39003f,2380,245,276,False
0.12,1.5,33c83aa82c39003f,2381,245,276,False
0.12,1.5,33c83aa82c39003f,2382,245,276,False
0.12,1.5,33c83aa82c39003f,2383,245,276,False
0.12,1.5,33c83aa82c39003f,2384,245,276,False
0.12,1.5,33c83aa82c39003f,2385,245,276,False
0.12,1.5,33c83aa82c39003f,2386,245,276,False
0.12,1.5,33c83aa82c39003f,2387,246,277,False
0.12,1.5,33c83aa82c39003f,2388,246,277,False
0.12,1.5,33c83aa82c39003f,2389,246,277,False
0.12,1.5,33c83aa82c39003f,2390,246,277,False
0.12,1.5,33c83aa82c39003f,2391,246,277,False
0.12,1.5,33c83aa82c39003f,2392,246,277,False
0.12,1.5,33c83aa82c39003f,2393,246,277,False
0.12,1.5,33c83aa82c39003f,2394,246,277,False
0.12,1.5,33c83aa82c39003f,2395,246,277,False
0.12,1.5,33c83aa82c39003f,2396,247,278,False
0.12,1.5,33c83aa82c39003f,2397,247,278,False
0.12,1.5,33c83aa82c39003f,2398,247,278,False
0.12,1.5,33c83aa82c39003f,2399,247,278,False
0.12,1.5,33c83aa82c39003f,2400,247,278,False
0.12,1.5,33c83aa82c39003f,2401,247,278,False
0.12,1.5,33c83aa82c39003f,2402,247,278,False
0.12,1.5,33c83aa82c39003f,2403,247,278,False
0.12,1.5,33c83aa82c39003f,2404,247,278,False
0.12,1.5,33c83aa82c39003f,2405,248,279,False
0.12,1.5,33c83aa82c39003f,2406,248,279,False
0.12,1.5,33c83aa82c39003f,2407,248,279,False
0.12,1.5,33c83aa82c39003f,2408,248,279,False
0.12,1.5,33c83aa82c39003f,2409,248,279,False
0.12,1.5,33c83aa82c39003f,2410,248,279,False
0.12,1.5,33c83aa82c39003f,2411,248,279,False
0.12,1.5,33c83aa82c39003f,2412,248,279,False
0.12,1.5,33c83aa82c39003f,2413,248,279,False
0.12,1.5,33c83aa82c39003f,2414,249,280,False
0.12,1.5,33c83aa82c39003f,2415,249,280,False
0.12,1.5,33c83aa82c39003f,2416,249,280,False
0.12,1.5,33c83aa82c39003f,2417,249,280,False
0.12,1.5,33c83aa82c39003f,2418,249,280,False
0.12,1.5,33c83aa82c39003f,2419,249,280,False
0.12,1.5,33c83aa82c39003f,2420,249,280,False
0.12,1.5,33c83aa82c39003f,2421,249,280,False
0.12,1.5,33c83aa82c39003f,2422,249,280,False
0.12,1.5,33c83aa82c39003f,2423,250,280,False
0.12,1.5,33c83aa82c39003f,2424,250,281,False
0.12,1.5,33c83aa82c39003f,2425,250,281,False
0.12,1.5,33c83aa82c39003f,2426,250,281,False
0.12,1.5,33c83aa82c39003f,2427,250,281,False
0.12,1.5,33c83aa82c39003f,2428,250,281,False
0.12,1.5,33c83aa82c39003f,2429,250,281,False
0.12,1.5,33c83aa82c39003f,2430,250,281,False
0.12,1.5,33c83aa82c39003f,2431,250,281,False
0.12,1.5,33c83aa82c39003f,2432,250,281,False
0.12,1.5,33c83aa82c39003f,2433,251,282,False
0.12,1.5,33c83aa82c39003f,2434,251,282,False
0.12,1.5,33c83aa82c39003f,2435,251,282,False
0.12,1.5,33c83aa82c39003f,2436,251,282,False
0.12,1.5,33c83aa82c39003f,2437,251,282,False
0.12,1.5,33c83aa82c39003f,2438,251,282,False
0.12,1.5,33c83aa82c39003f,2439,251,282,False
0.12,1.5,33c83aa82c39003f,2440,251,282,False
0.12,1.5,33c83aa82c39003f,2441,251,282,False
0.12,1.5,33c83aa82c39003f,2442,252,283,False
0.12,1.5,33c83aa82c39003f,2443,252,283,False
0.12,1.5,33c83aa82c39003f,2444,252,283,False
0.12,1.5,33c83aa82c39003f,2445,252,283,False
0.12,1.5,33c83aa82c39003f,2446,252,283,False
0.12,1.5,33c83aa82c39003f,2447,252,283,False
0.12,1.5,33c83aa82c39003f,2448,252,283,False
0.12,1.5,33c83aa82c39003f,2449,252,283,False
0.12,1.5,33c83aa82c39003f,2450,252,283,False
0.12,1.5,33c83aa82c39003f,2451,253,284,False
0.12,1.5,33c83aa82c39003f,2452,253,284,False
0.12,1.5,33c83aa82c39003f,2453,253,284,False
0.12,1.5,33c83aa82c39003f,2454,253,284,False
0.12,1.5,33c83aa82c39003f,2455,253,284,False
0.12,1.5,33c83aa82c39003f,2456,253,284,False
0.12,1.5,33c83aa82c39003f,2457,253,284,False
0.12,1.5,33c83aa82c39003f,2458,253,284,False
0.12,1.5,33c83aa82c39003f,2459,253,284,False
0.12,1.5,33c83aa82c39003f,2460,254,285,False
0.12,1.5,33c83aa82c39003f,2461,254,285,False
0.12,1.5,33c83aa82c39003f,2462,254,285,False
0.12,1.5,33c83aa82c39003f,2463,254,285,False
0.12,1.5,33c83aa82c39003f,2464,254,285,False
0.12,1.5,33c83aa82c39003f,2465,254,285,False
0.12,1.5,33c83aa82c39003f,2466,254,285,False
0.12,1.5,33c83aa82c39003f,2467,254,285,False
0.12,1.5,33c83aa82c39003f,2468,254,285,False
0.12,1.5,33c83aa82c39003f,2469,255,286,False
0.12,1.5,33c83aa82c39003f,2470,255,286,False
0.12,1.5,33c83aa82c39003f,2471,255,286,False
0.12,1.5,33c83aa82c39003f,2472,255,286,False
0.12,1.5,33c83aa82c39003f,2473,255,286,False
0.12,1.5,33c83aa82c39003f,2474,255,286,False
0.12,1.5,33c83aa82c39003f,2475,255,286,False
0.12,1.5,33c83aa82c39003f,2476,255,286,False
0.12,1.5,33c83aa82c39003f,2477,255,286,False
0.12,1.5,33c83aa82c39003f,2478,256,287,False
0.12,1.5,33c83aa82c39003f,2479,256,287,False
0.12,1.5,33c83aa82c39003f,2480,256,287,False
0.12,1.5,33c83aa82c39003f,2481,256,287,False
0.12,1.5,33c83aa82c39003f,2482,256,287,False
0.12,1.5,33c83aa82c39003f,2483,256,287,False
0.12,1.5,33c83aa82c39003f,2484,256,287,False
0.12,1.5,33c83aa82c39003f,2485,256,287,False
0.12,1.5,33c83aa82c39003f,2486,256,287,False
0.12,1.5,33c83aa82c39003f,2487,257,288,False
0.12,1.5,33c83aa82c39003f,2488,257,288,False
0.12,1.5,33c83aa82c39003f,2489,257,288,False
0.12,1.5,33c83aa82c39003f,2490,257,288,False
0.12,1.5,33c83aa82c39003f,2491,257,288,False
0.12,1.5,33c83aa82c39003f,2492,257,288,False
0.12,1.5,33c83aa82c39003f,2493,257,288,False
0.12,1.5,33c83aa82c39003f,2494,257,288,False
0.12,1.5,33c83aa82c39003f,2495,257,288,False
0.12,1.5,33c83aa82c39003f,2496,258,289,False
0.12,1.5,33c83aa82c39003f,2497,258,289,False
0.12,1.5,33c83aa82c39003f,2498,258,289,False
0.12,1.5,33c83aa82c39003f,2499,258,289,False
0.12,1.5,33c83aa82c39003f,2500,258,289,False
0.12,1.5,33c83aa82c39003f,2501,258,289,False
0.12,1.5,33c83aa82c39003f,2502,258,289,False
0.12,1.5,33c83aa82c39003f,2503,258,289,False
0.12,1.5,33c83aa82c39003f,2504,258,289,False
0.12,1.5,33c83aa82c39003f,2505,259,289,False
0.12,1.5,33c83aa82c39003f,2506,259,290,False
0.12,1.5,33c83aa82c39003f,2507,259,290,False
0.12,1.5,33c83aa82c39003f,2508,259,290,False
0.12,1.5,33c83aa82c39003f,2509,259,290,False
0.12,1.5,33c83aa82c39003f,2510,259,290,False
0.12,1.5,33c83aa82c39003f,2511,259,290,False
0.12,1.5,33c83aa82c39003f,2512,259,290,False
0.12,1.5,33c83aa82c39003f,2513,259,290,False
0.12,1.5,33c83aa82c39003f,2514,259,290,False
0.12,1.5,33c83aa82c39003f,2515,260,291,False
0.12,1.5,33c83aa82c39003f,2516,260,291,False
0.12,1.5,33c83aa82c39003f,2517,260,291,False
0.12,1.5,33c83aa82c39003f,2518,260,291,False
0.12,1.5,33c83aa82c39003f,2519,260,291,False
0.12,1.5,33c83aa82c39003f,2520,260,291,False
0.12,1.5,33c83aa82c39003f,2521,260,291,False
0.12,1.5,33c83aa82c39003f,2522,260,291,False
0.12,1.5,33c83aa82c39003f,2523,260,291,False
0.12,1.5,33c83aa82c39003f,2524,261,292,False
0.12,1.5,33c83aa82c39003f,2525,261,292,False
0.12,1.5,33c83aa82c39003f,2526,261,292,False
0.12,1.5,33c83aa82c39003f,2527,261,292,False
0.12,1.5,33c83aa82c39003f,2528,261,292,False
0.12,1.5,33c83aa82c39003f,2529,261,292,False
0.12,1.5,33c83aa82c39003f,2530,261,292,False
0.12,1.5,33c83aa82c39003f,2531,261,292,False
0.12,1.5,33c83aa82c39003f,2532,261,292,False
0.12,1.5,33c83aa82c39003f,2533,262,293,False
0.12,1.5,33c83aa82c39003f,2534,262,293,False
0.12,1.5,33c83aa82c39003f,2535,262,293,False
0.12,1.5,33c83aa82c39003f,2536,262,293,False
0.12,1.5,33c83aa82c39003f,2537,262,293,False
0.12,1.5,33c83aa82c39003f,2538,262,293,False
0.12,1.5,33c83aa82c39003f,2539,262,293,False
0.12,1.5,33c83aa82c39003f,2540,262,293,False
0.12,1.5,33c83aa82c39003f,2541,262,293,False
0.12,1.5,33c83aa82c39003f,2542,263,294,False
0.12,1.5,33c83aa82c39003f,2543,263,294,False
0.12,1.5,33c83aa82c39003f,2544,263,294,False
0.12,1.5,33c83aa82c39003f,2545,263,294,False
0.12,1.5,33c83aa82c39003f,2546,263,294,False
0.12,1.5,33c83aa82c39003f,2547,263,294,False
0.12,1.5,33c83aa82c39003f,2548,263,294,False
0.12,1.5,33c83aa82c39003f,2549,263,294,False
0.12,1.5,33c83aa82c39003f,2550,263,294,False
0.12,1.5,33c83aa82c39003f,2551,264,295,False
0.12,1.5,33c83aa82c39003f,2552,264,295,False
0.12,1.5,33c83aa82c39003f,2553,264,295,False
0.12,1.5,33c83aa82c39003f,2554,264,295,False
0.12,1.5,33c83aa82c39003f,2555,264,295,False
0.12,1.5,33c83aa82c39003f,2556,264,295,False
0.12,1.5,33c83aa82c39003f,2557,264,295,False
0.12,1.5,33c83aa82c39003f,2558,264,295,False
0.12,1.5,33c83aa82c39003f,2559,264,295,False
0.12,1.5,33c83aa82c39003f,2560,265,296,False
0.12,1.5,33c83aa82c39003f,2561,265,296,False
0.12,1.5,33c83aa82c39003f,2562,265,296,False
0.12,1.5,33c83aa82c39003f,2563,265,296,False
0.12,1.5,33c83aa82c39003f,2564,265,296,False
0.12,1.5,33c83aa82c39003f,2565,265,296,False
0.12,1.5,33c83aa82c39003f,2566,265,296,False
0.12,1.5,33c83aa82c39003f,2567,265,296,False
0.12,1.5,33c83aa82c39003f,2568,265,296,False
0.12,1.5,33c83aa82c39003f,2569,266,297,False
0.12,1.5,33c83aa82c39003f,2570,266,297,False
0.12,1.5,33c83aa82c39003f,2571,266,297,False
0.12,1.5,33c83aa82c39003f,2572,266,297,False
0.12,1.5,33c83aa82c39003f,2573,266,297,False
0.12,1.5,33c83aa82c39003f,2574,266,297,False
0.12,1.5,33c83aa82c39003f,2575,266,297,False
0.12,1.5,33c83aa82c39003f,2576,266,297,False
0.12,1.5,33c83aa82c39003f,2577,266,297,False
0.12,1.5,33c83aa82c39003f,2578,267,298,False
0.12,1.5,33c83aa82c39003f,2579,267,298,False
0.12,1.5,33c83aa82c39003f,2580,267,298,False
0.12,1.5,33c83aa82c39003f,2581,267,298,False
0.12,1.5,33c83aa82c39003f,2582,267,298,False
0.12,1.5,33c83aa82c39003f,2583,267,298,False
0.12,1.5,33c83aa82c39003f,2584,267,298,False
0.12,1.5,33c83aa82c39003f,2585,267,298,False
0.12,1.5,33c83aa82c39003f,2586,267,298,False
0.12,1.5,33c83aa82c39003f,2587,268,298,False
0.12,1.5,33c83aa82c39003f,2588,268,299,False
0.12,1.5,33c83aa82c39003f,2589,268,299,False
0.12,1.5,33c83aa82c39003f,2590,268,299,False
0.12,1.5,33c83aa82c39003f,2591,268,299,False
0.12,1.5,33c83aa82c39003f,2592,268,299,False
0.12,1.5,33c83aa82c39003f,2593,268,299,False
0.12,1.5,33c83aa82c39003f,2594,268,299,False
0.12,1.5,33c83aa82c39003f,2595,268,299,False
0.12,1.5,33c83aa82c39003f,2596,268,299,False
0.12,1.5,33c83aa82c39003f,2597,269,300,False
0.12,1.5,33c83aa82c39003f,2598,269,300,False
0.12,1.5,33c83aa82c39003f,2599,269,300,False
0.12,1.5,33c83aa82c39003f,2600,269,300,False
0.12,1.5,33c83aa82c39003f,2601,269,300,False
0.12,1.5,33c83aa82c39003f,2602,269,300,False
0.12,1.5,33c83aa82c39003f,2603,269,300,False
0.12,1.5,33c83aa82c39003f,2604,269,300,False
0.12,1.5,33c83aa82c39003f,2605,269,300,False
0.12,1.5,33c83aa82c39003f,2606,270,301,False
0.12,1.5,33c83aa82c39003f,2607,270,301,False
0.12,1.5,33c83aa82c39003f,2608,270,301,False
0.12,1.5,33c83aa82c39003f,2609,270,301,False
0.12,1.5,33c83aa82c39003f,2610,270,301,False
0.12,1.5,33c83aa82c39003f,2611,270,301,False
0.12,1.5,33c83aa82c39003f,2612,270,301,False
0.12,1.5,33c83aa82c39003f,2613,270,301,False
0.12,1.5,33c83aa82c39003f,2614,270,301,False
0.12,1.5,33c83aa82c39003f,2615,271,302,False
0.12,1.5,33c83aa82c39003f,2616,271,302,False
0.12,1.5,33c83aa82c39003f,2617,271,302,False
0.12,1.5,33c83aa82c39003f,2618,271,302,False
0.12,1.5,33c83aa82c39003f,2619,271,302,False
0.12,1.5,33c83aa82c39003f,2620,271,302,False
0.12,1.5,33c83aa82c39003f,2621,271,302,False
0.12,1.5,33c83aa82c39003f,2622,271,302,False
0.12,1.5,33c83aa82c39003f,2623,271,302,False
0.12,1.5,33c83aa82c39003f,2624,272,303,False
0.12,1.5,33c83aa82c39003f,2625,272,303,False
0.12,1.5,33c83aa82c39003f,2626,272,303,False
0.12,1.5,33c83aa82c39003f,2627,272,303,False
0.12,1.5,33c83aa82c39003f,2628,272,303,False
0.12,1.5,33c83aa82c39003f,2629,272,303,False
0.12,1.5,33c83aa82c39003f,2630,272,303,False
0.12,1.5,33c83aa82c39003f,2631,272,303,False
0.12,1.5,33c83aa82c39003f,2632,272,303,False
0.12,1.5,33c83aa82c39003f,2633,273,304,False
0.12,1.5,33c83aa82c39003f,2634,273,304,False
0.12,1.5,33c83aa82c39003f,2635,273,304,False
0.12,1.5,33c83aa82c39003f,2636,273,304,False
0.12,1.5,33c83aa82c39003f,2637,273,304,False
0.12,1.5,33c83aa82c39003f,2638,273,304,False
0.12,1.5,33c83aa82c39003f,2639,273,304,False
0.12,1.5,33c83aa82c39003f,2640,273,304,False
0.12,1.5,33c83aa82c39003f,2641,273,304,False
0.12,1.5,33c83aa82c39003f,2642,274,305,False
0.12,1.5,33c83aa82c39003f,2643,274,305,False
0.12,1.5,33c83aa82c39003f,2644,274,305,False
0.12,1.5,33c83aa82c39003f,2645,274,305,False
0.12,1.5,33c83aa82c39003f,2646,274,305,False
0.12,1.5,33c83aa82c39003f,2647,274,305,False
0.12,1.5,33c83aa82c39003f,2648,274,305,False
0.12,1.5,33c83aa82c39003f,2649,274,305,False
0.12,1.5,33c83aa82c39003f,2650,274,305,False
0.12,1.5,33c83aa82c39003f,2651,275,306,False
0.12,1.5,33c83aa82c39003f,2652,275,306,False
0.12,1.5,33c83aa82c39003f,2653,275,306,False
0.12,1.5,33c83aa82c39003f,2654,275,306,False
0.12,1.5,33c83aa82c39003f,2655,275,306,False
0.12,1.5,33c83aa82c39003f,2656,275,306,False
0.12,1.5,33c83aa82c39003f,2657,275,306,False
0.12,1.5,33c83aa82c39003f,2658,275,306,False
0.12,1.5,33c83aa82c39003f,2659,275,306,False
0.12,1.5,33c83aa82c39003f,2660,276,307,False
0.12,1.5,33c83aa82c39003f,2661,276,307,False
0.12,1.5,33c83aa82c39003f,2662,276,307,False
0.12,1.5,33c83aa82c39003f,2663,276,307,False
0.12,1.5,33c83aa82c39003f,2664,276,307,False
0.12,1.5,33c83aa82c39003f,2665,276,307,False
0.12,1.5,33c83aa82c39003f,2666,276,307,False
0.12,1.5,33c83aa82c39003f,2667,276,307,False
0.12,1.5,33c83aa82c39003f,2668,276,307,False
0.12,1.5,33c83aa82c39003f,2669,277,307,False
0.12,1.5,33c83aa82c39003f,2670,277,308,False
0.12,1.5,33c83aa82c39003f,2671,277,308,False
0.12,1.5,33c83aa82c39003f,2672,300,301,True
0.12,2.0,c270fb91ae7ce470,1,,,False
0.12,2.0,c270fb91ae7ce470,2,,,False
0.12,2.0,c270fb91ae7ce470,3,,,False
0.12,2.0,c270fb91ae7ce470,4,,,False
0.12,2.0,c270fb91ae7ce470,5,,,False
0.12,2.0,c270fb91ae7ce470,6,,,False
0.12,2.0,c270fb91ae7ce470,7,,,False
0.12,2.0,c270fb91ae7ce470,8,,,False
0.12,2.0,c270fb91ae7ce470,9,,,False
0.12,2.0,c270fb91ae7ce470,10,,,False
0.12,2.0,c270fb91ae7ce470,11,,,False
0.12,2.0,c270fb91ae7ce470,12,,,False
0.12,2.0,c270fb91ae7ce470,13,,,False
0.12,2.0,c270fb91ae7ce470,14,,,False
0.12,2.0,c270fb91ae7ce470,15,,,False
0.12,2.0,c270fb91ae7ce470,16,,16,False
0.12,2.0,c270fb91ae7ce470,17,,16,False
0.12,2.0,c270fb91ae7ce470,18,,17,False
0.12,2.0,c270fb91ae7ce470,19,,17,False
0.12,2.0,c270fb91ae7ce470,20,,17,False
0.12,2.0,c270fb91ae7ce470,21,,17,False
0.12,2.0,c270fb91ae7ce470,22,,17,False
0.12,2.0,c270fb91ae7ce470,23,,17,False
0.12,2.0,c270fb91ae7ce470,24,,17,False
0.12,2.0,c270fb91ae7ce470,25,,17,False
0.12,2.0,c270fb91ae7ce470,26,,17,False
0.12,2.0,c270fb91ae7ce470,27,,18,False
0.12,2.0,c270fb91ae7ce470,28,,18,False
0.12,2.0,c270fb91ae7ce470,29,,18,False
0.12,2.0,c270fb91ae7ce470,30,,18,False
0.12,2.0,c270fb91ae7ce470,31,,18,False
0.12,2.0,c270fb91ae7ce470,32,,18,False
0.12,2.0,c270fb91ae7ce470,33,,18,False
0.12,2.0,c270fb91ae7ce470,34,,18,False
0.12,2.0,c270fb91ae7ce470,35,,18,False
0.12,2.0,c270fb91ae7ce470,36,,19,False
0.12,2.0,c270fb91ae7ce470,37,,19,False
0.12,2.0,c270fb91ae7ce470,38,,19,False
0.12,2.0,c270fb91ae7ce470,39,,19,False
0.12,2.0,c270fb91ae7ce470,40,,19,False
0.12,2.0,c270fb91ae7ce470,41,,19,False
0.12,2.0,c270fb91ae7ce470,42,,19,False
0.12,2.0,c270fb91ae7ce470,43,,19,False
0.12,2.0,c270fb91ae7ce470,44,,19,False
0.12,2.0,c270fb91ae7ce470,45,,20,False
0.12,2.0,c270fb91ae7ce470,46,,20,False
0.12,2.0,c270fb91ae7ce470,47,,20,False
0.12,2.0,c270fb91ae7ce470,48,,20,False
0.12,2.0,c270fb91ae7ce470,49,,20,False
0.12,2.0,c270fb91ae7ce470,50,,20,False
0.12,2.0,c270fb91ae7ce470,51,,20,False
0.12,2.0,c270fb91ae7ce470,52,,20,False
0.12,2.0,c270fb91ae7ce470,53,,20,False
0.12,2.0,c270fb91ae7ce470,54,,21,False
0.12,2.0,c270fb91ae7ce470,55,,21,False
0.12,2.0,c270fb91ae7ce470,56,,21,False
0.12,2.0,c270fb91ae7ce470,57,,21,False
0.12,2.0,c270fb91ae7ce470,58,,21,False
0.12,2.0,c270fb91ae7ce470,59,,21,False
0.12,2.0,c270fb91ae7ce470,60,,21,False
0.12,2.0,c270fb91ae7ce470,61,,21,False
0.12,2.0,c270fb91ae7ce470,62,,21,False
0.12,2.0,c270fb91ae7ce470,63,,22,False
0.12,2.0,c270fb91ae7ce470,64,,22,False
0.12,2.0,c270fb91ae7ce470,65,,22,False
0.12,2.0,c270fb91ae7ce470,66,,22,False
0.12,2.0,c270fb91ae7ce470,67,,22,False
0.12,2.0,c270fb91ae7ce470,68,,22,False
0.12,2.0,c270fb91ae7ce470,69,,22,False
0.12,2.0,c270fb91ae7ce470,70,,22,False
0.12,2.0,c270fb91ae7ce470,71,,22,False
0.12,2.0,c270fb91ae7ce470,72,,23,False
0.12,2.0,c270fb91ae7ce470,73,,23,False
0.12,2.0,c270fb91ae7ce470,74,,23,False
0.12,2.0,c270fb91ae7ce470,75,,23,False
0.12,2.0,c270fb91ae7ce470,76,,23,False
0.12,2.0,c270fb91ae7ce470,77,,23,False
0.12,2.0,c270fb91ae7ce470,78,,23,False
0.12,2.0,c270fb91ae7ce470,79,,23,False
0.12,2.0,c270fb91ae7ce470,80,,23,False
0.12,2.0,c270fb91ae7ce470,81,,24,False
0.12,2.0,c270fb91ae7ce470,82,,24,False
0.12,2.0,c270fb91ae7ce470,83,,24,False
0.12,2.0,c270fb91ae7ce470,84,,24,False
0.12,2.0,c270fb91ae7ce470,85,,24,False
0.12,2.0,c270fb91ae7ce470,86,,24,False
0.12,2.0,c270fb91ae7ce470,87,,24,False
0.12,2.0,c270fb91ae7ce470,88,,24,False
0.12,2.0,c270fb91ae7ce470,89,,24,False
0.12,2.0,c270fb91ae7ce470,90,,24,False
0.12,2.0,c270fb91ae7ce470,91,,25,False
0.12,2.0,c270fb91ae7ce470,92,,25,False
0.12,2.0,c270fb91ae7ce470,93,,25,False
0.12,2.0,c270fb91ae7ce470,94,,25,False
0.12,2.0,c270fb91ae7ce470,95,,25,False
0.12,2.0,c270fb91ae7ce470,96,,25,False
0.12,2.0,c270fb91ae7ce470,97,,25,False
0.12,2.0,c270fb91ae7ce470,98,,25,False
0.12,2.0,c270fb91ae7ce470,99,,25,False
0.12,2.0,c270fb91ae7ce470,100,,26,False
0.12,2.0,c270fb91ae7ce470,101,0,26,False
0.12,2.0,c270fb91ae7ce470,102,0,26,False
0.12,2.0,c270fb91ae7ce470,103,0,26,False
0.12,2.0,c270fb91ae7ce470,104,0,26,False
0.12,2.0,c270fb91ae7ce470,105,0,26,False
0.12,2.0,c270fb91ae7ce470,106,0,26,False
0.12,2.0,c270fb91ae7ce470,107,0,26,False
0.12,2.0,c270fb91ae7ce470,108,0,26,False
0.12,2.0,c270fb91ae7ce470,109,0,27,False
0.12,2.0,c270fb91ae7ce470,110,1,27,False
0.12,2.0,c270fb91ae7ce470,111,1,27,False
0.12,2.0,c270fb91ae7ce470,112,1,27,False
0.12,2.0,c270fb91ae7ce470,113,1,27,False
0.12,2.0,c270fb91ae7ce470,114,1,27,False
0.12,2.0,c270fb91ae7ce470,115,1,27,False
0.12,2.0,c270fb91ae7ce470,116,1,27,False
0.12,2.0,c270fb91ae7ce470,117,1,27,False
0.12,2.0,c270fb91ae7ce470,118,1,28,False
0.12,2.0,c270fb91ae7ce470,119,2,28,False
0.12,2.0,c270fb91ae7ce470,120,2,28,False
0.12,2.0,c270fb91ae7ce470,121,2,28,False
0.12,2.0,c270fb91ae7ce470,122,2,28,False
0.12,2.0,c270fb91ae7ce470,123,2,28,False
0.12,2.0,c270fb91ae7ce470,124,2,28,False
0.12,2.0,c270fb91ae7ce470,125,2,28,False
0.12,2.0,c270fb91ae7ce470,126,2,28,False
0.12,2.0,c270fb91ae7ce470,127,2,29,False
0.12,2.0,c270fb91ae7ce470,128,3,29,False
0.12,2.0,c270fb91ae7ce470,129,3,29,False
0.12,2.0,c270fb91ae7ce470,130,3,29,False
0.12,2.0,c270fb91ae7ce470,131,3,29,False
0.12,2.0,c270fb91ae7ce470,132,3,29,False
0.12,2.0,c270fb91ae7ce470,133,3,29,False
0.12,2.0,c270fb91ae7ce470,134,3,29,False
0.12,2.0,c270fb91ae7ce470,135,3,29,False
0.12,2.0,c270fb91ae7ce470,136,3,30,False
0.12,2.0,c270fb91ae7ce470,137,4,30,False
0.12,2.0,c270fb91ae7ce470,138,4,30,False
0.12,2.0,c270fb91ae7ce470,139,4,30,False
0.12,2.0,c270fb91ae7ce470,140,4,30,False
0.12,2.0,c270fb91ae7ce470,141,4,30,False
0.12,2.0,c270fb91ae7ce470,142,4,30,False
0.12,2.0,c270fb91ae7ce470,143,4,30,False
0.12,2.0,c270fb91ae7ce470,144,4,30,False
0.12,2.0,c270fb91ae7ce470,145,4,31,False
0.12,2.0,c270fb91ae7ce470,146,5,31,False
0.12,2.0,c270fb91ae7ce470,147,5,31,False
0.12,2.0,c270fb91ae7ce470,148,5,31,False
0.12,2.0,c270fb91ae7ce470,149,5,31,False
0.12,2.0,c270fb91ae7ce470,150,5,31,False
0.12,2.0,c270fb91ae7ce470,151,5,31,False
0.12,2.0,c270fb91ae7ce470,152,5,31,False
0.12,2.0,c270fb91ae7ce470,153,5,31,False
0.12,2.0,c270fb91ae7ce470,154,5,32,False
0.12,2.0,c270fb91ae7ce470,155,6,32,False
0.12,2.0,c270fb91ae7ce470,156,6,32,False
0.12,2.0,c270fb91ae7ce470,157,6,32,False
0.12,2.0,c270fb91ae7ce470,158,6,32,False
0.12,2.0,c270fb91ae7ce470,159,6,32,False
0.12,2.0,c270fb91ae7ce470,160,6,32,False
0.12,2.0,c270fb91ae7ce470,161,6,32,False
0.12,2.0,c270fb91ae7ce470,162,6,32,False
0.12,2.0,c270fb91ae7ce470,163,6,33,False
0.12,2.0,c270fb91ae7ce470,164,7,33,False
0.12,2.0,c270fb91ae7ce470,165,7,33,False
0.12,2.0,c270fb91ae7ce470,166,7,33,False
0.12,2.0,c270fb91ae7ce470,167,7,33,False
0.12,2.0,c270fb91ae7ce470,168,7,33,False
0.12,2.0,c270fb91ae7ce470,169,7,33,False
0.12,2.0,c270fb91ae7ce470,170,7,33,False
0.12,2.0,c270fb91ae7ce470,171,7,33,False
0.12,2.0,c270fb91ae7ce470,172,7,33,False
0.12,2.0,c270fb91ae7ce470,173,7,34,False
0.12,2.0,c270fb91ae7ce470,174,8,34,False
0.12,2.0,c270fb91ae7ce470,175,8,34,False
0.12,2.0,c270fb91ae7ce470,176,8,34,False
0.12,2.0,c270fb91ae7ce470,177,8,34,False
0.12,2.0,c270fb91ae7ce470,178,8,34,False
0.12,2.0,c270fb91ae7ce470,179,8,34,False
0.12,2.0,c270fb91ae7ce470,180,8,34,False
0.12,2.0,c270fb91ae7ce470,181,8,34,False
0.12,2.0,c270fb91ae7ce470,182,8,35,False
0.12,2.0,c270fb91ae7ce470,183,9,35,False
0.12,2.0,c270fb91ae7ce470,184,9,35,False
0.12,2.0,c270fb91ae7ce470,185,9,35,False
0.12,2.0,c270fb91ae7ce470,186,9,35,False
0.12,2.0,c270fb91ae7ce470,187,9,35,False
0.12,2.0,c270fb91ae7ce470,188,9,35,False
0.12,2.0,c270fb91ae7ce470,189,9,35,False
0.12,2.0,c270fb91ae7ce470,190,9,35,False
0.12,2.0,c270fb91ae7ce470,191,9,36,False
0.12,2.0,c270fb91ae7ce470,192,10,36,False
0.12,2.0,c270fb91ae7ce470,193,10,36,False
0.12,2.0,c270fb91ae7ce470,194,10,36,False
0.12,2.0,c270fb91ae7ce470,195,10,36,False
0.12,2.0,c270fb91ae7ce470,196,10,36,False
0.12,2.0,c270fb91ae7ce470,197,10,36,False
0.12,2.0,c270fb91ae7ce470,198,10,36,False
0.12,2.0,c270fb91ae7ce470,199,10,36,False
0.12,2.0,c270fb91ae7ce470,200,10,37,False
0.12,2.0,c270fb91ae7ce470,201,11,37,False
0.12,2.0,c270fb91ae7ce470,202,11,37,False
0.12,2.0,c270fb91ae7ce470,203,11,37,False
0.12,2.0,c270fb91ae7ce470,204,11,37,False
0.12,2.0,c270fb91ae7ce470,205,11,37,False
0.12,2.0,c270fb91ae7ce470,206,11,37,False
0.12,2.0,c270fb91ae7ce470,207,11,37,False
0.12,2.0,c270fb91ae7ce470,208,11,37,False
0.12,2.0,c270fb91ae7ce470,209,11,38,False
0.12,2.0,c270fb91ae7ce470,210,12,38,False
0.12,2.0,c270fb91ae7ce470,211,12,38,False
0.12,2.0,c270fb91ae7ce470,212,12,38,False
0.12,2.0,c270fb91ae7ce470,213,12,38,False
0.12,2.0,c270fb91ae7ce470,214,12,38,False
0.12,2.0,c270fb91ae7ce470,215,12,38,False
0.12,2.0,c270fb91ae7ce470,216,12,38,False
0.12,2.0,c270fb91ae7ce470,217,12,38,False
0.12,2.0,c270fb91ae7ce470,218,12,39,False
0.12,2.0,c270fb91ae7ce470,219,13,39,False
0.12,2.0,c270fb91ae7ce470,220,13,39,False
0.12,2.0,c270fb91ae7ce470,221,13,39,False
0.12,2.0,c270fb91ae7ce470,222,13,39,False
0.12,2.0,c270fb91ae7ce470,223,13,39,False
0.12,2.0,c270fb91ae7ce470,224,13,39,False
0.12,2.0,c270fb91ae7ce470,225,13,39,False
0.12,2.0,c270fb91ae7ce470,226,13,39,False
0.12,2.0,c270fb91ae7ce470,227,13,40,False
0.12,2.0,c270fb91ae7ce470,228,14,40,False
0.12,2.0,c270fb91ae7ce470,229,14,40,False
0.12,2.0,c270fb91ae7ce470,230,14,40,False
0.12,2.0,c270fb91ae7ce470,231,14,40,False
0.12,2.0,c270fb91ae7ce470,232,14,40,False
0.12,2.0,c270fb91ae7ce470,233,14,40,False
0.12,2.0,c270fb91ae7ce470,234,14,40,False
0.12,2.0,c270fb91ae7ce470,235,14,40,False
0.12,2.0,c270fb91ae7ce470,236,14,41,False
0.12,2.0,c270fb91ae7ce470,237,15,41,False
0.12,2.0,c270fb91ae7ce470,238,15,41,False
0.12,2.0,c270fb91ae7ce470,239,15,41,False
0.12,2.0,c270fb91ae7ce470,240,15,41,False
0.12,2.0,c270fb91ae7ce470,241,15,41,False
0.12,2.0,c270fb91ae7ce470,242,15,41,False
0.12,2.0,c270fb91ae7ce470,243,15,41,False
0.12,2.0,c270fb91ae7ce470,244,15,41,False
0.12,2.0,c270fb91ae7ce470,245,15,41,False
0.12,2.0,c270fb91ae7ce470,246,16,42,False
0.12,2.0,c270fb91ae7ce470,247,16,42,False
0.12,2.0,c270fb91ae7ce470,248,16,42,False
0.12,2.0,c270fb91ae7ce470,249,16,42,False
0.12,2.0,c270fb91ae7ce470,250,16,42,False
0.12,2.0,c270fb91ae7ce470,251,16,42,False
0.12,2.0,c270fb91ae7ce470,252,16,42,False
0.12,2.0,c270fb91ae7ce470,253,16,42,False
0.12,2.0,c270fb91ae7ce470,254,16,42,False
0.12,2.0,c270fb91ae7ce470,255,16,43,False
0.12,2.0,c270fb91ae7ce470,256,17,43,False
0.12,2.0,c270fb91ae7ce470,257,17,43,False
0.12,2.0,c270fb91ae7ce470,258,17,43,False
0.12,2.0,c270fb91ae7ce470,259,17,43,False
0.12,2.0,c270fb91ae7ce470,260,17,43,False
0.12,2.0,c270fb91ae7ce470,261,17,43,False
0.12,2.0,c270fb91ae7ce470,262,17,43,False
0.12,2.0,c270fb91ae7ce470,263,17,43,False
0.12,2.0,c270fb91ae7ce470,264,17,44,False
0.12,2.0,c270fb91ae7ce470,265,18,44,False
0.12,2.0,c270fb91ae7ce470,266,18,44,False
0.12,2.0,c270fb91ae7ce470,267,18,44,False
0.12,2.0,c270fb91ae7ce470,268,18,44,False
0.12,2.0,c270fb91ae7ce470,269,18,44,False
0.12,2.0,c270fb91ae7ce470,270,18,44,False
0.12,2.0,c270fb91ae7ce470,271,18,44,False
0.12,2.0,c270fb91ae7ce470,272,18,44,False
0.12,2.0,c270fb91ae7ce470,273,18,45,False
0.12,2.0,c270fb91ae7ce470,274,19,45,False
0.12,2.0,c270fb91ae7ce470,275,19,45,False
0.12,2.0,c270fb91ae7ce470,276,19,45,False
0.12,2.0,c270fb91ae7ce470,277,19,45,False
0.12,2.0,c270fb91ae7ce470,278,19,45,False
0.12,2.0,c270fb91ae7ce470,279,19,45,False
0.12,2.0,c270fb91ae7ce470,280,19,45,False
0.12,2.0,c270fb91ae7ce470,281,19,45,False
0.12,2.0,c270fb91ae7ce470,282,19,46,False
0.12,2.0,c270fb91ae7ce470,283,20,46,False
0.12,2.0,c270fb91ae7ce470,284,20,46,False
0.12,2.0,c270fb91ae7ce470,285,20,46,False
0.12,2.0,c270fb91ae7ce470,286,20,46,False
0.12,2.0,c270fb91ae7ce470,287,20,46,False
0.12,2.0,c270fb91ae7ce470,288,20,46,False
0.12,2.0,c270fb91ae7ce470,289,20,46,False
0.12,2.0,c270fb91ae7ce470,290,20,46,False
0.12,2.0,c270fb91ae7ce470,291,20,47,False
0.12,2.0,c270fb91ae7ce470,292,21,47,False
0.12,2.0,c270fb91ae7ce470,293,21,47,False
0.12,2.0,c270fb91ae7ce470,294,21,47,False
0.12,2.0,c270fb91ae7ce470,295,21,47,False
0.12,2.0,c270fb91ae7ce470,296,21,47,False
0.12,2.0,c270fb91ae7ce470,297,21,47,False
0.12,2.0,c270fb91ae7ce470,298,21,47,False
0.12,2.0,c270fb91ae7ce470,299,21,47,False
0.12,2.0,c270fb91ae7ce470,300,21,48,False
0.12,2.0,c270fb91ae7ce470,301,22,48,False
0.12,2.0,c270fb91ae7ce470,302,22,48,False
0.12,2.0,c270fb91ae7ce470,303,22,48,False
0.12,2.0,c270fb91ae7ce470,304,22,48,False
0.12,2.0,c270fb91ae7ce470,305,22,48,False
0.12,2.0,c270fb91ae7ce470,306,22,48,False
0.12,2.0,c270fb91ae7ce470,307,22,48,False
0.12,2.0,c270fb91ae7ce470,308,22,48,False
0.12,2.0,c270fb91ae7ce470,309,22,49,False
0.12,2.0,c270fb91ae7ce470,310,23,49,False
0.12,2.0,c270fb91ae7ce470,311,23,49,False
0.12,2.0,c270fb91ae7ce470,312,23,49,False
0.12,2.0,c270fb91ae7ce470,313,23,49,False
0.12,2.0,c270fb91ae7ce470,314,23,49,False
0.12,2.0,c270fb91ae7ce470,315,23,49,False
0.12,2.0,c270fb91ae7ce470,316,23,49,False
0.12,2.0,c270fb91ae7ce470,317,23,49,False
0.12,2.0,c270fb91ae7ce470,318,23,50,False
0.12,2.0,c270fb91ae7ce470,319,24,50,False
0.12,2.0,c270fb91ae7ce470,320,24,50,False
0.12,2.0,c270fb91ae7ce470,321,24,50,False
0.12,2.0,c270fb91ae7ce470,322,24,50,False
0.12,2.0,c270fb91ae7ce470,323,24,50,False
0.12,2.0,c270fb91ae7ce470,324,24,50,False
0.12,2.0,c270fb91ae7ce470,325,24,50,False
0.12,2.0,c270fb91ae7ce470,326,24,50,False
0.12,2.0,c270fb91ae7ce470,327,24,50,False
0.12,2.0,c270fb91ae7ce470,328,24,51,False
0.12,2.0,c270fb91ae7ce470,329,25,51,False
0.12,2.0,c270fb91ae7ce470,330,25,51,False
0.12,2.0,c270fb91ae7ce470,331,25,51,False
0.12,2.0,c270fb91ae7ce470,332,25,51,False
0.12,2.0,c270fb91ae7ce470,333,25,51,False
0.12,2.0,c270fb91ae7ce470,334,25,51,False
0.12,2.0,c270fb91ae7ce470,335,25,51,False
0.12,2.0,c270fb91ae7ce470,336,25,51,False
0.12,2.0,c270fb91ae7ce470,337,25,52,False
0.12,2.0,c270fb91ae7ce470,338,26,52,False
0.12,2.0,c270fb91ae7ce470,339,26,52,False
0.12,2.0,c270fb91ae7ce470,340,26,52,False
0.12,2.0,c270fb91ae7ce470,341,26,52,False
0.12,2.0,c270fb91ae7ce470,342,26,52,False
0.12,2.0,c270fb91ae7ce470,343,26,52,False
0.12,2.0,c270fb91ae7ce470,344,26,52,False
0.12,2.0,c270fb91ae7ce470,345,26,52,False
0.12,2.0,c270fb91ae7ce470,346,26,53,False
0.12,2.0,c270fb91ae7ce470,347,27,53,False
0.12,2.0,c270fb91ae7ce470,348,27,53,False
0.12,2.0,c270fb91ae7ce470,349,27,53,False
0.12,2.0,c270fb91ae7ce470,350,27,53,False
0.12,2.0,c270fb91ae7ce470,351,27,53,False
0.12,2.0,c270fb91ae7ce470,352,27,53,False
0.12,2.0,c270fb91ae7ce470,353,27,53,False
0.12,2.0,c270fb91ae7ce470,354,27,53,False
0.12,2.0,c270fb91ae7ce470,355,27,54,False
0.12,2.0,c270fb91ae7ce470,356,28,54,False
0.12,2.0,c270fb91ae7ce470,357,28,54,False
0.12,2.0,c270fb91ae7ce470,358,28,54,False
0.12,2.0,c270fb91ae7ce470,359,28,54,False
0.12,2.0,c270fb91ae7ce470,360,28,54,False
0.12,2.0,c270fb91ae7ce470,361,28,54,False
0.12,2.0,c270fb91ae7ce470,362,28,54,False
0.12,2.0,c270fb91ae7ce470,363,28,54,False
0.12,2.0,c270fb91ae7ce470,364,28,55,False
0.12,2.0,c270fb91ae7ce470,365,29,55,False
0.12,2.0,c270fb91ae7ce470,366,29,55,False
0.12,2.0,c270fb91ae7ce470,367,29,55,False
0.12,2.0,c270fb91ae7ce470,368,29,55,False
0.12,2.0,c270fb91ae7ce470,369,29,55,False
0.12,2.0,c270fb91ae7ce470,370,29,55,False
0.12,2.0,c270fb91ae7ce470,371,29,55,False
0.12,2.0,c270fb91ae7ce470,372,29,55,False
0.12,2.0,c270fb91ae7ce470,373,29,56,False
0.12,2.0,c270fb91ae7ce470,374,30,56,False
0.12,2.0,c270fb91ae7ce470,375,30,56,False
0.12,2.0,c270fb91ae7ce470,376,30,56,False
0.12,2.0,c270fb91ae7ce470,377,30,56,False
0.12,2.0,c270fb91ae7ce470,378,30,56,False
0.12,2.0,c270fb91ae7ce470,379,30,56,False
0.12,2.0,c270fb91ae7ce470,380,30,56,False
0.12,2.0,c270fb91ae7ce470,381,30,56,False
0.12,2.0,c270fb91ae7ce470,382,30,57,False
0.12,2.0,c270fb91ae7ce470,383,31,57,False
0.12,2.0,c270fb91ae7ce470,384,31,57,False
0.12,2.0,c270fb91ae7ce470,385,31,57,False
0.12,2.0,c270fb91ae7ce470,386,31,57,False
0.12,2.0,c270fb91ae7ce470,387,31,57,False
0.12,2.0,c270fb91ae7ce470,388,31,57,False
0.12,2.0,c270fb91ae7ce470,389,31,57,False
0.12,2.0,c270fb91ae7ce470,390,31,57,False
0.12,2.0,c270fb91ae7ce470,391,31,58,False
0.12,2.0,c270fb91ae7ce470,392,32,58,False
0.12,2.0,c270fb91ae7ce470,393,32,58,False
0.12,2.0,c270fb91ae7ce470,394,32,58,False
0.12,2.0,c270fb91ae7ce470,395,32,58,False
0.12,2.0,c270fb91ae7ce470,396,32,58,False
0.12,2.0,c270fb91ae7ce470,397,32,58,False
0.12,2.0,c270fb91ae7ce470,398,32,58,False
0.12,2.0,c270fb91ae7ce470,399,32,58,False
0.12,2.0,c270fb91ae7ce470,400,32,59,False
0.12,2.0,c270fb91ae7ce470,401,33,59,False
0.12,2.0,c270fb91ae7ce470,402,33,59,False
0.12,2.0,c270fb91ae7ce470,403,33,59,False
0.12,2.0,c270fb91ae7ce470,404,33,59,False
0.12,2.0,c270fb91ae7ce470,405,33,59,False
0.12,2.0,c270fb91ae7ce470,406,33,59,False
0.12,2.0,c270fb91ae7ce470,407,33,59,False
0.12,2.0,c270fb91ae7ce470,408,33,59,False
0.12,2.0,c270fb91ae7ce470,409,33,59,False
0.12,2.0,c270fb91ae7ce470,410,33,60,False
0.12,2.0,c270fb91ae7ce470,411,34,60,False
0.12,2.0,c270fb91ae7ce470,412,34,60,False
0.12,2.0,c270fb91ae7ce470,413,34,60,False
0.12,2.0,c270fb91ae7ce470,414,34,60,False
0.12,2.0,c270fb91ae7ce470,415,34,60,False
0.12,2.0,c270fb91ae7ce470,416,34,60,False
0.12,2.0,c270fb91ae7ce470,417,34,60,False
0.12,2.0,c270fb91ae7ce470,418,34,60,False
0.12,2.0,c270fb91ae7ce470,419,34,61,False
0.12,2.0,c270fb91ae7ce470,420,35,61,False
0.12,2.0,c270fb91ae7ce470,421,35,61,False
0.12,2.0,c270fb91ae7ce470,422,35,61,False
0.12,2.0,c270fb91ae7ce470,423,35,61,False
0.12,2.0,c270fb91ae7ce470,424,35,61,False
0.12,2.0,c270fb91ae7ce470,425,35,61,False
0.12,2.0,c270fb91ae7ce470,426,35,61,False
0.12,2.0,c270fb91ae7ce470,427,35,61,False
0.12,2.0,c270fb91ae7ce470,428,35,62,False
0.12,2.0,c270fb91ae7ce470,429,36,62,False
0.12,2.0,c270fb91ae7ce470,430,36,62,False
0.12,2.0,c270fb91ae7ce470,431,36,62,False
0.12,2.0,c270fb91ae7ce470,432,36,62,False
0.12,2.0,c270fb91ae7ce470,433,36,62,False
0.12,2.0,c270fb91ae7ce470,434,36,62,False
0.12,2.0,c270fb91ae7ce470,435,36,62,False
0.12,2.0,c270fb91ae7ce470,436,36,62,False
0.12,2.0,c270fb91ae7ce470,437,36,63,False
0.12,2.0,c270fb91ae7ce470,438,37,63,False
0.12,2.0,c270fb91ae7ce470,439,37,63,False
0.12,2.0,c270fb91ae7ce470,440,37,63,False
0.12,2.0,c270fb91ae7ce470,441,37,63,False
0.12,2.0,c270fb91ae7ce470,442,37,63,False
0.12,2.0,c270fb91ae7ce470,443,37,63,False
0.12,2.0,c270fb91ae7ce470,444,37,63,False
0.12,2.0,c270fb91ae7ce470,445,37,63,False
0.12,2.0,c270fb91ae7ce470,446,37,64,False
0.12,2.0,c270fb91ae7ce470,447,38,64,False
0.12,2.0,c270fb91ae7ce470,448,38,64,False
0.12,2.0,c270fb91ae7ce470,449,38,64,False
0.12,2.0,c270fb91ae7ce470,450,38,64,False
0.12,2.0,c270fb91ae7ce470,451,38,64,False
0.12,2.0,c270fb91ae7ce470,452,38,64,False
0.12,2.0,c270fb91ae7ce470,453,38,64,False
0.12,2.0,c270fb91ae7ce470,454,38,64,False
0.12,2.0,c270fb91ae7ce470,455,38,65,False
0.12,2.0,c270fb91ae7ce470,456,39,65,False
0.12,2.0,c270fb91ae7ce470,457,39,65,False
0.12,2.0,c270fb91ae7ce470,458,39,65,False
0.12,2.0,c270fb91ae7ce470,459,39,65,False
0.12,2.0,c270fb91ae7ce470,460,39,65,False
0.12,2.0,c270fb91ae7ce470,461,39,65,False
0.12,2.0,c270fb91ae7ce470,462,39,65,False
0.12,2.0,c270fb91ae7ce470,463,39,65,False
0.12,2.0,c270fb91ae7ce470,464,39,66,False
0.12,2.0,c270fb91ae7ce470,465,40,66,False
0.12,2.0,c270fb91ae7ce470,466,40,66,False
0.12,2.0,c270fb91ae7ce470,467,40,66,False
0.12,2.0,c270fb91ae7ce470,468,40,66,False
0.12,2.0,c270fb91ae7ce470,469,40,66,False
0.12,2.0,c270fb91ae7ce470,470,40,66,False
0.12,2.0,c270fb91ae7ce470,471,40,66,False
0.12,2.0,c270fb91ae7ce470,472,40,66,False
0.12,2.0,c270fb91ae7ce470,473,40,67,False
0.12,2.0,c270fb91ae7ce470,474,41,67,False
0.12,2.0,c270fb91ae7ce470,475,41,67,False
0.12,2.0,c270fb91ae7ce470,476,41,67,False
0.12,2.0,c270fb91ae7ce470,477,41,67,False
0.12,2.0,c270fb91ae7ce470,478,41,67,False
0.12,2.0,c270fb91ae7ce470,479,41,67,False
0.12,2.0,c270fb91ae7ce470,480,41,67,False
0.12,2.0,c270fb91ae7ce470,481,41,67,False
0.12,2.0,c270fb91ae7ce470,482,41,68,False
0.12,2.0,c270fb91ae7ce470,483,42,68,False
0.12,2.0,c270fb91ae7ce470,484,42,68,False
0.12,2.0,c270fb91ae7ce470,485,42,68,False
0.12,2.0,c270fb91ae7ce470,486,42,68,False
0.12,2.0,c270fb91ae7ce470,487,42,68,False
0.12,2.0,c270fb91ae7ce470,488,42,68,False
0.12,2.0,c270fb91ae7ce470,489,42,68,False
0.12,2.0,c270fb91ae7ce470,490,42,68,False
0.12,2.0,c270fb91ae7ce470,491,42,68,False
0.12,2.0,c270fb91ae7ce470,492,42,69,False
0.12,2.0,c270fb91ae7ce470,493,43,69,False
0.12,2.0,c270fb91ae7ce470,494,43,69,False
0.12,2.0,c270fb91ae7ce470,495,43,69,False
0.12,2.0,c270fb91ae7ce470,496,43,69,False
0.12,2.0,c270fb91ae7ce470,497,43,69,False
0.12,2.0,c270fb91ae7ce470,498,43,69,False
0.12,2.0,c270fb91ae7ce470,499,43,69,False
0.12,2.0,c270fb91ae7ce470,500,43,69,False
0.12,2.0,c270fb91ae7ce470,501,43,70,False
0.12,2.0,c270fb91ae7ce470,502,44,70,False
0.12,2.0,c270fb91ae7ce470,503,44,70,False
0.12,2.0,c270fb91ae7ce470,504,44,70,False
0.12,2.0,c270fb91ae7ce470,505,44,70,False
0.12,2.0,c270fb91ae7ce470,506,44,70,False
0.12,2.0,c270fb91ae7ce470,507,44,70,False
0.12,2.0,c270fb91ae7ce470,508,44,70,False
0.12,2.0,c270fb91ae7ce470,509,44,70,False
0.12,2.0,c270fb91ae7ce470,510,44,71,False
0.12,2.0,c270fb91ae7ce470,511,45,71,False
0.12,2.0,c270fb91ae7ce470,512,45,71,False
0.12,2.0,c270fb91ae7ce470,513,45,71,False
0.12,2.0,c270fb91ae7ce470,514,45,71,False
0.12,2.0,c270fb91ae7ce470,515,45,71,False
0.12,2.0,c270fb91ae7ce470,516,45,71,False
0.12,2.0,c270fb91ae7ce470,517,45,71,False
0.12,2.0,c270fb91ae7ce470,518,45,71,False
0.12,2.0,c270fb91ae7ce470,519,45,72,False
0.12,2.0,c270fb91ae7ce470,520,46,72,False
0.12,2.0,c270fb91ae7ce470,521,46,72,False
0.12,2.0,c270fb91ae7ce470,522,46,72,False
0.12,2.0,c270fb91ae7ce470,523,46,72,False
0.12,2.0,c270fb91ae7ce470,524,46,72,False
0.12,2.0,c270fb91ae7ce470,525,46,72,False
0.12,2.0,c270fb91ae7ce470,526,46,72,False
0.12,2.0,c270fb91ae7ce470,527,46,72,False
0.12,2.0,c270fb91ae7ce470,528,46,73,False
0.12,2.0,c270fb91ae7ce470,529,47,73,False
0.12,2.0,c270fb91ae7ce470,530,47,73,False
0.12,2.0,c270fb91ae7ce470,531,47,73,False
0.12,2.0,c270fb91ae7ce470,532,47,73,False
0.12,2.0,c270fb91ae7ce470,533,47,73,False
0.12,2.0,c270fb91ae7ce470,534,47,73,False
0.12,2.0,c270fb91ae7ce470,535,47,73,False
0.12,2.0,c270fb91ae7ce470,536,47,73,False
0.12,2.0,c270fb91ae7ce470,537,47,74,False
0.12,2.0,c270fb91ae7ce470,538,48,74,False
0.12,2.0,c270fb91ae7ce470,539,48,74,False
0.12,2.0,c270fb91ae7ce470,540,48,74,False
0.12,2.0,c270fb91ae7ce470,541,48,74,False
0.12,2.0,c270fb91ae7ce470,542,48,74,False
0.12,2.0,c270fb91ae7ce470,543,48,74,False
0.12,2.0,c270fb91ae7ce470,544,48,74,False
0.12,2.0,c270fb91ae7ce470,545,48,74,False
0.12,2.0,c270fb91ae7ce470,546,48,75,False
0.12,2.0,c270fb91ae7ce470,547,49,75,False
0.12,2.0,c270fb91ae7ce470,548,49,75,False
0.12,2.0,c270fb91ae7ce470,549,49,75,False
0.12,2.0,c270fb91ae7ce470,550,49,75,False
0.12,2.0,c270fb91ae7ce470,551,49,75,False
0.12,2.0,c270fb91ae7ce470,552,49,75,False
0.12,2.0,c270fb91ae7ce470,553,49,75,False
0.12,2.0,c270fb91ae7ce470,554,49,75,False
0.12,2.0,c270fb91ae7ce470,555,49,76,False
0.12,2.0,c270fb91ae7ce470,556,50,76,False
0.12,2.0,c270fb91ae7ce470,557,50,76,False
0.12,2.0,c270fb91ae7ce470,558,50,76,False
0.12,2.0,c270fb91ae7ce470,559,50,76,False
0.12,2.0,c270fb91ae7ce470,560,50,76,False
0.12,2.0,c270fb91ae7ce470,561,50,76,False
0.12,2.0,c270fb91ae7ce470,562,50,76,False
0.12,2.0,c270fb91ae7ce470,563,50,76,False
0.12,2.0,c270fb91ae7ce470,564,50,77,False
0.12,2.0,c270fb91ae7ce470,565,51,77,False
0.12,2.0,c270fb91ae7ce470,566,51,77,False
0.12,2.0,c270fb91ae7ce470,567,51,77,False
0.12,2.0,c270fb91ae7ce470,568,51,77,False
0.12,2.0,c270fb91ae7ce470,569,51,77,False
0.12,2.0,c270fb91ae7ce470,570,51,77,False
0.12,2.0,c270fb91ae7ce470,571,51,77,False
0.12,2.0,c270fb91ae7ce470,572,51,77,False
0.12,2.0,c270fb91ae7ce470,573,51,77,False
0.12,2.0,c270fb91ae7ce470,574,51,78,False
0.12,2.0,c270fb91ae7ce470,575,52,78,False
0.12,2.0,c270fb91ae7ce470,576,52,78,False
0.12,2.0,c270fb91ae7ce470,577,52,78,False
0.12,2.0,c270fb91ae7ce470,578,52,78,False
0.12,2.0,c270fb91ae7ce470,579,52,78,False
0.12,2.0,c270fb91ae7ce470,580,52,78,False
0.12,2.0,c270fb91ae7ce470,581,52,78,False
0.12,2.0,c270fb91ae7ce470,582,52,78,False
0.12,2.0,c270fb91ae7ce470,583,52,79,False
0.12,2.0,c270fb91ae7ce470,584,53,79,False
0.12,2.0,c270fb91ae7ce470,585,53,79,False
0.12,2.0,c270fb91ae7ce470,586,53,79,False
0.12,2.0,c270fb91ae7ce470,587,53,79,False
0.12,2.0,c270fb91ae7ce470,588,53,79,False
0.12,2.0,c270fb91ae7ce470,589,53,79,False
0.12,2.0,c270fb91ae7ce470,590,53,79,False
0.12,2.0,c270fb91ae7ce470,591,53,79,False
0.12,2.0,c270fb91ae7ce470,592,53,80,False
0.12,2.0,c270fb91ae7ce470,593,54,80,False
0.12,2.0,c270fb91ae7ce470,594,54,80,False
0.12,2.0,c270fb91ae7ce470,595,54,80,False
0.12,2.0,c270fb91ae7ce470,596,54,80,False
0.12,2.0,c270fb91ae7ce470,597,54,80,False
0.12,2.0,c270fb91ae7ce470,598,54,80,False
0.12,2.0,c270fb91ae7ce470,599,54,80,False
0.12,2.0,c270fb91ae7ce470,600,54,80,False
0.12,2.0,c270fb91ae7ce470,601,54,81,False
0.12,2.0,c270fb91ae7ce470,602,55,81,False
0.12,2.0,c270fb91ae7ce470,603,55,81,False
0.12,2.0,c270fb91ae7ce470,604,55,81,False
0.12,2.0,c270fb91ae7ce470,605,55,81,False
0.12,2.0,c270fb91ae7ce470,606,55,81,False
0.12,2.0,c270fb91ae7ce470,607,55,81,False
0.12,2.0,c270fb91ae7ce470,608,55,81,False
0.12,2.0,c270fb91ae7ce470,609,55,81,False
0.12,2.0,c270fb91ae7ce470,610,55,82,False
0.12,2.0,c270fb91ae7ce470,611,56,82,False
0.12,2.0,c270fb91ae7ce470,612,56,82,False
0.12,2.0,c270fb91ae7ce470,613,56,82,False
0.12,2.0,c270fb91ae7ce470,614,56,82,False
0.12,2.0,c270fb91ae7ce470,615,56,82,False
0.12,2.0,c270fb91ae7ce470,616,56,82,False
0.12,2.0,c270fb91ae7ce470,617,56,82,False
0.12,2.0,c270fb91ae7ce470,618,56,82,False
0.12,2.0,c270fb91ae7ce470,619,56,83,False
0.12,2.0,c270fb91ae7ce470,620,57,83,False
0.12,2.0,c270fb91ae7ce470,621,57,83,False
0.12,2.0,c270fb91ae7ce470,622,57,83,False
0.12,2.0,c270fb91ae7ce470,623,57,83,False
0.12,2.0,c270fb91ae7ce470,624,57,83,False
0.12,2.0,c270fb91ae7ce470,625,57,83,False
0.12,2.0,c270fb91ae7ce470,626,57,83,False
0.12,2.0,c270fb91ae7ce470,627,57,83,False
0.12,2.0,c270fb91ae7ce470,628,57,84,False
0.12,2.0,c270fb91ae7ce470,629,58,84,False
0.12,2.0,c270fb91ae7ce470,630,58,84,False
0.12,2.0,c270fb91ae7ce470,631,58,84,False
0.12,2.0,c270fb91ae7ce470,632,58,84,False
0.12,2.0,c270fb91ae7ce470,633,58,84,False
0.12,2.0,c270fb91ae7ce470,634,58,84,False
0.12,2.0,c270fb91ae7ce470,635,58,84,False
0.12,2.0,c270fb91ae7ce470,636,58,84,False
0.12,2.0,c270fb91ae7ce470,637,58,85,False
0.12,2.0,c270fb91ae7ce470,638,59,85,False
0.12,2.0,c270fb91ae7ce470,639,59,85,False
0.12,2.0,c270fb91ae7ce470,640,59,85,False
0.12,2.0,c270fb91ae7ce470,641,59,85,False
0.12,2.0,c270fb91ae7ce470,642,59,85,False
0.12,2.0,c270fb91ae7ce470,643,59,85,False
0.12,2.0,c270fb91ae7ce470,644,59,85,False
0.12,2.0,c270fb91ae7ce470,645,59,85,False
0.12,2.0,c270fb91ae7ce470,646,59,86,False
0.12,2.0,c270fb91ae7ce470,647,60,86,False
0.12,2.0,c270fb91ae7ce470,648,60,86,False
0.12,2.0,c270fb91ae7ce470,649,60,86,False
0.12,2.0,c270fb91ae7ce470,650,60,86,False
0.12,2.0,c270fb91ae7ce470,651,60,86,False
0.12,2.0,c270fb91ae7ce470,652,60,86,False
0.12,2.0,c270fb91ae7ce470,653,60,86,False
0.12,2.0,c270fb91ae7ce470,654,60,86,False
0.12,2.0,c270fb91ae7ce470,655,60,86,False
0.12,2.0,c270fb91ae7ce470,656,60,87,False
0.12,2.0,c270fb91ae7ce470,657,61,87,False
0.12,2.0,c270fb91ae7ce470,658,61,87,False
0.12,2.0,c270fb91ae7ce470,659,61,87,False
0.12,2.0,c270fb91ae7ce470,660,61,87,False
0.12,2.0,c270fb91ae7ce470,661,61,87,False
0.12,2.0,c270fb91ae7ce470,662,61,87,False
0.12,2.0,c270fb91ae7ce470,663,61,87,False
0.12,2.0,c270fb91ae7ce470,664,61,87,False
0.12,2.0,c270fb91ae7ce470,665,61,88,False
0.12,2.0,c270fb91ae7ce470,666,62,88,False
0.12,2.0,c270fb91ae7ce470,667,62,88,False
0.12,2.0,c270fb91ae7ce470,668,62,88,False
0.12,2.0,c270fb91ae7ce470,669,62,88,False
0.12,2.0,c270fb91ae7ce470,670,62,88,False
0.12,2.0,c270fb91ae7ce470,671,62,88,False
0.12,2.0,c270fb91ae7ce470,672,62,88,False
0.12,2.0,c270fb91ae7ce470,673,62,88,False
0.12,2.0,c270fb91ae7ce470,674,62,89,False
0.12,2.0,c270fb91ae7ce470,675,63,89,False
0.12,2.0,c270fb91ae7ce470,676,63,89,False
0.12,2.0,c270fb91ae7ce470,677,63,89,False
0.12,2.0,c270fb91ae7ce470,678,63,89,False
0.12,2.0,c270fb91ae7ce470,679,63,89,False
0.12,2.0,c270fb91ae7ce470,680,63,89,False
0.12,2.0,c270fb91ae7ce470,681,63,89,False
0.12,2.0,c270fb91ae7ce470,682,63,89,False
0.12,2.0,c270fb91ae7ce470,683,63,90,False
0.12,2.0,c270fb91ae7ce470,684,64,90,False
0.12,2.0,c270fb91ae7ce470,685,64,90,False
0.12,2.0,c270fb91ae7ce470,686,64,90,False
0.12,2.0,c270fb91ae7ce470,687,64,90,False
0.12,2.0,c270fb91ae7ce470,688,64,90,False
0.12,2.0,c270fb91ae7ce470,689,64,90,False
0.12,2.0,c270fb91ae7ce470,690,64,90,False
0.12,2.0,c270fb91ae7ce470,691,64,90,False
0.12,2.0,c270fb91ae7ce470,692,64,91,False
0.12,2.0,c270fb91ae7ce470,693,65,91,False
0.12,2.0,c270fb91ae7ce470,694,65,91,False
0.12,2.0,c270fb91ae7ce470,695,65,91,False
0.12,2.0,c270fb91ae7ce470,696,65,91,False
0.12,2.0,c270fb91ae7ce470,697,65,91,False
0.12,2.0,c270fb91ae7ce470,698,65,91,False
0.12,2.0,c270fb91ae7ce470,699,65,91,False
0.12,2.0,c270fb91ae7ce470,700,65,91,False
0.12,2.0,c270fb91ae7ce470,701,65,92,False
0.12,2.0,c270fb91ae7ce470,702,66,92,False
0.12,2.0,c270fb91ae7ce470,703,66,92,False
0.12,2.0,c270fb91ae7ce470,704,66,92,False
0.12,2.0,c270fb91ae7ce470,705,66,92,False
0.12,2.0,c270fb91ae7ce470,706,66,92,False
0.12,2.0,c270fb91ae7ce470,707,66,92,False
0.12,2.0,c270fb91ae7ce470,708,66,92,False
0.12,2.0,c270fb91ae7ce470,709,66,92,False
0.12,2.0,c270fb91ae7ce470,710,66,93,False
0.12,2.0,c270fb91ae7ce470,711,67,93,False
0.12,2.0,c270fb91ae7ce470,712,67,93,False
0.12,2.0,c270fb91ae7ce470,713,67,93,False
0.12,2.0,c270fb91ae7ce470,714,67,93,False
0.12,2.0,c270fb91ae7ce470,715,67,93,False
0.12,2.0,c270fb91ae7ce470,716,67,93,False
0.12,2.0,c270fb91ae7ce470,717,67,93,False
0.12,2.0,c270fb91ae7ce470,718,67,93,False
0.12,2.0,c270fb91ae7ce470,719,67,94,False
0.12,2.0,c270fb91ae7ce470,720,68,94,False
0.12,2.0,c270fb91ae7ce470,721,68,94,False
0.12,2.0,c270fb91ae7ce470,722,68,94,False
0.12,2.0,c270fb91ae7ce470,723,68,94,False
0.12,2.0,c270fb91ae7ce470,724,68,94,False
0.12,2.0,c270fb91ae7ce470,725,68,94,False
0.12,2.0,c270fb91ae7ce470,726,68,94,False
0.12,2.0,c270fb91ae7ce470,727,68,94,False
0.12,2.0,c270fb91ae7ce470,728,68,94,False
0.12,2.0,c270fb91ae7ce470,729,69,95,False
0.12,2.0,c270fb91ae7ce470,730,69,95,False
0.12,2.0,c270fb91ae7ce470,731,69,95,False
0.12,2.0,c270fb91ae7ce470,732,69,95,False
0.12,2.0,c270fb91ae7ce470,733,69,95,False
0.12,2.0,c270fb91ae7ce470,734,69,95,False
0.12,2.0,c270fb91ae7ce470,735,69,95,False
0.12,2.0,c270fb91ae7ce470,736,69,95,False
0.12,2.0,c270fb91ae7ce470,737,69,95,False
0.12,2.0,c270fb91ae7ce470,738,69,96,False
0.12,2.0,c270fb91ae7ce470,739,70,96,False
0.12,2.0,c270fb91ae7ce470,740,70,96,False
0.12,2.0,c270fb91ae7ce470,741,70,96,False
0.12,2.0,c270fb91ae7ce470,742,70,96,False
0.12,2.0,c270fb91ae7ce470,743,70,96,False
0.12,2.0,c270fb91ae7ce470,744,70,96,False
0.12,2.0,c270fb91ae7ce470,745,70,96,False
0.12,2.0,c270fb91ae7ce470,746,70,96,False
0.12,2.0,c270fb91ae7ce470,747,70,97,False
0.12,2.0,c270fb91ae7ce470,748,71,97,False
0.12,2.0,c270fb91ae7ce470,749,71,97,False
0.12,2.0,c270fb91ae7ce470,750,71,97,False
0.12,2.0,c270fb91ae7ce470,751,71,97,False
0.12,2.0,c270fb91ae7ce470,752,71,97,False
0.12,2.0,c270fb91ae7ce470,753,71,97,False
0.12,2.0,c270fb91ae7ce470,754,71,97,False
0.12,2.0,c270fb91ae7ce470,755,71,97,False
0.12,2.0,c270fb91ae7ce470,756,71,98,False
0.12,2.0,c270fb91ae7ce470,757,72,98,False
0.12,2.0,c270fb91ae7ce470,758,72,98,False
0.12,2.0,c270fb91ae7ce470,759,72,98,False
0.12,2.0,c270fb91ae7ce470,760,72,98,False
0.12,2.0,c270fb91ae7ce470,761,72,98,False
0.12,2.0,c270fb91ae7ce470,762,72,98,False
0.12,2.0,c270fb91ae7ce470,763,72,98,False
0.12,2.0,c270fb91ae7ce470,764,72,98,False
0.12,2.0,c270fb91ae7ce470,765,72,99,False
0.12,2.0,c270fb91ae7ce470,766,73,99,False
0.12,2.0,c270fb91ae7ce470,767,73,99,False
0.12,2.0,c270fb91ae7ce470,768,73,99,False
0.12,2.0,c270fb91ae7ce470,769,73,99,False
0.12,2.0,c270fb91ae7ce470,770,73,99,False
0.12,2.0,c270fb91ae7ce470,771,73,99,False
0.12,2.0,c270fb91ae7ce470,772,73,99,False
0.12,2.0,c270fb91ae7ce470,773,73,99,False
0.12,2.0,c270fb91ae7ce470,774,73,100,False
0.12,2.0,c270fb91ae7ce470,775,74,100,False
0.12,2.0,c270fb91ae7ce470,776,74,100,False
0.12,2.0,c270fb91ae7ce470,777,74,100,False
0.12,2.0,c270fb91ae7ce470,778,74,100,False
0.12,2.0,c270fb91ae7ce470,779,74,100,False
0.12,2.0,c270fb91ae7ce470,780,74,100,False
0.12,2.0,c270fb91ae7ce470,781,74,100,False
0.12,2.0,c270fb91ae7ce470,782,74,100,False
0.12,2.0,c270fb91ae7ce470,783,74,101,False
0.12,2.0,c270fb91ae7ce470,784,75,101,False
0.12,2.0,c270fb91ae7ce470,785,75,101,False
0.12,2.0,c270fb91ae7ce470,786,75,101,False
0.12,2.0,c270fb91ae7ce470,787,75,101,False
0.12,2.0,c270fb91ae7ce470,788,75,101,False
0.12,2.0,c270fb91ae7ce470,789,75,101,False
0.12,2.0,c270fb91ae7ce470,790,75,101,False
0.12,2.0,c270fb91ae7ce470,791,75,101,False
0.12,2.0,c270fb91ae7ce470,792,75,102,False
0.12,2.0,c270fb91ae7ce470,793,76,102,False
0.12,2.0,c270fb91ae7ce470,794,76,102,False
0.12,2.0,c270fb91ae7ce470,795,76,102,False
0.12,2.0,c270fb91ae7ce470,796,76,102,False
0.12,2.0,c270fb91ae7ce470,797,76,102,False
0.12,2.0,c270fb91ae7ce470,798,76,102,False
0.12,2.0,c270fb91ae7ce470,799,76,102,False
0.12,2.0,c270fb91ae7ce470,800,76,102,False
0.12,2.0,c270fb91ae7ce470,801,76,103,False
0.12,2.0,c270fb91ae7ce470,802,77,103,False
0.12,2.0,c270fb91ae7ce470,803,77,103,False
0.12,2.0,c270fb91ae7ce470,804,77,103,False
0.12,2.0,c270fb91ae7ce470,805,77,103,False
0.12,2.0,c270fb91ae7ce470,806,77,103,False
0.12,2.0,c270fb91ae7ce470,807,77,103,False
0.12,2.0,c270fb91ae7ce470,808,77,103,False
0.12,2.0,c270fb91ae7ce470,809,77,103,False
0.12,2.0,c270fb91ae7ce470,810,77,103,False
0.12,2.0,c270fb91ae7ce470,811,78,104,False
0.12,2.0,c270fb91ae7ce470,812,78,104,False
0.12,2.0,c270fb91ae7ce470,813,78,104,False
0.12,2.0,c270fb91ae7ce470,814,78,104,False
0.12,2.0,c270fb91ae7ce470,815,78,104,False
0.12,2.0,c270fb91ae7ce470,816,78,104,False
0.12,2.0,c270fb91ae7ce470,817,78,104,False
0.12,2.0,c270fb91ae7ce470,818,78,104,False
0.12,2.0,c270fb91ae7ce470,819,78,104,False
0.12,2.0,c270fb91ae7ce470,820,78,105,False
0.12,2.0,c270fb91ae7ce470,821,79,105,False
0.12,2.0,c270fb91ae7ce470,822,79,105,False
0.12,2.0,c270fb91ae7ce470,823,79,105,False
0.12,2.0,c270fb91ae7ce470,824,79,105,False
0.12,2.0,c270fb91ae7ce470,825,79,105,False
0.12,2.0,c270fb91ae7ce470,826,79,105,False
0.12,2.0,c270fb91ae7ce470,827,79,105,False
0.12,2.0,c270fb91ae7ce470,828,79,105,False
0.12,2.0,c270fb91ae7ce470,829,79,106,False
0.12,2.0,c270fb91ae7ce470,830,80,106,False
0.12,2.0,c270fb91ae7ce470,831,80,106,False
0.12,2.0,c270fb91ae7ce470,832,80,106,False
0.12,2.0,c270fb91ae7ce470,833,80,106,False
0.12,2.0,c270fb91ae7ce470,834,80,106,False
0.12,2.0,c270fb91ae7ce470,835,80,106,False
0.12,2.0,c270fb91ae7ce470,836,80,106,False
0.12,2.0,c270fb91ae7ce470,837,80,106,False
0.12,2.0,c270fb91ae7ce470,838,80,107,False
0.12,2.0,c270fb91ae7ce470,839,81,107,False
0.12,2.0,c270fb91ae7ce470,840,81,107,False
0.12,2.0,c270fb91ae7ce470,841,81,107,False
0.12,2.0,c270fb91ae7ce470,842,81,107,False
0.12,2.0,c270fb91ae7ce470,843,81,107,False
0.12,2.0,c270fb91ae7ce470,844,81,107,False
0.12,2.0,c270fb91ae7ce470,845,81,107,False
0.12,2.0,c270fb91ae7ce470,846,81,107,False
0.12,2.0,c270fb91ae7ce470,847,81,108,False
0.12,2.0,c270fb91ae7ce470,848,82,108,False
0.12,2.0,c270fb91ae7ce470,849,82,108,False
0.12,2.0,c270fb91ae7ce470,850,82,108,False
0.12,2.0,c270fb91ae7ce470,851,82,108,False
0.12,2.0,c270fb91ae7ce470,852,82,108,False
0.12,2.0,c270fb91ae7ce470,853,82,108,False
0.12,2.0,c270fb91ae7ce470,854,82,108,False
0.12,2.0,c270fb91ae7ce470,855,82,108,False
0.12,2.0,c270fb91ae7ce470,856,82,109,False
0.12,2.0,c270fb91ae7ce470,857,83,109,False
0.12,2.0,c270fb91ae7ce470,858,83,109,False
0.12,2.0,c270fb91ae7ce470,859,83,109,False
0.12,2.0,c270fb91ae7ce470,860,83,109,False
0.12,2.0,c270fb91ae7ce470,861,83,109,False
0.12,2.0,c270fb91ae7ce470,862,83,109,False
0.12,2.0,c270fb91ae7ce470,863,83,109,False
0.12,2.0,c270fb91ae7ce470,864,83,109,False
0.12,2.0,c270fb91ae7ce470,865,83,110,False
0.12,2.0,c270fb91ae7ce470,866,84,110,False
0.12,2.0,c270fb91ae7ce470,867,84,110,False
0.12,2.0,c270fb91ae7ce470,868,84,110,False
0.12,2.0,c270fb91ae7ce470,869,84,110,False
0.12,2.0,c270fb91ae7ce470,870,84,110,False
0.12,2.0,c270fb91ae7ce470,871,84,110,False
0.12,2.0,c270fb91ae7ce470,872,84,110,False
0.12,2.0,c270fb91ae7ce470,873,84,110,False
0.12,2.0,c270fb91ae7ce470,874,84,111,False
0.12,2.0,c270fb91ae7ce470,875,85,111,False
0.12,2.0,c270fb91ae7ce470,876,85,111,False
0.12,2.0,c270fb91ae7ce470,877,85,111,False
0.12,2.0,c270fb91ae7ce470,878,85,111,False
0.12,2.0,c270fb91ae7ce470,879,85,111,False
0.12,2.0,c270fb91ae7ce470,880,85,111,False
0.12,2.0,c270fb91ae7ce470,881,85,111,False
0.12,2.0,c270fb91ae7ce470,882,85,111,False
0.12,2.0,c270fb91ae7ce470,883,85,112,False
0.12,2.0,c270fb91ae7ce470,884,86,112,False
0.12,2.0,c270fb91ae7ce470,885,86,112,False
0.12,2.0,c270fb91ae7ce470,886,86,112,False
0.12,2.0,c270fb91ae7ce470,887,86,112,False
0.12,2.0,c270fb91ae7ce470,888,86,112,False
0.12,2.0,c270fb91ae7ce470,889,86,112,False
0.12,2.0,c270fb91ae7ce470,890,86,112,False
0.12,2.0,c270fb91ae7ce470,891,86,112,False
0.12,2.0,c270fb91ae7ce470,892,86,112,False
0.12,2.0,c270fb91ae7ce470,893,86,113,False
0.12,2.0,c270fb91ae7ce470,894,87,113,False
0.12,2.0,c270fb91ae7ce470,895,87,113,False
0.12,2.0,c270fb91ae7ce470,896,87,113,False
0.12,2.0,c270fb91ae7ce470,897,87,113,False
0.12,2.0,c270fb91ae7ce470,898,87,113,False
0.12,2.0,c270fb91ae7ce470,899,87,113,False
0.12,2.0,c270fb91ae7ce470,900,87,113,False
0.12,2.0,c270fb91ae7ce470,901,87,113,False
0.12,2.0,c270fb91ae7ce470,902,87,114,False
0.12,2.0,c270fb91ae7ce470,903,88,114,False
0.12,2.0,c270fb91ae7ce470,904,88,114,False
0.12,2.0,c270fb91ae7ce470,905,88,114,False
0.12,2.0,c270fb91ae7ce470,906,88,114,False
0.12,2.0,c270fb91ae7ce470,907,88,114,False
0.12,2.0,c270fb91ae7ce470,908,88,114,False
0.12,2.0,c270fb91ae7ce470,909,88,114,False
0.12,2.0,c270fb91ae7ce470,910,88,114,False
0.12,2.0,c270fb91ae7ce470,911,88,115,False
0.12,2.0,c270fb91ae7ce470,912,89,115,False
0.12,2.0,c270fb91ae7ce470,913,89,115,False
0.12,2.0,c270fb91ae7ce470,914,89,115,False
0.12,2.0,c270fb91ae7ce470,915,89,115,False
0.12,2.0,c270fb91ae7ce470,916,89,115,False
0.12,2.0,c270fb91ae7ce470,917,89,115,False
0.12,2.0,c270fb91ae7ce470,918,89,115,False
0.12,2.0,c270fb91ae7ce470,919,89,115,False
0.12,2.0,c270fb91ae7ce470,920,89,116,False
0.12,2.0,c270fb91ae7ce470,921,90,116,False
0.12,2.0,c270fb91ae7ce470,922,90,116,False
0.12,2.0,c270fb91ae7ce470,923,90,116,False
0.12,2.0,c270fb91ae7ce470,924,90,116,False
0.12,2.0,c270fb91ae7ce470,925,90,116,False
0.12,2.0,c270fb91ae7ce470,926,90,116,False
0.12,2.0,c270fb91ae7ce470,927,90,116,False
0.12,2.0,c270fb91ae7ce470,928,90,116,False
0.12,2.0,c270fb91ae7ce470,929,90,117,False
0.12,2.0,c270fb91ae7ce470,930,91,117,False
0.12,2.0,c270fb91ae7ce470,931,91,117,False
0.12,2.0,c270fb91ae7ce470,932,91,117,False
0.12,2.0,c270fb91ae7ce470,933,91,117,False
0.12,2.0,c270fb91ae7ce470,934,91,117,False
0.12,2.0,c270fb91ae7ce470,935,91,117,False
0.12,2.0,c270fb91ae7ce470,936,91,117,False
0.12,2.0,c270fb91ae7ce470,937,91,117,False
0.12,2.0,c270fb91ae7ce470,938,91,118,False
0.12,2.0,c270fb91ae7ce470,939,92,118,False
0.12,2.0,c270fb91ae7ce470,940,92,118,False
0.12,2.0,c270fb91ae7ce470,941,92,118,False
0.12,2.0,c270fb91ae7ce470,942,92,118,False
0.12,2.0,c270fb91ae7ce470,943,92,118,False
0.12,2.0,c270fb91ae7ce470,944,92,118,False
0.12,2.0,c270fb91ae7ce470,945,92,118,False
0.12,2.0,c270fb91ae7ce470,946,92,118,False
0.12,2.0,c270fb91ae7ce470,947,92,119,False
0.12,2.0,c270fb91ae7ce470,948,93,119,False
0.12,2.0,c270fb91ae7ce470,949,93,119,False
0.12,2.0,c270fb91ae7ce470,950,93,119,False
0.12,2.0,c270fb91ae7ce470,951,93,119,False
0.12,2.0,c270fb91ae7ce470,952,93,119,False
0.12,2.0,c270fb91ae7ce470,953,93,119,False
0.12,2.0,c270fb91ae7ce470,954,93,119,False
0.12,2.0,c270fb91ae7ce470,955,93,119,False
0.12,2.0,c270fb91ae7ce470,956,93,120,False
0.12,2.0,c270fb91ae7ce470,957,94,120,False
0.12,2.0,c270fb91ae7ce470,958,94,120,False
0.12,2.0,c270fb91ae7ce470,959,94,120,False
0.12,2.0,c270fb91ae7ce470,960,94,120,False
0.12,2.0,c270fb91ae7ce470,961,94,120,False
0.12,2.0,c270fb91ae7ce470,962,94,120,False
0.12,2.0,c270fb91ae7ce470,963,94,120,False
0.12,2.0,c270fb91ae7ce470,964,94,120,False
0.12,2.0,c270fb91ae7ce470,965,94,121,False
0.12,2.0,c270fb91ae7ce470,966,95,121,False
0.12,2.0,c270fb91ae7ce470,967,95,121,False
0.12,2.0,c270fb91ae7ce470,968,95,121,False
0.12,2.0,c270fb91ae7ce470,969,95,121,False
0.12,2.0,c270fb91ae7ce470,970,95,121,False
0.12,2.0,c270fb91ae7ce470,971,95,121,False
0.12,2.0,c270fb91ae7ce470,972,95,121,False
0.12,2.0,c270fb91ae7ce470,973,95,121,False
0.12,2.0,c270fb91ae7ce470,974,95,121,False
0.12,2.0,c270fb91ae7ce470,975,95,122,False
0.12,2.0,c270fb91ae7ce470,976,96,122,False
0.12,2.0,c270fb91ae7ce470,977,96,122,False
0.12,2.0,c270fb91ae7ce470,978,96,122,False
0.12,2.0,c270fb91ae7ce470,979,96,122,False
0.12,2.0,c270fb91ae7ce470,980,96,122,False
0.12,2.0,c270fb91ae7ce470,981,96,122,False
0.12,2.0,c270fb91ae7ce470,982,96,122,False
0.12,2.0,c270fb91ae7ce470,983,96,122,False
0.12,2.0,c270fb91ae7ce470,984,96,123,False
0.12,2.0,c270fb91ae7ce470,985,97,123,False
0.12,2.0,c270fb91ae7ce470,986,97,123,False
0.12,2.0,c270fb91ae7ce470,987,97,123,False
0.12,2.0,c270fb91ae7ce470,988,97,123,False
0.12,2.0,c270fb91ae7ce470,989,97,123,False
0.12,2.0,c270fb91ae7ce470,990,97,123,False
0.12,2.0,c270fb91ae7ce470,991,97,123,False
0.12,2.0,c270fb91ae7ce470,992,97,123,False
0.12,2.0,c270fb91ae7ce470,993,97,124,False
0.12,2.0,c270fb91ae7ce470,994,98,124,False
0.12,2.0,c270fb91ae7ce470,995,98,124,False
0.12,2.0,c270fb91ae7ce470,996,98,124,False
0.12,2.0,c270fb91ae7ce470,997,98,124,False
0.12,2.0,c270fb91ae7ce470,998,98,124,False
0.12,2.0,c270fb91ae7ce470,999,98,124,False
0.12,2.0,c270fb91ae7ce470,1000,98,124,False
0.12,2.0,c270fb91ae7ce470,1001,98,124,False
0.12,2.0,c270fb91ae7ce470,1002,98,125,False
0.12,2.0,c270fb91ae7ce470,1003,99,125,False
0.12,2.0,c270fb91ae7ce470,1004,99,125,False
0.12,2.0,c270fb91ae7ce470,1005,99,125,False
0.12,2.0,c270fb91ae7ce470,1006,99,125,False
0.12,2.0,c270fb91ae7ce470,1007,99,125,False
0.12,2.0,c270fb91ae7ce470,1008,99,125,False
0.12,2.0,c270fb91ae7ce470,1009,99,125,False
0.12,2.0,c270fb91ae7ce470,1010,99,125,False
0.12,2.0,c270fb91ae7ce470,1011,99,126,False
0.12,2.0,c270fb91ae7ce470,1012,100,126,False
0.12,2.0,c270fb91ae7ce470,1013,100,126,False
0.12,2.0,c270fb91ae7ce470,1014,100,126,False
0.12,2.0,c270fb91ae7ce470,1015,100,126,False
0.12,2.0,c270fb91ae7ce470,1016,100,126,False
0.12,2.0,c270fb91ae7ce470,1017,100,126,False
0.12,2.0,c270fb91ae7ce470,1018,100,126,False
0.12,2.0,c270fb91ae7ce470,1019,100,126,False
0.12,2.0,c270fb91ae7ce470,1020,100,127,False
0.12,2.0,c270fb91ae7ce470,1021,101,127,False
0.12,2.0,c270fb91ae7ce470,1022,101,127,False
0.12,2.0,c270fb91ae7ce470,1023,101,127,False
0.12,2.0,c270fb91ae7ce470,1024,101,127,False
0.12,2.0,c270fb91ae7ce470,1025,101,127,False
0.12,2.0,c270fb91ae7ce470,1026,101,127,False
0.12,2.0,c270fb91ae7ce470,1027,101,127,False
0.12,2.0,c270fb91ae7ce470,1028,101,127,False
0.12,2.0,c270fb91ae7ce470,1029,101,128,False
0.12,2.0,c270fb91ae7ce470,1030,102,128,False
0.12,2.0,c270fb91ae7ce470,1031,102,128,False
0.12,2.0,c270fb91ae7ce470,1032,102,128,False
0.12,2.0,c270fb91ae7ce470,1033,102,128,False
0.12,2.0,c270fb91ae7ce470,1034,102,128,False
0.12,2.0,c270fb91ae7ce470,1035,102,128,False
0.12,2.0,c270fb91ae7ce470,1036,102,128,False
0.12,2.0,c270fb91ae7ce470,1037,102,128,False
0.12,2.0,c270fb91ae7ce470,1038,102,129,False
0.12,2.0,c270fb91ae7ce470,1039,103,129,False
0.12,2.0,c270fb91ae7ce470,1040,103,129,False
0.12,2.0,c270fb91ae7ce470,1041,103,129,False
0.12,2.0,c270fb91ae7ce470,1042,103,129,False
0.12,2.0,c270fb91ae7ce470,1043,103,129,False
0.12,2.0,c270fb91ae7ce470,1044,103,129,False
0.12,2.0,c270fb91ae7ce470,1045,103,129,False
0.12,2.0,c270fb91ae7ce470,1046,103,129,False
0.12,2.0,c270fb91ae7ce470,1047,103,130,False
0.12,2.0,c270fb91ae7ce470,1048,104,130,False
0.12,2.0,c270fb91ae7ce470,1049,104,130,False
0.12,2.0,c270fb91ae7ce470,1050,104,130,False
0.12,2.0,c270fb91ae7ce470,1051,104,130,False
0.12,2.0,c270fb91ae7ce470,1052,104,130,False
0.12,2.0,c270fb91ae7ce470,1053,104,130,False
0.12,2.0,c270fb91ae7ce470,1054,104,130,False
0.12,2.0,c270fb91ae7ce470,1055,104,130,False
0.12,2.0,c270fb91ae7ce470,1056,104,130,False
0.12,2.0,c270fb91ae7ce470,1057,104,131,False
0.12,2.0,c270fb91ae7ce470,1058,105,131,False
0.12,2.0,c270fb91ae7ce470,1059,105,131,False
0.12,2.0,c270fb91ae7ce470,1060,105,131,False
0.12,2.0,c270fb91ae7ce470,1061,105,131,False
0.12,2.0,c270fb91ae7ce470,1062,105,131,False
0.12,2.0,c270fb91ae7ce470,1063,105,131,False
0.12,2.0,c270fb91ae7ce470,1064,105,131,False
0.12,2.0,c270fb91ae7ce470,1065,105,131,False
0.12,2.0,c270fb91ae7ce470,1066,105,132,False
0.12,2.0,c270fb91ae7ce470,1067,106,132,False
0.12,2.0,c270fb91ae7ce470,1068,106,132,False
0.12,2.0,c270fb91ae7ce470,1069,106,132,False
0.12,2.0,c270fb91ae7ce470,1070,106,132,False
0.12,2.0,c270fb91ae7ce470,1071,106,132,False
0.12,2.0,c270fb91ae7ce470,1072,106,132,False
0.12,2.0,c270fb91ae7ce470,1073,106,132,False
0.12,2.0,c270fb91ae7ce470,1074,106,132,False
0.12,2.0,c270fb91ae7ce470,1075,106,133,False
0.12,2.0,c270fb91ae7ce470,1076,107,133,False
0.12,2.0,c270fb91ae7ce470,1077,107,133,False
0.12,2.0,c270fb91ae7ce470,1078,107,133,False
0.12,2.0,c270fb91ae7ce470,1079,107,133,False
0.12,2.0,c270fb91ae7ce470,1080,107,133,False
0.12,2.0,c270fb91ae7ce470,1081,107,133,False
0.12,2.0,c270fb91ae7ce470,1082,107,133,False
0.12,2.0,c270fb91ae7ce470,1083,107,133,False
0.12,2.0,c270fb91ae7ce470,1084,107,134,False
0.12,2.0,c270fb91ae7ce470,1085,108,134,False
0.12,2.0,c270fb91ae7ce470,1086,108,134,False
0.12,2.0,c270fb91ae7ce470,1087,108,134,False
0.12,2.0,c270fb91ae7ce470,1088,108,134,False
0.12,2.0,c270fb91ae7ce470,1089,108,134,False
0.12,2.0,c270fb91ae7ce470,1090,108,134,False
0.12,2.0,c270fb91ae7ce470,1091,108,134,False
0.12,2.0,c270fb91ae7ce470,1092,108,134,False
0.12,2.0,c270fb91ae7ce470,1093,108,135,False
0.12,2.0,c270fb91ae7ce470,1094,109,135,False
0.12,2.0,c270fb91ae7ce470,1095,109,135,False
0.12,2.0,c270fb91ae7ce470,1096,109,135,False
0.12,2.0,c270fb91ae7ce470,1097,109,135,False
0.12,2.0,c270fb91ae7ce470,1098,109,135,False
0.12,2.0,c270fb91ae7ce470,1099,109,135,False
0.12,2.0,c270fb91ae7ce470,1100,109,135,False
0.12,2.0,c270fb91ae7ce470,1101,109,135,False
0.12,2.0,c270fb91ae7ce470,1102,109,136,False
0.12,2.0,c270fb91ae7ce470,1103,110,136,False
0.12,2.0,c270fb91ae7ce470,1104,110,136,False
0.12,2.0,c270fb91ae7ce470,1105,110,136,False
0.12,2.0,c270fb91ae7ce470,1106,110,136,False
0.12,2.0,c270fb91ae7ce470,1107,110,136,False
0.12,2.0,c270fb91ae7ce470,1108,110,136,False
0.12,2.0,c270fb91ae7ce470,1109,110,136,False
0.12,2.0,c270fb91ae7ce470,1110,110,136,False
0.12,2.0,c270fb91ae7ce470,1111,110,137,False
0.12,2.0,c270fb91ae7ce470,1112,111,137,False
0.12,2.0,c270fb91ae7ce470,1113,111,137,False
0.12,2.0,c270fb91ae7ce470,1114,111,137,False
0.12,2.0,c270fb91ae7ce470,1115,111,137,False
0.12,2.0,c270fb91ae7ce470,1116,111,137,False
0.12,2.0,c270fb91ae7ce470,1117,111,137,False
0.12,2.0,c270fb91ae7ce470,1118,111,137,False
0.12,2.0,c270fb91ae7ce470,1119,111,137,False
0.12,2.0,c270fb91ae7ce470,1120,111,138,False
0.12,2.0,c270fb91ae7ce470,1121,112,138,False
0.12,2.0,c270fb91ae7ce470,1122,112,138,False
0.12,2.0,c270fb91ae7ce470,1123,112,138,False
0.12,2.0,c270fb91ae7ce470,1124,112,138,False
0.12,2.0,c270fb91ae7ce470,1125,112,138,False
0.12,2.0,c270fb91ae7ce470,1126,112,138,False
0.12,2.0,c270fb91ae7ce470,1127,112,138,False
0.12,2.0,c270fb91ae7ce470,1128,112,138,False
0.12,2.0,c270fb91ae7ce470,1129,112,139,False
0.12,2.0,c270fb91ae7ce470,1130,113,139,False
0.12,2.0,c270fb91ae7ce470,1131,113,139,False
0.12,2.0,c270fb91ae7ce470,1132,113,139,False
0.12,2.0,c270fb91ae7ce470,1133,113,139,False
0.12,2.0,c270fb91ae7ce470,1134,113,139,False
0.12,2.0,c270fb91ae7ce470,1135,113,139,False
0.12,2.0,c270fb91ae7ce470,1136,113,139,False
0.12,2.0,c270fb91ae7ce470,1137,113,139,False
0.12,2.0,c270fb91ae7ce470,1138,113,139,False
0.12,2.0,c270fb91ae7ce470,1139,113,140,False
0.12,2.0,c270fb91ae7ce470,1140,114,140,False
0.12,2.0,c270fb91ae7ce470,1141,114,140,False
0.12,2.0,c270fb91ae7ce470,1142,114,140,False
0.12,2.0,c270fb91ae7ce470,1143,114,140,False
0.12,2.0,c270fb91ae7ce470,1144,114,140,False
0.12,2.0,c270fb91ae7ce470,1145,114,140,False
0.12,2.0,c270fb91ae7ce470,1146,114,140,False
0.12,2.0,c270fb91ae7ce470,1147,114,140,False
0.12,2.0,c270fb91ae7ce470,1148,114,141,False
0.12,2.0,c270fb91ae7ce470,1149,115,141,False
0.12,2.0,c270fb91ae7ce470,1150,115,141,False
0.12,2.0,c270fb91ae7ce470,1151,115,141,False
0.12,2.0,c270fb91ae7ce470,1152,115,141,False
0.12,2.0,c270fb91ae7ce470,1153,115,141,False
0.12,2.0,c270fb91ae7ce470,1154,115,141,False
0.12,2.0,c270fb91ae7ce470,1155,115,141,False
0.12,2.0,c270fb91ae7ce470,1156,115,141,False
0.12,2.0,c270fb91ae7ce470,1157,115,142,False
0.12,2.0,c270fb91ae7ce470,1158,116,142,False
0.12,2.0,c270fb91ae7ce470,1159,116,142,False
0.12,2.0,c270fb91ae7ce470,1160,116,142,False
0.12,2.0,c270fb91ae7ce470,1161,116,142,False
0.12,2.0,c270fb91ae7ce470,1162,116,142,False
0.12,2.0,c270fb91ae7ce470,1163,116,142,False
0.12,2.0,c270fb91ae7ce470,1164,116,142,False
0.12,2.0,c270fb91ae7ce470,1165,116,142,False
0.12,2.0,c270fb91ae7ce470,1166,116,143,False
0.12,2.0,c270fb91ae7ce470,1167,117,143,False
0.12,2.0,c270fb91ae7ce470,1168,117,143,False
0.12,2.0,c270fb91ae7ce470,1169,117,143,False
0.12,2.0,c270fb91ae7ce470,1170,117,143,False
0.12,2.0,c270fb91ae7ce470,1171,117,143,False
0.12,2.0,c270fb91ae7ce470,1172,117,143,False
0.12,2.0,c270fb91ae7ce470,1173,117,143,False
0.12,2.0,c270fb91ae7ce470,1174,117,143,False
0.12,2.0,c270fb91ae7ce470,1175,117,144,False
0.12,2.0,c270fb91ae7ce470,1176,118,144,False
0.12,2.0,c270fb91ae7ce470,1177,118,144,False
0.12,2.0,c270fb91ae7ce470,1178,118,144,False
0.12,2.0,c270fb91ae7ce470,1179,118,144,False
0.12,2.0,c270fb91ae7ce470,1180,118,144,False
0.12,2.0,c270fb91ae7ce470,1181,118,144,False
0.12,2.0,c270fb91ae7ce470,1182,118,144,False
0.12,2.0,c270fb91ae7ce470,1183,118,144,False
0.12,2.0,c270fb91ae7ce470,1184,118,145,False
0.12,2.0,c270fb91ae7ce470,1185,119,145,False
0.12,2.0,c270fb91ae7ce470,1186,119,145,False
0.12,2.0,c270fb91ae7ce470,1187,119,145,False
0.12,2.0,c270fb91ae7ce470,1188,119,145,False
0.12,2.0,c270fb91ae7ce470,1189,119,145,False
0.12,2.0,c270fb91ae7ce470,1190,119,145,False
0.12,2.0,c270fb91ae7ce470,1191,119,145,False
0.12,2.0,c270fb91ae7ce470,1192,119,145,False
0.12,2.0,c270fb91ae7ce470,1193,119,146,False
0.12,2.0,c270fb91ae7ce470,1194,120,146,False
0.12,2.0,c270fb91ae7ce470,1195,120,146,False
0.12,2.0,c270fb91ae7ce470,1196,120,146,False
0.12,2.0,c270fb91ae7ce470,1197,120,146,False
0.12,2.0,c270fb91ae7ce470,1198,120,146,False
0.12,2.0,c270fb91ae7ce470,1199,120,146,False
0.12,2.0,c270fb91ae7ce470,1200,120,146,False
0.12,2.0,c270fb91ae7ce470,1201,120,146,False
0.12,2.0,c270fb91ae7ce470,1202,120,147,False
0.12,2.0,c270fb91ae7ce470,1203,121,147,False
0.12,2.0,c270fb91ae7ce470,1204,121,147,False
0.12,2.0,c270fb91ae7ce470,1205,121,147,False
0.12,2.0,c270fb91ae7ce470,1206,121,147,False
0.12,2.0,c270fb91ae7ce470,1207,121,147,False
0.12,2.0,c270fb91ae7ce470,1208,121,147,False
0.12,2.0,c270fb91ae7ce470,1209,121,147,False
0.12,2.0,c270fb91ae7ce470,1210,121,147,False
0.12,2.0,c270fb91ae7ce470,1211,121,148,False
0.12,2.0,c270fb91ae7ce470,1212,122,148,False
0.12,2.0,c270fb91ae7ce470,1213,122,148,False
0.12,2.0,c270fb91ae7ce470,1214,122,148,False
0.12,2.0,c270fb91ae7ce470,1215,122,148,False
0.12,2.0,c270fb91ae7ce470,1216,122,148,False
0.12,2.0,c270fb91ae7ce470,1217,122,148,False
0.12,2.0,c270fb91ae7ce470,1218,122,148,False
0.12,2.0,c270fb91ae7ce470,1219,122,148,False
0.12,2.0,c270fb91ae7ce470,1220,122,148,False
0.12,2.0,c270fb91ae7ce470,1221,122,149,False
0.12,2.0,c270fb91ae7ce470,1222,123,149,False
0.12,2.0,c270fb91ae7ce470,1223,123,149,False
0.12,2.0,c270fb91ae7ce470,1224,123,149,False
0.12,2.0,c270fb91ae7ce470,1225,123,149,False
0.12,2.0,c270fb91ae7ce470,1226,123,149,False
0.12,2.0,c270fb91ae7ce470,1227,123,149,False
0.12,2.0,c270fb91ae7ce470,1228,123,149,False
0.12,2.0,c270fb91ae7ce470,1229,123,149,False
0.12,2.0,c270fb91ae7ce470,1230,123,150,False
0.12,2.0,c270fb91ae7ce470,1231,124,150,False
0.12,2.0,c270fb91ae7ce470,1232,124,150,False
0.12,2.0,c270fb91ae7ce470,1233,124,150,False
0.12,2.0,c270fb91ae7ce470,1234,124,150,False
0.12,2.0,c270fb91ae7ce470,1235,124,150,False
0.12,2.0,c270fb91ae7ce470,1236,124,150,False
0.12,2.0,c270fb91ae7ce470,1237,124,150,False
0.12,2.0,c270fb91ae7ce470,1238,124,150,False
0.12,2.0,c270fb91ae7ce470,1239,124,151,False
0.12,2.0,c270fb91ae7ce470,1240,125,151,False
0.12,2.0,c270fb91ae7ce470,1241,125,151,False
0.12,2.0,c270fb91ae7ce470,1242,125,151,False
0.12,2.0,c270fb91ae7ce470,1243,125,151,False
0.12,2.0,c270fb91ae7ce470,1244,125,151,False
0.12,2.0,c270fb91ae7ce470,1245,125,151,False
0.12,2.0,c270fb91ae7ce470,1246,125,151,False
0.12,2.0,c270fb91ae7ce470,1247,125,151,False
0.12,2.0,c270fb91ae7ce470,1248,125,152,False
0.12,2.0,c270fb91ae7ce470,1249,126,152,False
0.12,2.0,c270fb91ae7ce470,1250,126,152,False
0.12,2.0,c270fb91ae7ce470,1251,126,152,False
0.12,2.0,c270fb91ae7ce470,1252,126,152,False
0.12,2.0,c270fb91ae7ce470,1253,126,152,False
0.12,2.0,c270fb91ae7ce470,1254,126,152,False
0.12,2.0,c270fb91ae7ce470,1255,126,152,False
0.12,2.0,c270fb91ae7ce470,1256,126,152,False
0.12,2.0,c270fb91ae7ce470,1257,126,153,False
0.12,2.0,c270fb91ae7ce470,1258,127,153,False
0.12,2.0,c270fb91ae7ce470,1259,127,153,False
0.12,2.0,c270fb91ae7ce470,1260,127,153,False
0.12,2.0,c270fb91ae7ce470,1261,127,153,False
0.12,2.0,c270fb91ae7ce470,1262,127,153,False
0.12,2.0,c270fb91ae7ce470,1263,127,153,False
0.12,2.0,c270fb91ae7ce470,1264,127,153,False
0.12,2.0,c270fb91ae7ce470,1265,127,153,False
0.12,2.0,c270fb91ae7ce470,1266,127,154,False
0.12,2.0,c270fb91ae7ce470,1267,128,154,False
0.12,2.0,c270fb91ae7ce470,1268,128,154,False
0.12,2.0,c270fb91ae7ce470,1269,128,154,False
0.12,2.0,c270fb91ae7ce470,1270,128,154,False
0.12,2.0,c270fb91ae7ce470,1271,128,154,False
0.12,2.0,c270fb91ae7ce470,1272,128,154,False
0.12,2.0,c270fb91ae7ce470,1273,128,154,False
0.12,2.0,c270fb91ae7ce470,1274,128,154,False
0.12,2.0,c270fb91ae7ce470,1275,128,155,False
0.12,2.0,c270fb91ae7ce470,1276,129,155,False
0.12,2.0,c270fb91ae7ce470,1277,129,155,False
0.12,2.0,c270fb91ae7ce470,1278,129,155,False
0.12,2.0,c270fb91ae7ce470,1279,129,155,False
0.12,2.0,c270fb91ae7ce470,1280,129,155,False
0.12,2.0,c270fb91ae7ce470,1281,129,155,False
0.12,2.0,c270fb91ae7ce470,1282,129,155,False
0.12,2.0,c270fb91ae7ce470,1283,129,155,False
0.12,2.0,c270fb91ae7ce470,1284,129,156,False
0.12,2.0,c270fb91ae7ce470,1285,130,156,False
0.12,2.0,c270fb91ae7ce470,1286,130,156,False
0.12,2.0,c270fb91ae7ce470,1287,130,156,False
0.12,2.0,c270fb91ae7ce470,1288,130,156,False
0.12,2.0,c270fb91ae7ce470,1289,130,156,False
0.12,2.0,c270fb91ae7ce470,1290,130,156,False
0.12,2.0,c270fb91ae7ce470,1291,130,156,False
0.12,2.0,c270fb91ae7ce470,1292,130,156,False
0.12,2.0,c270fb91ae7ce470,1293,130,156,False
0.12,2.0,c270fb91ae7ce470,1294,131,157,False
0.12,2.0,c270fb91ae7ce470,1295,131,157,False
0.12,2.0,c270fb91ae7ce470,1296,131,157,False
0.12,2.0,c270fb91ae7ce470,1297,131,157,False
0.12,2.0,c270fb91ae7ce470,1298,131,157,False
0.12,2.0,c270fb91ae7ce470,1299,131,157,False
0.12,2.0,c270fb91ae7ce470,1300,131,157,False
0.12,2.0,c270fb91ae7ce470,1301,131,157,False
0.12,2.0,c270fb91ae7ce470,1302,131,157,False
0.12,2.0,c270fb91ae7ce470,1303,131,158,False
0.12,2.0,c270fb91ae7ce470,1304,132,158,False
0.12,2.0,c270fb91ae7ce470,1305,132,158,False
0.12,2.0,c270fb91ae7ce470,1306,132,158,False
0.12,2.0,c270fb91ae7ce470,1307,132,158,False
0.12,2.0,c270fb91ae7ce470,1308,132,158,False
0.12,2.0,c270fb91ae7ce470,1309,132,158,False
0.12,2.0,c270fb91ae7ce470,1310,132,158,False
0.12,2.0,c270fb91ae7ce470,1311,132,158,False
0.12,2.0,c270fb91ae7ce470,1312,132,159,False
0.12,2.0,c270fb91ae7ce470,1313,133,159,False
0.12,2.0,c270fb91ae7ce470,1314,133,159,False
0.12,2.0,c270fb91ae7ce470,1315,133,159,False
0.12,2.0,c270fb91ae7ce470,1316,133,159,False
0.12,2.0,c270fb91ae7ce470,1317,133,159,False
0.12,2.0,c270fb91ae7ce470,1318,133,159,False
0.12,2.0,c270fb91ae7ce470,1319,133,159,False
0.12,2.0,c270fb91ae7ce470,1320,133,159,False
0.12,2.0,c270fb91ae7ce470,1321,133,160,False
0.12,2.0,c270fb91ae7ce470,1322,134,160,False
0.12,2.0,c270fb91ae7ce470,1323,134,160,False
0.12,2.0,c270fb91ae7ce470,1324,134,160,False
0.12,2.0,c270fb91ae7ce470,1325,134,160,False
0.12,2.0,c270fb91ae7ce470,1326,134,160,False
0.12,2.0,c270fb91ae7ce470,1327,134,160,False
0.12,2.0,c270fb91ae7ce470,1328,134,160,False
0.12,2.0,c270fb91ae7ce470,1329,134,160,False
0.12,2.0,c270fb91ae7ce470,1330,134,161,False
0.12,2.0,c270fb91ae7ce470,1331,135,161,False
0.12,2.0,c270fb91ae7ce470,1332,135,161,False
0.12,2.0,c270fb91ae7ce470,1333,135,161,False
0.12,2.0,c270fb91ae7ce470,1334,135,161,False
0.12,2.0,c270fb91ae7ce470,1335,135,161,False
0.12,2.0,c270fb91ae7ce470,1336,135,161,False
0.12,2.0,c270fb91ae7ce470,1337,135,161,False
0.12,2.0,c270fb91ae7ce470,1338,135,161,False
0.12,2.0,c270fb91ae7ce470,1339,135,162,False
0.12,2.0,c270fb91ae7ce470,1340,136,162,False
0.12,2.0,c270fb91ae7ce470,1341,136,162,False
0.12,2.0,c270fb91ae7ce470,1342,136,162,False
0.12,2.0,c270fb91ae7ce470,1343,136,162,False
0.12,2.0,c270fb91ae7ce470,1344,136,162,False
0.12,2.0,c270fb91ae7ce470,1345,136,162,False
0.12,2.0,c270fb91ae7ce470,1346,136,162,False
0.12,2.0,c270fb91ae7ce470,1347,136,162,False
0.12,2.0,c270fb91ae7ce470,1348,136,163,False
0.12,2.0,c270fb91ae7ce470,1349,137,163,False
0.12,2.0,c270fb91ae7ce470,1350,137,163,False
0.12,2.0,c270fb91ae7ce470,1351,137,163,False
0.12,2.0,c270fb91ae7ce470,1352,137,163,False
0.12,2.0,c270fb91ae7ce470,1353,137,163,False
0.12,2.0,c270fb91ae7ce470,1354,137,163,False
0.12,2.0,c270fb91ae7ce470,1355,137,163,False
0.12,2.0,c270fb91ae7ce470,1356,137,163,False
0.12,2.0,c270fb91ae7ce470,1357,137,164,False
0.12,2.0,c270fb91ae7ce470,1358,138,164,False
0.12,2.0,c270fb91ae7ce470,1359,138,164,False
0.12,2.0,c270fb91ae7ce470,1360,138,164,False
0.12,2.0,c270fb91ae7ce470,1361,138,164,False
0.12,2.0,c270fb91ae7ce470,1362,138,164,False
0.12,2.0,c270fb91ae7ce470,1363,138,164,False
0.12,2.0,c270fb91ae7ce470,1364,138,164,False
0.12,2.0,c270fb91ae7ce470,1365,138,164,False
0.12,2.0,c270fb91ae7ce470,1366,138,165,False
0.12,2.0,c270fb91ae7ce470,1367,139,165,False
0.12,2.0,c270fb91ae7ce470,1368,139,165,False
0.12,2.0,c270fb91ae7ce470,1369,139,165,False
0.12,2.0,c270fb91ae7ce470,1370,139,165,False
0.12,2.0,c270fb91ae7ce470,1371,139,165,False
0.12,2.0,c270fb91ae7ce470,1372,139,165,False
0.12,2.0,c270fb91ae7ce470,1373,139,165,False
0.12,2.0,c270fb91ae7ce470,1374,139,165,False
0.12,2.0,c270fb91ae7ce470,1375,139,165,False
0.12,2.0,c270fb91ae7ce470,1376,140,166,False
0.12,2.0,c270fb91ae7ce470,1377,140,166,False
0.12,2.0,c270fb91ae7ce470,1378,140,166,False
0.12,2.0,c270fb91ae7ce470,1379,140,166,False
0.12,2.0,c270fb91ae7ce470,1380,140,166,False
0.12,2.0,c270fb91ae7ce470,1381,140,166,False
0.12,2.0,c270fb91ae7ce470,1382,140,166,False
0.12,2.0,c270fb91ae7ce470,1383,140,166,False
0.12,2.0,c270fb91ae7ce470,1384,140,166,False
0.12,2.0,c270fb91ae7ce470,1385,140,167,False
0.12,2.0,c270fb91ae7ce470,1386,141,167,False
0.12,2.0,c270fb91ae7ce470,1387,141,167,False
0.12,2.0,c270fb91ae7ce470,1388,141,167,False
0.12,2.0,c270fb91ae7ce470,1389,141,167,False
0.12,2.0,c270fb91ae7ce470,1390,141,167,False
0.12,2.0,c270fb91ae7ce470,1391,141,167,False
0.12,2.0,c270fb91ae7ce470,1392,141,167,False
0.12,2.0,c270fb91ae7ce470,1393,141,167,False
0.12,2.0,c270fb91ae7ce470,1394,141,168,False
0.12,2.0,c270fb91ae7ce470,1395,142,168,False
0.12,2.0,c270fb91ae7ce470,1396,142,168,False
0.12,2.0,c270fb91ae7ce470,1397,142,168,False
0.12,2.0,c270fb91ae7ce470,1398,142,168,False
0.12,2.0,c270fb91ae7ce470,1399,142,168,False
0.12,2.0,c270fb91ae7ce470,1400,142,168,False
0.12,2.0,c270fb91ae7ce470,1401,142,168,False
0.12,2.0,c270fb91ae7ce470,1402,142,168,False
0.12,2.0,c270fb91ae7ce470,1403,142,169,False
0.12,2.0,c270fb91ae7ce470,1404,143,169,False
0.12,2.0,c270fb91ae7ce470,1405,143,169,False
0.12,2.0,c270fb91ae7ce470,1406,143,169,False
0.12,2.0,c270fb91ae7ce470,1407,143,169,False
0.12,2.0,c270fb91ae7ce470,1408,143,169,False
0.12,2.0,c270fb91ae7ce470,1409,143,169,False
0.12,2.0,c270fb91ae7ce470,1410,143,169,False
0.12,2.0,c270fb91ae7ce470,1411,143,169,False
0.12,2.0,c270fb91ae7ce470,1412,143,170,False
0.12,2.0,c270fb91ae7ce470,1413,144,170,False
0.12,2.0,c270fb91ae7ce470,1414,144,170,False
0.12,2.0,c270fb91ae7ce470,1415,144,170,False
0.12,2.0,c270fb91ae7ce470,1416,144,170,False
0.12,2.0,c270fb91ae7ce470,1417,144,170,False
0.12,2.0,c270fb91ae7ce470,1418,144,170,False
0.12,2.0,c270fb91ae7ce470,1419,144,170,False
0.12,2.0,c270fb91ae7ce470,1420,144,170,False
0.12,2.0,c270fb91ae7ce470,1421,144,171,False
0.12,2.0,c270fb91ae7ce470,1422,145,171,False
0.12,2.0,c270fb91ae7ce470,1423,145,171,False
0.12,2.0,c270fb91ae7ce470,1424,145,171,False
0.12,2.0,c270fb91ae7ce470,1425,145,171,False
0.12,2.0,c270fb91ae7ce470,1426,145,171,False
0.12,2.0,c270fb91ae7ce470,1427,145,171,False
0.12,2.0,c270fb91ae7ce470,1428,145,171,False
0.12,2.0,c270fb91ae7ce470,1429,145,171,False
0.12,2.0,c270fb91ae7ce470,1430,145,172,False
0.12,2.0,c270fb91ae7ce470,1431,146,172,False
0.12,2.0,c270fb91ae7ce470,1432,146,172,False
0.12,2.0,c270fb91ae7ce470,1433,146,172,False
0.12,2.0,c270fb91ae7ce470,1434,146,172,False
0.12,2.0,c270fb91ae7ce470,1435,146,172,False
0.12,2.0,c270fb91ae7ce470,1436,146,172,False
0.12,2.0,c270fb91ae7ce470,1437,146,172,False
0.12,2.0,c270fb91ae7ce470,1438,146,172,False
0.12,2.0,c270fb91ae7ce470,1439,146,173,False
0.12,2.0,c270fb91ae7ce470,1440,147,173,False
0.12,2.0,c270fb91ae7ce470,1441,147,173,False
0.12,2.0,c270fb91ae7ce470,1442,147,173,False
0.12,2.0,c270fb91ae7ce470,1443,147,173,False
0.12,2.0,c270fb91ae7ce470,1444,147,173,False
0.12,2.0,c270fb91ae7ce470,1445,147,173,False
0.12,2.0,c270fb91ae7ce470,1446,147,173,False
0.12,2.0,c270fb91ae7ce470,1447,147,173,False
0.12,2.0,c270fb91ae7ce470,1448,147,174,False
0.12,2.0,c270fb91ae7ce470,1449,148,174,False
0.12,2.0,c270fb91ae7ce470,1450,148,174,False
0.12,2.0,c270fb91ae7ce470,1451,148,174,False
0.12,2.0,c270fb91ae7ce470,1452,148,174,False
0.12,2.0,c270fb91ae7ce470,1453,148,174,False
0.12,2.0,c270fb91ae7ce470,1454,148,174,False
0.12,2.0,c270fb91ae7ce470,1455,148,174,False
0.12,2.0,c270fb91ae7ce470,1456,148,174,False
0.12,2.0,c270fb91ae7ce470,1457,148,174,False
0.12,2.0,c270fb91ae7ce470,1458,148,175,False
0.12,2.0,c270fb91ae7ce470,1459,149,175,False
0.12,2.0,c270fb91ae7ce470,1460,149,175,False
0.12,2.0,c270fb91ae7ce470,1461,149,175,False
0.12,2.0,c270fb91ae7ce470,1462,149,175,False
0.12,2.0,c270fb91ae7ce470,1463,149,175,False
0.12,2.0,c270fb91ae7ce470,1464,149,175,False
0.12,2.0,c270fb91ae7ce470,1465,149,175,False
0.12,2.0,c270fb91ae7ce470,1466,149,175,False
0.12,2.0,c270fb91ae7ce470,1467,149,176,False
0.12,2.0,c270fb91ae7ce470,1468,150,176,False
0.12,2.0,c270fb91ae7ce470,1469,150,176,False
0.12,2.0,c270fb91ae7ce470,1470,150,176,False
0.12,2.0,c270fb91ae7ce470,1471,150,176,False
0.12,2.0,c270fb91ae7ce470,1472,150,176,False
0.12,2.0,c270fb91ae7ce470,1473,150,176,False
0.12,2.0,c270fb91ae7ce470,1474,150,176,False
0.12,2.0,c270fb91ae7ce470,1475,150,176,False
0.12,2.0,c270fb91ae7ce470,1476,150,177,False
0.12,2.0,c270fb91ae7ce470,1477,151,177,False
0.12,2.0,c270fb91ae7ce470,1478,151,177,False
0.12,2.0,c270fb91ae7ce470,1479,151,177,False
0.12,2.0,c270fb91ae7ce470,1480,151,177,False
0.12,2.0,c270fb91ae7ce470,1481,151,177,False
0.12,2.0,c270fb91ae7ce470,1482,151,177,False
0.12,2.0,c270fb91ae7ce470,1483,151,177,False
0.12,2.0,c270fb91ae7ce470,1484,151,177,False
0.12,2.0,c270fb91ae7ce470,1485,151,178,False
0.12,2.0,c270fb91ae7ce470,1486,152,178,False
0.12,2.0,c270fb91ae7ce470,1487,152,178,False
0.12,2.0,c270fb91ae7ce470,1488,152,178,False
0.12,2.0,c270fb91ae7ce470,1489,152,178,False
0.12,2.0,c270fb91ae7ce470,1490,152,178,False
0.12,2.0,c270fb91ae7ce470,1491,152,178,False
0.12,2.0,c270fb91ae7ce470,1492,152,178,False
0.12,2.0,c270fb91ae7ce470,1493,152,178,False
0.12,2.0,c270fb91ae7ce470,1494,152,179,False
0.12,2.0,c270fb91ae7ce470,1495,153,179,False
0.12,2.0,c270fb91ae7ce470,1496,153,179,False
0.12,2.0,c270fb91ae7ce470,1497,153,179,False
0.12,2.0,c270fb91ae7ce470,1498,153,179,False
0.12,2.0,c270fb91ae7ce470,1499,153,179,False
0.12,2.0,c270fb91ae7ce470,1500,153,179,False
0.12,2.0,c270fb91ae7ce470,1501,153,179,False
0.12,2.0,c270fb91ae7ce470,1502,153,179,False
0.12,2.0,c270fb91ae7ce470,1503,153,180,False
0.12,2.0,c270fb91ae7ce470,1504,154,180,False
0.12,2.0,c270fb91ae7ce470,1505,154,180,False
0.12,2.0,c270fb91ae7ce470,1506,154,180,False
0.12,2.0,c270fb91ae7ce470,1507,154,180,False
0.12,2.0,c270fb91ae7ce470,1508,154,180,False
0.12,2.0,c270fb91ae7ce470,1509,154,180,False
0.12,2.0,c270fb91ae7ce470,1510,154,180,False
0.12,2.0,c270fb91ae7ce470,1511,154,180,False
0.12,2.0,c270fb91ae7ce470,1512,154,181,False
0.12,2.0,c270fb91ae7ce470,1513,155,181,False
0.12,2.0,c270fb91ae7ce470,1514,155,181,False
0.12,2.0,c270fb91ae7ce470,1515,155,181,False
0.12,2.0,c270fb91ae7ce470,1516,155,181,False
0.12,2.0,c270fb91ae7ce470,1517,155,181,False
0.12,2.0,c270fb91ae7ce470,1518,155,181,False
0.12,2.0,c270fb91ae7ce470,1519,155,181,False
0.12,2.0,c270fb91ae7ce470,1520,155,181,False
0.12,2.0,c270fb91ae7ce470,1521,155,182,False
0.12,2.0,c270fb91ae7ce470,1522,156,182,False
0.12,2.0,c270fb91ae7ce470,1523,156,182,False
0.12,2.0,c270fb91ae7ce470,1524,156,182,False
0.12,2.0,c270fb91ae7ce470,1525,156,182,False
0.12,2.0,c270fb91ae7ce470,1526,156,182,False
0.12,2.0,c270fb91ae7ce470,1527,156,182,False
0.12,2.0,c270fb91ae7ce470,1528,156,182,False
0.12,2.0,c270fb91ae7ce470,1529,156,182,False
0.12,2.0,c270fb91ae7ce470,1530,156,183,False
0.12,2.0,c270fb91ae7ce470,1531,157,183,False
0.12,2.0,c270fb91ae7ce470,1532,157,183,False
0.12,2.0,c270fb91ae7ce470,1533,157,183,False
0.12,2.0,c270fb91ae7ce470,1534,157,183,False
0.12,2.0,c270fb91ae7ce470,1535,157,183,False
0.12,2.0,c270fb91ae7ce470,1536,157,183,False
0.12,2.0,c270fb91ae7ce470,1537,157,183,False
0.12,2.0,c270fb91ae7ce470,1538,157,183,False
0.12,2.0,c270fb91ae7ce470,1539,157,183,False
0.12,2.0,c270fb91ae7ce470,1540,157,184,False
0.12,2.0,c270fb91ae7ce470,1541,158,184,False
0.12,2.0,c270fb91ae7ce470,1542,158,184,False
0.12,2.0,c270fb91ae7ce470,1543,158,184,False
0.12,2.0,c270fb91ae7ce470,1544,158,184,False
0.12,2.0,c270fb91ae7ce470,1545,158,184,False
0.12,2.0,c270fb91ae7ce470,1546,158,184,False
0.12,2.0,c270fb91ae7ce470,1547,158,184,False
0.12,2.0,c270fb91ae7ce470,1548,158,184,False
0.12,2.0,c270fb91ae7ce470,1549,158,185,False
0.12,2.0,c270fb91ae7ce470,1550,159,185,False
0.12,2.0,c270fb91ae7ce470,1551,159,185,False
0.12,2.0,c270fb91ae7ce470,1552,159,185,False
0.12,2.0,c270fb91ae7ce470,1553,159,185,False
0.12,2.0,c270fb91ae7ce470,1554,159,185,False
0.12,2.0,c270fb91ae7ce470,1555,159,185,False
0.12,2.0,c270fb91ae7ce470,1556,159,185,False
0.12,2.0,c270fb91ae7ce470,1557,159,185,False
0.12,2.0,c270fb91ae7ce470,1558,159,186,False
0.12,2.0,c270fb91ae7ce470,1559,160,186,False
0.12,2.0,c270fb91ae7ce470,1560,160,186,False
0.12,2.0,c270fb91ae7ce470,1561,160,186,False
0.12,2.0,c270fb91ae7ce470,1562,160,186,False
0.12,2.0,c270fb91ae7ce470,1563,160,186,False
0.12,2.0,c270fb91ae7ce470,1564,160,186,False
0.12,2.0,c270fb91ae7ce470,1565,160,186,False
0.12,2.0,c270fb91ae7ce470,1566,160,186,False
0.12,2.0,c270fb91ae7ce470,1567,160,187,False
0.12,2.0,c270fb91ae7ce470,1568,161,187,False
0.12,2.0,c270fb91ae7ce470,1569,161,187,False
0.12,2.0,c270fb91ae7ce470,1570,161,187,False
0.12,2.0,c270fb91ae7ce470,1571,161,187,False
0.12,2.0,c270fb91ae7ce470,1572,161,187,False
0.12,2.0,c270fb91ae7ce470,1573,161,187,False
0.12,2.0,c270fb91ae7ce470,1574,161,187,False
0.12,2.0,c270fb91ae7ce470,1575,161,187,False
0.12,2.0,c270fb91ae7ce470,1576,161,188,False
0.12,2.0,c270fb91ae7ce470,1577,162,188,False
0.12,2.0,c270fb91ae7ce470,1578,162,188,False
0.12,2.0,c270fb91ae7ce470,1579,162,188,False
0.12,2.0,c270fb91ae7ce470,1580,162,188,False
0.12,2.0,c270fb91ae7ce470,1581,162,188,False
0.12,2.0,c270fb91ae7ce470,1582,162,188,False
0.12,2.0,c270fb91ae7ce470,1583,162,188,False
0.12,2.0,c270fb91ae7ce470,1584,162,188,False
0.12,2.0,c270fb91ae7ce470,1585,162,189,False
0.12,2.0,c270fb91ae7ce470,1586,163,189,False
0.12,2.0,c270fb91ae7ce470,1587,163,189,False
0.12,2.0,c270fb91ae7ce470,1588,163,189,False
0.12,2.0,c270fb91ae7ce470,1589,163,189,False
0.12,2.0,c270fb91ae7ce470,1590,163,189,False
0.12,2.0,c270fb91ae7ce470,1591,163,189,False
0.12,2.0,c270fb91ae7ce470,1592,163,189,False
0.12,2.0,c270fb91ae7ce470,1593,163,189,False
0.12,2.0,c270fb91ae7ce470,1594,163,190,False
0.12,2.0,c270fb91ae7ce470,1595,164,190,False
0.12,2.0,c270fb91ae7ce470,1596,164,190,False
0.12,2.0,c270fb91ae7ce470,1597,164,190,False
0.12,2.0,c270fb91ae7ce470,1598,164,190,False
0.12,2.0,c270fb91ae7ce470,1599,164,190,False
0.12,2.0,c270fb91ae7ce470,1600,164,190,False
0.12,2.0,c270fb91ae7ce470,1601,164,190,False
0.12,2.0,c270fb91ae7ce470,1602,164,190,False
0.12,2.0,c270fb91ae7ce470,1603,164,191,False
0.12,2.0,c270fb91ae7ce470,1604,165,191,False
0.12,2.0,c270fb91ae7ce470,1605,165,191,False
0.12,2.0,c270fb91ae7ce470,1606,165,191,False
0.12,2.0,c270fb91ae7ce470,1607,165,191,False
0.12,2.0,c270fb91ae7ce470,1608,165,191,False
0.12,2.0,c270fb91ae7ce470,1609,165,191,False
0.12,2.0,c270fb91ae7ce470,1610,165,191,False
0.12,2.0,c270fb91ae7ce470,1611,165,191,False
0.12,2.0,c270fb91ae7ce470,1612,165,192,False
0.12,2.0,c270fb91ae7ce470,1613,166,192,False
0.12,2.0,c270fb91ae7ce470,1614,166,192,False
0.12,2.0,c270fb91ae7ce470,1615,166,192,False
0.12,2.0,c270fb91ae7ce470,1616,166,192,False
0.12,2.0,c270fb91ae7ce470,1617,166,192,False
0.12,2.0,c270fb91ae7ce470,1618,166,192,False
0.12,2.0,c270fb91ae7ce470,1619,166,192,False
0.12,2.0,c270fb91ae7ce470,1620,166,192,False
0.12,2.0,c270fb91ae7ce470,1621,166,192,False
0.12,2.0,c270fb91ae7ce470,1622,166,193,False
0.12,2.0,c270fb91ae7ce470,1623,167,193,False
0.12,2.0,c270fb91ae7ce470,1624,167,193,False
0.12,2.0,c270fb91ae7ce470,1625,167,193,False
0.12,2.0,c270fb91ae7ce470,1626,167,193,False
0.12,2.0,c270fb91ae7ce470,1627,167,193,False
0.12,2.0,c270fb91ae7ce470,1628,167,193,False
0.12,2.0,c270fb91ae7ce470,1629,167,193,False
0.12,2.0,c270fb91ae7ce470,1630,167,193,False
0.12,2.0,c270fb91ae7ce470,1631,167,194,False
0.12,2.0,c270fb91ae7ce470,1632,168,194,False
0.12,2.0,c270fb91ae7ce470,1633,168,194,False
0.12,2.0,c270fb91ae7ce470,1634,168,194,False
0.12,2.0,c270fb91ae7ce470,1635,168,194,False
0.12,2.0,c270fb91ae7ce470,1636,168,194,False
0.12,2.0,c270fb91ae7ce470,1637,168,194,False
0.12,2.0,c270fb91ae7ce470,1638,168,194,False
0.12,2.0,c270fb91ae7ce470,1639,168,194,False
0.12,2.0,c270fb91ae7ce470,1640,168,195,False
0.12,2.0,c270fb91ae7ce470,1641,169,195,False
0.12,2.0,c270fb91ae7ce470,1642,169,195,False
0.12,2.0,c270fb91ae7ce470,1643,169,195,False
0.12,2.0,c270fb91ae7ce470,1644,169,195,False
0.12,2.0,c270fb91ae7ce470,1645,169,195,False
0.12,2.0,c270fb91ae7ce470,1646,169,195,False
0.12,2.0,c270fb91ae7ce470,1647,169,195,False
0.12,2.0,c270fb91ae7ce470,1648,169,195,False
0.12,2.0,c270fb91ae7ce470,1649,169,196,False
0.12,2.0,c270fb91ae7ce470,1650,170,196,False
0.12,2.0,c270fb91ae7ce470,1651,170,196,False
0.12,2.0,c270fb91ae7ce470,1652,170,196,False
0.12,2.0,c270fb91ae7ce470,1653,170,196,False
0.12,2.0,c270fb91ae7ce470,1654,170,196,False
0.12,2.0,c270fb91ae7ce470,1655,170,196,False
0.12,2.0,c270fb91ae7ce470,1656,170,196,False
0.12,2.0,c270fb91ae7ce470,1657,170,196,False
0.12,2.0,c270fb91ae7ce470,1658,170,197,False
0.12,2.0,c270fb91ae7ce470,1659,171,197,False
0.12,2.0,c270fb91ae7ce470,1660,171,197,False
0.12,2.0,c270fb91ae7ce470,1661,171,197,False
0.12,2.0,c270fb91ae7ce470,1662,171,197,False
0.12,2.0,c270fb91ae7ce470,1663,171,197,False
0.12,2.0,c270fb91ae7ce470,1664,171,197,False
0.12,2.0,c270fb91ae7ce470,1665,171,197,False
0.12,2.0,c270fb91ae7ce470,1666,171,197,False
0.12,2.0,c270fb91ae7ce470,1667,171,198,False
0.12,2.0,c270fb91ae7ce470,1668,172,198,False
0.12,2.0,c270fb91ae7ce470,1669,172,198,False
0.12,2.0,c270fb91ae7ce470,1670,172,198,False
0.12,2.0,c270fb91ae7ce470,1671,172,198,False
0.12,2.0,c270fb91ae7ce470,1672,172,198,False
0.12,2.0,c270fb91ae7ce470,1673,172,198,False
0.12,2.0,c270fb91ae7ce470,1674,172,198,False
0.12,2.0,c270fb91ae7ce470,1675,172,198,False
0.12,2.0,c270fb91ae7ce470,1676,172,199,False
0.12,2.0,c270fb91ae7ce470,1677,173,199,False
0.12,2.0,c270fb91ae7ce470,1678,173,199,False
0.12,2.0,c270fb91ae7ce470,1679,173,199,False
0.12,2.0,c270fb91ae7ce470,1680,173,199,False
0.12,2.0,c270fb91ae7ce470,1681,173,199,False
0.12,2.0,c270fb91ae7ce470,1682,173,199,False
0.12,2.0,c270fb91ae7ce470,1683,173,199,False
0.12,2.0,c270fb91ae7ce470,1684,173,199,False
0.12,2.0,c270fb91ae7ce470,1685,173,200,False
0.12,2.0,c270fb91ae7ce470,1686,174,200,False
0.12,2.0,c270fb91ae7ce470,1687,174,200,False
0.12,2.0,c270fb91ae7ce470,1688,174,200,False
0.12,2.0,c270fb91ae7ce470,1689,174,200,False
0.12,2.0,c270fb91ae7ce470,1690,174,200,False
0.12,2.0,c270fb91ae7ce470,1691,174,200,False
0.12,2.0,c270fb91ae7ce470,1692,174,200,False
0.12,2.0,c270fb91ae7ce470,1693,174,200,False
0.12,2.0,c270fb91ae7ce470,1694,174,201,False
0.12,2.0,c270fb91ae7ce470,1695,175,201,False
0.12,2.0,c270fb91ae7ce470,1696,175,201,False
0.12,2.0,c270fb91ae7ce470,1697,175,201,False
0.12,2.0,c270fb91ae7ce470,1698,175,201,False
0.12,2.0,c270fb91ae7ce470,1699,175,201,False
0.12,2.0,c270fb91ae7ce470,1700,175,201,False
0.12,2.0,c270fb91ae7ce470,1701,175,201,False
0.12,2.0,c270fb91ae7ce470,1702,175,201,False
0.12,2.0,c270fb91ae7ce470,1703,175,201,False
0.12,2.0,c270fb91ae7ce470,1704,175,202,False
0.12,2.0,c270fb91ae7ce470,1705,176,202,False
0.12,2.0,c270fb91ae7ce470,1706,176,202,False
0.12,2.0,c270fb91ae7ce470,1707,176,202,False
0.12,2.0,c270fb91ae7ce470,1708,176,202,False
0.12,2.0,c270fb91ae7ce470,1709,176,202,False
0.12,2.0,c270fb91ae7ce470,1710,176,202,False
0.12,2.0,c270fb91ae7ce470,1711,176,202,False
0.12,2.0,c270fb91ae7ce470,1712,176,202,False
0.12,2.0,c270fb91ae7ce470,1713,176,203,False
0.12,2.0,c270fb91ae7ce470,1714,177,203,False
0.12,2.0,c270fb91ae7ce470,1715,177,203,False
0.12,2.0,c270fb91ae7ce470,1716,177,203,False
0.12,2.0,c270fb91ae7ce470,1717,177,203,False
0.12,2.0,c270fb91ae7ce470,1718,177,203,False
0.12,2.0,c270fb91ae7ce470,1719,177,203,False
0.12,2.0,c270fb91ae7ce470,1720,177,203,False
0.12,2.0,c270fb91ae7ce470,1721,177,203,False
0.12,2.0,c270fb91ae7ce470,1722,177,204,False
0.12,2.0,c270fb91ae7ce470,1723,178,204,False
0.12,2.0,c270fb91ae7ce470,1724,178,204,False
0.12,2.0,c270fb91ae7ce470,1725,178,204,False
0.12,2.0,c270fb91ae7ce470,1726,178,204,False
0.12,2.0,c270fb91ae7ce470,1727,178,204,False
0.12,2.0,c270fb91ae7ce470,1728,178,204,False
0.12,2.0,c270fb91ae7ce470,1729,178,204,False
0.12,2.0,c270fb91ae7ce470,1730,178,204,False
0.12,2.0,c270fb91ae7ce470,1731,178,205,False
0.12,2.0,c270fb91ae7ce470,1732,179,205,False
0.12,2.0,c270fb91ae7ce470,1733,179,205,False
0.12,2.0,c270fb91ae7ce470,1734,179,205,False
0.12,2.0,c270fb91ae7ce470,1735,179,205,False
0.12,2.0,c270fb91ae7ce470,1736,179,205,False
0.12,2.0,c270fb91ae7ce470,1737,179,205,False
0.12,2.0,c270fb91ae7ce470,1738,179,205,False
0.12,2.0,c270fb91ae7ce470,1739,179,205,False
0.12,2.0,c270fb91ae7ce470,1740,179,206,False
0.12,2.0,c270fb91ae7ce470,1741,180,206,False
0.12,2.0,c270fb91ae7ce470,1742,180,206,False
0.12,2.0,c270fb91ae7ce470,1743,180,206,False
0.12,2.0,c270fb91ae7ce470,1744,180,206,False
0.12,2.0,c270fb91ae7ce470,1745,180,206,False
0.12,2.0,c270fb91ae7ce470,1746,180,206,False
0.12,2.0,c270fb91ae7ce470,1747,180,206,False
0.12,2.0,c270fb91ae7ce470,1748,180,206,False
0.12,2.0,c270fb91ae7ce470,1749,180,207,False
0.12,2.0,c270fb91ae7ce470,1750,181,207,False
0.12,2.0,c270fb91ae7ce470,1751,181,207,False
0.12,2.0,c270fb91ae7ce470,1752,181,207,False
0.12,2.0,c270fb91ae7ce470,1753,181,207,False
0.12,2.0,c270fb91ae7ce470,1754,181,207,False
0.12,2.0,c270fb91ae7ce470,1755,181,207,False
0.12,2.0,c270fb91ae7ce470,1756,181,207,False
0.12,2.0,c270fb91ae7ce470,1757,181,207,False
0.12,2.0,c270fb91ae7ce470,1758,181,208,False
0.12,2.0,c270fb91ae7ce470,1759,182,208,False
0.12,2.0,c270fb91ae7ce470,1760,182,208,False
0.12,2.0,c270fb91ae7ce470,1761,182,208,False
0.12,2.0,c270fb91ae7ce470,1762,182,208,False
0.12,2.0,c270fb91ae7ce470,1763,182,208,False
0.12,2.0,c270fb91ae7ce470,1764,182,208,False
0.12,2.0,c270fb91ae7ce470,1765,182,208,False
0.12,2.0,c270fb91ae7ce470,1766,182,208,False
0.12,2.0,c270fb91ae7ce470,1767,182,209,False
0.12,2.0,c270fb91ae7ce470,1768,183,209,False
0.12,2.0,c270fb91ae7ce470,1769,183,209,False
0.12,2.0,c270fb91ae7ce470,1770,183,209,False
0.12,2.0,c270fb91ae7ce470,1771,183,209,False
0.12,2.0,c270fb91ae7ce470,1772,183,209,False
0.12,2.0,c270fb91ae7ce470,1773,183,209,False
0.12,2.0,c270fb91ae7ce470,1774,183,209,False
0.12,2.0,c270fb91ae7ce470,1775,183,209,False
0.12,2.0,c270fb91ae7ce470,1776,183,210,False
0.12,2.0,c270fb91ae7ce470,1777,184,210,False
0.12,2.0,c270fb91ae7ce470,1778,184,210,False
0.12,2.0,c270fb91ae7ce470,1779,184,210,False
0.12,2.0,c270fb91ae7ce470,1780,184,210,False
0.12,2.0,c270fb91ae7ce470,1781,184,210,False
0.12,2.0,c270fb91ae7ce470,1782,184,210,False
0.12,2.0,c270fb91ae7ce470,1783,184,210,False
0.12,2.0,c270fb91ae7ce470,1784,184,210,False
0.12,2.0,c270fb91ae7ce470,1785,184,210,False
0.12,2.0,c270fb91ae7ce470,1786,184,211,False
0.12,2.0,c270fb91ae7ce470,1787,185,211,False
0.12,2.0,c270fb91ae7ce470,1788,185,211,False
0.12,2.0,c270fb91ae7ce470,1789,185,211,False
0.12,2.0,c270fb91ae7ce470,1790,185,211,False
0.12,2.0,c270fb91ae7ce470,1791,185,211,False
0.12,2.0,c270fb91ae7ce470,1792,185,211,False
0.12,2.0,c270fb91ae7ce470,1793,185,211,False
0.12,2.0,c270fb91ae7ce470,1794,185,211,False
0.12,2.0,c270fb91ae7ce470,1795,185,212,False
0.12,2.0,c270fb91ae7ce470,1796,186,212,False
0.12,2.0,c270fb91ae7ce470,1797,186,212,False
0.12,2.0,c270fb91ae7ce470,1798,186,212,False
0.12,2.0,c270fb91ae7ce470,1799,186,212,False
0.12,2.0,c270fb91ae7ce470,1800,186,212,False
0.12,2.0,c270fb91ae7ce470,1801,186,212,False
0.12,2.0,c270fb91ae7ce470,1802,186,212,False
0.12,2.0,c270fb91ae7ce470,1803,186,212,False
0.12,2.0,c270fb91ae7ce470,1804,186,213,False
0.12,2.0,c270fb91ae7ce470,1805,187,213,False
0.12,2.0,c270fb91ae7ce470,1806,187,213,False
0.12,2.0,c270fb91ae7ce470,1807,187,213,False
0.12,2.0,c270fb91ae7ce470,1808,187,213,False
0.12,2.0,c270fb91ae7ce470,1809,187,213,False
0.12,2.0,c270fb91ae7ce470,1810,187,213,False
0.12,2.0,c270fb91ae7ce470,1811,187,213,False
0.12,2.0,c270fb91ae7ce470,1812,187,213,False
0.12,2.0,c270fb91ae7ce470,1813,187,214,False
0.12,2.0,c270fb91ae7ce470,1814,188,214,False
0.12,2.0,c270fb91ae7ce470,1815,188,214,False
0.12,2.0,c270fb91ae7ce470,1816,188,214,False
0.12,2.0,c270fb91ae7ce470,1817,188,214,False
0.12,2.0,c270fb91ae7ce470,1818,188,214,False
0.12,2.0,c270fb91ae7ce470,1819,188,214,False
0.12,2.0,c270fb91ae7ce470,1820,188,214,False
0.12,2.0,c270fb91ae7ce470,1821,188,214,False
0.12,2.0,c270fb91ae7ce470,1822,188,215,False
0.12,2.0,c270fb91ae7ce470,1823,189,215,False
0.12,2.0,c270fb91ae7ce470,1824,189,215,False
0.12,2.0,c270fb91ae7ce470,1825,189,215,False
0.12,2.0,c270fb91ae7ce470,1826,189,215,False
0.12,2.0,c270fb91ae7ce470,1827,189,215,False
0.12,2.0,c270fb91ae7ce470,1828,189,215,False
0.12,2.0,c270fb91ae7ce470,1829,189,215,False
0.12,2.0,c270fb91ae7ce470,1830,189,215,False
0.12,2.0,c270fb91ae7ce470,1831,189,216,False
0.12,2.0,c270fb91ae7ce470,1832,190,216,False
0.12,2.0,c270fb91ae7ce470,1833,190,216,False
0.12,2.0,c270fb91ae7ce470,1834,190,216,False
0.12,2.0,c270fb91ae7ce470,1835,190,216,False
0.12,2.0,c270fb91ae7ce470,1836,190,216,False
0.12,2.0,c270fb91ae7ce470,1837,190,216,False
0.12,2.0,c270fb91ae7ce470,1838,190,216,False
0.12,2.0,c270fb91ae7ce470,1839,190,216,False
0.12,2.0,c270fb91ae7ce470,1840,190,217,False
0.12,2.0,c270fb91ae7ce470,1841,191,217,False
0.12,2.0,c270fb91ae7ce470,1842,191,217,False
0.12,2.0,c270fb91ae7ce470,1843,191,217,False
0.12,2.0,c270fb91ae7ce470,1844,191,217,False
0.12,2.0,c270fb91ae7ce470,1845,191,217,False
0.12,2.0,c270fb91ae7ce470,1846,191,217,False
0.12,2.0,c270fb91ae7ce470,1847,191,217,False
0.12,2.0,c270fb91ae7ce470,1848,191,217,False
0.12,2.0,c270fb91ae7ce470,1849,191,218,False
0.12,2.0,c270fb91ae7ce470,1850,192,218,False
0.12,2.0,c270fb91ae7ce470,1851,192,218,False
0.12,2.0,c270fb91ae7ce470,1852,192,218,False
0.12,2.0,c270fb91ae7ce470,1853,192,218,False
0.12,2.0,c270fb91ae7ce470,1854,192,218,False
0.12,2.0,c270fb91ae7ce470,1855,192,218,False
0.12,2.0,c270fb91ae7ce470,1856,192,218,False
0.12,2.0,c270fb91ae7ce470,1857,192,218,False
0.12,2.0,c270fb91ae7ce470,1858,192,218,False
0.12,2.0,c270fb91ae7ce470,1859,193,219,False
0.12,2.0,c270fb91ae7ce470,1860,193,219,False
0.12,2.0,c270fb91ae7ce470,1861,193,219,False
0.12,2.0,c270fb91ae7ce470,1862,193,219,False
0.12,2.0,c270fb91ae7ce470,1863,193,219,False
0.12,2.0,c270fb91ae7ce470,1864,193,219,False
0.12,2.0,c270fb91ae7ce470,1865,193,219,False
0.12,2.0,c270fb91ae7ce470,1866,193,219,False
0.12,2.0,c270fb91ae7ce470,1867,193,219,False
0.12,2.0,c270fb91ae7ce470,1868,193,220,False
0.12,2.0,c270fb91ae7ce470,1869,194,220,False
0.12,2.0,c270fb91ae7ce470,1870,194,220,False
0.12,2.0,c270fb91ae7ce470,1871,194,220,False
0.12,2.0,c270fb91ae7ce470,1872,194,220,False
0.12,2.0,c270fb91ae7ce470,1873,194,220,False
0.12,2.0,c270fb91ae7ce470,1874,194,220,False
0.12,2.0,c270fb91ae7ce470,1875,194,220,False
0.12,2.0,c270fb91ae7ce470,1876,194,220,False
0.12,2.0,c270fb91ae7ce470,1877,194,221,False
0.12,2.0,c270fb91ae7ce470,1878,195,221,False
0.12,2.0,c270fb91ae7ce470,1879,195,221,False
0.12,2.0,c270fb91ae7ce470,1880,195,221,False
0.12,2.0,c270fb91ae7ce470,1881,195,221,False
0.12,2.0,c270fb91ae7ce470,1882,195,221,False
0.12,2.0,c270fb91ae7ce470,1883,195,221,False
0.12,2.0,c270fb91ae7ce470,1884,195,221,False
0.12,2.0,c270fb91ae7ce470,1885,195,221,False
0.12,2.0,c270fb91ae7ce470,1886,195,222,False
0.12,2.0,c270fb91ae7ce470,1887,196,222,False
0.12,2.0,c270fb91ae7ce470,1888,196,222,False
0.12,2.0,c270fb91ae7ce470,1889,196,222,False
0.12,2.0,c270fb91ae7ce470,1890,196,222,False
0.12,2.0,c270fb91ae7ce470,1891,196,222,False
0.12,2.0,c270fb91ae7ce470,1892,196,222,False
0.12,2.0,c270fb91ae7ce470,1893,196,222,False
0.12,2.0,c270fb91ae7ce470,1894,196,222,False
0.12,2.0,c270fb91ae7ce470,1895,196,223,False
0.12,2.0,c270fb91ae7ce470,1896,197,223,False
0.12,2.0,c270fb91ae7ce470,1897,197,223,False
0.12,2.0,c270fb91ae7ce470,1898,197,223,False
0.12,2.0,c270fb91ae7ce470,1899,197,223,False
0.12,2.0,c270fb91ae7ce470,1900,197,223,False
0.12,2.0,c270fb91ae7ce470,1901,197,223,False
0.12,2.0,c270fb91ae7ce470,1902,197,223,False
0.12,2.0,c270fb91ae7ce470,1903,197,223,False
0.12,2.0,c270fb91ae7ce470,1904,197,224,False
0.12,2.0,c270fb91ae7ce470,1905,198,224,False
0.12,2.0,c270fb91ae7ce470,1906,198,224,False
0.12,2.0,c270fb91ae7ce470,1907,198,224,False
0.12,2.0,c270fb91ae7ce470,1908,198,224,False
0.12,2.0,c270fb91ae7ce470,1909,198,224,False
0.12,2.0,c270fb91ae7ce470,1910,198,224,False
0.12,2.0,c270fb91ae7ce470,1911,198,224,False
0.12,2.0,c270fb91ae7ce470,1912,198,224,False
0.12,2.0,c270fb91ae7ce470,1913,198,225,False
0.12,2.0,c270fb91ae7ce470,1914,199,225,False
0.12,2.0,c270fb91ae7ce470,1915,199,225,False
0.12,2.0,c270fb91ae7ce470,1916,199,225,False
0.12,2.0,c270fb91ae7ce470,1917,199,225,False
0.12,2.0,c270fb91ae7ce470,1918,199,225,False
0.12,2.0,c270fb91ae7ce470,1919,199,225,False
0.12,2.0,c270fb91ae7ce470,1920,199,225,False
0.12,2.0,c270fb91ae7ce470,1921,199,225,False
0.12,2.0,c270fb91ae7ce470,1922,199,226,False
0.12,2.0,c270fb91ae7ce470,1923,200,226,False
0.12,2.0,c270fb91ae7ce470,1924,200,226,False
0.12,2.0,c270fb91ae7ce470,1925,200,226,False
0.12,2.0,c270fb91ae7ce470,1926,200,226,False
0.12,2.0,c270fb91ae7ce470,1927,200,226,False
0.12,2.0,c270fb91ae7ce470,1928,200,226,False
0.12,2.0,c270fb91ae7ce470,1929,200,226,False
0.12,2.0,c270fb91ae7ce470,1930,200,226,False
0.12,2.0,c270fb91ae7ce470,1931,200,227,False
0.12,2.0,c270fb91ae7ce470,1932,201,227,False
0.12,2.0,c270fb91ae7ce470,1933,201,227,False
0.12,2.0,c270fb91ae7ce470,1934,201,227,False
0.12,2.0,c270fb91ae7ce470,1935,201,227,False
0.12,2.0,c270fb91ae7ce470,1936,201,227,False
0.12,2.0,c270fb91ae7ce470,1937,201,227,False
0.12,2.0,c270fb91ae7ce470,1938,201,227,False
0.12,2.0,c270fb91ae7ce470,1939,201,227,False
0.12,2.0,c270fb91ae7ce470,1940,201,227,False
0.12,2.0,c270fb91ae7ce470,1941,202,228,False
0.12,2.0,c270fb91ae7ce470,1942,202,228,False
0.12,2.0,c270fb91ae7ce470,1943,202,228,False
0.12,2.0,c270fb91ae7ce470,1944,202,228,False
0.12,2.0,c270fb91ae7ce470,1945,202,228,False
0.12,2.0,c270fb91ae7ce470,1946,202,228,False
0.12,2.0,c270fb91ae7ce470,1947,202,228,False
0.12,2.0,c270fb91ae7ce470,1948,202,228,False
0.12,2.0,c270fb91ae7ce470,1949,202,228,False
0.12,2.0,c270fb91ae7ce470,1950,202,229,False
0.12,2.0,c270fb91ae7ce470,1951,203,229,False
0.12,2.0,c270fb91ae7ce470,1952,203,229,False
0.12,2.0,c270fb91ae7ce470,1953,203,229,False
0.12,2.0,c270fb91ae7ce470,1954,203,229,False
0.12,2.0,c270fb91ae7ce470,1955,203,229,False
0.12,2.0,c270fb91ae7ce470,1956,203,229,False
0.12,2.0,c270fb91ae7ce470,1957,203,229,False
0.12,2.0,c270fb91ae7ce470,1958,203,229,False
0.12,2.0,c270fb91ae7ce470,1959,203,230,False
0.12,2.0,c270fb91ae7ce470,1960,204,230,False
0.12,2.0,c270fb91ae7ce470,1961,204,230,False
0.12,2.0,c270fb91ae7ce470,1962,204,230,False
0.12,2.0,c270fb91ae7ce470,1963,204,230,False
0.12,2.0,c270fb91ae7ce470,1964,204,230,False
0.12,2.0,c270fb91ae7ce470,1965,204,230,False
0.12,2.0,c270fb91ae7ce470,1966,204,230,False
0.12,2.0,c270fb91ae7ce470,1967,204,230,False
0.12,2.0,c270fb91ae7ce470,1968,204,231,False
0.12,2.0,c270fb91ae7ce470,1969,205,231,False
0.12,2.0,c270fb91ae7ce470,1970,205,231,False
0.12,2.0,c270fb91ae7ce470,1971,205,231,False
0.12,2.0,c270fb91ae7ce470,1972,205,231,False
0.12,2.0,c270fb91ae7ce470,1973,205,231,False
0.12,2.0,c270fb91ae7ce470,1974,205,231,False
0.12,2.0,c270fb91ae7ce470,1975,205,231,False
0.12,2.0,c270fb91ae7ce470,1976,205,231,False
0.12,2.0,c270fb91ae7ce470,1977,205,232,False
0.12,2.0,c270fb91ae7ce470,1978,206,232,False
0.12,2.0,c270fb91ae7ce470,1979,206,232,False
0.12,2.0,c270fb91ae7ce470,1980,206,232,False
0.12,2.0,c270fb91ae7ce470,1981,206,232,False
0.12,2.0,c270fb91ae7ce470,1982,206,232,False
0.12,2.0,c270fb91ae7ce470,1983,206,232,False
0.12,2.0,c270fb91ae7ce470,1984,206,232,False
0.12,2.0,c270fb91ae7ce470,1985,206,232,False
0.12,2.0,c270fb91ae7ce470,1986,206,233,False
0.12,2.0,c270fb91ae7ce470,1987,207,233,False
0.12,2.0,c270fb91ae7ce470,1988,207,233,False
0.12,2.0,c270fb91ae7ce470,1989,207,233,False
0.12,2.0,c270fb91ae7ce470,1990,207,233,False
0.12,2.0,c270fb91ae7ce470,1991,207,233,False
0.12,2.0,c270fb91ae7ce470,1992,207,233,False
0.12,2.0,c270fb91ae7ce470,1993,207,233,False
0.12,2.0,c270fb91ae7ce470,1994,207,233,False
0.12,2.0,c270fb91ae7ce470,1995,207,234,False
0.12,2.0,c270fb91ae7ce470,1996,208,234,False
0.12,2.0,c270fb91ae7ce470,1997,208,234,False
0.12,2.0,c270fb91ae7ce470,1998,208,234,False
0.12,2.0,c270fb91ae7ce470,1999,208,234,False
0.12,2.0,c270fb91ae7ce470,2000,208,234,False
0.12,2.0,c270fb91ae7ce470,2001,208,234,False
0.12,2.0,c270fb91ae7ce470,2002,208,234,False
0.12,2.0,c270fb91ae7ce470,2003,208,234,False
0.12,2.0,c270fb91ae7ce470,2004,208,235,False
0.12,2.0,c270fb91ae7ce470,2005,209,235,False
0.12,2.0,c270fb91ae7ce470,2006,209,235,False
0.12,2.0,c270fb91ae7ce470,2007,209,235,False
0.12,2.0,c270fb91ae7ce470,2008,209,235,False
0.12,2.0,c270fb91ae7ce470,2009,209,235,False
0.12,2.0,c270fb91ae7ce470,2010,209,235,False
0.12,2.0,c270fb91ae7ce470,2011,209,235,False
0.12,2.0,c270fb91ae7ce470,2012,209,235,False
0.12,2.0,c270fb91ae7ce470,2013,209,236,False
0.12,2.0,c270fb91ae7ce470,2014,210,236,False
0.12,2.0,c270fb91ae7ce470,2015,210,236,False
0.12,2.0,c270fb91ae7ce470,2016,210,236,False
0.12,2.0,c270fb91ae7ce470,2017,210,236,False
0.12,2.0,c270fb91ae7ce470,2018,210,236,False
0.12,2.0,c270fb91ae7ce470,2019,210,236,False
0.12,2.0,c270fb91ae7ce470,2020,210,236,False
0.12,2.0,c270fb91ae7ce470,2021,210,236,False
0.12,2.0,c270fb91ae7ce470,2022,210,236,False
0.12,2.0,c270fb91ae7ce470,2023,210,237,False
0.12,2.0,c270fb91ae7ce470,2024,211,237,False
0.12,2.0,c270fb91ae7ce470,2025,211,237,False
0.12,2.0,c270fb91ae7ce470,2026,211,237,False
0.12,2.0,c270fb91ae7ce470,2027,211,237,False
0.12,2.0,c270fb91ae7ce470,2028,211,237,False
0.12,2.0,c270fb91ae7ce470,2029,211,237,False
0.12,2.0,c270fb91ae7ce470,2030,211,237,False
0.12,2.0,c270fb91ae7ce470,2031,211,237,False
0.12,2.0,c270fb91ae7ce470,2032,211,238,False
0.12,2.0,c270fb91ae7ce470,2033,212,238,False
0.12,2.0,c270fb91ae7ce470,2034,212,238,False
0.12,2.0,c270fb91ae7ce470,2035,212,238,False
0.12,2.0,c270fb91ae7ce470,2036,212,238,False
0.12,2.0,c270fb91ae7ce470,2037,212,238,False
0.12,2.0,c270fb91ae7ce470,2038,212,238,False
0.12,2.0,c270fb91ae7ce470,2039,212,238,False
0.12,2.0,c270fb91ae7ce470,2040,212,238,False
0.12,2.0,c270fb91ae7ce470,2041,212,239,False
0.12,2.0,c270fb91ae7ce470,2042,213,239,False
0.12,2.0,c270fb91ae7ce470,2043,213,239,False
0.12,2.0,c270fb91ae7ce470,2044,213,239,False
0.12,2.0,c270fb91ae7ce470,2045,213,239,False
0.12,2.0,c270fb91ae7ce470,2046,213,239,False
0.12,2.0,c270fb91ae7ce470,2047,213,239,False
0.12,2.0,c270fb91ae7ce470,2048,213,239,False
0.12,2.0,c270fb91ae7ce470,2049,213,239,False
0.12,2.0,c270fb91ae7ce470,2050,213,240,False
0.12,2.0,c270fb91ae7ce470,2051,214,240,False
0.12,2.0,c270fb91ae7ce470,2052,214,240,False
0.12,2.0,c270fb91ae7ce470,2053,214,240,False
0.12,2.0,c270fb91ae7ce470,2054,214,240,False
0.12,2.0,c270fb91ae7ce470,2055,214,240,False
0.12,2.0,c270fb91ae7ce470,2056,214,240,False
0.12,2.0,c270fb91ae7ce470,2057,214,240,False
0.12,2.0,c270fb91ae7ce470,2058,214,240,False
0.12,2.0,c270fb91ae7ce470,2059,214,241,False
0.12,2.0,c270fb91ae7ce470,2060,215,241,False
0.12,2.0,c270fb91ae7ce470,2061,215,241,False
0.12,2.0,c270fb91ae7ce470,2062,215,241,False
0.12,2.0,c270fb91ae7ce470,2063,215,241,False
0.12,2.0,c270fb91ae7ce470,2064,215,241,False
0.12,2.0,c270fb91ae7ce470,2065,215,241,False
0.12,2.0,c270fb91ae7ce470,2066,215,241,False
0.12,2.0,c270fb91ae7ce470,2067,215,241,False
0.12,2.0,c270fb91ae7ce470,2068,215,242,False
0.12,2.0,c270fb91ae7ce470,2069,216,242,False
0.12,2.0,c270fb91ae7ce470,2070,216,242,False
0.12,2.0,c270fb91ae7ce470,2071,216,242,False
0.12,2.0,c270fb91ae7ce470,2072,216,242,False
0.12,2.0,c270fb91ae7ce470,2073,216,242,False
0.12,2.0,c270fb91ae7ce470,2074,216,242,False
0.12,2.0,c270fb91ae7ce470,2075,216,242,False
0.12,2.0,c270fb91ae7ce470,2076,216,242,False
0.12,2.0,c270fb91ae7ce470,2077,216,243,False
0.12,2.0,c270fb91ae7ce470,2078,217,243,False
0.12,2.0,c270fb91ae7ce470,2079,217,243,False
0.12,2.0,c270fb91ae7ce470,2080,217,243,False
0.12,2.0,c270fb91ae7ce470,2081,217,243,False
0.12,2.0,c270fb91ae7ce470,2082,217,243,False
0.12,2.0,c270fb91ae7ce470,2083,217,243,False
0.12,2.0,c270fb91ae7ce470,2084,217,243,False
0.12,2.0,c270fb91ae7ce470,2085,217,243,False
0.12,2.0,c270fb91ae7ce470,2086,217,244,False
0.12,2.0,c270fb91ae7ce470,2087,218,244,False
0.12,2.0,c270fb91ae7ce470,2088,218,244,False
0.12,2.0,c270fb91ae7ce470,2089,218,244,False
0.12,2.0,c270fb91ae7ce470,2090,218,244,False
0.12,2.0,c270fb91ae7ce470,2091,218,244,False
0.12,2.0,c270fb91ae7ce470,2092,218,244,False
0.12,2.0,c270fb91ae7ce470,2093,218,244,False
0.12,2.0,c270fb91ae7ce470,2094,218,244,False
0.12,2.0,c270fb91ae7ce470,2095,218,245,False
0.12,2.0,c270fb91ae7ce470,2096,219,245,False
0.12,2.0,c270fb91ae7ce470,2097,219,245,False
0.12,2.0,c270fb91ae7ce470,2098,219,245,False
0.12,2.0,c270fb91ae7ce470,2099,219,245,False
0.12,2.0,c270fb91ae7ce470,2100,219,245,False
0.12,2.0,c270fb91ae7ce470,2101,219,245,False
0.12,2.0,c270fb91ae7ce470,2102,219,245,False
0.12,2.0,c270fb91ae7ce470,2103,219,245,False
0.12,2.0,c270fb91ae7ce470,2104,219,245,False
0.12,2.0,c270fb91ae7ce470,2105,219,246,False
0.12,2.0,c270fb91ae7ce470,2106,220,246,False
0.12,2.0,c270fb91ae7ce470,2107,220,246,False
0.12,2.0,c270fb91ae7ce470,2108,220,246,False
0.12,2.0,c270fb91ae7ce470,2109,220,246,False
0.12,2.0,c270fb91ae7ce470,2110,220,246,False
0.12,2.0,c270fb91ae7ce470,2111,220,246,False
0.12,2.0,c270fb91ae7ce470,2112,220,246,False
0.12,2.0,c270fb91ae7ce470,2113,220,246,False
0.12,2.0,c270fb91ae7ce470,2114,220,247,False
0.12,2.0,c270fb91ae7ce470,2115,221,247,False
0.12,2.0,c270fb91ae7ce470,2116,221,247,False
0.12,2.0,c270fb91ae7ce470,2117,221,247,False
0.12,2.0,c270fb91ae7ce470,2118,221,247,False
0.12,2.0,c270fb91ae7ce470,2119,221,247,False
0.12,2.0,c270fb91ae7ce470,2120,221,247,False
0.12,2.0,c270fb91ae7ce470,2121,221,247,False
0.12,2.0,c270fb91ae7ce470,2122,221,247,False
0.12,2.0,c270fb91ae7ce470,2123,221,248,False
0.12,2.0,c270fb91ae7ce470,2124,222,248,False
0.12,2.0,c270fb91ae7ce470,2125,222,248,False
0.12,2.0,c270fb91ae7ce470,2126,222,248,False
0.12,2.0,c270fb91ae7ce470,2127,222,248,False
0.12,2.0,c270fb91ae7ce470,2128,222,248,False
0.12,2.0,c270fb91ae7ce470,2129,222,248,False
0.12,2.0,c270fb91ae7ce470,2130,222,248,False
0.12,2.0,c270fb91ae7ce470,2131,222,248,False
0.12,2.0,c270fb91ae7ce470,2132,222,249,False
0.12,2.0,c270fb91ae7ce470,2133,223,249,False
0.12,2.0,c270fb91ae7ce470,2134,223,249,False
0.12,2.0,c270fb91ae7ce470,2135,223,249,False
0.12,2.0,c270fb91ae7ce470,2136,223,249,False
0.12,2.0,c270fb91ae7ce470,2137,223,249,False
0.12,2.0,c270fb91ae7ce470,2138,223,249,False
0.12,2.0,c270fb91ae7ce470,2139,223,249,False
0.12,2.0,c270fb91ae7ce470,2140,223,249,False
0.12,2.0,c270fb91ae7ce470,2141,223,250,False
0.12,2.0,c270fb91ae7ce470,2142,224,250,False
0.12,2.0,c270fb91ae7ce470,2143,224,250,False
0.12,2.0,c270fb91ae7ce470,2144,224,250,False
0.12,2.0,c270fb91ae7ce470,2145,224,250,False
0.12,2.0,c270fb91ae7ce470,2146,224,250,False
0.12,2.0,c270fb91ae7ce470,2147,224,250,False
0.12,2.0,c270fb91ae7ce470,2148,224,250,False
0.12,2.0,c270fb91ae7ce470,2149,224,250,False
0.12,2.0,c270fb91ae7ce470,2150,224,251,False
0.12,2.0,c270fb91ae7ce470,2151,225,251,False
0.12,2.0,c270fb91ae7ce470,2152,225,251,False
0.12,2.0,c270fb91ae7ce470,2153,225,251,False
0.12,2.0,c270fb91ae7ce470,2154,225,251,False
0.12,2.0,c270fb91ae7ce470,2155,225,251,False
0.12,2.0,c270fb91ae7ce470,2156,225,251,False
0.12,2.0,c270fb91ae7ce470,2157,225,251,False
0.12,2.0,c270fb91ae7ce470,2158,225,251,False
0.12,2.0,c270fb91ae7ce470,2159,225,252,False
0.12,2.0,c270fb91ae7ce470,2160,226,252,False
0.12,2.0,c270fb91ae7ce470,2161,226,252,False
0.12,2.0,c270fb91ae7ce470,2162,226,252,False
0.12,2.0,c270fb91ae7ce470,2163,226,252,False
0.12,2.0,c270fb91ae7ce470,2164,226,252,False
0.12,2.0,c270fb91ae7ce470,2165,226,252,False
0.12,2.0,c270fb91ae7ce470,2166,226,252,False
0.12,2.0,c270fb91ae7ce470,2167,226,252,False
0.12,2.0,c270fb91ae7ce470,2168,226,253,False
0.12,2.0,c270fb91ae7ce470,2169,227,253,False
0.12,2.0,c270fb91ae7ce470,2170,227,253,False
0.12,2.0,c270fb91ae7ce470,2171,227,253,False
0.12,2.0,c270fb91ae7ce470,2172,227,253,False
0.12,2.0,c270fb91ae7ce470,2173,227,253,False
0.12,2.0,c270fb91ae7ce470,2174,227,253,False
0.12,2.0,c270fb91ae7ce470,2175,227,253,False
0.12,2.0,c270fb91ae7ce470,2176,227,253,False
0.12,2.0,c270fb91ae7ce470,2177,227,254,False
0.12,2.0,c270fb91ae7ce470,2178,228,254,False
0.12,2.0,c270fb91ae7ce470,2179,228,254,False
0.12,2.0,c270fb91ae7ce470,2180,228,254,False
0.12,2.0,c270fb91ae7ce470,2181,228,254,False
0.12,2.0,c270fb91ae7ce470,2182,228,254,False
0.12,2.0,c270fb91ae7ce470,2183,228,254,False
0.12,2.0,c270fb91ae7ce470,2184,228,254,False
0.12,2.0,c270fb91ae7ce470,2185,228,254,False
0.12,2.0,c270fb91ae7ce470,2186,228,254,False
0.12,2.0,c270fb91ae7ce470,2187,228,255,False
0.12,2.0,c270fb91ae7ce470,2188,229,255,False
0.12,2.0,c270fb91ae7ce470,2189,229,255,False
0.12,2.0,c270fb91ae7ce470,2190,229,255,False
0.12,2.0,c270fb91ae7ce470,2191,229,255,False
0.12,2.0,c270fb91ae7ce470,2192,229,255,False
0.12,2.0,c270fb91ae7ce470,2193,229,255,False
0.12,2.0,c270fb91ae7ce470,2194,229,255,False
0.12,2.0,c270fb91ae7ce470,2195,229,255,False
0.12,2.0,c270fb91ae7ce470,2196,229,256,False
0.12,2.0,c270fb91ae7ce470,2197,230,256,False
0.12,2.0,c270fb91ae7ce470,2198,230,256,False
0.12,2.0,c270fb91ae7ce470,2199,230,256,False
0.12,2.0,c270fb91ae7ce470,2200,230,256,False
0.12,2.0,c270fb91ae7ce470,2201,230,256,False
0.12,2.0,c270fb91ae7ce470,2202,230,256,False
0.12,2.0,c270fb91ae7ce470,2203,230,256,False
0.12,2.0,c270fb91ae7ce470,2204,230,256,False
0.12,2.0,c270fb91ae7ce470,2205,230,257,False
0.12,2.0,c270fb91ae7ce470,2206,231,257,False
0.12,2.0,c270fb91ae7ce470,2207,231,257,False
0.12,2.0,c270fb91ae7ce470,2208,231,257,False
0.12,2.0,c270fb91ae7ce470,2209,231,257,False
0.12,2.0,c270fb91ae7ce470,2210,231,257,False
0.12,2.0,c270fb91ae7ce470,2211,231,257,False
0.12,2.0,c270fb91ae7ce470,2212,231,257,False
0.12,2.0,c270fb91ae7ce470,2213,231,257,False
0.12,2.0,c270fb91ae7ce470,2214,231,258,False
0.12,2.0,c270fb91ae7ce470,2215,232,258,False
0.12,2.0,c270fb91ae7ce470,2216,232,258,False
0.12,2.0,c270fb91ae7ce470,2217,232,258,False
0.12,2.0,c270fb91ae7ce470,2218,232,258,False
0.12,2.0,c270fb91ae7ce470,2219,232,258,False
0.12,2.0,c270fb91ae7ce470,2220,232,258,False
0.12,2.0,c270fb91ae7ce470,2221,232,258,False
0.12,2.0,c270fb91ae7ce470,2222,232,258,False
0.12,2.0,c270fb91ae7ce470,2223,232,259,False
0.12,2.0,c270fb91ae7ce470,2224,233,259,False
0.12,2.0,c270fb91ae7ce470,2225,233,259,False
0.12,2.0,c270fb91ae7ce470,2226,233,259,False
0.12,2.0,c270fb91ae7ce470,2227,233,259,False
0.12,2.0,c270fb91ae7ce470,2228,233,259,False
0.12,2.0,c270fb91ae7ce470,2229,233,259,False
0.12,2.0,c270fb91ae7ce470,2230,233,259,False
0.12,2.0,c270fb91ae7ce470,2231,233,259,False
0.12,2.0,c270fb91ae7ce470,2232,233,260,False
0.12,2.0,c270fb91ae7ce470,2233,234,260,False
0.12,2.0,c270fb91ae7ce470,2234,234,260,False
0.12,2.0,c270fb91ae7ce470,2235,234,260,False
0.12,2.0,c270fb91ae7ce470,2236,234,260,False
0.12,2.0,c270fb91ae7ce470,2237,234,260,False
0.12,2.0,c270fb91ae7ce470,2238,234,260,False
0.12,2.0,c270fb91ae7ce470,2239,234,260,False
0.12,2.0,c270fb91ae7ce470,2240,234,260,False
0.12,2.0,c270fb91ae7ce470,2241,234,261,False
0.12,2.0,c270fb91ae7ce470,2242,235,261,False
0.12,2.0,c270fb91ae7ce470,2243,235,261,False
0.12,2.0,c270fb91ae7ce470,2244,235,261,False
0.12,2.0,c270fb91ae7ce470,2245,235,261,False
0.12,2.0,c270fb91ae7ce470,2246,235,261,False
0.12,2.0,c270fb91ae7ce470,2247,235,261,False
0.12,2.0,c270fb91ae7ce470,2248,235,261,False
0.12,2.0,c270fb91ae7ce470,2249,235,261,False
0.12,2.0,c270fb91ae7ce470,2250,235,262,False
0.12,2.0,c270fb91ae7ce470,2251,236,262,False
0.12,2.0,c270fb91ae7ce470,2252,236,262,False
0.12,2.0,c270fb91ae7ce470,2253,236,262,False
0.12,2.0,c270fb91ae7ce470,2254,236,262,False
0.12,2.0,c270fb91ae7ce470,2255,236,262,False
0.12,2.0,c270fb91ae7ce470,2256,236,262,False
0.12,2.0,c270fb91ae7ce470,2257,236,262,False
0.12,2.0,c270fb91ae7ce470,2258,236,262,False
0.12,2.0,c270fb91ae7ce470,2259,236,263,False
0.12,2.0,c270fb91ae7ce470,2260,237,263,False
0.12,2.0,c270fb91ae7ce470,2261,237,263,False
0.12,2.0,c270fb91ae7ce470,2262,237,263,False
0.12,2.0,c270fb91ae7ce470,2263,237,263,False
0.12,2.0,c270fb91ae7ce470,2264,237,263,False
0.12,2.0,c270fb91ae7ce470,2265,237,263,False
0.12,2.0,c270fb91ae7ce470,2266,237,263,False
0.12,2.0,c270fb91ae7ce470,2267,237,263,False
0.12,2.0,c270fb91ae7ce470,2268,237,263,False
0.12,2.0,c270fb91ae7ce470,2269,237,264,False
0.12,2.0,c270fb91ae7ce470,2270,238,264,False
0.12,2.0,c270fb91ae7ce470,2271,238,264,False
0.12,2.0,c270fb91ae7ce470,2272,238,264,False
0.12,2.0,c270fb91ae7ce470,2273,238,264,False
0.12,2.0,c270fb91ae7ce470,2274,238,264,False
0.12,2.0,c270fb91ae7ce470,2275,238,264,False
0.12,2.0,c270fb91ae7ce470,2276,238,264,False
0.12,2.0,c270fb91ae7ce470,2277,238,264,False
0.12,2.0,c270fb91ae7ce470,2278,238,265,False
0.12,2.0,c270fb91ae7ce470,2279,239,265,False
0.12,2.0,c270fb91ae7ce470,2280,239,265,False
0.12,2.0,c270fb91ae7ce470,2281,239,265,False
0.12,2.0,c270fb91ae7ce470,2282,239,265,False
0.12,2.0,c270fb91ae7ce470,2283,239,265,False
0.12,2.0,c270fb91ae7ce470,2284,239,265,False
0.12,2.0,c270fb91ae7ce470,2285,239,265,False
0.12,2.0,c270fb91ae7ce470,2286,239,265,False
0.12,2.0,c270fb91ae7ce470,2287,239,266,False
0.12,2.0,c270fb91ae7ce470,2288,240,266,False
0.12,2.0,c270fb91ae7ce470,2289,240,266,False
0.12,2.0,c270fb91ae7ce470,2290,240,266,False
0.12,2.0,c270fb91ae7ce470,2291,240,266,False
0.12,2.0,c270fb91ae7ce470,2292,240,266,False
0.12,2.0,c270fb91ae7ce470,2293,240,266,False
0.12,2.0,c270fb91ae7ce470,2294,240,266,False
0.12,2.0,c270fb91ae7ce470,2295,240,266,False
0.12,2.0,c270fb91ae7ce470,2296,240,267,False
0.12,2.0,c270fb91ae7ce470,2297,241,267,False
0.12,2.0,c270fb91ae7ce470,2298,241,267,False
0.12,2.0,c270fb91ae7ce470,2299,241,267,False
0.12,2.0,c270fb91ae7ce470,2300,241,267,False
0.12,2.0,c270fb91ae7ce470,2301,241,267,False
0.12,2.0,c270fb91ae7ce470,2302,241,267,False
0.12,2.0,c270fb91ae7ce470,2303,241,267,False
0.12,2.0,c270fb91ae7ce470,2304,241,267,False
0.12,2.0,c270fb91ae7ce470,2305,241,268,False
0.12,2.0,c270fb91ae7ce470,2306,242,268,False
0.12,2.0,c270fb91ae7ce470,2307,242,268,False
0.12,2.0,c270fb91ae7ce470,2308,242,268,False
0.12,2.0,c270fb91ae7ce470,2309,242,268,False
0.12,2.0,c270fb91ae7ce470,2310,242,268,False
0.12,2.0,c270fb91ae7ce470,2311,242,268,False
0.12,2.0,c270fb91ae7ce470,2312,242,268,False
0.12,2.0,c270fb91ae7ce470,2313,242,268,False
0.12,2.0,c270fb91ae7ce470,2314,242,269,False
0.12,2.0,c270fb91ae7ce470,2315,243,269,False
0.12,2.0,c270fb91ae7ce470,2316,243,269,False
0.12,2.0,c270fb91ae7ce470,2317,243,269,False
0.12,2.0,c270fb91ae7ce470,2318,243,269,False
0.12,2.0,c270fb91ae7ce470,2319,243,269,False
0.12,2.0,c270fb91ae7ce470,2320,243,269,False
0.12,2.0,c270fb91ae7ce470,2321,243,269,False
0.12,2.0,c270fb91ae7ce470,2322,243,269,False
0.12,2.0,c270fb91ae7ce470,2323,243,270,False
0.12,2.0,c270fb91ae7ce470,2324,244,270,False
0.12,2.0,c270fb91ae7ce470,2325,244,270,False
0.12,2.0,c270fb91ae7ce470,2326,244,270,False
0.12,2.0,c270fb91ae7ce470,2327,244,270,False
0.12,2.0,c270fb91ae7ce470,2328,244,270,False
0.12,2.0,c270fb91ae7ce470,2329,244,270,False
0.12,2.0,c270fb91ae7ce470,2330,244,270,False
0.12,2.0,c270fb91ae7ce470,2331,244,270,False
0.12,2.0,c270fb91ae7ce470,2332,244,271,False
0.12,2.0,c270fb91ae7ce470,2333,245,271,False
0.12,2.0,c270fb91ae7ce470,2334,245,271,False
0.12,2.0,c270fb91ae7ce470,2335,245,271,False
0.12,2.0,c270fb91ae7ce470,2336,245,271,False
0.12,2.0,c270fb91ae7ce470,2337,245,271,False
0.12,2.0,c270fb91ae7ce470,2338,245,271,False
0.12,2.0,c270fb91ae7ce470,2339,245,271,False
0.12,2.0,c270fb91ae7ce470,2340,245,271,False
0.12,2.0,c270fb91ae7ce470,2341,245,272,False
0.12,2.0,c270fb91ae7ce470,2342,246,272,False
0.12,2.0,c270fb91ae7ce470,2343,246,272,False
0.12,2.0,c270fb91ae7ce470,2344,246,272,False
0.12,2.0,c270fb91ae7ce470,2345,246,272,False
0.12,2.0,c270fb91ae7ce470,2346,246,272,False
0.12,2.0,c270fb91ae7ce470,2347,246,272,False
0.12,2.0,c270fb91ae7ce470,2348,246,272,False
0.12,2.0,c270fb91ae7ce470,2349,246,272,False
0.12,2.0,c270fb91ae7ce470,2350,246,272,False
0.12,2.0,c270fb91ae7ce470,2351,246,273,False
0.12,2.0,c270fb91ae7ce470,2352,247,273,False
0.12,2.0,c270fb91ae7ce470,2353,247,273,False
0.12,2.0,c270fb91ae7ce470,2354,247,273,False
0.12,2.0,c270fb91ae7ce470,2355,247,273,False
0.12,2.0,c270fb91ae7ce470,2356,247,273,False
0.12,2.0,c270fb91ae7ce470,2357,247,273,False
0.12,2.0,c270fb91ae7ce470,2358,247,273,False
0.12,2.0,c270fb91ae7ce470,2359,247,273,False
0.12,2.0,c270fb91ae7ce470,2360,247,274,False
0.12,2.0,c270fb91ae7ce470,2361,248,274,False
0.12,2.0,c270fb91ae7ce470,2362,248,274,False
0.12,2.0,c270fb91ae7ce470,2363,248,274,False
0.12,2.0,c270fb91ae7ce470,2364,248,274,False
0.12,2.0,c270fb91ae7ce470,2365,248,274,False
0.12,2.0,c270fb91ae7ce470,2366,248,274,False
0.12,2.0,c270fb91ae7ce470,2367,248,274,False
0.12,2.0,c270fb91ae7ce470,2368,248,274,False
0.12,2.0,c270fb91ae7ce470,2369,248,275,False
0.12,2.0,c270fb91ae7ce470,2370,249,275,False
0.12,2.0,c270fb91ae7ce470,2371,249,275,False
0.12,2.0,c270fb91ae7ce470,2372,249,275,False
0.12,2.0,c270fb91ae7ce470,2373,249,275,False
0.12,2.0,c270fb91ae7ce470,2374,249,275,False
0.12,2.0,c270fb91ae7ce470,2375,249,275,False
0.12,2.0,c270fb91ae7ce470,2376,249,275,False
0.12,2.0,c270fb91ae7ce470,2377,249,275,False
0.12,2.0,c270fb91ae7ce470,2378,249,276,False
0.12,2.0,c270fb91ae7ce470,2379,250,276,False
0.12,2.0,c270fb91ae7ce470,2380,250,276,False
0.12,2.0,c270fb91ae7ce470,2381,250,276,False
0.12,2.0,c270fb91ae7ce470,2382,250,276,False
0.12,2.0,c270fb91ae7ce470,2383,250,276,False
0.12,2.0,c270fb91ae7ce470,2384,250,276,False
0.12,2.0,c270fb91ae7ce470,2385,250,276,False
0.12,2.0,c270fb91ae7ce470,2386,250,276,False
0.12,2.0,c270fb91ae7ce470,2387,250,277,False
0.12,2.0,c270fb91ae7ce470,2388,251,277,False
0.12,2.0,c270fb91ae7ce470,2389,251,277,False
0.12,2.0,c270fb91ae7ce470,2390,251,277,False
0.12,2.0,c270fb91ae7ce470,2391,251,277,False
0.12,2.0,c270fb91ae7ce470,2392,251,277,False
0.12,2.0,c270fb91ae7ce470,2393,251,277,False
0.12,2.0,c270fb91ae7ce470,2394,251,277,False
0.12,2.0,c270fb91ae7ce470,2395,251,277,False
0.12,2.0,c270fb91ae7ce470,2396,251,278,False
0.12,2.0,c270fb91ae7ce470,2397,252,278,False
0.12,2.0,c270fb91ae7ce470,2398,252,278,False
0.12,2.0,c270fb91ae7ce470,2399,252,278,False
0.12,2.0,c270fb91ae7ce470,2400,252,278,False
0.12,2.0,c270fb91ae7ce470,2401,252,278,False
0.12,2.0,c270fb91ae7ce470,2402,252,278,False
0.12,2.0,c270fb91ae7ce470,2403,252,278,False
0.12,2.0,c270fb91ae7ce470,2404,252,278,False
0.12,2.0,c270fb91ae7ce470,2405,252,279,False
0.12,2.0,c270fb91ae7ce470,2406,253,279,False
0.12,2.0,c270fb91ae7ce470,2407,253,279,False
0.12,2.0,c270fb91ae7ce470,2408,253,279,False
0.12,2.0,c270fb91ae7ce470,2409,253,279,False
0.12,2.0,c270fb91ae7ce470,2410,253,279,False
0.12,2.0,c270fb91ae7ce470,2411,253,279,False
0.12,2.0,c270fb91ae7ce470,2412,253,279,False
0.12,2.0,c270fb91ae7ce470,2413,253,279,False
0.12,2.0,c270fb91ae7ce470,2414,253,280,False
0.12,2.0,c270fb91ae7ce470,2415,254,280,False
0.12,2.0,c270fb91ae7ce470,2416,254,280,False
0.12,2.0,c270fb91ae7ce470,2417,254,280,False
0.12,2.0,c270fb91ae7ce470,2418,254,280,False
0.12,2.0,c270fb91ae7ce470,2419,254,280,False
0.12,2.0,c270fb91ae7ce470,2420,254,280,False
0.12,2.0,c270fb91ae7ce470,2421,254,280,False
0.12,2.0,c270fb91ae7ce470,2422,254,280,False
0.12,2.0,c270fb91ae7ce470,2423,254,280,False
0.12,2.0,c270fb91ae7ce470,2424,255,281,False
0.12,2.0,c270fb91ae7ce470,2425,255,281,False
0.12,2.0,c270fb91ae7ce470,2426,255,281,False
0.12,2.0,c270fb91ae7ce470,2427,255,281,False
0.12,2.0,c270fb91ae7ce470,2428,255,281,False
0.12,2.0,c270fb91ae7ce470,2429,255,281,False
0.12,2.0,c270fb91ae7ce470,2430,255,281,False
0.12,2.0,c270fb91ae7ce470,2431,255,281,False
0.12,2.0,c270fb91ae7ce470,2432,255,281,False
0.12,2.0,c270fb91ae7ce470,2433,255,282,False
0.12,2.0,c270fb91ae7ce470,2434,256,282,False
0.12,2.0,c270fb91ae7ce470,2435,256,282,False
0.12,2.0,c270fb91ae7ce470,2436,256,282,False
0.12,2.0,c270fb91ae7ce470,2437,256,282,False
0.12,2.0,c270fb91ae7ce470,2438,256,282,False
0.12,2.0,c270fb91ae7ce470,2439,256,282,False
0.12,2.0,c270fb91ae7ce470,2440,256,282,False
0.12,2.0,c270fb91ae7ce470,2441,256,282,False
0.12,2.0,c270fb91ae7ce470,2442,256,283,False
0.12,2.0,c270fb91ae7ce470,2443,257,283,False
0.12,2.0,c270fb91ae7ce470,2444,257,283,False
0.12,2.0,c270fb91ae7ce470,2445,257,283,False
0.12,2.0,c270fb91ae7ce470,2446,257,283,False
0.12,2.0,c270fb91ae7ce470,2447,257,283,False
0.12,2.0,c270fb91ae7ce470,2448,257,283,False
0.12,2.0,c270fb91ae7ce470,2449,257,283,False
0.12,2.0,c270fb91ae7ce470,2450,257,283,False
0.12,2.0,c270fb91ae7ce470,2451,257,284,False
0.12,2.0,c270fb91ae7ce470,2452,258,284,False
0.12,2.0,c270fb91ae7ce470,2453,258,284,False
0.12,2.0,c270fb91ae7ce470,2454,258,284,False
0.12,2.0,c270fb91ae7ce470,2455,258,284,False
0.12,2.0,c270fb91ae7ce470,2456,258,284,False
0.12,2.0,c270fb91ae7ce470,2457,258,284,False
0.12,2.0,c270fb91ae7ce470,2458,258,284,False
0.12,2.0,c270fb91ae7ce470,2459,258,284,False
0.12,2.0,c270fb91ae7ce470,2460,258,285,False
0.12,2.0,c270fb91ae7ce470,2461,259,285,False
0.12,2.0,c270fb91ae7ce470,2462,259,285,False
0.12,2.0,c270fb91ae7ce470,2463,259,285,False
0.12,2.0,c270fb91ae7ce470,2464,259,285,False
0.12,2.0,c270fb91ae7ce470,2465,259,285,False
0.12,2.0,c270fb91ae7ce470,2466,259,285,False
0.12,2.0,c270fb91ae7ce470,2467,259,285,False
0.12,2.0,c270fb91ae7ce470,2468,259,285,False
0.12,2.0,c270fb91ae7ce470,2469,259,286,False
0.12,2.0,c270fb91ae7ce470,2470,260,286,False
0.12,2.0,c270fb91ae7ce470,2471,260,286,False
0.12,2.0,c270fb91ae7ce470,2472,260,286,False
0.12,2.0,c270fb91ae7ce470,2473,260,286,False
0.12,2.0,c270fb91ae7ce470,2474,260,286,False
0.12,2.0,c270fb91ae7ce470,2475,260,286,False
0.12,2.0,c270fb91ae7ce470,2476,260,286,False
0.12,2.0,c270fb91ae7ce470,2477,260,286,False
0.12,2.0,c270fb91ae7ce470,2478,260,287,False
0.12,2.0,c270fb91ae7ce470,2479,261,287,False
0.12,2.0,c270fb91ae7ce470,2480,261,287,False
0.12,2.0,c270fb91ae7ce470,2481,261,287,False
0.12,2.0,c270fb91ae7ce470,2482,261,287,False
0.12,2.0,c270fb91ae7ce470,2483,261,287,False
0.12,2.0,c270fb91ae7ce470,2484,261,287,False
0.12,2.0,c270fb91ae7ce470,2485,261,287,False
0.12,2.0,c270fb91ae7ce470,2486,261,287,False
0.12,2.0,c270fb91ae7ce470,2487,261,288,False
0.12,2.0,c270fb91ae7ce470,2488,262,288,False
0.12,2.0,c270fb91ae7ce470,2489,262,288,False
0.12,2.0,c270fb91ae7ce470,2490,262,288,False
0.12,2.0,c270fb91ae7ce470,2491,262,288,False
0.12,2.0,c270fb91ae7ce470,2492,262,288,False
0.12,2.0,c270fb91ae7ce470,2493,262,288,False
0.12,2.0,c270fb91ae7ce470,2494,262,288,False
0.12,2.0,c270fb91ae7ce470,2495,262,288,False
0.12,2.0,c270fb91ae7ce470,2496,262,289,False
0.12,2.0,c270fb91ae7ce470,2497,263,289,False
0.12,2.0,c270fb91ae7ce470,2498,263,289,False
0.12,2.0,c270fb91ae7ce470,2499,263,289,False
0.12,2.0,c270fb91ae7ce470,2500,263,289,False
0.12,2.0,c270fb91ae7ce470,2501,263,289,False
0.12,2.0,c270fb91ae7ce470,2502,263,289,False
0.12,2.0,c270fb91ae7ce470,2503,263,289,False
0.12,2.0,c270fb91ae7ce470,2504,263,289,False
0.12,2.0,c270fb91ae7ce470,2505,263,289,False
0.12,2.0,c270fb91ae7ce470,2506,263,290,False
0.12,2.0,c270fb91ae7ce470,2507,264,290,False
0.12,2.0,c270fb91ae7ce470,2508,264,290,False
0.12,2.0,c270fb91ae7ce470,2509,264,290,False
0.12,2.0,c270fb91ae7ce470,2510,264,290,False
0.12,2.0,c270fb91ae7ce470,2511,264,290,False
0.12,2.0,c270fb91ae7ce470,2512,264,290,False
0.12,2.0,c270fb91ae7ce470,2513,264,290,False
0.12,2.0,c270fb91ae7ce470,2514,264,290,False
0.12,2.0,c270fb91ae7ce470,2515,264,291,False
0.12,2.0,c270fb91ae7ce470,2516,265,291,False
0.12,2.0,c270fb91ae7ce470,2517,265,291,False
0.12,2.0,c270fb91ae7ce470,2518,265,291,False
0.12,2.0,c270fb91ae7ce470,2519,265,291,False
0.12,2.0,c270fb91ae7ce470,2520,265,291,False
0.12,2.0,c270fb91ae7ce470,2521,265,291,False
0.12,2.0,c270fb91ae7ce470,2522,265,291,False
0.12,2.0,c270fb91ae7ce470,2523,265,291,False
0.12,2.0,c270fb91ae7ce470,2524,265,292,False
0.12,2.0,c270fb91ae7ce470,2525,266,292,False
0.12,2.0,c270fb91ae7ce470,2526,266,292,False
0.12,2.0,c270fb91ae7ce470,2527,266,292,False
0.12,2.0,c270fb91ae7ce470,2528,266,292,False
0.12,2.0,c270fb91ae7ce470,2529,266,292,False
0.12,2.0,c270fb91ae7ce470,2530,266,292,False
0.12,2.0,c270fb91ae7ce470,2531,266,292,False
0.12,2.0,c270fb91ae7ce470,2532,266,292,False
0.12,2.0,c270fb91ae7ce470,2533,266,293,False
0.12,2.0,c270fb91ae7ce470,2534,267,293,False
0.12,2.0,c270fb91ae7ce470,2535,267,293,False
0.12,2.0,c270fb91ae7ce470,2536,267,293,False
0.12,2.0,c270fb91ae7ce470,2537,267,293,False
0.12,2.0,c270fb91ae7ce470,2538,267,293,False
0.12,2.0,c270fb91ae7ce470,2539,267,293,False
0.12,2.0,c270fb91ae7ce470,2540,267,293,False
0.12,2.0,c270fb91ae7ce470,2541,267,293,False
0.12,2.0,c270fb91ae7ce470,2542,267,294,False
0.12,2.0,c270fb91ae7ce470,2543,268,294,False
0.12,2.0,c270fb91ae7ce470,2544,268,294,False
0.12,2.0,c270fb91ae7ce470,2545,268,294,False
0.12,2.0,c270fb91ae7ce470,2546,268,294,False
0.12,2.0,c270fb91ae7ce470,2547,268,294,False
0.12,2.0,c270fb91ae7ce470,2548,268,294,False
0.12,2.0,c270fb91ae7ce470,2549,268,294,False
0.12,2.0,c270fb91ae7ce470,2550,268,294,False
0.12,2.0,c270fb91ae7ce470,2551,268,295,False
0.12,2.0,c270fb91ae7ce470,2552,269,295,False
0.12,2.0,c270fb91ae7ce470,2553,269,295,False
0.12,2.0,c270fb91ae7ce470,2554,269,295,False
0.12,2.0,c270fb91ae7ce470,2555,269,295,False
0.12,2.0,c270fb91ae7ce470,2556,269,295,False
0.12,2.0,c270fb91ae7ce470,2557,269,295,False
0.12,2.0,c270fb91ae7ce470,2558,269,295,False
0.12,2.0,c270fb91ae7ce470,2559,269,295,False
0.12,2.0,c270fb91ae7ce470,2560,269,296,False
0.12,2.0,c270fb91ae7ce470,2561,270,296,False
0.12,2.0,c270fb91ae7ce470,2562,270,296,False
0.12,2.0,c270fb91ae7ce470,2563,270,296,False
0.12,2.0,c270fb91ae7ce470,2564,270,296,False
0.12,2.0,c270fb91ae7ce470,2565,270,296,False
0.12,2.0,c270fb91ae7ce470,2566,270,296,False
0.12,2.0,c270fb91ae7ce470,2567,270,296,False
0.12,2.0,c270fb91ae7ce470,2568,270,296,False
0.12,2.0,c270fb91ae7ce470,2569,270,297,False
0.12,2.0,c270fb91ae7ce470,2570,271,297,False
0.12,2.0,c270fb91ae7ce470,2571,271,297,False
0.12,2.0,c270fb91ae7ce470,2572,271,297,False
0.12,2.0,c270fb91ae7ce470,2573,271,297,False
0.12,2.0,c270fb91ae7ce470,2574,271,297,False
0.12,2.0,c270fb91ae7ce470,2575,271,297,False
0.12,2.0,c270fb91ae7ce470,2576,271,297,False
0.12,2.0,c270fb91ae7ce470,2577,271,297,False
0.12,2.0,c270fb91ae7ce470,2578,271,298,False
0.12,2.0,c270fb91ae7ce470,2579,272,298,False
0.12,2.0,c270fb91ae7ce470,2580,272,298,False
0.12,2.0,c270fb91ae7ce470,2581,272,298,False
0.12,2.0,c270fb91ae7ce470,2582,272,298,False
0.12,2.0,c270fb91ae7ce470,2583,272,298,False
0.12,2.0,c270fb91ae7ce470,2584,272,298,False
0.12,2.0,c270fb91ae7ce470,2585,272,298,False
0.12,2.0,c270fb91ae7ce470,2586,272,298,False
0.12,2.0,c270fb91ae7ce470,2587,272,298,False
0.12,2.0,c270fb91ae7ce470,2588,272,299,False
0.12,2.0,c270fb91ae7ce470,2589,273,299,False
0.12,2.0,c270fb91ae7ce470,2590,273,299,False
0.12,2.0,c270fb91ae7ce470,2591,273,299,False
0.12,2.0,c270fb91ae7ce470,2592,273,299,False
0.12,2.0,c270fb91ae7ce470,2593,273,299,False
0.12,2.0,c270fb91ae7ce470,2594,273,299,False
0.12,2.0,c270fb91ae7ce470,2595,273,299,False
0.12,2.0,c270fb91ae7ce470,2596,273,299,False
0.12,2.0,c270fb91ae7ce470,2597,273,300,False
0.12,2.0,c270fb91ae7ce470,2598,274,300,False
0.12,2.0,c270fb91ae7ce470,2599,274,300,False
0.12,2.0,c270fb91ae7ce470,2600,274,300,False
0.12,2.0,c270fb91ae7ce470,2601,274,300,False
0.12,2.0,c270fb91ae7ce470,2602,274,300,False
0.12,2.0,c270fb91ae7ce470,2603,274,300,False
0.12,2.0,c270fb91ae7ce470,2604,274,300,False
0.12,2.0,c270fb91ae7ce470,2605,274,300,False
0.12,2.0,c270fb91ae7ce470,2606,274,301,False
0.12,2.0,c270fb91ae7ce470,2607,275,301,False
0.12,2.0,c270fb91ae7ce470,2608,275,301,False
0.12,2.0,c270fb91ae7ce470,2609,275,301,False
0.12,2.0,c270fb91ae7ce470,2610,275,301,False
0.12,2.0,c270fb91ae7ce470,2611,275,301,False
0.12,2.0,c270fb91ae7ce470,2612,275,301,False
0.12,2.0,c270fb91ae7ce470,2613,275,301,False
0.12,2.0,c270fb91ae7ce470,2614,275,301,False
0.12,2.0,c270fb91ae7ce470,2615,275,302,False
0.12,2.0,c270fb91ae7ce470,2616,276,302,False
0.12,2.0,c270fb91ae7ce470,2617,276,302,False
0.12,2.0,c270fb91ae7ce470,2618,276,302,False
0.12,2.0,c270fb91ae7ce470,2619,276,302,False
0.12,2.0,c270fb91ae7ce470,2620,276,302,False
0.12,2.0,c270fb91ae7ce470,2621,276,302,False
0.12,2.0,c270fb91ae7ce470,2622,276,302,False
0.12,2.0,c270fb91ae7ce470,2623,276,302,False
0.12,2.0,c270fb91ae7ce470,2624,276,303,False
0.12,2.0,c270fb91ae7ce470,2625,277,303,False
0.12,2.0,c270fb91ae7ce470,2626,277,303,False
0.12,2.0,c270fb91ae7ce470,2627,277,303,False
0.12,2.0,c270fb91ae7ce470,2628,277,303,False
0.12,2.0,c270fb91ae7ce470,2629,277,303,False
0.12,2.0,c270fb91ae7ce470,2630,277,303,False
0.12,2.0,c270fb91ae7ce470,2631,277,303,False
0.12,2.0,c270fb91ae7ce470,2632,277,303,False
0.12,2.0,c270fb91ae7ce470,2633,277,304,False
0.12,2.0,c270fb91ae7ce470,2634,278,304,False
0.12,2.0,c270fb91ae7ce470,2635,278,304,False
0.12,2.0,c270fb91ae7ce470,2636,278,304,False
0.12,2.0,c270fb91ae7ce470,2637,278,304,False
0.12,2.0,c270fb91ae7ce470,2638,278,304,False
0.12,2.0,c270fb91ae7ce470,2639,278,304,False
0.12,2.0,c270fb91ae7ce470,2640,278,304,False
0.12,2.0,c270fb91ae7ce470,2641,278,304,False
0.12,2.0,c270fb91ae7ce470,2642,278,305,False
0.12,2.0,c270fb91ae7ce470,2643,279,305,False
0.12,2.0,c270fb91ae7ce470,2644,279,305,False
0.12,2.0,c270fb91ae7ce470,2645,279,305,False
0.12,2.0,c270fb91ae7ce470,2646,279,305,False
0.12,2.0,c270fb91ae7ce470,2647,279,305,False
0.12,2.0,c270fb91ae7ce470,2648,279,305,False
0.12,2.0,c270fb91ae7ce470,2649,279,305,False
0.12,2.0,c270fb91ae7ce470,2650,279,305,False
0.12,2.0,c270fb91ae7ce470,2651,279,306,False
0.12,2.0,c270fb91ae7ce470,2652,280,306,False
0.12,2.0,c270fb91ae7ce470,2653,280,306,False
0.12,2.0,c270fb91ae7ce470,2654,280,306,False
0.12,2.0,c270fb91ae7ce470,2655,280,306,False
0.12,2.0,c270fb91ae7ce470,2656,280,306,False
0.12,2.0,c270fb91ae7ce470,2657,280,306,False
0.12,2.0,c270fb91ae7ce470,2658,280,306,False
0.12,2.0,c270fb91ae7ce470,2659,280,306,False
0.12,2.0,c270fb91ae7ce470,2660,280,307,False
0.12,2.0,c270fb91ae7ce470,2661,281,307,False
0.12,2.0,c270fb91ae7ce470,2662,281,307,False
0.12,2.0,c270fb91ae7ce470,2663,281,307,False
0.12,2.0,c270fb91ae7ce470,2664,281,307,False
0.12,2.0,c270fb91ae7ce470,2665,281,307,False
0.12,2.0,c270fb91ae7ce470,2666,281,307,False
0.12,2.0,c270fb91ae7ce470,2667,281,307,False
0.12,2.0,c270fb91ae7ce470,2668,281,307,False
0.12,2.0,c270fb91ae7ce470,2669,281,307,False
0.12,2.0,c270fb91ae7ce470,2670,281,308,False
0.12,2.0,c270fb91ae7ce470,2671,282,308,False
0.12,2.0,c270fb91ae7ce470,2672,282,308,False
0.12,2.0,c270fb91ae7ce470,2673,282,308,False
0.12,2.0,c270fb91ae7ce470,2674,282,308,False
0.12,2.0,c270fb91ae7ce470,2675,282,308,False
0.12,2.0,c270fb91ae7ce470,2676,282,308,False
0.12,2.0,c270fb91ae7ce470,2677,282,308,False
0.12,2.0,c270fb91ae7ce470,2678,282,308,False
0.12,2.0,c270fb91ae7ce470,2679,282,309,False
0.12,2.0,c270fb91ae7ce470,2680,283,309,False
0.12,2.0,c270fb91ae7ce470,2681,283,309,False
0.12,2.0,c270fb91ae7ce470,2682,283,309,False
0.12,2.0,c270fb91ae7ce470,2683,283,309,False
0.12,2.0,c270fb91ae7ce470,2684,283,309,False
0.12,2.0,c270fb91ae7ce470,2685,283,309,False
0.12,2.0,c270fb91ae7ce470,2686,283,309,False
0.12,2.0,c270fb91ae7ce470,2687,283,309,False
0.12,2.0,c270fb91ae7ce470,2688,283,310,False
0.12,2.0,c270fb91ae7ce470,2689,284,310,False
0.12,2.0,c270fb91ae7ce470,2690,284,310,False
0.12,2.0,c270fb91ae7ce470,2691,284,310,False
0.12,2.0,c270fb91ae7ce470,2692,284,310,False
0.12,2.0,c270fb91ae7ce470,2693,284,310,False
0.12,2.0,c270fb91ae7ce470,2694,284,310,False
0.12,2.0,c270fb91ae7ce470,2695,284,310,False
0.12,2.0,c270fb91ae7ce470,2696,284,310,False
0.12,2.0,c270fb91ae7ce470,2697,284,311,False
0.12,2.0,c270fb91ae7ce470,2698,285,311,False
0.12,2.0,c270fb91ae7ce470,2699,285,311,False
0.12,2.0,c270fb91ae7ce470,2700,285,311,False
0.12,2.0,c270fb91ae7ce470,2701,285,311,False
0.12,2.0,c270fb91ae7ce470,2702,285,311,False
0.12,2.0,c270fb91ae7ce470,2703,285,311,False
0.12,2.0,c270fb91ae7ce470,2704,285,311,False
0.12,2.0,c270fb91ae7ce470,2705,285,311,False
0.12,2.0,c270fb91ae7ce470,2706,285,312,False
0.12,2.0,c270fb91ae7ce470,2707,286,312,False
0.12,2.0,c270fb91ae7ce470,2708,286,312,False
0.12,2.0,c270fb91ae7ce470,2709,286,312,False
0.12,2.0,c270fb91ae7ce470,2710,286,312,False
0.12,2.0,c270fb91ae7ce470,2711,286,312,False
0.12,2.0,c270fb91ae7ce470,2712,286,312,False
0.12,2.0,c270fb91ae7ce470,2713,286,312,False
0.12,2.0,c270fb91ae7ce470,2714,286,312,False
0.12,2.0,c270fb91ae7ce470,2715,286,313,False
0.12,2.0,c270fb91ae7ce470,2716,287,313,False
0.12,2.0,c270fb91ae7ce470,2717,287,313,False
0.12,2.0,c270fb91ae7ce470,2718,287,313,False
0.12,2.0,c270fb91ae7ce470,2719,287,313,False
0.12,2.0,c270fb91ae7ce470,2720,287,313,False
0.12,2.0,c270fb91ae7ce470,2721,287,313,False
0.12,2.0,c270fb91ae7ce470,2722,287,313,False
0.12,2.0,c270fb91ae7ce470,2723,287,313,False
0.12,2.0,c270fb91ae7ce470,2724,287,314,False
0.12,2.0,c270fb91ae7ce470,2725,288,314,False
0.12,2.0,c270fb91ae7ce470,2726,288,314,False
0.12,2.0,c270fb91ae7ce470,2727,288,314,False
0.12,2.0,c270fb91ae7ce470,2728,288,314,False
0.12,2.0,c270fb91ae7ce470,2729,288,314,False
0.12,2.0,c270fb91ae7ce470,2730,288,314,False
0.12,2.0,c270fb91ae7ce470,2731,288,314,False
0.12,2.0,c270fb91ae7ce470,2732,288,314,False
0.12,2.0,c270fb91ae7ce470,2733,288,315,False
0.12,2.0,c270fb91ae7ce470,2734,289,315,False
0.12,2.0,c270fb91ae7ce470,2735,289,315,False
0.12,2.0,c270fb91ae7ce470,2736,289,315,False
0.12,2.0,c270fb91ae7ce470,2737,289,315,False
0.12,2.0,c270fb91ae7ce470,2738,289,315,False
0.12,2.0,c270fb91ae7ce470,2739,289,315,False
0.12,2.0,c270fb91ae7ce470,2740,289,315,False
0.12,2.0,c270fb91ae7ce470,2741,289,315,False
0.12,2.0,c270fb91ae7ce470,2742,289,316,False
0.12,2.0,c270fb91ae7ce470,2743,290,316,False
0.12,2.0,c270fb91ae7ce470,2744,290,316,False
0.12,2.0,c270fb91ae7ce470,2745,290,316,False
0.12,2.0,c270fb91ae7ce470,2746,290,316,False
0.12,2.0,c270fb91ae7ce470,2747,290,316,False
0.12,2.0,c270fb91ae7ce470,2748,290,316,False
0.12,2.0,c270fb91ae7ce470,2749,290,316,False
0.12,2.0,c270fb91ae7ce470,2750,290,316,False
0.12,2.0,c270fb91ae7ce470,2751,290,316,False
0.12,2.0,c270fb91ae7ce470,2752,290,317,False
0.12,2.0,c270fb91ae7ce470,2753,291,317,False
0.12,2.0,c270fb91ae7ce470,2754,291,317,False
0.12,2.0,c270fb91ae7ce470,2755,291,317,False
0.12,2.0,c270fb91ae7ce470,2756,291,317,False
0.12,2.0,c270fb91ae7ce470,2757,291,317,False
0.12,2.0,c270fb91ae7ce470,2758,291,317,False
0.12,2.0,c270fb91ae7ce470,2759,291,317,False
0.12,2.0,c270fb91ae7ce470,2760,291,317,False
0.12,2.0,c270fb91ae7ce470,2761,291,318,False
0.12,2.0,c270fb91ae7ce470,2762,292,318,False
0.12,2.0,c270fb91ae7ce470,2763,292,318,False
0.12,2.0,c270fb91ae7ce470,2764,292,318,False
0.12,2.0,c270fb91ae7ce470,2765,292,318,False
0.12,2.0,c270fb91ae7ce470,2766,292,318,False
0.12,2.0,c270fb91ae7ce470,2767,292,318,False
0.12,2.0,c270fb91ae7ce470,2768,292,318,False
0.12,2.0,c270fb91ae7ce470,2769,292,318,False
0.12,2.0,c270fb91ae7ce470,2770,292,319,False
0.12,2.0,c270fb91ae7ce470,2771,293,319,False
0.12,2.0,c270fb91ae7ce470,2772,293,319,False
0.12,2.0,c270fb91ae7ce470,2773,293,319,False
0.12,2.0,c270fb91ae7ce470,2774,293,319,False
0.12,2.0,c270fb91ae7ce470,2775,293,319,False
0.12,2.0,c270fb91ae7ce470,2776,293,319,False
0.12,2.0,c270fb91ae7ce470,2777,293,319,False
0.12,2.0,c270fb91ae7ce470,2778,293,319,False
0.12,2.0,c270fb91ae7ce470,2779,293,320,False
0.12,2.0,c270fb91ae7ce470,2780,294,320,False
0.12,2.0,c270fb91ae7ce470,2781,294,320,False
0.12,2.0,c270fb91ae7ce470,2782,294,320,False
0.12,2.0,c270fb91ae7ce470,2783,294,320,False
0.12,2.0,c270fb91ae7ce470,2784,294,320,False
0.12,2.0,c270fb91ae7ce470,2785,294,320,False
0.12,2.0,c270fb91ae7ce470,2786,294,320,False
0.12,2.0,c270fb91ae7ce470,2787,294,320,False
0.12,2.0,c270fb91ae7ce470,2788,294,321,False
0.12,2.0,c270fb91ae7ce470,2789,295,321,False
0.12,2.0,c270fb91ae7ce470,2790,295,321,False
0.12,2.0,c270fb91ae7ce470,2791,295,321,False
0.12,2.0,c270fb91ae7ce470,2792,295,321,False
0.12,2.0,c270fb91ae7ce470,2793,295,321,False
0.12,2.0,c270fb91ae7ce470,2794,295,321,False
0.12,2.0,c270fb91ae7ce470,2795,295,321,False
0.12,2.0,c270fb91ae7ce470,2796,295,321,False
0.12,2.0,c270fb91ae7ce470,2797,295,322,False
0.12,2.0,c270fb91ae7ce470,2798,296,322,False
0.12,2.0,c270fb91ae7ce470,2799,296,322,False
0.12,2.0,c270fb91ae7ce470,2800,296,322,False
0.12,2.0,c270fb91ae7ce470,2801,296,322,False
0.12,2.0,c270fb91ae7ce470,2802,296,322,False
0.12,2.0,c270fb91ae7ce470,2803,296,322,False
0.12,2.0,c270fb91ae7ce470,2804,296,322,False
0.12,2.0,c270fb91ae7ce470,2805,296,322,False
0.12,2.0,c270fb91ae7ce470,2806,296,323,False
0.12,2.0,c270fb91ae7ce470,2807,297,323,False
0.12,2.0,c270fb91ae7ce470,2808,297,323,False
0.12,2.0,c270fb91ae7ce470,2809,297,323,False
0.12,2.0,c270fb91ae7ce470,2810,297,323,False
0.12,2.0,c270fb91ae7ce470,2811,297,323,False
0.12,2.0,c270fb91ae7ce470,2812,297,323,False
0.12,2.0,c270fb91ae7ce470,2813,297,323,False
0.12,2.0,c270fb91ae7ce470,2814,297,323,False
0.12,2.0,c270fb91ae7ce470,2815,297,324,False
0.12,2.0,c270fb91ae7ce470,2816,298,324,False
0.12,2.0,c270fb91ae7ce470,2817,298,324,False
0.12,2.0,c270fb91ae7ce470,2818,298,324,False
0.12,2.0,c270fb91ae7ce470,2819,298,324,False
0.12,2.0,c270fb91ae7ce470,2820,298,324,False
0.12,2.0,c270fb91ae7ce470,2821,298,324,False
0.12,2.0,c270fb91ae7ce470,2822,298,324,False
0.12,2.0,c270fb91ae7ce470,2823,298,324,False
0.12,2.0,c270fb91ae7ce470,2824,298,325,False
0.12,2.0,c270fb91ae7ce470,2825,299,325,False
0.12,2.0,c270fb91ae7ce470,2826,299,325,False
0.12,2.0,c270fb91ae7ce470,2827,299,325,False
0.12,2.0,c270fb91ae7ce470,2828,299,325,False
0.12,2.0,c270fb91ae7ce470,2829,299,325,False
0.12,2.0,c270fb91ae7ce470,2830,299,325,False
0.12,2.0,c270fb91ae7ce470,2831,299,325,False
0.12,2.0,c270fb91ae7ce470,2832,299,325,False
0.12,2.0,c270fb91ae7ce470,2833,299,325,False
0.12,2.0,c270fb91ae7ce470,2834,299,326,False
0.12,2.0,c270fb91ae7ce470,2835,300,326,False
0.12,2.0,c270fb91ae7ce470,2836,300,326,False
0.12,2.0,c270fb91ae7ce470,2837,300,326,False
0.12,2.0,c270fb91ae7ce470,2838,300,326,False
0.12,2.0,c270fb91ae7ce470,2839,300,326,False
0.12,2.0,c270fb91ae7ce470,2840,300,326,False
0.12,2.0,c270fb91ae7ce470,2841,300,326,False
0.12,2.0,c270fb91ae7ce470,2842,300,326,False
0.12,2.0,c270fb91ae7ce470,2843,300,327,False
0.12,2.0,c270fb91ae7ce470,2844,301,327,False
0.12,2.0,c270fb91ae7ce470,2845,301,327,False
0.12,2.0,c270fb91ae7ce470,2846,301,327,False
0.12,2.0,c270fb91ae7ce470,2847,301,327,False
0.12,2.0,c270fb91ae7ce470,2848,301,327,False
0.12,2.0,c270fb91ae7ce470,2849,301,327,False
0.12,2.0,c270fb91ae7ce470,2850,301,327,False
0.12,2.0,c270fb91ae7ce470,2851,301,327,False
0.12,2.0,c270fb91ae7ce470,2852,301,328,False
0.12,2.0,c270fb91ae7ce470,2853,302,328,False
0.12,2.0,c270fb91ae7ce470,2854,302,328,False
0.12,2.0,c270fb91ae7ce470,2855,302,328,False
0.12,2.0,c270fb91ae7ce470,2856,302,328,False
0.12,2.0,c270fb91ae7ce470,2857,302,328,False
0.12,2.0,c270fb91ae7ce470,2858,302,328,False
0.12,2.0,c270fb91ae7ce470,2859,302,328,False
0.12,2.0,c270fb91ae7ce470,2860,302,328,False
0.12,2.0,c270fb91ae7ce470,2861,302,329,False
0.12,2.0,c270fb91ae7ce470,2862,303,329,False
0.12,2.0,c270fb91ae7ce470,2863,303,329,False
0.12,2.0,c270fb91ae7ce470,2864,303,329,False
0.12,2.0,c270fb91ae7ce470,2865,303,329,False
0.12,2.0,c270fb91ae7ce470,2866,303,329,False
0.12,2.0,c270fb91ae7ce470,2867,303,329,False
0.12,2.0,c270fb91ae7ce470,2868,303,329,False
0.12,2.0,c270fb91ae7ce470,2869,303,329,False
0.12,2.0,c270fb91ae7ce470,2870,303,330,False
0.12,2.0,c270fb91ae7ce470,2871,304,330,False
0.12,2.0,c270fb91ae7ce470,2872,304,330,False
0.12,2.0,c270fb91ae7ce470,2873,304,330,False
0.12,2.0,c270fb91ae7ce470,2874,304,330,False
0.12,2.0,c270fb91ae7ce470,2875,304,330,False
0.12,2.0,c270fb91ae7ce470,2876,304,330,False
0.12,2.0,c270fb91ae7ce470,2877,304,330,False
0.12,2.0,c270fb91ae7ce470,2878,304,330,False
0.12,2.0,c270fb91ae7ce470,2879,304,331,False
0.12,2.0,c270fb91ae7ce470,2880,305,331,False
0.12,2.0,c270fb91ae7ce470,2881,305,331,False
0.12,2.0,c270fb91ae7ce470,2882,305,331,False
0.12,2.0,c270fb91ae7ce470,2883,305,331,False
0.12,2.0,c270fb91ae7ce470,2884,305,331,False
0.12,2.0,c270fb91ae7ce470,2885,305,331,False
0.12,2.0,c270fb91ae7ce470,2886,305,331,False
0.12,2.0,c270fb91ae7ce470,2887,305,331,False
0.12,2.0,c270fb91ae7ce470,2888,305,332,False
0.12,2.0,c270fb91ae7ce470,2889,306,332,False
0.12,2.0,c270fb91ae7ce470,2890,306,332,False
0.12,2.0,c270fb91ae7ce470,2891,306,332,False
0.12,2.0,c270fb91ae7ce470,2892,306,332,False
0.12,2.0,c270fb91ae7ce470,2893,306,332,False
0.12,2.0,c270fb91ae7ce470,2894,306,332,False
0.12,2.0,c270fb91ae7ce470,2895,306,332,False
0.12,2.0,c270fb91ae7ce470,2896,306,332,False
0.12,2.0,c270fb91ae7ce470,2897,306,333,False
0.12,2.0,c270fb91ae7ce470,2898,307,333,False
0.12,2.0,c270fb91ae7ce470,2899,307,333,False
0.12,2.0,c270fb91ae7ce470,2900,307,333,False
0.12,2.0,c270fb91ae7ce470,2901,307,333,False
0.12,2.0,c270fb91ae7ce470,2902,307,333,False
0.12,2.0,c270fb91ae7ce470,2903,307,333,False
0.12,2.0,c270fb91ae7ce470,2904,307,333,False
0.12,2.0,c270fb91ae7ce470,2905,307,333,False
0.12,2.0,c270fb91ae7ce470,2906,307,333,False
0.12,2.0,c270fb91ae7ce470,2907,308,334,False
0.12,2.0,c270fb91ae7ce470,2908,308,334,False
0.12,2.0,c270fb91ae7ce470,2909,308,334,False
0.12,2.0,c270fb91ae7ce470,2910,308,334,False
0.12,2.0,c270fb91ae7ce470,2911,308,334,False
0.12,2.0,c270fb91ae7ce470,2912,308,334,False
0.12,2.0,c270fb91ae7ce470,2913,308,334,False
0.12,2.0,c270fb91ae7ce470,2914,308,334,False
0.12,2.0,c270fb91ae7ce470,2915,308,334,False
0.12,2.0,c270fb91ae7ce470,2916,308,335,False
0.12,2.0,c270fb91ae7ce470,2917,309,335,False
0.12,2.0,c270fb91ae7ce470,2918,309,335,False
0.12,2.0,c270fb91ae7ce470,2919,309,335,False
0.12,2.0,c270fb91ae7ce470,2920,309,335,False
0.12,2.0,c270fb91ae7ce470,2921,309,335,False
0.12,2.0,c270fb91ae7ce470,2922,309,335,False
0.12,2.0,c270fb91ae7ce470,2923,309,335,False
0.12,2.0,c270fb91ae7ce470,2924,309,335,False
0.12,2.0,c270fb91ae7ce470,2925,309,336,False
0.12,2.0,c270fb91ae7ce470,2926,310,336,False
0.12,2.0,c270fb91ae7ce470,2927,310,336,False
0.12,2.0,c270fb91ae7ce470,2928,310,336,False
0.12,2.0,c270fb91ae7ce470,2929,310,336,False
0.12,2.0,c270fb91ae7ce470,2930,310,336,False
0.12,2.0,c270fb91ae7ce470,2931,310,336,False
0.12,2.0,c270fb91ae7ce470,2932,310,336,False
0.12,2.0,c270fb91ae7ce470,2933,310,336,False
0.12,2.0,c270fb91ae7ce470,2934,310,337,False
0.12,2.0,c270fb91ae7ce470,2935,311,337,False
0.12,2.0,c270fb91ae7ce470,2936,311,337,False
0.12,2.0,c270fb91ae7ce470,2937,311,337,False
0.12,2.0,c270fb91ae7ce470,2938,311,337,False
0.12,2.0,c270fb91ae7ce470,2939,311,337,False
0.12,2.0,c270fb91ae7ce470,2940,311,337,False
0.12,2.0,c270fb91ae7ce470,2941,311,337,False
0.12,2.0,c270fb91ae7ce470,2942,311,337,False
0.12,2.0,c270fb91ae7ce470,2943,311,338,False
0.12,2.0,c270fb91ae7ce470,2944,312,338,False
0.12,2.0,c270fb91ae7ce470,2945,312,338,False
0.12,2.0,c270fb91ae7ce470,2946,312,338,False
0.12,2.0,c270fb91ae7ce470,2947,312,338,False
0.12,2.0,c270fb91ae7ce470,2948,312,338,False
0.12,2.0,c270fb91ae7ce470,2949,312,338,False
0.12,2.0,c270fb91ae7ce470,2950,312,338,False
0.12,2.0,c270fb91ae7ce470,2951,312,338,False
0.12,2.0,c270fb91ae7ce470,2952,312,339,False
0.12,2.0,c270fb91ae7ce470,2953,313,339,False
0.12,2.0,c270fb91ae7ce470,2954,313,339,False
0.12,2.0,c270fb91ae7ce470,2955,313,339,False
0.12,2.0,c270fb91ae7ce470,2956,313,339,False
0.12,2.0,c270fb91ae7ce470,2957,313,339,False
0.12,2.0,c270fb91ae7ce470,2958,313,339,False
0.12,2.0,c270fb91ae7ce470,2959,313,339,False
0.12,2.0,c270fb91ae7ce470,2960,313,339,False
0.12,2.0,c270fb91ae7ce470,2961,313,340,False
0.12,2.0,c270fb91ae7ce470,2962,314,340,False
0.12,2.0,c270fb91ae7ce470,2963,314,340,False
0.12,2.0,c270fb91ae7ce470,2964,314,340,False
0.12,2.0,c270fb91ae7ce470,2965,314,340,False
0.12,2.0,c270fb91ae7ce470,2966,314,340,False
0.12,2.0,c270fb91ae7ce470,2967,314,340,False
0.12,2.0,c270fb91ae7ce470,2968,314,340,False
0.12,2.0,c270fb91ae7ce470,2969,314,340,False
0.12,2.0,c270fb91ae7ce470,2970,314,341,False
0.12,2.0,c270fb91ae7ce470,2971,315,341,False
0.12,2.0,c270fb91ae7ce470,2972,315,341,False
0.12,2.0,c270fb91ae7ce470,2973,315,341,False
0.12,2.0,c270fb91ae7ce470,2974,315,341,False
0.12,2.0,c270fb91ae7ce470,2975,315,341,False
0.12,2.0,c270fb91ae7ce470,2976,315,341,False
0.12,2.0,c270fb91ae7ce470,2977,315,341,False
0.12,2.0,c270fb91ae7ce470,2978,315,341,False
0.12,2.0,c270fb91ae7ce470,2979,315,342,False
0.12,2.0,c270fb91ae7ce470,2980,316,342,False
0.12,2.0,c270fb91ae7ce470,2981,316,342,False
0.12,2.0,c270fb91ae7ce470,2982,316,342,False
0.12,2.0,c270fb91ae7ce470,2983,316,342,False
0.12,2.0,c270fb91ae7ce470,2984,316,342,False
0.12,2.0,c270fb91ae7ce470,2985,316,342,False
0.12,2.0,c270fb91ae7ce470,2986,316,342,False
0.12,2.0,c270fb91ae7ce470,2987,316,342,False
0.12,2.0,c270fb91ae7ce470,2988,316,342,False
0.12,2.0,c270fb91ae7ce470,2989,317,343,False
0.12,2.0,c270fb91ae7ce470,2990,317,343,False
0.12,2.0,c270fb91ae7ce470,2991,317,343,False
0.12,2.0,c270fb91ae7ce470,2992,317,343,False
0.12,2.0,c270fb91ae7ce470,2993,317,343,False
0.12,2.0,c270fb91ae7ce470,2994,317,343,False
0.12,2.0,c270fb91ae7ce470,2995,317,343,False
0.12,2.0,c270fb91ae7ce470,2996,317,343,False
0.12,2.0,c270fb91ae7ce470,2997,317,343,False
0.12,2.0,c270fb91ae7ce470,2998,317,344,False
0.12,2.0,c270fb91ae7ce470,2999,318,344,False
0.12,2.0,c270fb91ae7ce470,3000,318,344,False
0.12,2.0,c270fb91ae7ce470,3001,318,344,False
0.12,2.0,c270fb91ae7ce470,3002,318,344,False
0.12,2.0,c270fb91ae7ce470,3003,318,344,False
0.12,2.0,c270fb91ae7ce470,3004,318,344,False
0.12,2.0,c270fb91ae7ce470,3005,318,344,False
0.12,2.0,c270fb91ae7ce470,3006,318,344,False
0.12,2.0,c270fb91ae7ce470,3007,318,345,False
0.12,2.0,c270fb91ae7ce470,3008,319,345,False
0.12,2.0,c270fb91ae7ce470,3009,319,345,False
0.12,2.0,c270fb91ae7ce470,3010,319,345,False
0.12,2.0,c270fb91ae7ce470,3011,319,345,False
0.12,2.0,c270fb91ae7ce470,3012,319,345,False
0.12,2.0,c270fb91ae7ce470,3013,319,345,False
0.12,2.0,c270fb91ae7ce470,3014,319,345,False
0.12,2.0,c270fb91ae7ce470,3015,319,345,False
0.12,2.0,c270fb91ae7ce470,3016,319,346,False
0.12,2.0,c270fb91ae7ce470,3017,320,346,False
0.12,2.0,c270fb91ae7ce470,3018,320,346,False
0.12,2.0,c270fb91ae7ce470,3019,320,346,False
0.12,2.0,c270fb91ae7ce470,3020,320,346,False
0.12,2.0,c270fb91ae7ce470,3021,320,346,False
0.12,2.0,c270fb91ae7ce470,3022,320,346,False
0.12,2.0,c270fb91ae7ce470,3023,320,346,False
0.12,2.0,c270fb91ae7ce470,3024,320,346,False
0.12,2.0,c270fb91ae7ce470,3025,320,347,False
0.12,2.0,c270fb91ae7ce470,3026,321,347,False
0.12,2.0,c270fb91ae7ce470,3027,321,347,False
0.12,2.0,c270fb91ae7ce470,3028,321,347,False
0.12,2.0,c270fb91ae7ce470,3029,321,347,False
0.12,2.0,c270fb91ae7ce470,3030,321,347,False
0.12,2.0,c270fb91ae7ce470,3031,321,347,False
0.12,2.0,c270fb91ae7ce470,3032,321,347,False
0.12,2.0,c270fb91ae7ce470,3033,321,347,False
0.12,2.0,c270fb91ae7ce470,3034,321,348,False
0.12,2.0,c270fb91ae7ce470,3035,322,348,False
0.12,2.0,c270fb91ae7ce470,3036,322,348,False
0.12,2.0,c270fb91ae7ce470,3037,322,348,False
0.12,2.0,c270fb91ae7ce470,3038,322,348,False
0.12,2.0,c270fb91ae7ce470,3039,322,348,False
0.12,2.0,c270fb91ae7ce470,3040,322,348,False
0.12,2.0,c270fb91ae7ce470,3041,322,348,False
0.12,2.0,c270fb91ae7ce470,3042,322,348,False
0.12,2.0,c270fb91ae7ce470,3043,322,349,False
0.12,2.0,c270fb91ae7ce470,3044,323,349,False
0.12,2.0,c270fb91ae7ce470,3045,323,349,False
0.12,2.0,c270fb91ae7ce470,3046,323,349,False
0.12,2.0,c270fb91ae7ce470,3047,323,349,False
0.12,2.0,c270fb91ae7ce470,3048,323,349,False
0.12,2.0,c270fb91ae7ce470,3049,323,349,False
0.12,2.0,c270fb91ae7ce470,3050,323,349,False
0.12,2.0,c270fb91ae7ce470,3051,323,349,False
0.12,2.0,c270fb91ae7ce470,3052,323,350,False
0.12,2.0,c270fb91ae7ce470,3053,324,350,False
0.12,2.0,c270fb91ae7ce470,3054,324,350,False
0.12,2.0,c270fb91ae7ce470,3055,324,350,False
0.12,2.0,c270fb91ae7ce470,3056,324,350,False
0.12,2.0,c270fb91ae7ce470,3057,324,350,False
0.12,2.0,c270fb91ae7ce470,3058,324,350,False
0.12,2.0,c270fb91ae7ce470,3059,324,350,False
0.12,2.0,c270fb91ae7ce470,3060,324,350,False
0.12,2.0,c270fb91ae7ce470,3061,324,351,False
0.12,2.0,c270fb91ae7ce470,3062,325,351,False
0.12,2.0,c270fb91ae7ce470,3063,325,351,False
0.12,2.0,c270fb91ae7ce470,3064,325,351,False
0.12,2.0,c270fb91ae7ce470,3065,325,351,False
0.12,2.0,c270fb91ae7ce470,3066,325,351,False
0.12,2.0,c270fb91ae7ce470,3067,325,351,False
0.12,2.0,c270fb91ae7ce470,3068,325,351,False
0.12,2.0,c270fb91ae7ce470,3069,325,351,False
0.12,2.0,c270fb91ae7ce470,3070,325,351,False
0.12,2.0,c270fb91ae7ce470,3071,325,352,False
0.12,2.0,c270fb91ae7ce470,3072,326,352,False
0.12,2.0,c270fb91ae7ce470,3073,326,352,False
0.12,2.0,c270fb91ae7ce470,3074,326,352,False
0.12,2.0,c270fb91ae7ce470,3075,326,352,False
0.12,2.0,c270fb91ae7ce470,3076,326,352,False
0.12,2.0,c270fb91ae7ce470,3077,326,352,False
0.12,2.0,c270fb91ae7ce470,3078,326,352,False
0.12,2.0,c270fb91ae7ce470,3079,326,352,False
0.12,2.0,c270fb91ae7ce470,3080,326,353,False
0.12,2.0,c270fb91ae7ce470,3081,327,353,False
0.12,2.0,c270fb91ae7ce470,3082,327,353,False
0.12,2.0,c270fb91ae7ce470,3083,327,353,False
0.12,2.0,c270fb91ae7ce470,3084,327,353,False
0.12,2.0,c270fb91ae7ce470,3085,327,353,False
0.12,2.0,c270fb91ae7ce470,3086,327,353,False
0.12,2.0,c270fb91ae7ce470,3087,327,353,False
0.12,2.0,c270fb91ae7ce470,3088,327,353,False
0.12,2.0,c270fb91ae7ce470,3089,327,354,False
0.12,2.0,c270fb91ae7ce470,3090,328,354,False
0.12,2.0,c270fb91ae7ce470,3091,328,354,False
0.12,2.0,c270fb91ae7ce470,3092,328,354,False
0.12,2.0,c270fb91ae7ce470,3093,328,354,False
0.12,2.0,c270fb91ae7ce470,3094,328,354,False
0.12,2.0,c270fb91ae7ce470,3095,328,354,False
0.12,2.0,c270fb91ae7ce470,3096,328,354,False
0.12,2.0,c270fb91ae7ce470,3097,328,354,False
0.12,2.0,c270fb91ae7ce470,3098,328,355,False
0.12,2.0,c270fb91ae7ce470,3099,329,355,False
0.12,2.0,c270fb91ae7ce470,3100,329,355,False
0.12,2.0,c270fb91ae7ce470,3101,329,355,False
0.12,2.0,c270fb91ae7ce470,3102,329,355,False
0.12,2.0,c270fb91ae7ce470,3103,329,355,False
0.12,2.0,c270fb91ae7ce470,3104,329,355,False
0.12,2.0,c270fb91ae7ce470,3105,329,355,False
0.12,2.0,c270fb91ae7ce470,3106,329,355,False
0.12,2.0,c270fb91ae7ce470,3107,329,356,False
0.12,2.0,c270fb91ae7ce470,3108,330,356,False
0.12,2.0,c270fb91ae7ce470,3109,330,356,False
0.12,2.0,c270fb91ae7ce470,3110,330,356,False
0.12,2.0,c270fb91ae7ce470,3111,330,356,False
0.12,2.0,c270fb91ae7ce470,3112,330,356,False
0.12,2.0,c270fb91ae7ce470,3113,330,356,False
0.12,2.0,c270fb91ae7ce470,3114,330,356,False
0.12,2.0,c270fb91ae7ce470,3115,330,356,False
0.12,2.0,c270fb91ae7ce470,3116,330,357,False
0.12,2.0,c270fb91ae7ce470,3117,331,357,False
0.12,2.0,c270fb91ae7ce470,3118,331,357,False
0.12,2.0,c270fb91ae7ce470,3119,331,357,False
0.12,2.0,c270fb91ae7ce470,3120,331,357,False
0.12,2.0,c270fb91ae7ce470,3121,331,357,False
0.12,2.0,c270fb91ae7ce470,3122,331,357,False
0.12,2.0,c270fb91ae7ce470,3123,331,357,False
0.12,2.0,c270fb91ae7ce470,3124,331,357,False
0.12,2.0,c270fb91ae7ce470,3125,331,358,False
0.12,2.0,c270fb91ae7ce470,3126,332,358,False
0.12,2.0,c270fb91ae7ce470,3127,332,358,False
0.12,2.0,c270fb91ae7ce470,3128,332,358,False
0.12,2.0,c270fb91ae7ce470,3129,332,358,False
0.12,2.0,c270fb91ae7ce470,3130,332,358,False
0.12,2.0,c270fb91ae7ce470,3131,332,358,False
0.12,2.0,c270fb91ae7ce470,3132,332,358,False
0.12,2.0,c270fb91ae7ce470,3133,332,358,False
0.12,2.0,c270fb91ae7ce470,3134,332,359,False
0.12,2.0,c270fb91ae7ce470,3135,333,359,False
0.12,2.0,c270fb91ae7ce470,3136,333,359,False
0.12,2.0,c270fb91ae7ce470,3137,333,359,False
0.12,2.0,c270fb91ae7ce470,3138,333,359,False
0.12,2.0,c270fb91ae7ce470,3139,333,359,False
0.12,2.0,c270fb91ae7ce470,3140,333,359,False
0.12,2.0,c270fb91ae7ce470,3141,333,359,False
0.12,2.0,c270fb91ae7ce470,3142,333,359,False
0.12,2.0,c270fb91ae7ce470,3143,333,360,False
0.12,2.0,c270fb91ae7ce470,3144,334,360,False
0.12,2.0,c270fb91ae7ce470,3145,334,360,False
0.12,2.0,c270fb91ae7ce470,3146,334,360,False
0.12,2.0,c270fb91ae7ce470,3147,334,360,False
0.12,2.0,c270fb91ae7ce470,3148,334,360,False
0.12,2.0,c270fb91ae7ce470,3149,334,360,False
0.12,2.0,c270fb91ae7ce470,3150,334,360,False
0.12,2.0,c270fb91ae7ce470,3151,334,360,False
0.12,2.0,c270fb91ae7ce470,3152,334,360,False
0.12,2.0,c270fb91ae7ce470,3153,334,361,False
0.12,2.0,c270fb91ae7ce470,3154,335,361,False
0.12,2.0,c270fb91ae7ce470,3155,335,361,False
0.12,2.0,c270fb91ae7ce470,3156,335,361,False
0.12,2.0,c270fb91ae7ce470,3157,335,361,False
0.12,2.0,c270fb91ae7ce470,3158,335,361,False
0.12,2.0,c270fb91ae7ce470,3159,335,361,False
0.12,2.0,c270fb91ae7ce470,3160,335,361,False
0.12,2.0,c270fb91ae7ce470,3161,335,361,False
0.12,2.0,c270fb91ae7ce470,3162,335,362,False
0.12,2.0,c270fb91ae7ce470,3163,336,362,False
0.12,2.0,c270fb91ae7ce470,3164,336,362,False
0.12,2.0,c270fb91ae7ce470,3165,336,362,False
0.12,2.0,c270fb91ae7ce470,3166,336,362,False
0.12,2.0,c270fb91ae7ce470,3167,336,362,False
0.12,2.0,c270fb91ae7ce470,3168,336,362,False
0.12,2.0,c270fb91ae7ce470,3169,336,362,False
0.12,2.0,c270fb91ae7ce470,3170,336,362,False
0.12,2.0,c270fb91ae7ce470,3171,336,363,False
0.12,2.0,c270fb91ae7ce470,3172,337,363,False
0.12,2.0,c270fb91ae7ce470,3173,337,363,False
0.12,2.0,c270fb91ae7ce470,3174,337,363,False
0.12,2.0,c270fb91ae7ce470,3175,337,363,False
0.12,2.0,c270fb91ae7ce470,3176,337,363,False
0.12,2.0,c270fb91ae7ce470,3177,337,363,False
0.12,2.0,c270fb91ae7ce470,3178,337,363,False
0.12,2.0,c270fb91ae7ce470,3179,337,363,False
0.12,2.0,c270fb91ae7ce470,3180,337,364,False
0.12,2.0,c270fb91ae7ce470,3181,338,364,False
0.12,2.0,c270fb91ae7ce470,3182,338,364,False
0.12,2.0,c270fb91ae7ce470,3183,338,364,False
0.12,2.0,c270fb91ae7ce470,3184,338,364,False
0.12,2.0,c270fb91ae7ce470,3185,338,364,False
0.12,2.0,c270fb91ae7ce470,3186,338,364,False
0.12,2.0,c270fb91ae7ce470,3187,338,364,False
0.12,2.0,c270fb91ae7ce470,3188,338,364,False
0.12,2.0,c270fb91ae7ce470,3189,338,365,False
0.12,2.0,c270fb91ae7ce470,3190,339,365,False
0.12,2.0,c270fb91ae7ce470,3191,339,365,False
0.12,2.0,c270fb91ae7ce470,3192,339,365,False
0.12,2.0,c270fb91ae7ce470,3193,339,365,False
0.12,2.0,c270fb91ae7ce470,3194,339,365,False
0.12,2.0,c270fb91ae7ce470,3195,339,365,False
0.12,2.0,c270fb91ae7ce470,3196,339,365,False
0.12,2.0,c270fb91ae7ce470,3197,339,365,False
0.12,2.0,c270fb91ae7ce470,3198,339,366,False
0.12,2.0,c270fb91ae7ce470,3199,340,366,False
0.12,2.0,c270fb91ae7ce470,3200,340,366,False
0.12,2.0,c270fb91ae7ce470,3201,340,366,False
0.12,2.0,c270fb91ae7ce470,3202,340,366,False
0.12,2.0,c270fb91ae7ce470,3203,340,366,False
0.12,2.0,c270fb91ae7ce470,3204,340,366,False
0.12,2.0,c270fb91ae7ce470,3205,340,366,False
0.12,2.0,c270fb91ae7ce470,3206,340,366,False
0.12,2.0,c270fb91ae7ce470,3207,340,367,False
0.12,2.0,c270fb91ae7ce470,3208,341,367,False
0.12,2.0,c270fb91ae7ce470,3209,341,367,False
0.12,2.0,c270fb91ae7ce470,3210,341,367,False
0.12,2.0,c270fb91ae7ce470,3211,341,367,False
0.12,2.0,c270fb91ae7ce470,3212,341,367,False
0.12,2.0,c270fb91ae7ce470,3213,341,367,False
0.12,2.0,c270fb91ae7ce470,3214,341,367,False
0.12,2.0,c270fb91ae7ce470,3215,341,367,False
0.12,2.0,c270fb91ae7ce470,3216,341,368,False
0.12,2.0,c270fb91ae7ce470,3217,342,368,False
0.12,2.0,c270fb91ae7ce470,3218,342,368,False
0.12,2.0,c270fb91ae7ce470,3219,342,368,False
0.12,2.0,c270fb91ae7ce470,3220,342,368,False
0.12,2.0,c270fb91ae7ce470,3221,342,368,False
0.12,2.0,c270fb91ae7ce470,3222,342,368,False
0.12,2.0,c270fb91ae7ce470,3223,342,368,False
0.12,2.0,c270fb91ae7ce470,3224,342,368,False
0.12,2.0,c270fb91ae7ce470,3225,342,369,False
0.12,2.0,c270fb91ae7ce470,3226,343,369,False
0.12,2.0,c270fb91ae7ce470,3227,343,369,False
0.12,2.0,c270fb91ae7ce470,3228,343,369,False
0.12,2.0,c270fb91ae7ce470,3229,343,369,False
0.12,2.0,c270fb91ae7ce470,3230,343,369,False
0.12,2.0,c270fb91ae7ce470,3231,343,369,False
0.12,2.0,c270fb91ae7ce470,3232,343,369,False
0.12,2.0,c270fb91ae7ce470,3233,343,369,False
0.12,2.0,c270fb91ae7ce470,3234,343,369,False
0.12,2.0,c270fb91ae7ce470,3235,343,370,False
0.12,2.0,c270fb91ae7ce470,3236,344,370,False
0.12,2.0,c270fb91ae7ce470,3237,344,370,False
0.12,2.0,c270fb91ae7ce470,3238,344,370,False
0.12,2.0,c270fb91ae7ce470,3239,344,370,False
0.12,2.0,c270fb91ae7ce470,3240,344,370,False
0.12,2.0,c270fb91ae7ce470,3241,344,370,False
0.12,2.0,c270fb91ae7ce470,3242,344,370,False
0.12,2.0,c270fb91ae7ce470,3243,344,370,False
0.12,2.0,c270fb91ae7ce470,3244,344,371,False
0.12,2.0,c270fb91ae7ce470,3245,345,371,False
0.12,2.0,c270fb91ae7ce470,3246,345,371,False
0.12,2.0,c270fb91ae7ce470,3247,345,371,False
0.12,2.0,c270fb91ae7ce470,3248,345,371,False
0.12,2.0,c270fb91ae7ce470,3249,345,371,False
0.12,2.0,c270fb91ae7ce470,3250,345,371,False
0.12,2.0,c270fb91ae7ce470,3251,345,371,False
0.12,2.0,c270fb91ae7ce470,3252,345,371,False
0.12,2.0,c270fb91ae7ce470,3253,345,372,False
0.12,2.0,c270fb91ae7ce470,3254,346,372,False
0.12,2.0,c270fb91ae7ce470,3255,346,372,False
0.12,2.0,c270fb91ae7ce470,3256,346,372,False
0.12,2.0,c270fb91ae7ce470,3257,346,372,False
0.12,2.0,c270fb91ae7ce470,3258,346,372,False
0.12,2.0,c270fb91ae7ce470,3259,346,372,False
0.12,2.0,c270fb91ae7ce470,3260,346,372,False
0.12,2.0,c270fb91ae7ce470,3261,346,372,False
0.12,2.0,c270fb91ae7ce470,3262,346,373,False
0.12,2.0,c270fb91ae7ce470,3263,347,373,False
0.12,2.0,c270fb91ae7ce470,3264,347,373,False
0.12,2.0,c270fb91ae7ce470,3265,347,373,False
0.12,2.0,c270fb91ae7ce470,3266,347,373,False
0.12,2.0,c270fb91ae7ce470,3267,347,373,False
0.12,2.0,c270fb91ae7ce470,3268,347,373,False
0.12,2.0,c270fb91ae7ce470,3269,347,373,False
0.12,2.0,c270fb91ae7ce470,3270,347,373,False
0.12,2.0,c270fb91ae7ce470,3271,347,374,False
0.12,2.0,c270fb91ae7ce470,3272,348,374,False
0.12,2.0,c270fb91ae7ce470,3273,348,374,False
0.12,2.0,c270fb91ae7ce470,3274,348,374,False
0.12,2.0,c270fb91ae7ce470,3275,348,374,False
0.12,2.0,c270fb91ae7ce470,3276,348,374,False
0.12,2.0,c270fb91ae7ce470,3277,348,374,False
0.12,2.0,c270fb91ae7ce470,3278,348,374,False
0.12,2.0,c270fb91ae7ce470,3279,348,374,False
0.12,2.0,c270fb91ae7ce470,3280,348,375,False
0.12,2.0,c270fb91ae7ce470,3281,349,375,False
0.12,2.0,c270fb91ae7ce470,3282,349,375,False
0.12,2.0,c270fb91ae7ce470,3283,349,375,False
0.12,2.0,c270fb91ae7ce470,3284,349,375,False
0.12,2.0,c270fb91ae7ce470,3285,349,375,False
0.12,2.0,c270fb91ae7ce470,3286,349,375,False
0.12,2.0,c270fb91ae7ce470,3287,349,375,False
0.12,2.0,c270fb91ae7ce470,3288,349,375,False
0.12,2.0,c270fb91ae7ce470,3289,349,376,False
0.12,2.0,c270fb91ae7ce470,3290,350,376,False
0.12,2.0,c270fb91ae7ce470,3291,350,376,False
0.12,2.0,c270fb91ae7ce470,3292,350,376,False
0.12,2.0,c270fb91ae7ce470,3293,350,376,False
0.12,2.0,c270fb91ae7ce470,3294,350,376,False
0.12,2.0,c270fb91ae7ce470,3295,350,376,False
0.12,2.0,c270fb91ae7ce470,3296,350,376,False
0.12,2.0,c270fb91ae7ce470,3297,350,376,False
0.12,2.0,c270fb91ae7ce470,3298,350,377,False
0.12,2.0,c270fb91ae7ce470,3299,351,377,False
0.12,2.0,c270fb91ae7ce470,3300,351,377,False
0.12,2.0,c270fb91ae7ce470,3301,351,377,False
0.12,2.0,c270fb91ae7ce470,3302,351,377,False
0.12,2.0,c270fb91ae7ce470,3303,351,377,False
0.12,2.0,c270fb91ae7ce470,3304,351,377,False
0.12,2.0,c270fb91ae7ce470,3305,351,377,False
0.12,2.0,c270fb91ae7ce470,3306,351,377,False
0.12,2.0,c270fb91ae7ce470,3307,351,378,False
0.12,2.0,c270fb91ae7ce470,3308,352,378,False
0.12,2.0,c270fb91ae7ce470,3309,352,378,False
0.12,2.0,c270fb91ae7ce470,3310,352,378,False
0.12,2.0,c270fb91ae7ce470,3311,352,378,False
0.12,2.0,c270fb91ae7ce470,3312,352,378,False
0.12,2.0,c270fb91ae7ce470,3313,352,378,False
0.12,2.0,c270fb91ae7ce470,3314,352,378,False
0.12,2.0,c270fb91ae7ce470,3315,352,378,False
0.12,2.0,c270fb91ae7ce470,3316,352,378,False
0.12,2.0,c270fb91ae7ce470,3317,352,379,False
0.12,2.0,c270fb91ae7ce470,3318,353,379,False
0.12,2.0,c270fb91ae7ce470,3319,353,379,False
0.12,2.0,c270fb91ae7ce470,3320,353,379,False
0.12,2.0,c270fb91ae7ce470,3321,353,379,False
0.12,2.0,c270fb91ae7ce470,3322,353,379,False
0.12,2.0,c270fb91ae7ce470,3323,353,379,False
0.12,2.0,c270fb91ae7ce470,3324,353,379,False
0.12,2.0,c270fb91ae7ce470,3325,353,379,False
0.12,2.0,c270fb91ae7ce470,3326,353,380,False
0.12,2.0,c270fb91ae7ce470,3327,354,380,False
0.12,2.0,c270fb91ae7ce470,3328,354,380,False
0.12,2.0,c270fb91ae7ce470,3329,354,380,False
0.12,2.0,c270fb91ae7ce470,3330,354,380,False
0.12,2.0,c270fb91ae7ce470,3331,354,380,False
0.12,2.0,c270fb91ae7ce470,3332,354,380,False
0.12,2.0,c270fb91ae7ce470,3333,354,380,False
0.12,2.0,c270fb91ae7ce470,3334,354,380,False
0.12,2.0,c270fb91ae7ce470,3335,354,381,False
0.12,2.0,c270fb91ae7ce470,3336,355,381,False
0.12,2.0,c270fb91ae7ce470,3337,355,381,False
0.12,2.0,c270fb91ae7ce470,3338,355,381,False
0.12,2.0,c270fb91ae7ce470,3339,355,381,False
0.12,2.0,c270fb91ae7ce470,3340,355,381,False
0.12,2.0,c270fb91ae7ce470,3341,355,381,False
0.12,2.0,c270fb91ae7ce470,3342,355,381,False
0.12,2.0,c270fb91ae7ce470,3343,355,381,False
0.12,2.0,c270fb91ae7ce470,3344,355,382,False
0.12,2.0,c270fb91ae7ce470,3345,356,382,False
0.12,2.0,c270fb91ae7ce470,3346,356,382,False
0.12,2.0,c270fb91ae7ce470,3347,356,382,False
0.12,2.0,c270fb91ae7ce470,3348,356,382,False
0.12,2.0,c270fb91ae7ce470,3349,356,382,False
0.12,2.0,c270fb91ae7ce470,3350,356,382,False
0.12,2.0,c270fb91ae7ce470,3351,356,382,False
0.12,2.0,c270fb91ae7ce470,3352,356,382,False
0.12,2.0,c270fb91ae7ce470,3353,356,383,False
0.12,2.0,c270fb91ae7ce470,3354,357,383,False
0.12,2.0,c270fb91ae7ce470,3355,357,383,False
0.12,2.0,c270fb91ae7ce470,3356,357,383,False
0.12,2.0,c270fb91ae7ce470,3357,357,383,False
0.12,2.0,c270fb91ae7ce470,3358,357,383,False
0.12,2.0,c270fb91ae7ce470,3359,357,383,False
0.12,2.0,c270fb91ae7ce470,3360,357,383,False
0.12,2.0,c270fb91ae7ce470,3361,357,383,False
0.12,2.0,c270fb91ae7ce470,3362,357,384,False
0.12,2.0,c270fb91ae7ce470,3363,358,384,False
0.12,2.0,c270fb91ae7ce470,3364,358,384,False
0.12,2.0,c270fb91ae7ce470,3365,358,384,False
0.12,2.0,c270fb91ae7ce470,3366,358,384,False
0.12,2.0,c270fb91ae7ce470,3367,358,384,False
0.12,2.0,c270fb91ae7ce470,3368,358,384,False
0.12,2.0,c270fb91ae7ce470,3369,358,384,False
0.12,2.0,c270fb91ae7ce470,3370,358,384,False
0.12,2.0,c270fb91ae7ce470,3371,358,385,False
0.12,2.0,c270fb91ae7ce470,3372,359,385,False
0.12,2.0,c270fb91ae7ce470,3373,359,385,False
0.12,2.0,c270fb91ae7ce470,3374,359,385,False
0.12,2.0,c270fb91ae7ce470,3375,359,385,False
0.12,2.0,c270fb91ae7ce470,3376,359,385,False
0.12,2.0,c270fb91ae7ce470,3377,359,385,False
0.12,2.0,c270fb91ae7ce470,3378,359,385,False
0.12,2.0,c270fb91ae7ce470,3379,359,385,False
0.12,2.0,c270fb91ae7ce470,3380,359,386,False
0.12,2.0,c270fb91ae7ce470,3381,360,386,False
0.12,2.0,c270fb91ae7ce470,3382,360,386,False
0.12,2.0,c270fb91ae7ce470,3383,360,386,False
0.12,2.0,c270fb91ae7ce470,3384,360,386,False
0.12,2.0,c270fb91ae7ce470,3385,360,386,False
0.12,2.0,c270fb91ae7ce470,3386,360,386,False
0.12,2.0,c270fb91ae7ce470,3387,360,386,False
0.12,2.0,c270fb91ae7ce470,3388,360,386,False
0.12,2.0,c270fb91ae7ce470,3389,360,387,False
0.12,2.0,c270fb91ae7ce470,3390,361,387,False
0.12,2.0,c270fb91ae7ce470,3391,361,387,False
0.12,2.0,c270fb91ae7ce470,3392,361,387,False
0.12,2.0,c270fb91ae7ce470,3393,361,387,False
0.12,2.0,c270fb91ae7ce470,3394,361,387,False
0.12,2.0,c270fb91ae7ce470,3395,361,387,False
0.12,2.0,c270fb91ae7ce470,3396,361,387,False
0.12,2.0,c270fb91ae7ce470,3397,361,387,False
0.12,2.0,c270fb91ae7ce470,3398,361,387,False
0.12,2.0,c270fb91ae7ce470,3399,361,388,False
0.12,2.0,c270fb91ae7ce470,3400,362,388,False
0.12,2.0,c270fb91ae7ce470,3401,362,388,False
0.12,2.0,c270fb91ae7ce470,3402,362,388,False
0.12,2.0,c270fb91ae7ce470,3403,362,388,False
0.12,2.0,c270fb91ae7ce470,3404,362,388,False
0.12,2.0,c270fb91ae7ce470,3405,362,388,False
0.12,2.0,c270fb91ae7ce470,3406,362,388,False
0.12,2.0,c270fb91ae7ce470,3407,362,388,False
0.12,2.0,c270fb91ae7ce470,3408,362,389,False
0.12,2.0,c270fb91ae7ce470,3409,363,389,False
0.12,2.0,c270fb91ae7ce470,3410,363,389,False
0.12,2.0,c270fb91ae7ce470,3411,363,389,False
0.12,2.0,c270fb91ae7ce470,3412,363,389,False
0.12,2.0,c270fb91ae7ce470,3413,363,389,False
0.12,2.0,c270fb91ae7ce470,3414,363,389,False
0.12,2.0,c270fb91ae7ce470,3415,363,389,False
0.12,2.0,c270fb91ae7ce470,3416,363,389,False
0.12,2.0,c270fb91ae7ce470,3417,363,390,False
0.12,2.0,c270fb91ae7ce470,3418,364,390,False
0.12,2.0,c270fb91ae7ce470,3419,364,390,False
0.12,2.0,c270fb91ae7ce470,3420,364,390,False
0.12,2.0,c270fb91ae7ce470,3421,364,390,False
0.12,2.0,c270fb91ae7ce470,3422,364,390,False
0.12,2.0,c270fb91ae7ce470,3423,364,390,False
0.12,2.0,c270fb91ae7ce470,3424,364,390,False
0.12,2.0,c270fb91ae7ce470,3425,364,390,False
0.12,2.0,c270fb91ae7ce470,3426,364,391,False
0.12,2.0,c270fb91ae7ce470,3427,365,391,False
0.12,2.0,c270fb91ae7ce470,3428,365,391,False
0.12,2.0,c270fb91ae7ce470,3429,365,391,False
0.12,2.0,c270fb91ae7ce470,3430,365,391,False
0.12,2.0,c270fb91ae7ce470,3431,365,391,False
0.12,2.0,c270fb91ae7ce470,3432,365,391,False
0.12,2.0,c270fb91ae7ce470,3433,365,391,False
0.12,2.0,c270fb91ae7ce470,3434,365,391,False
0.12,2.0,c270fb91ae7ce470,3435,365,392,False
0.12,2.0,c270fb91ae7ce470,3436,366,392,False
0.12,2.0,c270fb91ae7ce470,3437,366,392,False
0.12,2.0,c270fb91ae7ce470,3438,366,392,False
0.12,2.0,c270fb91ae7ce470,3439,366,392,False
0.12,2.0,c270fb91ae7ce470,3440,366,392,False
0.12,2.0,c270fb91ae7ce470,3441,366,392,False
0.12,2.0,c270fb91ae7ce470,3442,366,392,False
0.12,2.0,c270fb91ae7ce470,3443,366,392,False
0.12,2.0,c270fb91ae7ce470,3444,366,393,False
0.12,2.0,c270fb91ae7ce470,3445,367,393,False
0.12,2.0,c270fb91ae7ce470,3446,367,393,False
0.12,2.0,c270fb91ae7ce470,3447,367,393,False
0.12,2.0,c270fb91ae7ce470,3448,367,393,False
0.12,2.0,c270fb91ae7ce470,3449,367,393,False
0.12,2.0,c270fb91ae7ce470,3450,367,393,False
0.12,2.0,c270fb91ae7ce470,3451,367,393,False
0.12,2.0,c270fb91ae7ce470,3452,367,393,False
0.12,2.0,c270fb91ae7ce470,3453,367,394,False
0.12,2.0,c270fb91ae7ce470,3454,368,394,False
0.12,2.0,c270fb91ae7ce470,3455,368,394,False
0.12,2.0,c270fb91ae7ce470,3456,368,394,False
0.12,2.0,c270fb91ae7ce470,3457,368,394,False
0.12,2.0,c270fb91ae7ce470,3458,368,394,False
0.12,2.0,c270fb91ae7ce470,3459,368,394,False
0.12,2.0,c270fb91ae7ce470,3460,368,394,False
0.12,2.0,c270fb91ae7ce470,3461,368,394,False
0.12,2.0,c270fb91ae7ce470,3462,368,395,False
0.12,2.0,c270fb91ae7ce470,3463,369,395,False
0.12,2.0,c270fb91ae7ce470,3464,369,395,False
0.12,2.0,c270fb91ae7ce470,3465,369,395,False
0.12,2.0,c270fb91ae7ce470,3466,369,395,False
0.12,2.0,c270fb91ae7ce470,3467,369,395,False
0.12,2.0,c270fb91ae7ce470,3468,369,395,False
0.12,2.0,c270fb91ae7ce470,3469,369,395,False
0.12,2.0,c270fb91ae7ce470,3470,369,395,False
0.12,2.0,c270fb91ae7ce470,3471,369,395,False
0.12,2.0,c270fb91ae7ce470,3472,370,396,False
0.12,2.0,c270fb91ae7ce470,3473,370,396,False
0.12,2.0,c270fb91ae7ce470,3474,370,396,False
0.12,2.0,c270fb91ae7ce470,3475,370,396,False
0.12,2.0,c270fb91ae7ce470,3476,370,396,False
0.12,2.0,c270fb91ae7ce470,3477,370,396,False
0.12,2.0,c270fb91ae7ce470,3478,370,396,False
0.12,2.0,c270fb91ae7ce470,3479,370,396,False
0.12,2.0,c270fb91ae7ce470,3480,370,396,False
0.12,2.0,c270fb91ae7ce470,3481,370,397,False
0.12,2.0,c270fb91ae7ce470,3482,371,397,False
0.12,2.0,c270fb91ae7ce470,3483,371,397,False
0.12,2.0,c270fb91ae7ce470,3484,371,397,False
0.12,2.0,c270fb91ae7ce470,3485,371,397,False
0.12,2.0,c270fb91ae7ce470,3486,371,397,False
0.12,2.0,c270fb91ae7ce470,3487,371,397,False
0.12,2.0,c270fb91ae7ce470,3488,371,397,False
0.12,2.0,c270fb91ae7ce470,3489,371,397,False
0.12,2.0,c270fb91ae7ce470,3490,371,398,False
0.12,2.0,c270fb91ae7ce470,3491,372,398,False
0.12,2.0,c270fb91ae7ce470,3492,372,398,False
0.12,2.0,c270fb91ae7ce470,3493,372,398,False
0.12,2.0,c270fb91ae7ce470,3494,372,398,False
0.12,2.0,c270fb91ae7ce470,3495,372,398,False
0.12,2.0,c270fb91ae7ce470,3496,372,398,False
0.12,2.0,c270fb91ae7ce470,3497,372,398,False
0.12,2.0,c270fb91ae7ce470,3498,372,398,False
0.12,2.0,c270fb91ae7ce470,3499,372,399,False
0.12,2.0,c270fb91ae7ce470,3500,373,399,False
0.12,2.0,c270fb91ae7ce470,3501,373,399,False
0.12,2.0,c270fb91ae7ce470,3502,373,399,False
0.12,2.0,c270fb91ae7ce470,3503,373,399,False
0.12,2.0,c270fb91ae7ce470,3504,373,399,False
0.12,2.0,c270fb91ae7ce470,3505,373,399,False
0.12,2.0,c270fb91ae7ce470,3506,373,399,False
0.12,2.0,c270fb91ae7ce470,3507,373,399,False
0.12,2.0,c270fb91ae7ce470,3508,373,400,False
0.12,2.0,c270fb91ae7ce470,3509,374,400,False
0.12,2.0,c270fb91ae7ce470,3510,374,400,False
0.12,2.0,c270fb91ae7ce470,3511,374,400,False
0.12,2.0,c270fb91ae7ce470,3512,374,400,False
0.12,2.0,c270fb91ae7ce470,3513,374,400,False
0.12,2.0,c270fb91ae7ce470,3514,374,400,False
0.12,2.0,c270fb91ae7ce470,3515,374,400,False
0.12,2.0,c270fb91ae7ce470,3516,374,400,False
0.12,2.0,c270fb91ae7ce470,3517,374,401,False
0.12,2.0,c270fb91ae7ce470,3518,375,401,False
0.12,2.0,c270fb91ae7ce470,3519,375,401,False
0.12,2.0,c270fb91ae7ce470,3520,375,401,False
0.12,2.0,c270fb91ae7ce470,3521,375,401,False
0.12,2.0,c270fb91ae7ce470,3522,375,401,False
0.12,2.0,c270fb91ae7ce470,3523,375,401,False
0.12,2.0,c270fb91ae7ce470,3524,375,401,False
0.12,2.0,c270fb91ae7ce470,3525,375,401,False
0.12,2.0,c270fb91ae7ce470,3526,375,402,False
0.12,2.0,c270fb91ae7ce470,3527,376,402,False
0.12,2.0,c270fb91ae7ce470,3528,376,402,False
0.12,2.0,c270fb91ae7ce470,3529,376,402,False
0.12,2.0,c270fb91ae7ce470,3530,376,402,False
0.12,2.0,c270fb91ae7ce470,3531,376,402,False
0.12,2.0,c270fb91ae7ce470,3532,376,402,False
0.12,2.0,c270fb91ae7ce470,3533,376,402,False
0.12,2.0,c270fb91ae7ce470,3534,376,402,False
0.12,2.0,c270fb91ae7ce470,3535,376,403,False
0.12,2.0,c270fb91ae7ce470,3536,377,403,False
0.12,2.0,c270fb91ae7ce470,3537,377,403,False
0.12,2.0,c270fb91ae7ce470,3538,377,403,False
0.12,2.0,c270fb91ae7ce470,3539,377,403,False
0.12,2.0,c270fb91ae7ce470,3540,377,403,False
0.12,2.0,c270fb91ae7ce470,3541,377,403,False
0.12,2.0,c270fb91ae7ce470,3542,377,403,False
0.12,2.0,c270fb91ae7ce470,3543,377,403,False
0.12,2.0,c270fb91ae7ce470,3544,377,404,False
0.12,2.0,c270fb91ae7ce470,3545,378,404,False
0.12,2.0,c270fb91ae7ce470,3546,378,404,False
0.12,2.0,c270fb91ae7ce470,3547,378,404,False
0.12,2.0,c270fb91ae7ce470,3548,378,404,False
0.12,2.0,c270fb91ae7ce470,3549,378,404,False
0.12,2.0,c270fb91ae7ce470,3550,378,404,False
0.12,2.0,c270fb91ae7ce470,3551,378,404,False
0.12,2.0,c270fb91ae7ce470,3552,378,404,False
0.12,2.0,c270fb91ae7ce470,3553,378,404,False
0.12,2.0,c270fb91ae7ce470,3554,379,405,False
0.12,2.0,c270fb91ae7ce470,3555,379,405,False
0.12,2.0,c270fb91ae7ce470,3556,379,405,False
0.12,2.0,c270fb91ae7ce470,3557,379,405,False
0.12,2.0,c270fb91ae7ce470,3558,379,405,False
0.12,2.0,c270fb91ae7ce470,3559,379,405,False
0.12,2.0,c270fb91ae7ce470,3560,379,405,False
0.12,2.0,c270fb91ae7ce470,3561,379,405,False
0.12,2.0,c270fb91ae7ce470,3562,379,405,False
0.12,2.0,c270fb91ae7ce470,3563,379,406,False
0.12,2.0,c270fb91ae7ce470,3564,380,406,False
0.12,2.0,c270fb91ae7ce470,3565,380,406,False
0.12,2.0,c270fb91ae7ce470,3566,380,406,False
0.12,2.0,c270fb91ae7ce470,3567,380,406,False
0.12,2.0,c270fb91ae7ce470,3568,380,406,False
0.12,2.0,c270fb91ae7ce470,3569,380,406,False
0.12,2.0,c270fb91ae7ce470,3570,380,406,False
0.12,2.0,c270fb91ae7ce470,3571,380,406,False
0.12,2.0,c270fb91ae7ce470,3572,380,407,False
0.12,2.0,c270fb91ae7ce470,3573,381,407,False
0.12,2.0,c270fb91ae7ce470,3574,381,407,False
0.12,2.0,c270fb91ae7ce470,3575,381,407,False
0.12,2.0,c270fb91ae7ce470,3576,381,407,False
0.12,2.0,c270fb91ae7ce470,3577,381,407,False
0.12,2.0,c270fb91ae7ce470,3578,381,407,False
0.12,2.0,c270fb91ae7ce470,3579,381,407,False
0.12,2.0,c270fb91ae7ce470,3580,381,407,False
0.12,2.0,c270fb91ae7ce470,3581,381,408,False
0.12,2.0,c270fb91ae7ce470,3582,382,408,False
0.12,2.0,c270fb91ae7ce470,3583,382,408,False
0.12,2.0,c270fb91ae7ce470,3584,382,408,False
0.12,2.0,c270fb91ae7ce470,3585,382,408,False
0.12,2.0,c270fb91ae7ce470,3586,382,408,False
0.12,2.0,c270fb91ae7ce470,3587,382,408,False
0.12,2.0,c270fb91ae7ce470,3588,382,408,False
0.12,2.0,c270fb91ae7ce470,3589,382,408,False
0.12,2.0,c270fb91ae7ce470,3590,382,409,False
0.12,2.0,c270fb91ae7ce470,3591,383,409,False
0.12,2.0,c270fb91ae7ce470,3592,383,409,False
0.12,2.0,c270fb91ae7ce470,3593,383,409,False
0.12,2.0,c270fb91ae7ce470,3594,383,409,False
0.12,2.0,c270fb91ae7ce470,3595,383,409,False
0.12,2.0,c270fb91ae7ce470,3596,383,409,False
0.12,2.0,c270fb91ae7ce470,3597,383,409,False
0.12,2.0,c270fb91ae7ce470,3598,383,409,False
0.12,2.0,c270fb91ae7ce470,3599,383,410,False
0.12,2.0,c270fb91ae7ce470,3600,384,410,False
0.12,2.0,c270fb91ae7ce470,3601,384,410,False
0.12,2.0,c270fb91ae7ce470,3602,384,410,False
0.12,2.0,c270fb91ae7ce470,3603,384,410,False
0.12,2.0,c270fb91ae7ce470,3604,384,410,False
0.12,2.0,c270fb91ae7ce470,3605,384,410,False
0.12,2.0,c270fb91ae7ce470,3606,384,410,False
0.12,2.0,c270fb91ae7ce470,3607,384,410,False
0.12,2.0,c270fb91ae7ce470,3608,384,411,False
0.12,2.0,c270fb91ae7ce470,3609,385,411,False
0.12,2.0,c270fb91ae7ce470,3610,385,411,False
0.12,2.0,c270fb91ae7ce470,3611,385,411,False
0.12,2.0,c270fb91ae7ce470,3612,385,411,False
0.12,2.0,c270fb91ae7ce470,3613,385,411,False
0.12,2.0,c270fb91ae7ce470,3614,385,411,False
0.12,2.0,c270fb91ae7ce470,3615,385,411,False
0.12,2.0,c270fb91ae7ce470,3616,385,411,False
0.12,2.0,c270fb91ae7ce470,3617,385,412,False
0.12,2.0,c270fb91ae7ce470,3618,386,412,False
0.12,2.0,c270fb91ae7ce470,3619,386,412,False
0.12,2.0,c270fb91ae7ce470,3620,386,412,False
0.12,2.0,c270fb91ae7ce470,3621,386,412,False
0.12,2.0,c270fb91ae7ce470,3622,386,412,False
0.12,2.0,c270fb91ae7ce470,3623,386,412,False
0.12,2.0,c270fb91ae7ce470,3624,386,412,False
0.12,2.0,c270fb91ae7ce470,3625,386,412,False
0.12,2.0,c270fb91ae7ce470,3626,386,413,False
0.12,2.0,c270fb91ae7ce470,3627,387,413,False
0.12,2.0,c270fb91ae7ce470,3628,387,413,False
0.12,2.0,c270fb91ae7ce470,3629,387,413,False
0.12,2.0,c270fb91ae7ce470,3630,387,413,False
0.12,2.0,c270fb91ae7ce470,3631,387,413,False
0.12,2.0,c270fb91ae7ce470,3632,387,413,False
0.12,2.0,c270fb91ae7ce470,3633,387,413,False
0.12,2.0,c270fb91ae7ce470,3634,387,413,False
0.12,2.0,c270fb91ae7ce470,3635,387,413,False
0.12,2.0,c270fb91ae7ce470,3636,387,414,False
0.12,2.0,c270fb91ae7ce470,3637,388,414,False
0.12,2.0,c270fb91ae7ce470,3638,388,414,False
0.12,2.0,c270fb91ae7ce470,3639,388,414,False
0.12,2.0,c270fb91ae7ce470,3640,388,414,False
0.12,2.0,c270fb91ae7ce470,3641,388,414,False
0.12,2.0,c270fb91ae7ce470,3642,388,414,False
0.12,2.0,c270fb91ae7ce470,3643,388,414,False
0.12,2.0,c270fb91ae7ce470,3644,388,414,False
0.12,2.0,c270fb91ae7ce470,3645,388,415,False
0.12,2.0,c270fb91ae7ce470,3646,389,415,False
0.12,2.0,c270fb91ae7ce470,3647,389,415,False
0.12,2.0,c270fb91ae7ce470,3648,389,415,False
0.12,2.0,c270fb91ae7ce470,3649,389,415,False
0.12,2.0,c270fb91ae7ce470,3650,389,415,False
0.12,2.0,c270fb91ae7ce470,3651,389,415,False
0.12,2.0,c270fb91ae7ce470,3652,389,415,False
0.12,2.0,c270fb91ae7ce470,3653,389,415,False
0.12,2.0,c270fb91ae7ce470,3654,389,416,False
0.12,2.0,c270fb91ae7ce470,3655,390,416,False
0.12,2.0,c270fb91ae7ce470,3656,390,416,False
0.12,2.0,c270fb91ae7ce470,3657,390,416,False
0.12,2.0,c270fb91ae7ce470,3658,390,416,False
0.12,2.0,c270fb91ae7ce470,3659,390,416,False
0.12,2.0,c270fb91ae7ce470,3660,390,416,False
0.12,2.0,c270fb91ae7ce470,3661,390,416,False
0.12,2.0,c270fb91ae7ce470,3662,390,416,False
0.12,2.0,c270fb91ae7ce470,3663,390,417,False
0.12,2.0,c270fb91ae7ce470,3664,391,417,False
0.12,2.0,c270fb91ae7ce470,3665,391,417,False
0.12,2.0,c270fb91ae7ce470,3666,391,417,False
0.12,2.0,c270fb91ae7ce470,3667,391,417,False
0.12,2.0,c270fb91ae7ce470,3668,391,417,False
0.12,2.0,c270fb91ae7ce470,3669,391,417,False
0.12,2.0,c270fb91ae7ce470,3670,391,417,False
0.12,2.0,c270fb91ae7ce470,3671,391,417,False
0.12,2.0,c270fb91ae7ce470,3672,391,418,False
0.12,2.0,c270fb91ae7ce470,3673,392,418,False
0.12,2.0,c270fb91ae7ce470,3674,392,418,False
0.12,2.0,c270fb91ae7ce470,3675,392,418,False
0.12,2.0,c270fb91ae7ce470,3676,392,418,False
0.12,2.0,c270fb91ae7ce470,3677,392,418,False
0.12,2.0,c270fb91ae7ce470,3678,392,418,False
0.12,2.0,c270fb91ae7ce470,3679,392,418,False
0.12,2.0,c270fb91ae7ce470,3680,392,418,False
0.12,2.0,c270fb91ae7ce470,3681,392,419,False
0.12,2.0,c270fb91ae7ce470,3682,393,419,False
0.12,2.0,c270fb91ae7ce470,3683,393,419,False
0.12,2.0,c270fb91ae7ce470,3684,393,419,False
0.12,2.0,c270fb91ae7ce470,3685,393,419,False
0.12,2.0,c270fb91ae7ce470,3686,393,419,False
0.12,2.0,c270fb91ae7ce470,3687,393,419,False
0.12,2.0,c270fb91ae7ce470,3688,393,419,False
0.12,2.0,c270fb91ae7ce470,3689,393,419,False
0.12,2.0,c270fb91ae7ce470,3690,393,420,False
0.12,2.0,c270fb91ae7ce470,3691,394,420,False
0.12,2.0,c270fb91ae7ce470,3692,394,420,False
0.12,2.0,c270fb91ae7ce470,3693,394,420,False
0.12,2.0,c270fb91ae7ce470,3694,394,420,False
0.12,2.0,c270fb91ae7ce470,3695,394,420,False
0.12,2.0,c270fb91ae7ce470,3696,394,420,False
0.12,2.0,c270fb91ae7ce470,3697,394,420,False
0.12,2.0,c270fb91ae7ce470,3698,394,420,False
0.12,2.0,c270fb91ae7ce470,3699,394,421,False
0.12,2.0,c270fb91ae7ce470,3700,395,421,False
0.12,2.0,c270fb91ae7ce470,3701,395,421,False
0.12,2.0,c270fb91ae7ce470,3702,395,421,False
0.12,2.0,c270fb91ae7ce470,3703,395,421,False
0.12,2.0,c270fb91ae7ce470,3704,395,421,False
0.12,2.0,c270fb91ae7ce470,3705,395,421,False
0.12,2.0,c270fb91ae7ce470,3706,395,421,False
0.12,2.0,c270fb91ae7ce470,3707,395,421,False
0.12,2.0,c270fb91ae7ce470,3708,395,422,False
0.12,2.0,c270fb91ae7ce470,3709,396,422,False
0.12,2.0,c270fb91ae7ce470,3710,396,422,False
0.12,2.0,c270fb91ae7ce470,3711,396,422,False
0.12,2.0,c270fb91ae7ce470,3712,396,422,False
0.12,2.0,c270fb91ae7ce470,3713,396,422,False
0.12,2.0,c270fb91ae7ce470,3714,396,422,False
0.12,2.0,c270fb91ae7ce470,3715,396,422,False
0.12,2.0,c270fb91ae7ce470,3716,396,422,False
0.12,2.0,c270fb91ae7ce470,3717,396,422,False
0.12,2.0,c270fb91ae7ce470,3718,396,423,False
0.12,2.0,c270fb91ae7ce470,3719,397,423,False
0.12,2.0,c270fb91ae7ce470,3720,397,423,False
0.12,2.0,c270fb91ae7ce470,3721,397,423,False
0.12,2.0,c270fb91ae7ce470,3722,397,423,False
0.12,2.0,c270fb91ae7ce470,3723,397,423,False
0.12,2.0,c270fb91ae7ce470,3724,397,423,False
0.12,2.0,c270fb91ae7ce470,3725,397,423,False
0.12,2.0,c270fb91ae7ce470,3726,397,423,False
0.12,2.0,c270fb91ae7ce470,3727,397,424,False
0.12,2.0,c270fb91ae7ce470,3728,398,424,False
0.12,2.0,c270fb91ae7ce470,3729,398,424,False
0.12,2.0,c270fb91ae7ce470,3730,398,424,False
0.12,2.0,c270fb91ae7ce470,3731,398,424,False
0.12,2.0,c270fb91ae7ce470,3732,398,424,False
0.12,2.0,c270fb91ae7ce470,3733,398,424,False
0.12,2.0,c270fb91ae7ce470,3734,398,424,False
0.12,2.0,c270fb91ae7ce470,3735,398,424,False
0.12,2.0,c270fb91ae7ce470,3736,398,425,False
0.12,2.0,c270fb91ae7ce470,3737,399,425,False
0.12,2.0,c270fb91ae7ce470,3738,399,425,False
0.12,2.0,c270fb91ae7ce470,3739,399,425,False
0.12,2.0,c270fb91ae7ce470,3740,399,425,False
0.12,2.0,c270fb91ae7ce470,3741,399,425,False
0.12,2.0,c270fb91ae7ce470,3742,399,425,False
0.12,2.0,c270fb91ae7ce470,3743,399,425,False
0.12,2.0,c270fb91ae7ce470,3744,399,425,False
0.12,2.0,c270fb91ae7ce470,3745,399,426,False
0.12,2.0,c270fb91ae7ce470,3746,400,426,False
0.12,2.0,c270fb91ae7ce470,3747,400,426,False
0.12,2.0,c270fb91ae7ce470,3748,400,426,False
0.12,2.0,c270fb91ae7ce470,3749,400,426,False
0.12,2.0,c270fb91ae7ce470,3750,400,426,False
0.12,2.0,c270fb91ae7ce470,3751,400,426,False
0.12,2.0,c270fb91ae7ce470,3752,400,426,False
0.12,2.0,c270fb91ae7ce470,3753,400,426,False
0.12,2.0,c270fb91ae7ce470,3754,400,427,False
0.12,2.0,c270fb91ae7ce470,3755,401,427,False
0.12,2.0,c270fb91ae7ce470,3756,401,427,False
0.12,2.0,c270fb91ae7ce470,3757,401,427,False
0.12,2.0,c270fb91ae7ce470,3758,401,427,False
0.12,2.0,c270fb91ae7ce470,3759,401,427,False
0.12,2.0,c270fb91ae7ce470,3760,401,427,False
0.12,2.0,c270fb91ae7ce470,3761,401,427,False
0.12,2.0,c270fb91ae7ce470,3762,401,427,False
0.12,2.0,c270fb91ae7ce470,3763,401,428,False
0.12,2.0,c270fb91ae7ce470,3764,402,428,False
0.12,2.0,c270fb91ae7ce470,3765,402,428,False
0.12,2.0,c270fb91ae7ce470,3766,402,428,False
0.12,2.0,c270fb91ae7ce470,3767,402,428,False
0.12,2.0,c270fb91ae7ce470,3768,402,428,False
0.12,2.0,c270fb91ae7ce470,3769,402,428,False
0.12,2.0,c270fb91ae7ce470,3770,402,428,False
0.12,2.0,c270fb91ae7ce470,3771,402,428,False
0.12,2.0,c270fb91ae7ce470,3772,402,429,False
0.12,2.0,c270fb91ae7ce470,3773,403,429,False
0.12,2.0,c270fb91ae7ce470,3774,403,429,False
0.12,2.0,c270fb91ae7ce470,3775,403,429,False
0.12,2.0,c270fb91ae7ce470,3776,403,429,False
0.12,2.0,c270fb91ae7ce470,3777,403,429,False
0.12,2.0,c270fb91ae7ce470,3778,403,429,False
0.12,2.0,c270fb91ae7ce470,3779,403,429,False
0.12,2.0,c270fb91ae7ce470,3780,403,429,False
0.12,2.0,c270fb91ae7ce470,3781,403,430,False
0.12,2.0,c270fb91ae7ce470,3782,404,430,False
0.12,2.0,c270fb91ae7ce470,3783,404,430,False
0.12,2.0,c270fb91ae7ce470,3784,404,430,False
0.12,2.0,c270fb91ae7ce470,3785,404,430,False
0.12,2.0,c270fb91ae7ce470,3786,404,430,False
0.12,2.0,c270fb91ae7ce470,3787,404,430,False
0.12,2.0,c270fb91ae7ce470,3788,404,430,False
0.12,2.0,c270fb91ae7ce470,3789,404,430,False
0.12,2.0,c270fb91ae7ce470,3790,404,431,False
0.12,2.0,c270fb91ae7ce470,3791,405,431,False
0.12,2.0,c270fb91ae7ce470,3792,405,431,False
0.12,2.0,c270fb91ae7ce470,3793,405,431,False
0.12,2.0,c270fb91ae7ce470,3794,405,431,False
0.12,2.0,c270fb91ae7ce470,3795,405,431,False
0.12,2.0,c270fb91ae7ce470,3796,405,431,False
0.12,2.0,c270fb91ae7ce470,3797,405,431,False
0.12,2.0,c270fb91ae7ce470,3798,405,431,False
0.12,2.0,c270fb91ae7ce470,3799,405,431,False
0.12,2.0,c270fb91ae7ce470,3800,405,432,False
0.12,2.0,c270fb91ae7ce470,3801,406,432,False
0.12,2.0,c270fb91ae7ce470,3802,406,432,False
0.12,2.0,c270fb91ae7ce470,3803,406,432,False
0.12,2.0,c270fb91ae7ce470,3804,406,432,False
0.12,2.0,c270fb91ae7ce470,3805,406,432,False
0.12,2.0,c270fb91ae7ce470,3806,406,432,False
0.12,2.0,c270fb91ae7ce470,3807,406,432,False
0.12,2.0,c270fb91ae7ce470,3808,406,432,False
0.12,2.0,c270fb91ae7ce470,3809,406,433,False
0.12,2.0,c270fb91ae7ce470,3810,407,433,False
0.12,2.0,c270fb91ae7ce470,3811,407,433,False
0.12,2.0,c270fb91ae7ce470,3812,407,433,False
0.12,2.0,c270fb91ae7ce470,3813,407,433,False
0.12,2.0,c270fb91ae7ce470,3814,407,433,False
0.12,2.0,c270fb91ae7ce470,3815,407,433,False
0.12,2.0,c270fb91ae7ce470,3816,407,433,False
0.12,2.0,c270fb91ae7ce470,3817,407,433,False
0.12,2.0,c270fb91ae7ce470,3818,407,434,False
0.12,2.0,c270fb91ae7ce470,3819,408,434,False
0.12,2.0,c270fb91ae7ce470,3820,408,434,False
0.12,2.0,c270fb91ae7ce470,3821,408,434,False
0.12,2.0,c270fb91ae7ce470,3822,408,434,False
0.12,2.0,c270fb91ae7ce470,3823,408,434,False
0.12,2.0,c270fb91ae7ce470,3824,408,434,False
0.12,2.0,c270fb91ae7ce470,3825,408,434,False
0.12,2.0,c270fb91ae7ce470,3826,408,434,False
0.12,2.0,c270fb91ae7ce470,3827,408,435,False
0.12,2.0,c270fb91ae7ce470,3828,409,435,False
0.12,2.0,c270fb91ae7ce470,3829,409,435,False
0.12,2.0,c270fb91ae7ce470,3830,409,435,False
0.12,2.0,c270fb91ae7ce470,3831,409,435,False
0.12,2.0,c270fb91ae7ce470,3832,409,435,False
0.12,2.0,c270fb91ae7ce470,3833,409,435,False
0.12,2.0,c270fb91ae7ce470,3834,409,435,False
0.12,2.0,c270fb91ae7ce470,3835,409,435,False
0.12,2.0,c270fb91ae7ce470,3836,409,436,False
0.12,2.0,c270fb91ae7ce470,3837,410,436,False
0.12,2.0,c270fb91ae7ce470,3838,410,436,False
0.12,2.0,c270fb91ae7ce470,3839,410,436,False
0.12,2.0,c270fb91ae7ce470,3840,410,436,False
0.12,2.0,c270fb91ae7ce470,3841,410,436,False
0.12,2.0,c270fb91ae7ce470,3842,410,436,False
0.12,2.0,c270fb91ae7ce470,3843,410,436,False
0.12,2.0,c270fb91ae7ce470,3844,410,436,False
0.12,2.0,c270fb91ae7ce470,3845,410,437,False
0.12,2.0,c270fb91ae7ce470,3846,411,437,False
0.12,2.0,c270fb91ae7ce470,3847,411,437,False
0.12,2.0,c270fb91ae7ce470,3848,411,437,False
0.12,2.0,c270fb91ae7ce470,3849,411,437,False
0.12,2.0,c270fb91ae7ce470,3850,411,437,False
0.12,2.0,c270fb91ae7ce470,3851,411,437,False
0.12,2.0,c270fb91ae7ce470,3852,411,437,False
0.12,2.0,c270fb91ae7ce470,3853,411,437,False
0.12,2.0,c270fb91ae7ce470,3854,411,438,False
0.12,2.0,c270fb91ae7ce470,3855,412,438,False
0.12,2.0,c270fb91ae7ce470,3856,412,438,False
0.12,2.0,c270fb91ae7ce470,3857,412,438,False
0.12,2.0,c270fb91ae7ce470,3858,412,438,False
0.12,2.0,c270fb91ae7ce470,3859,412,438,False
0.12,2.0,c270fb91ae7ce470,3860,412,438,False
0.12,2.0,c270fb91ae7ce470,3861,412,438,False
0.12,2.0,c270fb91ae7ce470,3862,412,438,False
0.12,2.0,c270fb91ae7ce470,3863,412,439,False
0.12,2.0,c270fb91ae7ce470,3864,413,439,False
0.12,2.0,c270fb91ae7ce470,3865,413,439,False
0.12,2.0,c270fb91ae7ce470,3866,413,439,False
0.12,2.0,c270fb91ae7ce470,3867,413,439,False
0.12,2.0,c270fb91ae7ce470,3868,413,439,False
0.12,2.0,c270fb91ae7ce470,3869,413,439,False
0.12,2.0,c270fb91ae7ce470,3870,413,439,False
0.12,2.0,c270fb91ae7ce470,3871,413,439,False
0.12,2.0,c270fb91ae7ce470,3872,413,440,False
0.12,2.0,c270fb91ae7ce470,3873,414,440,False
0.12,2.0,c270fb91ae7ce470,3874,414,440,False
0.12,2.0,c270fb91ae7ce470,3875,414,440,False
0.12,2.0,c270fb91ae7ce470,3876,414,440,False
0.12,2.0,c270fb91ae7ce470,3877,414,440,False
0.12,2.0,c270fb91ae7ce470,3878,414,440,False
0.12,2.0,c270fb91ae7ce470,3879,414,440,False
0.12,2.0,c270fb91ae7ce470,3880,414,440,False
0.12,2.0,c270fb91ae7ce470,3881,414,440,False
0.12,2.0,c270fb91ae7ce470,3882,414,441,False
0.12,2.0,c270fb91ae7ce470,3883,415,441,False
0.12,2.0,c270fb91ae7ce470,3884,415,441,False
0.12,2.0,c270fb91ae7ce470,3885,415,441,False
0.12,2.0,c270fb91ae7ce470,3886,415,441,False
0.12,2.0,c270fb91ae7ce470,3887,415,441,False
0.12,2.0,c270fb91ae7ce470,3888,415,441,False
0.12,2.0,c270fb91ae7ce470,3889,415,441,False
0.12,2.0,c270fb91ae7ce470,3890,415,441,False
0.12,2.0,c270fb91ae7ce470,3891,415,442,False
0.12,2.0,c270fb91ae7ce470,3892,416,442,False
0.12,2.0,c270fb91ae7ce470,3893,416,442,False
0.12,2.0,c270fb91ae7ce470,3894,416,442,False
0.12,2.0,c270fb91ae7ce470,3895,416,442,False
0.12,2.0,c270fb91ae7ce470,3896,416,442,False
0.12,2.0,c270fb91ae7ce470,3897,416,442,False
0.12,2.0,c270fb91ae7ce470,3898,416,442,False
0.12,2.0,c270fb91ae7ce470,3899,416,442,False
0.12,2.0,c270fb91ae7ce470,3900,416,443,False
0.12,2.0,c270fb91ae7ce470,3901,417,443,False
0.12,2.0,c270fb91ae7ce470,3902,417,443,False
0.12,2.0,c270fb91ae7ce470,3903,417,443,False
0.12,2.0,c270fb91ae7ce470,3904,417,443,False
0.12,2.0,c270fb91ae7ce470,3905,417,443,False
0.12,2.0,c270fb91ae7ce470,3906,417,443,False
0.12,2.0,c270fb91ae7ce470,3907,417,443,False
0.12,2.0,c270fb91ae7ce470,3908,417,443,False
0.12,2.0,c270fb91ae7ce470,3909,417,444,False
0.12,2.0,c270fb91ae7ce470,3910,418,444,False
0.12,2.0,c270fb91ae7ce470,3911,418,444,False
0.12,2.0,c270fb91ae7ce470,3912,418,444,False
0.12,2.0,c270fb91ae7ce470,3913,418,444,False
0.12,2.0,c270fb91ae7ce470,3914,418,444,False
0.12,2.0,c270fb91ae7ce470,3915,418,444,False
0.12,2.0,c270fb91ae7ce470,3916,418,444,False
0.12,2.0,c270fb91ae7ce470,3917,418,444,False
0.12,2.0,c270fb91ae7ce470,3918,418,445,False
0.12,2.0,c270fb91ae7ce470,3919,419,445,False
0.12,2.0,c270fb91ae7ce470,3920,419,445,False
0.12,2.0,c270fb91ae7ce470,3921,419,445,False
0.12,2.0,c270fb91ae7ce470,3922,419,445,False
0.12,2.0,c270fb91ae7ce470,3923,419,445,False
0.12,2.0,c270fb91ae7ce470,3924,419,445,False
0.12,2.0,c270fb91ae7ce470,3925,419,445,False
0.12,2.0,c270fb91ae7ce470,3926,419,445,False
0.12,2.0,c270fb91ae7ce470,3927,419,446,False
0.12,2.0,c270fb91ae7ce470,3928,420,446,False
0.12,2.0,c270fb91ae7ce470,3929,420,446,False
0.12,2.0,c270fb91ae7ce470,3930,420,446,False
0.12,2.0,c270fb91ae7ce470,3931,420,446,False
0.12,2.0,c270fb91ae7ce470,3932,420,446,False
0.12,2.0,c270fb91ae7ce470,3933,420,446,False
0.12,2.0,c270fb91ae7ce470,3934,420,446,False
0.12,2.0,c270fb91ae7ce470,3935,420,446,False
0.12,2.0,c270fb91ae7ce470,3936,420,447,False
0.12,2.0,c270fb91ae7ce470,3937,421,447,False
0.12,2.0,c270fb91ae7ce470,3938,421,447,False
0.12,2.0,c270fb91ae7ce470,3939,421,447,False
0.12,2.0,c270fb91ae7ce470,3940,421,447,False
0.12,2.0,c270fb91ae7ce470,3941,421,447,False
0.12,2.0,c270fb91ae7ce470,3942,421,447,False
0.12,2.0,c270fb91ae7ce470,3943,421,447,False
0.12,2.0,c270fb91ae7ce470,3944,421,447,False
0.12,2.0,c270fb91ae7ce470,3945,421,448,False
0.12,2.0,c270fb91ae7ce470,3946,422,448,False
0.12,2.0,c270fb91ae7ce470,3947,422,448,False
0.12,2.0,c270fb91ae7ce470,3948,422,448,False
0.12,2.0,c270fb91ae7ce470,3949,422,448,False
0.12,2.0,c270fb91ae7ce470,3950,422,448,False
0.12,2.0,c270fb91ae7ce470,3951,422,448,False
0.12,2.0,c270fb91ae7ce470,3952,422,448,False
0.12,2.0,c270fb91ae7ce470,3953,422,448,False
0.12,2.0,c270fb91ae7ce470,3954,422,449,False
0.12,2.0,c270fb91ae7ce470,3955,423,449,False
0.12,2.0,c270fb91ae7ce470,3956,423,449,False
0.12,2.0,c270fb91ae7ce470,3957,423,449,False
0.12,2.0,c270fb91ae7ce470,3958,423,449,False
0.12,2.0,c270fb91ae7ce470,3959,423,449,False
0.12,2.0,c270fb91ae7ce470,3960,423,449,False
0.12,2.0,c270fb91ae7ce470,3961,423,449,False
0.12,2.0,c270fb91ae7ce470,3962,423,449,False
0.12,2.0,c270fb91ae7ce470,3963,423,449,False
0.12,2.0,c270fb91ae7ce470,3964,423,450,False
0.12,2.0,c270fb91ae7ce470,3965,424,450,False
0.12,2.0,c270fb91ae7ce470,3966,424,450,False
0.12,2.0,c270fb91ae7ce470,3967,424,450,False
0.12,2.0,c270fb91ae7ce470,3968,424,450,False
0.12,2.0,c270fb91ae7ce470,3969,424,450,False
0.12,2.0,c270fb91ae7ce470,3970,424,450,False
0.12,2.0,c270fb91ae7ce470,3971,424,450,False
0.12,2.0,c270fb91ae7ce470,3972,424,450,False
0.12,2.0,c270fb91ae7ce470,3973,424,451,False
0.12,2.0,c270fb91ae7ce470,3974,425,451,False
0.12,2.0,c270fb91ae7ce470,3975,425,451,False
0.12,2.0,c270fb91ae7ce470,3976,425,451,False
0.12,2.0,c270fb91ae7ce470,3977,425,451,False
0.12,2.0,c270fb91ae7ce470,3978,425,451,False
0.12,2.0,c270fb91ae7ce470,3979,425,451,False
0.12,2.0,c270fb91ae7ce470,3980,425,451,False
0.12,2.0,c270fb91ae7ce470,3981,425,451,False
0.12,2.0,c270fb91ae7ce470,3982,425,452,False
0.12,2.0,c270fb91ae7ce470,3983,426,452,False
0.12,2.0,c270fb91ae7ce470,3984,426,452,False
0.12,2.0,c270fb91ae7ce470,3985,426,452,False
0.12,2.0,c270fb91ae7ce470,3986,426,452,False
0.12,2.0,c270fb91ae7ce470,3987,426,452,False
0.12,2.0,c270fb91ae7ce470,3988,426,452,False
0.12,2.0,c270fb91ae7ce470,3989,426,452,False
0.12,2.0,c270fb91ae7ce470,3990,426,452,False
0.12,2.0,c270fb91ae7ce470,3991,426,453,False
0.12,2.0,c270fb91ae7ce470,3992,427,453,False
0.12,2.0,c270fb91ae7ce470,3993,427,453,False
0.12,2.0,c270fb91ae7ce470,3994,427,453,False
0.12,2.0,c270fb91ae7ce470,3995,427,453,False
0.12,2.0,c270fb91ae7ce470,3996,427,453,False
0.12,2.0,c270fb91ae7ce470,3997,427,453,False
0.12,2.0,c270fb91ae7ce470,3998,427,453,False
0.12,2.0,c270fb91ae7ce470,3999,427,453,False
0.12,2.0,c270fb91ae7ce470,4000,427,454,False
0.12,2.0,c270fb91ae7ce470,4001,428,454,False
0.12,2.0,c270fb91ae7ce470,4002,428,454,False
0.12,2.0,c270fb91ae7ce470,4003,428,454,False
0.12,2.0,c270fb91ae7ce470,4004,428,454,False
0.12,2.0,c270fb91ae7ce470,4005,428,454,False
0.12,2.0,c270fb91ae7ce470,4006,428,454,False
0.12,2.0,c270fb91ae7ce470,4007,428,454,False
0.12,2.0,c270fb91ae7ce470,4008,428,454,False
0.12,2.0,c270fb91ae7ce470,4009,428,455,False
0.12,2.0,c270fb91ae7ce470,4010,429,455,False
0.12,2.0,c270fb91ae7ce470,4011,429,455,False
0.12,2.0,c270fb91ae7ce470,4012,429,455,False
0.12,2.0,c270fb91ae7ce470,4013,429,455,False
0.12,2.0,c270fb91ae7ce470,4014,429,455,False
0.12,2.0,c270fb91ae7ce470,4015,429,455,False
0.12,2.0,c270fb91ae7ce470,4016,429,455,False
0.12,2.0,c270fb91ae7ce470,4017,429,455,False
0.12,2.0,c270fb91ae7ce470,4018,429,456,False
0.12,2.0,c270fb91ae7ce470,4019,430,456,False
0.12,2.0,c270fb91ae7ce470,4020,430,456,False
0.12,2.0,c270fb91ae7ce470,4021,430,456,False
0.12,2.0,c270fb91ae7ce470,4022,430,456,False
0.12,2.0,c270fb91ae7ce470,4023,430,456,False
0.12,2.0,c270fb91ae7ce470,4024,430,456,False
0.12,2.0,c270fb91ae7ce470,4025,430,456,False
0.12,2.0,c270fb91ae7ce470,4026,430,456,False
0.12,2.0,c270fb91ae7ce470,4027,430,457,False
0.12,2.0,c270fb91ae7ce470,4028,431,457,False
0.12,2.0,c270fb91ae7ce470,4029,431,457,False
0.12,2.0,c270fb91ae7ce470,4030,431,457,False
0.12,2.0,c270fb91ae7ce470,4031,431,457,False
0.12,2.0,c270fb91ae7ce470,4032,431,457,False
0.12,2.0,c270fb91ae7ce470,4033,431,457,False
0.12,2.0,c270fb91ae7ce470,4034,431,457,False
0.12,2.0,c270fb91ae7ce470,4035,431,457,False
0.12,2.0,c270fb91ae7ce470,4036,431,457,False
0.12,2.0,c270fb91ae7ce470,4037,432,458,False
0.12,2.0,c270fb91ae7ce470,4038,432,458,False
0.12,2.0,c270fb91ae7ce470,4039,432,458,False
0.12,2.0,c270fb91ae7ce470,4040,432,458,False
0.12,2.0,c270fb91ae7ce470,4041,432,458,False
0.12,2.0,c270fb91ae7ce470,4042,432,458,False
0.12,2.0,c270fb91ae7ce470,4043,432,458,False
0.12,2.0,c270fb91ae7ce470,4044,432,458,False
0.12,2.0,c270fb91ae7ce470,4045,432,458,False
0.12,2.0,c270fb91ae7ce470,4046,432,459,False
0.12,2.0,c270fb91ae7ce470,4047,433,459,False
0.12,2.0,c270fb91ae7ce470,4048,433,459,False
0.12,2.0,c270fb91ae7ce470,4049,433,459,False
0.12,2.0,c270fb91ae7ce470,4050,433,459,False
0.12,2.0,c270fb91ae7ce470,4051,433,459,False
0.12,2.0,c270fb91ae7ce470,4052,433,459,False
0.12,2.0,c270fb91ae7ce470,4053,433,459,False
0.12,2.0,c270fb91ae7ce470,4054,433,459,False
0.12,2.0,c270fb91ae7ce470,4055,433,460,False
0.12,2.0,c270fb91ae7ce470,4056,434,460,False
0.12,2.0,c270fb91ae7ce470,4057,434,460,False
0.12,2.0,c270fb91ae7ce470,4058,434,460,False
0.12,2.0,c270fb91ae7ce470,4059,434,460,False
0.12,2.0,c270fb91ae7ce470,4060,434,460,False
0.12,2.0,c270fb91ae7ce470,4061,434,460,False
0.12,2.0,c270fb91ae7ce470,4062,434,460,False
0.12,2.0,c270fb91ae7ce470,4063,434,460,False
0.12,2.0,c270fb91ae7ce470,4064,434,461,False
0.12,2.0,c270fb91ae7ce470,4065,435,461,False
0.12,2.0,c270fb91ae7ce470,4066,435,461,False
0.12,2.0,c270fb91ae7ce470,4067,435,461,False
0.12,2.0,c270fb91ae7ce470,4068,435,461,False
0.12,2.0,c270fb91ae7ce470,4069,435,461,False
0.12,2.0,c270fb91ae7ce470,4070,435,461,False
0.12,2.0,c270fb91ae7ce470,4071,435,461,False
0.12,2.0,c270fb91ae7ce470,4072,435,461,False
0.12,2.0,c270fb91ae7ce470,4073,435,462,False
0.12,2.0,c270fb91ae7ce470,4074,436,462,False
0.12,2.0,c270fb91ae7ce470,4075,436,462,False
0.12,2.0,c270fb91ae7ce470,4076,436,462,False
0.12,2.0,c270fb91ae7ce470,4077,436,462,False
0.12,2.0,c270fb91ae7ce470,4078,436,462,False
0.12,2.0,c270fb91ae7ce470,4079,436,462,False
0.12,2.0,c270fb91ae7ce470,4080,436,462,False
0.12,2.0,c270fb91ae7ce470,4081,436,462,False
0.12,2.0,c270fb91ae7ce470,4082,436,463,False
0.12,2.0,c270fb91ae7ce470,4083,437,463,False
0.12,2.0,c270fb91ae7ce470,4084,437,463,False
0.12,2.0,c270fb91ae7ce470,4085,437,463,False
0.12,2.0,c270fb91ae7ce470,4086,437,463,False
0.12,2.0,c270fb91ae7ce470,4087,437,463,False
0.12,2.0,c270fb91ae7ce470,4088,437,463,False
0.12,2.0,c270fb91ae7ce470,4089,437,463,False
0.12,2.0,c270fb91ae7ce470,4090,437,463,False
0.12,2.0,c270fb91ae7ce470,4091,437,464,False
0.12,2.0,c270fb91ae7ce470,4092,438,464,False
0.12,2.0,c270fb91ae7ce470,4093,438,464,False
0.12,2.0,c270fb91ae7ce470,4094,438,464,False
0.12,2.0,c270fb91ae7ce470,4095,438,464,False
0.12,2.0,c270fb91ae7ce470,4096,438,464,False
0.12,2.0,c270fb91ae7ce470,4097,438,464,False
0.12,2.0,c270fb91ae7ce470,4098,438,464,False
0.12,2.0,c270fb91ae7ce470,4099,438,464,False
0.12,2.0,c270fb91ae7ce470,4100,438,465,False
0.12,2.0,c270fb91ae7ce470,4101,439,465,False
0.12,2.0,c270fb91ae7ce470,4102,439,465,False
0.12,2.0,c270fb91ae7ce470,4103,439,465,False
0.12,2.0,c270fb91ae7ce470,4104,439,465,False
0.12,2.0,c270fb91ae7ce470,4105,439,465,False
0.12,2.0,c270fb91ae7ce470,4106,439,465,False
0.12,2.0,c270fb91ae7ce470,4107,439,465,False
0.12,2.0,c270fb91ae7ce470,4108,439,465,False
0.12,2.0,c270fb91ae7ce470,4109,439,466,False
0.12,2.0,c270fb91ae7ce470,4110,440,466,False
0.12,2.0,c270fb91ae7ce470,4111,440,466,False
0.12,2.0,c270fb91ae7ce470,4112,440,466,False
0.12,2.0,c270fb91ae7ce470,4113,440,466,False
0.12,2.0,c270fb91ae7ce470,4114,440,466,False
0.12,2.0,c270fb91ae7ce470,4115,440,466,False
0.12,2.0,c270fb91ae7ce470,4116,440,466,False
0.12,2.0,c270fb91ae7ce470,4117,440,466,False
0.12,2.0,c270fb91ae7ce470,4118,440,466,False
0.12,2.0,c270fb91ae7ce470,4119,441,467,False
0.12,2.0,c270fb91ae7ce470,4120,441,467,False
0.12,2.0,c270fb91ae7ce470,4121,441,467,False
0.12,2.0,c270fb91ae7ce470,4122,441,467,False
0.12,2.0,c270fb91ae7ce470,4123,441,467,False
0.12,2.0,c270fb91ae7ce470,4124,441,467,False
0.12,2.0,c270fb91ae7ce470,4125,441,467,False
0.12,2.0,c270fb91ae7ce470,4126,441,467,False
0.12,2.0,c270fb91ae7ce470,4127,441,467,False
0.12,2.0,c270fb91ae7ce470,4128,441,468,False
0.12,2.0,c270fb91ae7ce470,4129,442,468,False
0.12,2.0,c270fb91ae7ce470,4130,442,468,False
0.12,2.0,c270fb91ae7ce470,4131,442,468,False
0.12,2.0,c270fb91ae7ce470,4132,442,468,False
0.12,2.0,c270fb91ae7ce470,4133,442,468,False
0.12,2.0,c270fb91ae7ce470,4134,442,468,False
0.12,2.0,c270fb91ae7ce470,4135,442,468,False
0.12,2.0,c270fb91ae7ce470,4136,442,468,False
0.12,2.0,c270fb91ae7ce470,4137,442,469,False
0.12,2.0,c270fb91ae7ce470,4138,443,469,False
0.12,2.0,c270fb91ae7ce470,4139,443,469,False
0.12,2.0,c270fb91ae7ce470,4140,443,469,False
0.12,2.0,c270fb91ae7ce470,4141,443,469,False
0.12,2.0,c270fb91ae7ce470,4142,443,469,False
0.12,2.0,c270fb91ae7ce470,4143,443,469,False
0.12,2.0,c270fb91ae7ce470,4144,443,469,False
0.12,2.0,c270fb91ae7ce470,4145,443,469,False
0.12,2.0,c270fb91ae7ce470,4146,443,470,False
0.12,2.0,c270fb91ae7ce470,4147,444,470,False
0.12,2.0,c270fb91ae7ce470,4148,444,470,False
0.12,2.0,c270fb91ae7ce470,4149,444,470,False
0.12,2.0,c270fb91ae7ce470,4150,444,470,False
0.12,2.0,c270fb91ae7ce470,4151,444,470,False
0.12,2.0,c270fb91ae7ce470,4152,444,470,False
0.12,2.0,c270fb91ae7ce470,4153,444,470,False
0.12,2.0,c270fb91ae7ce470,4154,444,470,False
0.12,2.0,c270fb91ae7ce470,4155,444,471,False
0.12,2.0,c270fb91ae7ce470,4156,445,471,False
0.12,2.0,c270fb91ae7ce470,4157,445,471,False
0.12,2.0,c270fb91ae7ce470,4158,445,471,False
0.12,2.0,c270fb91ae7ce470,4159,445,471,False
0.12,2.0,c270fb91ae7ce470,4160,445,471,False
0.12,2.0,c270fb91ae7ce470,4161,445,471,False
0.12,2.0,c270fb91ae7ce470,4162,445,471,False
0.12,2.0,c270fb91ae7ce470,4163,445,471,False
0.12,2.0,c270fb91ae7ce470,4164,445,472,False
0.12,2.0,c270fb91ae7ce470,4165,446,472,False
0.12,2.0,c270fb91ae7ce470,4166,446,472,False
0.12,2.0,c270fb91ae7ce470,4167,446,472,False
0.12,2.0,c270fb91ae7ce470,4168,446,472,False
0.12,2.0,c270fb91ae7ce470,4169,446,472,False
0.12,2.0,c270fb91ae7ce470,4170,446,472,False
0.12,2.0,c270fb91ae7ce470,4171,446,472,False
0.12,2.0,c270fb91ae7ce470,4172,446,472,False
0.12,2.0,c270fb91ae7ce470,4173,446,473,False
0.12,2.0,c270fb91ae7ce470,4174,447,473,False
0.12,2.0,c270fb91ae7ce470,4175,447,473,False
0.12,2.0,c270fb91ae7ce470,4176,447,473,False
0.12,2.0,c270fb91ae7ce470,4177,447,473,False
0.12,2.0,c270fb91ae7ce470,4178,447,473,False
0.12,2.0,c270fb91ae7ce470,4179,447,473,False
0.12,2.0,c270fb91ae7ce470,4180,447,473,False
0.12,2.0,c270fb91ae7ce470,4181,447,473,False
0.12,2.0,c270fb91ae7ce470,4182,447,474,False
0.12,2.0,c270fb91ae7ce470,4183,448,474,False
0.12,2.0,c270fb91ae7ce470,4184,448,474,False
0.12,2.0,c270fb91ae7ce470,4185,448,474,False
0.12,2.0,c270fb91ae7ce470,4186,448,474,False
0.12,2.0,c270fb91ae7ce470,4187,448,474,False
0.12,2.0,c270fb91ae7ce470,4188,448,474,False
0.12,2.0,c270fb91ae7ce470,4189,448,474,False
0.12,2.0,c270fb91ae7ce470,4190,448,474,False
0.12,2.0,c270fb91ae7ce470,4191,448,475,False
0.12,2.0,c270fb91ae7ce470,4192,457,458,True
0.13,1.0,097cee36c394fece,1,,,False
0.13,1.0,097cee36c394fece,2,,,False
0.13,1.0,097cee36c394fece,3,,,False
0.13,1.0,097cee36c394fece,4,,,False
0.13,1.0,097cee36c394fece,5,,,False
0.13,1.0,097cee36c394fece,6,,,False
0.13,1.0,097cee36c394fece,7,,,False
0.13,1.0,097cee36c394fece,8,,,False
0.13,1.0,097cee36c394fece,9,,,False
0.13,1.0,097cee36c394fece,10,,,False
0.13,1.0,097cee36c394fece,11,,,False
0.13,1.0,097cee36c394fece,12,,,False
0.13,1.0,097cee36c394fece,13,,,False
0.13,1.0,097cee36c394fece,14,,,False
0.13,1.0,097cee36c394fece,15,,,False
0.13,1.0,097cee36c394fece,16,,,False
0.13,1.0,097cee36c394fece,17,,,False
0.13,1.0,097cee36c394fece,18,,,False
0.13,1.0,097cee36c394fece,19,,19,False
0.13,1.0,097cee36c394fece,20,,19,False
0.13,1.0,097cee36c394fece,21,,19,False
0.13,1.0,097cee36c394fece,22,,20,False
0.13,1.0,097cee36c394fece,23,,20,False
0.13,1.0,097cee36c394fece,24,,20,False
0.13,1.0,097cee36c394fece,25,,20,False
0.13,1.0,097cee36c394fece,26,,20,False
0.13,1.0,097cee36c394fece,27,,20,False
0.13,1.0,097cee36c394fece,28,,20,False
0.13,1.0,097cee36c394fece,29,,20,False
0.13,1.0,097cee36c394fece,30,,20,False
0.13,1.0,097cee36c394fece,31,,21,False
0.13,1.0,097cee36c394fece,32,,21,False
0.13,1.0,097cee36c394fece,33,,21,False
0.13,1.0,097cee36c394fece,34,,21,False
0.13,1.0,097cee36c394fece,35,,21,False
0.13,1.0,097cee36c394fece,36,,21,False
0.13,1.0,097cee36c394fece,37,,21,False
0.13,1.0,097cee36c394fece,38,,21,False
0.13,1.0,097cee36c394fece,39,,21,False
0.13,1.0,097cee36c394fece,40,,22,False
0.13,1.0,097cee36c394fece,41,,22,False
0.13,1.0,097cee36c394fece,42,,22,False
0.13,1.0,097cee36c394fece,43,,22,False
0.13,1.0,097cee36c394fece,44,,22,False
0.13,1.0,097cee36c394fece,45,,22,False
0.13,1.0,097cee36c394fece,46,,22,False
0.13,1.0,097cee36c394fece,47,,22,False
0.13,1.0,097cee36c394fece,48,,22,False
0.13,1.0,097cee36c394fece,49,,23,False
0.13,1.0,097cee36c394fece,50,,23,False
0.13,1.0,097cee36c394fece,51,,23,False
0.13,1.0,097cee36c394fece,52,,23,False
0.13,1.0,097cee36c394fece,53,,23,False
0.13,1.0,097cee36c394fece,54,,23,False
0.13,1.0,097cee36c394fece,55,,23,False
0.13,1.0,097cee36c394fece,56,,23,False
0.13,1.0,097cee36c394fece,57,,24,False
0.13,1.0,097cee36c394fece,58,,24,False
0.13,1.0,097cee36c394fece,59,,24,False
0.13,1.0,097cee36c394fece,60,,24,False
0.13,1.0,097cee36c394fece,61,,24,False
0.13,1.0,097cee36c394fece,62,,24,False
0.13,1.0,097cee36c394fece,63,,24,False
0.13,1.0,097cee36c394fece,64,,24,False
0.13,1.0,097cee36c394fece,65,,24,False
0.13,1.0,097cee36c394fece,66,,25,False
0.13,1.0,097cee36c394fece,67,,25,False
0.13,1.0,097cee36c394fece,68,,25,False
0.13,1.0,097cee36c394fece,69,,25,False
0.13,1.0,097cee36c394fece,70,,25,False
0.13,1.0,097cee36c394fece,71,,25,False
0.13,1.0,097cee36c394fece,72,,25,False
0.13,1.0,097cee36c394fece,73,,25,False
0.13,1.0,097cee36c394fece,74,,25,False
0.13,1.0,097cee36c394fece,75,,26,False
0.13,1.0,097cee36c394fece,76,,26,False
0.13,1.0,097cee36c394fece,77,,26,False
0.13,1.0,097cee36c394fece,78,,26,False
0.13,1.0,097cee36c394fece,79,,26,False
0.13,1.0,097cee36c394fece,80,,26,False
0.13,1.0,097cee36c394fece,81,,26,False
0.13,1.0,097cee36c394fece,82,,26,False
0.13,1.0,097cee36c394fece,83,,27,False
0.13,1.0,097cee36c394fece,84,,27,False
0.13,1.0,097cee36c394fece,85,,27,False
0.13,1.0,097cee36c394fece,86,,27,False
0.13,1.0,097cee36c394fece,87,,27,False
0.13,1.0,097cee36c394fece,88,,27,False
0.13,1.0,097cee36c394fece,89,,27,False
0.13,1.0,097cee36c394fece,90,,27,False
0.13,1.0,097cee36c394fece,91,,27,False
0.13,1.0,097cee36c394fece,92,,28,False
0.13,1.0,097cee36c394fece,93,,28,False
0.13,1.0,097cee36c394fece,94,,28,False
0.13,1.0,097cee36c394fece,95,,28,False
0.13,1.0,097cee36c394fece,96,,28,False
0.13,1.0,097cee36c394fece,97,,28,False
0.13,1.0,097cee36c394fece,98,,28,False
0.13,1.0,097cee36c394fece,99,,28,False
0.13,1.0,097cee36c394fece,100,,28,False
0.13,1.0,097cee36c394fece,101,,29,False
0.13,1.0,097cee36c394fece,102,,29,False
0.13,1.0,097cee36c394fece,103,,29,False
0.13,1.0,097cee36c394fece,104,,29,False
0.13,1.0,097cee36c394fece,105,,29,False
0.13,1.0,097cee36c394fece,106,,29,False
0.13,1.0,097cee36c394fece,107,,29,False
0.13,1.0,097cee36c394fece,108,,29,False
0.13,1.0,097cee36c394fece,109,,29,False
0.13,1.0,097cee36c394fece,110,,30,False
0.13,1.0,097cee36c394fece,111,,30,False
0.13,1.0,097cee36c394fece,112,,30,False
0.13,1.0,097cee36c394fece,113,,30,False
0.13,1.0,097cee36c394fece,114,,30,False
0.13,1.0,097cee36c394fece,115,,30,False
0.13,1.0,097cee36c394fece,116,,30,False
0.13,1.0,097cee36c394fece,117,,30,False
0.13,1.0,097cee36c394fece,118,,31,False
0.13,1.0,097cee36c394fece,119,,31,False
0.13,1.0,097cee36c394fece,120,,31,False
0.13,1.0,097cee36c394fece,121,,31,False
0.13,1.0,097cee36c394fece,122,,31,False
0.13,1.0,097cee36c394fece,123,,31,False
0.13,1.0,097cee36c394fece,124,,31,False
0.13,1.0,097cee36c394fece,125,,31,False
0.13,1.0,097cee36c394fece,126,,31,False
0.13,1.0,097cee36c394fece,127,,32,False
0.13,1.0,097cee36c394fece,128,,32,False
0.13,1.0,097cee36c394fece,129,,32,False
0.13,1.0,097cee36c394fece,130,,32,False
0.13,1.0,097cee36c394fece,131,,32,False
0.13,1.0,097cee36c394fece,132,,32,False
0.13,1.0,097cee36c394fece,133,,32,False
0.13,1.0,097cee36c394fece,134,,32,False
0.13,1.0,097cee36c394fece,135,,32,False
0.13,1.0,097cee36c394fece,136,,33,False
0.13,1.0,097cee36c394fece,137,,33,False
0.13,1.0,097cee36c394fece,138,,33,False
0.13,1.0,097cee36c394fece,139,,33,False
0.13,1.0,097cee36c394fece,140,,33,False
0.13,1.0,097cee36c394fece,141,,33,False
0.13,1.0,097cee36c394fece,142,,33,False
0.13,1.0,097cee36c394fece,143,,33,False
0.13,1.0,097cee36c394fece,144,,33,False
0.13,1.0,097cee36c394fece,145,,34,False
0.13,1.0,097cee36c394fece,146,,34,False
0.13,1.0,097cee36c394fece,147,,34,False
0.13,1.0,097cee36c394fece,148,,34,False
0.13,1.0,097cee36c394fece,149,,34,False
0.13,1.0,097cee36c394fece,150,,34,False
0.13,1.0,097cee36c394fece,151,,34,False
0.13,1.0,097cee36c394fece,152,,34,False
0.13,1.0,097cee36c394fece,153,,35,False
0.13,1.0,097cee36c394fece,154,,35,False
0.13,1.0,097cee36c394fece,155,0,35,False
0.13,1.0,097cee36c394fece,156,0,35,False
0.13,1.0,097cee36c394fece,157,0,35,False
0.13,1.0,097cee36c394fece,158,0,35,False
0.13,1.0,097cee36c394fece,159,0,35,False
0.13,1.0,097cee36c394fece,160,0,35,False
0.13,1.0,097cee36c394fece,161,0,35,False
0.13,1.0,097cee36c394fece,162,0,36,False
0.13,1.0,097cee36c394fece,163,0,36,False
0.13,1.0,097cee36c394fece,164,1,36,False
0.13,1.0,097cee36c394fece,165,1,36,False
0.13,1.0,097cee36c394fece,166,1,36,False
0.13,1.0,097cee36c394fece,167,1,36,False
0.13,1.0,097cee36c394fece,168,1,36,False
0.13,1.0,097cee36c394fece,169,1,36,False
0.13,1.0,097cee36c394fece,170,1,36,False
0.13,1.0,097cee36c394fece,171,1,37,False
0.13,1.0,097cee36c394fece,172,1,37,False
0.13,1.0,097cee36c394fece,173,2,37,False
0.13,1.0,097cee36c394fece,174,2,37,False
0.13,1.0,097cee36c394fece,175,2,37,False
0.13,1.0,097cee36c394fece,176,2,37,False
0.13,1.0,097cee36c394fece,177,2,37,False
0.13,1.0,097cee36c394fece,178,2,37,False
0.13,1.0,097cee36c394fece,179,2,37,False
0.13,1.0,097cee36c394fece,180,2,38,False
0.13,1.0,097cee36c394fece,181,2,38,False
0.13,1.0,097cee36c394fece,182,3,38,False
0.13,1.0,097cee36c394fece,183,3,38,False
0.13,1.0,097cee36c394fece,184,3,38,False
0.13,1.0,097cee36c394fece,185,3,38,False
0.13,1.0,097cee36c394fece,186,3,38,False
0.13,1.0,097cee36c394fece,187,3,38,False
0.13,1.0,097cee36c394fece,188,3,39,False
0.13,1.0,097cee36c394fece,189,3,39,False
0.13,1.0,097cee36c394fece,190,4,39,False
0.13,1.0,097cee36c394fece,191,4,39,False
0.13,1.0,097cee36c394fece,192,4,39,False
0.13,1.0,097cee36c394fece,193,4,39,False
0.13,1.0,097cee36c394fece,194,4,39,False
0.13,1.0,097cee36c394fece,195,4,39,False
0.13,1.0,097cee36c394fece,196,4,39,False
0.13,1.0,097cee36c394fece,197,4,40,False
0.13,1.0,097cee36c394fece,198,4,40,False
0.13,1.0,097cee36c394fece,199,5,40,False
0.13,1.0,097cee36c394fece,200,5,40,False
0.13,1.0,097cee36c394fece,201,5,40,False
0.13,1.0,097cee36c394fece,202,5,40,False
0.13,1.0,097cee36c394fece,203,5,40,False
0.13,1.0,097cee36c394fece,204,5,40,False
0.13,1.0,097cee36c394fece,205,5,40,False
0.13,1.0,097cee36c394fece,206,5,41,False
0.13,1.0,097cee36c394fece,207,5,41,False
0.13,1.0,097cee36c394fece,208,6,41,False
0.13,1.0,097cee36c394fece,209,6,41,False
0.13,1.0,097cee36c394fece,210,6,41,False
0.13,1.0,097cee36c394fece,211,6,41,False
0.13,1.0,097cee36c394fece,212,6,41,False
0.13,1.0,097cee36c394fece,213,6,41,False
0.13,1.0,097cee36c394fece,214,6,41,False
0.13,1.0,097cee36c394fece,215,6,42,False
0.13,1.0,097cee36c394fece,216,6,42,False
0.13,1.0,097cee36c394fece,217,7,42,False
0.13,1.0,097cee36c394fece,218,7,42,False
0.13,1.0,097cee36c394fece,219,7,42,False
0.13,1.0,097cee36c394fece,220,7,42,False
0.13,1.0,097cee36c394fece,221,7,42,False
0.13,1.0,097cee36c394fece,222,7,42,False
0.13,1.0,097cee36c394fece,223,7,43,False
0.13,1.0,097cee36c394fece,224,7,43,False
0.13,1.0,097cee36c394fece,225,8,43,False
0.13,1.0,097cee36c394fece,226,8,43,False
0.13,1.0,097cee36c394fece,227,8,43,False
0.13,1.0,097cee36c394fece,228,8,43,False
0.13,1.0,097cee36c394fece,229,8,43,False
0.13,1.0,097cee36c394fece,230,8,43,False
0.13,1.0,097cee36c394fece,231,8,43,False
0.13,1.0,097cee36c394fece,232,8,44,False
0.13,1.0,097cee36c394fece,233,8,44,False
0.13,1.0,097cee36c394fece,234,9,44,False
0.13,1.0,097cee36c394fece,235,9,44,False
0.13,1.0,097cee36c394fece,236,9,44,False
0.13,1.0,097cee36c394fece,237,9,44,False
0.13,1.0,097cee36c394fece,238,9,44,False
0.13,1.0,097cee36c394fece,239,9,44,False
0.13,1.0,097cee36c394fece,240,9,44,False
0.13,1.0,097cee36c394fece,241,9,45,False
0.13,1.0,097cee36c394fece,242,9,45,False
0.13,1.0,097cee36c394fece,243,10,45,False
0.13,1.0,097cee36c394fece,244,10,45,False
0.13,1.0,097cee36c394fece,245,10,45,False
0.13,1.0,097cee36c394fece,246,10,45,False
0.13,1.0,097cee36c394fece,247,10,45,False
0.13,1.0,097cee36c394fece,248,10,45,False
0.13,1.0,097cee36c394fece,249,10,45,False
0.13,1.0,097cee36c394fece,250,10,46,False
0.13,1.0,097cee36c394fece,251,10,46,False
0.13,1.0,097cee36c394fece,252,11,46,False
0.13,1.0,097cee36c394fece,253,11,46,False
0.13,1.0,097cee36c394fece,254,11,46,False
0.13,1.0,097cee36c394fece,255,11,46,False
0.13,1.0,097cee36c394fece,256,11,46,False
0.13,1.0,097cee36c394fece,257,11,46,False
0.13,1.0,097cee36c394fece,258,11,47,False
0.13,1.0,097cee36c394fece,259,11,47,False
0.13,1.0,097cee36c394fece,260,12,47,False
0.13,1.0,097cee36c394fece,261,12,47,False
0.13,1.0,097cee36c394fece,262,12,47,False
0.13,1.0,097cee36c394fece,263,12,47,False
0.13,1.0,097cee36c394fece,264,12,47,False
0.13,1.0,097cee36c394fece,265,12,47,False
0.13,1.0,097cee36c394fece,266,12,47,False
0.13,1.0,097cee36c394fece,267,12,48,False
0.13,1.0,097cee36c394fece,268,12,48,False
0.13,1.0,097cee36c394fece,269,13,48,False
0.13,1.0,097cee36c394fece,270,13,48,False
0.13,1.0,097cee36c394fece,271,13,48,False
0.13,1.0,097cee36c394fece,272,13,48,False
0.13,1.0,097cee36c394fece,273,13,48,False
0.13,1.0,097cee36c394fece,274,13,48,False
0.13,1.0,097cee36c394fece,275,13,48,False
0.13,1.0,097cee36c394fece,276,13,49,False
0.13,1.0,097cee36c394fece,277,13,49,False
0.13,1.0,097cee36c394fece,278,14,49,False
0.13,1.0,097cee36c394fece,279,14,49,False
0.13,1.0,097cee36c394fece,280,14,49,False
0.13,1.0,097cee36c394fece,281,14,49,False
0.13,1.0,097cee36c394fece,282,14,49,False
0.13,1.0,097cee36c394fece,283,14,49,False
0.13,1.0,097cee36c394fece,284,14,50,False
0.13,1.0,097cee36c394fece,285,14,50,False
0.13,1.0,097cee36c394fece,286,15,50,False
0.13,1.0,097cee36c394fece,287,15,50,False
0.13,1.0,097cee36c394fece,288,15,50,False
0.13,1.0,097cee36c394fece,289,15,50,False
0.13,1.0,097cee36c394fece,290,15,50,False
0.13,1.0,097cee36c394fece,291,15,50,False
0.13,1.0,097cee36c394fece,292,15,50,False
0.13,1.0,097cee36c394fece,293,15,51,False
0.13,1.0,097cee36c394fece,294,15,51,False
0.13,1.0,097cee36c394fece,295,16,51,False
0.13,1.0,097cee36c394fece,296,16,51,False
0.13,1.0,097cee36c394fece,297,16,51,False
0.13,1.0,097cee36c394fece,298,16,51,False
0.13,1.0,097cee36c394fece,299,16,51,False
0.13,1.0,097cee36c394fece,300,16,51,False
0.13,1.0,097cee36c394fece,301,16,51,False
0.13,1.0,097cee36c394fece,302,16,52,False
0.13,1.0,097cee36c394fece,303,16,52,False
0.13,1.0,097cee36c394fece,304,17,52,False
0.13,1.0,097cee36c394fece,305,17,52,False
0.13,1.0,097cee36c394fece,306,17,52,False
0.13,1.0,097cee36c394fece,307,17,52,False
0.13,1.0,097cee36c394fece,308,17,52,False
0.13,1.0,097cee36c394fece,309,17,52,False
0.13,1.0,097cee36c394fece,310,17,52,False
0.13,1.0,097cee36c394fece,311,17,53,False
0.13,1.0,097cee36c394fece,312,17,53,False
0.13,1.0,097cee36c394fece,313,18,53,False
0.13,1.0,097cee36c394fece,314,18,53,False
0.13,1.0,097cee36c394fece,315,18,53,False
0.13,1.0,097cee36c394fece,316,18,53,False
0.13,1.0,097cee36c394fece,317,18,53,False
0.13,1.0,097cee36c394fece,318,18,53,False
0.13,1.0,097cee36c394fece,319,18,54,False
0.13,1.0,097cee36c394fece,320,18,54,False
0.13,1.0,097cee36c394fece,321,19,54,False
0.13,1.0,097cee36c394fece,322,19,54,False
0.13,1.0,097cee36c394fece,323,19,54,False
0.13,1.0,097cee36c394fece,324,19,54,False
0.13,1.0,097cee36c394fece,325,19,54,False
0.13,1.0,097cee36c394fece,326,19,54,False
0.13,1.0,097cee36c394fece,327,19,54,False
0.13,1.0,097cee36c394fece,328,19,55,False
0.13,1.0,097cee36c394fece,329,19,55,False
0.13,1.0,097cee36c394fece,330,20,55,False
0.13,1.0,097cee36c394fece,331,20,55,False
0.13,1.0,097cee36c394fece,332,20,55,False
0.13,1.0,097cee36c394fece,333,20,55,False
0.13,1.0,097cee36c394fece,334,20,55,False
0.13,1.0,097cee36c394fece,335,20,55,False
0.13,1.0,097cee36c394fece,336,20,55,False
0.13,1.0,097cee36c394fece,337,20,56,False
0.13,1.0,097cee36c394fece,338,20,56,False
0.13,1.0,097cee36c394fece,339,21,56,False
0.13,1.0,097cee36c394fece,340,21,56,False
0.13,1.0,097cee36c394fece,341,21,56,False
0.13,1.0,097cee36c394fece,342,21,56,False
0.13,1.0,097cee36c394fece,343,21,56,False
0.13,1.0,097cee36c394fece,344,21,56,False
0.13,1.0,097cee36c394fece,345,21,56,False
0.13,1.0,097cee36c394fece,346,21,57,False
0.13,1.0,097cee36c394fece,347,21,57,False
0.13,1.0,097cee36c394fece,348,22,57,False
0.13,1.0,097cee36c394fece,349,22,57,False
0.13,1.0,097cee36c394fece,350,22,57,False
0.13,1.0,097cee36c394fece,351,22,57,False
0.13,1.0,097cee36c394fece,352,22,57,False
0.13,1.0,097cee36c394fece,353,22,57,False
0.13,1.0,097cee36c394fece,354,22,58,False
0.13,1.0,097cee36c394fece,355,22,58,False
0.13,1.0,097cee36c394fece,356,23,58,False
0.13,1.0,097cee36c394fece,357,23,58,False
0.13,1.0,097cee36c394fece,358,23,58,False
0.13,1.0,097cee36c394fece,359,23,58,False
0.13,1.0,097cee36c394fece,360,23,58,False
0.13,1.0,097cee36c394fece,361,23,58,False
0.13,1.0,097cee36c394fece,362,23,58,False
0.13,1.0,097cee36c394fece,363,23,59,False
0.13,1.0,097cee36c394fece,364,23,59,False
0.13,1.0,097cee36c394fece,365,24,59,False
0.13,1.0,097cee36c394fece,366,24,59,False
0.13,1.0,097cee36c394fece,367,24,59,False
0.13,1.0,097cee36c394fece,368,24,59,False
0.13,1.0,097cee36c394fece,369,24,59,False
0.13,1.0,097cee36c394fece,370,24,59,False
0.13,1.0,097cee36c394fece,371,24,59,False
0.13,1.0,097cee36c394fece,372,24,60,False
0.13,1.0,097cee36c394fece,373,24,60,False
0.13,1.0,097cee36c394fece,374,25,60,False
0.13,1.0,097cee36c394fece,375,25,60,False
0.13,1.0,097cee36c394fece,376,25,60,False
0.13,1.0,097cee36c394fece,377,25,60,False
0.13,1.0,097cee36c394fece,378,25,60,False
0.13,1.0,097cee36c394fece,379,25,60,False
0.13,1.0,097cee36c394fece,380,25,60,False
0.13,1.0,097cee36c394fece,381,25,61,False
0.13,1.0,097cee36c394fece,382,25,61,False
0.13,1.0,097cee36c394fece,383,26,61,False
0.13,1.0,097cee36c394fece,384,26,61,False
0.13,1.0,097cee36c394fece,385,26,61,False
0.13,1.0,097cee36c394fece,386,26,61,False
0.13,1.0,097cee36c394fece,387,26,61,False
0.13,1.0,097cee36c394fece,388,26,61,False
0.13,1.0,097cee36c394fece,389,26,62,False
0.13,1.0,097cee36c394fece,390,26,62,False
0.13,1.0,097cee36c394fece,391,27,62,False
0.13,1.0,097cee36c394fece,392,27,62,False
0.13,1.0,097cee36c394fece,393,27,62,False
0.13,1.0,097cee36c394fece,394,27,62,False
0.13,1.0,097cee36c394fece,395,27,62,False
0.13,1.0,097cee36c394fece,396,27,62,False
0.13,1.0,097cee36c394fece,397,27,62,False
0.13,1.0,097cee36c394fece,398,27,63,False
0.13,1.0,097cee36c394fece,399,27,63,False
0.13,1.0,097cee36c394fece,400,28,63,False
0.13,1.0,097cee36c394fece,401,28,63,False
0.13,1.0,097cee36c394fece,402,28,63,False
0.13,1.0,097cee36c394fece,403,28,63,False
0.13,1.0,097cee36c394fece,404,28,63,False
0.13,1.0,097cee36c394fece,405,28,63,False
0.13,1.0,097cee36c394fece,406,28,63,False
0.13,1.0,097cee36c394fece,407,28,64,False
0.13,1.0,097cee36c394fece,408,28,64,False
0.13,1.0,097cee36c394fece,409,29,64,False
0.13,1.0,097cee36c394fece,410,29,64,False
0.13,1.0,097cee36c394fece,411,29,64,False
0.13,1.0,097cee36c394fece,412,29,64,False
0.13,1.0,097cee36c394fece,413,29,64,False
0.13,1.0,097cee36c394fece,414,29,64,False
0.13,1.0,097cee36c394fece,415,29,64,False
0.13,1.0,097cee36c394fece,416,29,65,False
0.13,1.0,097cee36c394fece,417,29,65,False
0.13,1.0,097cee36c394fece,418,30,65,False
0.13,1.0,097cee36c394fece,419,30,65,False
0.13,1.0,097cee36c394fece,420,30,65,False
0.13,1.0,097cee36c394fece,421,30,65,False
0.13,1.0,097cee36c394fece,422,30,65,False
0.13,1.0,097cee36c394fece,423,30,65,False
0.13,1.0,097cee36c394fece,424,30,66,False
0.13,1.0,097cee36c394fece,425,30,66,False
0.13,1.0,097cee36c394fece,426,31,66,False
0.13,1.0,097cee36c394fece,427,31,66,False
0.13,1.0,097cee36c394fece,428,31,66,False
0.13,1.0,097cee36c394fece,429,31,66,False
0.13,1.0,097cee36c394fece,430,31,66,False
0.13,1.0,097cee36c394fece,431,31,66,False
0.13,1.0,097cee36c394fece,432,31,66,False
0.13,1.0,097cee36c394fece,433,31,67,False
0.13,1.0,097cee36c394fece,434,31,67,False
0.13,1.0,097cee36c394fece,435,32,67,False
0.13,1.0,097cee36c394fece,436,32,67,False
0.13,1.0,097cee36c394fece,437,32,67,False
0.13,1.0,097cee36c394fece,438,32,67,False
0.13,1.0,097cee36c394fece,439,32,67,False
0.13,1.0,097cee36c394fece,440,32,67,False
0.13,1.0,097cee36c394fece,441,32,67,False
0.13,1.0,097cee36c394fece,442,32,68,False
0.13,1.0,097cee36c394fece,443,32,68,False
0.13,1.0,097cee36c394fece,444,33,68,False
0.13,1.0,097cee36c394fece,445,33,68,False
0.13,1.0,097cee36c394fece,446,33,68,False
0.13,1.0,097cee36c394fece,447,33,68,False
0.13,1.0,097cee36c394fece,448,33,68,False
0.13,1.0,097cee36c394fece,449,33,68,False
0.13,1.0,097cee36c394fece,450,33,68,False
0.13,1.0,097cee36c394fece,451,33,69,False
0.13,1.0,097cee36c394fece,452,33,69,False
0.13,1.0,097cee36c394fece,453,34,69,False
0.13,1.0,097cee36c394fece,454,34,69,False
0.13,1.0,097cee36c394fece,455,34,69,False
0.13,1.0,097cee36c394fece,456,34,69,False
0.13,1.0,097cee36c394fece,457,34,69,False
0.13,1.0,097cee36c394fece,458,34,69,False
0.13,1.0,097cee36c394fece,459,34,70,False
0.13,1.0,097cee36c394fece,460,34,70,False
0.13,1.0,097cee36c394fece,461,35,70,False
0.13,1.0,097cee36c394fece,462,35,70,False
0.13,1.0,097cee36c394fece,463,35,70,False
0.13,1.0,097cee36c394fece,464,35,70,False
0.13,1.0,097cee36c394fece,465,35,70,False
0.13,1.0,097cee36c394fece,466,35,70,False
0.13,1.0,097cee36c394fece,467,35,70,False
0.13,1.0,097cee36c394fece,468,35,71,False
0.13,1.0,097cee36c394fece,469,35,71,False
0.13,1.0,097cee36c394fece,470,36,71,False
0.13,1.0,097cee36c394fece,471,36,71,False
0.13,1.0,097cee36c394fece,472,36,71,False
0.13,1.0,097cee36c394fece,473,36,71,False
0.13,1.0,097cee36c394fece,474,36,71,False
0.13,1.0,097cee36c394fece,475,36,71,False
0.13,1.0,097cee36c394fece,476,36,71,False
0.13,1.0,097cee36c394fece,477,36,72,False
0.13,1.0,097cee36c394fece,478,36,72,False
0.13,1.0,097cee36c394fece,479,37,72,False
0.13,1.0,097cee36c394fece,480,37,72,False
0.13,1.0,097cee36c394fece,481,37,72,False
0.13,1.0,097cee36c394fece,482,37,72,False
0.13,1.0,097cee36c394fece,483,37,72,False
0.13,1.0,097cee36c394fece,484,37,72,False
0.13,1.0,097cee36c394fece,485,37,73,False
0.13,1.0,097cee36c394fece,486,37,73,False
0.13,1.0,097cee36c394fece,487,38,73,False
0.13,1.0,097cee36c394fece,488,38,73,False
0.13,1.0,097cee36c394fece,489,38,73,False
0.13,1.0,097cee36c394fece,490,38,73,False
0.13,1.0,097cee36c394fece,491,38,73,False
0.13,1.0,097cee36c394fece,492,38,73,False
0.13,1.0,097cee36c394fece,493,38,73,False
0.13,1.0,097cee36c394fece,494,38,74,False
0.13,1.0,097cee36c394fece,495,38,74,False
0.13,1.0,097cee36c394fece,496,39,74,False
0.13,1.0,097cee36c394fece,497,39,74,False
0.13,1.0,097cee36c394fece,498,39,74,False
0.13,1.0,097cee36c394fece,499,39,74,False
0.13,1.0,097cee36c394fece,500,39,74,False
0.13,1.0,097cee36c394fece,501,39,74,False
0.13,1.0,097cee36c394fece,502,39,74,False
0.13,1.0,097cee36c394fece,503,39,75,False
0.13,1.0,097cee36c394fece,504,39,75,False
0.13,1.0,097cee36c394fece,505,40,75,False
0.13,1.0,097cee36c394fece,506,40,75,False
0.13,1.0,097cee36c394fece,507,40,75,False
0.13,1.0,097cee36c394fece,508,40,75,False
0.13,1.0,097cee36c394fece,509,40,75,False
0.13,1.0,097cee36c394fece,510,40,75,False
0.13,1.0,097cee36c394fece,511,40,75,False
0.13,1.0,097cee36c394fece,512,40,76,False
0.13,1.0,097cee36c394fece,513,40,76,False
0.13,1.0,097cee36c394fece,514,41,76,False
0.13,1.0,097cee36c394fece,515,41,76,False
0.13,1.0,097cee36c394fece,516,41,76,False
0.13,1.0,097cee36c394fece,517,41,76,False
0.13,1.0,097cee36c394fece,518,41,76,False
0.13,1.0,097cee36c394fece,519,41,76,False
0.13,1.0,097cee36c394fece,520,41,77,False
0.13,1.0,097cee36c394fece,521,41,77,False
0.13,1.0,097cee36c394fece,522,42,77,False
0.13,1.0,097cee36c394fece,523,42,77,False
0.13,1.0,097cee36c394fece,524,42,77,False
0.13,1.0,097cee36c394fece,525,42,77,False
0.13,1.0,097cee36c394fece,526,42,77,False
0.13,1.0,097cee36c394fece,527,42,77,False
0.13,1.0,097cee36c394fece,528,42,77,False
0.13,1.0,097cee36c394fece,529,42,78,False
0.13,1.0,097cee36c394fece,530,42,78,False
0.13,1.0,097cee36c394fece,531,43,78,False
0.13,1.0,097cee36c394fece,532,43,78,False
0.13,1.0,097cee36c394fece,533,43,78,False
0.13,1.0,097cee36c394fece,534,43,78,False
0.13,1.0,097cee36c394fece,535,43,78,False
0.13,1.0,097cee36c394fece,536,43,78,False
0.13,1.0,097cee36c394fece,537,43,78,False
0.13,1.0,097cee36c394fece,538,43,79,False
0.13,1.0,097cee36c394fece,539,43,79,False
0.13,1.0,097cee36c394fece,540,44,79,False
0.13,1.0,097cee36c394fece,541,44,79,False
0.13,1.0,097cee36c394fece,542,44,79,False
0.13,1.0,097cee36c394fece,543,44,79,False
0.13,1.0,097cee36c394fece,544,44,79,False
0.13,1.0,097cee36c394fece,545,44,79,False
0.13,1.0,097cee36c394fece,546,44,79,False
0.13,1.0,097cee36c394fece,547,44,80,False
0.13,1.0,097cee36c394fece,548,44,80,False
0.13,1.0,097cee36c394fece,549,45,80,False
0.13,1.0,097cee36c394fece,550,45,80,False
0.13,1.0,097cee36c394fece,551,45,80,False
0.13,1.0,097cee36c394fece,552,45,80,False
0.13,1.0,097cee36c394fece,553,45,80,False
0.13,1.0,097cee36c394fece,554,45,80,False
0.13,1.0,097cee36c394fece,555,45,81,False
0.13,1.0,097cee36c394fece,556,45,81,False
0.13,1.0,097cee36c394fece,557,46,81,False
0.13,1.0,097cee36c394fece,558,46,81,False
0.13,1.0,097cee36c394fece,559,46,81,False
0.13,1.0,097cee36c394fece,560,46,81,False
0.13,1.0,097cee36c394fece,561,46,81,False
0.13,1.0,097cee36c394fece,562,46,81,False
0.13,1.0,097cee36c394fece,563,46,81,False
0.13,1.0,097cee36c394fece,564,46,82,False
0.13,1.0,097cee36c394fece,565,46,82,False
0.13,1.0,097cee36c394fece,566,47,82,False
0.13,1.0,097cee36c394fece,567,47,82,False
0.13,1.0,097cee36c394fece,568,47,82,False
0.13,1.0,097cee36c394fece,569,47,82,False
0.13,1.0,097cee36c394fece,570,47,82,False
0.13,1.0,097cee36c394fece,571,47,82,False
0.13,1.0,097cee36c394fece,572,47,82,False
0.13,1.0,097cee36c394fece,573,47,83,False
0.13,1.0,097cee36c394fece,574,47,83,False
0.13,1.0,097cee36c394fece,575,48,83,False
0.13,1.0,097cee36c394fece,576,48,83,False
0.13,1.0,097cee36c394fece,577,48,83,False
0.13,1.0,097cee36c394fece,578,48,83,False
0.13,1.0,097cee36c394fece,579,48,83,False
0.13,1.0,097cee36c394fece,580,48,83,False
0.13,1.0,097cee36c394fece,581,48,83,False
0.13,1.0,097cee36c394fece,582,48,84,False
0.13,1.0,097cee36c394fece,583,48,84,False
0.13,1.0,097cee36c394fece,584,49,84,False
0.13,1.0,097cee36c394fece,585,49,84,False
0.13,1.0,097cee36c394fece,586,49,84,False
0.13,1.0,097cee36c394fece,587,49,84,False
0.13,1.0,097cee36c394fece,588,49,84,False
0.13,1.0,097cee36c394fece,589,49,84,False
0.13,1.0,097cee36c394fece,590,49,85,False
0.13,1.0,097cee36c394fece,591,49,85,False
0.13,1.0,097cee36c394fece,592,50,85,False
0.13,1.0,097cee36c394fece,593,50,85,False
0.13,1.0,097cee36c394fece,594,50,85,False
0.13,1.0,097cee36c394fece,595,50,85,False
0.13,1.0,097cee36c394fece,596,50,85,False
0.13,1.0,097cee36c394fece,597,50,85,False
0.13,1.0,097cee36c394fece,598,50,85,False
0.13,1.0,097cee36c394fece,599,50,86,False
0.13,1.0,097cee36c394fece,600,50,86,False
0.13,1.0,097cee36c394fece,601,51,86,False
0.13,1.0,097cee36c394fece,602,51,86,False
0.13,1.0,097cee36c394fece,603,51,86,False
0.13,1.0,097cee36c394fece,604,51,86,False
0.13,1.0,097cee36c394fece,605,51,86,False
0.13,1.0,097cee36c394fece,606,51,86,False
0.13,1.0,097cee36c394fece,607,51,86,False
0.13,1.0,097cee36c394fece,608,51,87,False
0.13,1.0,097cee36c394fece,609,51,87,False
0.13,1.0,097cee36c394fece,610,52,87,False
0.13,1.0,097cee36c394fece,611,52,87,False
0.13,1.0,097cee36c394fece,612,52,87,False
0.13,1.0,097cee36c394fece,613,52,87,False
0.13,1.0,097cee36c394fece,614,52,87,False
0.13,1.0,097cee36c394fece,615,52,87,False
0.13,1.0,097cee36c394fece,616,52,87,False
0.13,1.0,097cee36c394fece,617,52,88,False
0.13,1.0,097cee36c394fece,618,52,88,False
0.13,1.0,097cee36c394fece,619,53,88,False
0.13,1.0,097cee36c394fece,620,53,88,False
0.13,1.0,097cee36c394fece,621,53,88,False
0.13,1.0,097cee36c394fece,622,53,88,False
0.13,1.0,097cee36c394fece,623,53,88,False
0.13,1.0,097cee36c394fece,624,53,88,False
0.13,1.0,097cee36c394fece,625,53,89,False
0.13,1.0,097cee36c394fece,626,53,89,False
0.13,1.0,097cee36c394fece,627,54,89,False
0.13,1.0,097cee36c394fece,628,54,89,False
0.13,1.0,097cee36c394fece,629,54,89,False
0.13,1.0,097cee36c394fece,630,54,89,False
0.13,1.0,097cee36c394fece,631,54,89,False
0.13,1.0,097cee36c394fece,632,54,89,False
0.13,1.0,097cee36c394fece,633,54,89,False
0.13,1.0,097cee36c394fece,634,54,90,False
0.13,1.0,097cee36c394fece,635,54,90,False
0.13,1.0,097cee36c394fece,636,55,90,False
0.13,1.0,097cee36c394fece,637,55,90,False
0.13,1.0,097cee36c394fece,638,55,90,False
0.13,1.0,097cee36c394fece,639,55,90,False
0.13,1.0,097cee36c394fece,640,55,90,False
0.13,1.0,097cee36c394fece,641,55,90,False
0.13,1.0,097cee36c394fece,642,55,90,False
0.13,1.0,097cee36c394fece,643,55,91,False
0.13,1.0,097cee36c394fece,644,55,91,False
0.13,1.0,097cee36c394fece,645,56,91,False
0.13,1.0,097cee36c394fece,646,56,91,False
0.13,1.0,097cee36c394fece,647,56,91,False
0.13,1.0,097cee36c394fece,648,56,91,False
0.13,1.0,097cee36c394fece,649,56,91,False
0.13,1.0,097cee36c394fece,650,56,91,False
0.13,1.0,097cee36c394fece,651,56,92,False
0.13,1.0,097cee36c394fece,652,56,92,False
0.13,1.0,097cee36c394fece,653,56,92,False
0.13,1.0,097cee36c394fece,654,57,92,False
0.13,1.0,097cee36c394fece,655,57,92,False
0.13,1.0,097cee36c394fece,656,57,92,False
0.13,1.0,097cee36c394fece,657,57,92,False
0.13,1.0,097cee36c394fece,658,57,92,False
0.13,1.0,097cee36c394fece,659,57,92,False
0.13,1.0,097cee36c394fece,660,57,93,False
0.13,1.0,097cee36c394fece,661,57,93,False
0.13,1.0,097cee36c394fece,662,58,93,False
0.13,1.0,097cee36c394fece,663,58,93,False
0.13,1.0,097cee36c394fece,664,58,93,False
0.13,1.0,097cee36c394fece,665,58,93,False
0.13,1.0,097cee36c394fece,666,58,93,False
0.13,1.0,097cee36c394fece,667,58,93,False
0.13,1.0,097cee36c394fece,668,58,93,False
0.13,1.0,097cee36c394fece,669,58,94,False
0.13,1.0,097cee36c394fece,670,58,94,False
0.13,1.0,097cee36c394fece,671,59,94,False
0.13,1.0,097cee36c394fece,672,59,94,False
0.13,1.0,097cee36c394fece,673,59,94,False
0.13,1.0,097cee36c394fece,674,59,94,False
0.13,1.0,097cee36c394fece,675,59,94,False
0.13,1.0,097cee36c394fece,676,59,94,False
0.13,1.0,097cee36c394fece,677,59,94,False
0.13,1.0,097cee36c394fece,678,59,95,False
0.13,1.0,097cee36c394fece,679,59,95,False
0.13,1.0,097cee36c394fece,680,60,95,False
0.13,1.0,097cee36c394fece,681,60,95,False
0.13,1.0,097cee36c394fece,682,60,95,False
0.13,1.0,097cee36c394fece,683,60,95,False
0.13,1.0,097cee36c394fece,684,60,95,False
0.13,1.0,097cee36c394fece,685,60,95,False
0.13,1.0,097cee36c394fece,686,60,96,False
0.13,1.0,097cee36c394fece,687,60,96,False
0.13,1.0,097cee36c394fece,688,61,96,False
0.13,1.0,097cee36c394fece,689,61,96,False
0.13,1.0,097cee36c394fece,690,61,96,False
0.13,1.0,097cee36c394fece,691,61,96,False
0.13,1.0,097cee36c394fece,692,61,96,False
0.13,1.0,097cee36c394fece,693,61,96,False
0.13,1.0,097cee36c394fece,694,61,96,False
0.13,1.0,097cee36c394fece,695,61,97,False
0.13,1.0,097cee36c394fece,696,61,97,False
0.13,1.0,097cee36c394fece,697,62,97,False
0.13,1.0,097cee36c394fece,698,62,97,False
0.13,1.0,097cee36c394fece,699,62,97,False
0.13,1.0,097cee36c394fece,700,62,97,False
0.13,1.0,097cee36c394fece,701,62,97,False
0.13,1.0,097cee36c394fece,702,62,97,False
0.13,1.0,097cee36c394fece,703,62,97,False
0.13,1.0,097cee36c394fece,704,62,98,False
0.13,1.0,097cee36c394fece,705,62,98,False
0.13,1.0,097cee36c394fece,706,63,98,False
0.13,1.0,097cee36c394fece,707,63,98,False
0.13,1.0,097cee36c394fece,708,63,98,False
0.13,1.0,097cee36c394fece,709,63,98,False
0.13,1.0,097cee36c394fece,710,63,98,False
0.13,1.0,097cee36c394fece,711,63,98,False
0.13,1.0,097cee36c394fece,712,63,98,False
0.13,1.0,097cee36c394fece,713,63,99,False
0.13,1.0,097cee36c394fece,714,63,99,False
0.13,1.0,097cee36c394fece,715,64,99,False
0.13,1.0,097cee36c394fece,716,64,99,False
0.13,1.0,097cee36c394fece,717,64,99,False
0.13,1.0,097cee36c394fece,718,64,99,False
0.13,1.0,097cee36c394fece,719,64,99,False
0.13,1.0,097cee36c394fece,720,64,99,False
0.13,1.0,097cee36c394fece,721,64,100,False
0.13,1.0,097cee36c394fece,722,64,100,False
0.13,1.0,097cee36c394fece,723,65,100,False
0.13,1.0,097cee36c394fece,724,65,100,False
0.13,1.0,097cee36c394fece,725,65,100,False
0.13,1.0,097cee36c394fece,726,65,100,False
0.13,1.0,097cee36c394fece,727,65,100,False
0.13,1.0,097cee36c394fece,728,65,100,False
0.13,1.0,097cee36c394fece,729,65,100,False
0.13,1.0,097cee36c394fece,730,65,101,False
0.13,1.0,097cee36c394fece,731,65,101,False
0.13,1.0,097cee36c394fece,732,66,101,False
0.13,1.0,097cee36c394fece,733,66,101,False
0.13,1.0,097cee36c394fece,734,66,101,False
0.13,1.0,097cee36c394fece,735,66,101,False
0.13,1.0,097cee36c394fece,736,66,101,False
0.13,1.0,097cee36c394fece,737,66,101,False
0.13,1.0,097cee36c394fece,738,66,101,False
0.13,1.0,097cee36c394fece,739,66,102,False
0.13,1.0,097cee36c394fece,740,66,102,False
0.13,1.0,097cee36c394fece,741,67,102,False
0.13,1.0,097cee36c394fece,742,67,102,False
0.13,1.0,097cee36c394fece,743,67,102,False
0.13,1.0,097cee36c394fece,744,67,102,False
0.13,1.0,097cee36c394fece,745,67,102,False
0.13,1.0,097cee36c394fece,746,67,102,False
0.13,1.0,097cee36c394fece,747,67,102,False
0.13,1.0,097cee36c394fece,748,67,103,False
0.13,1.0,097cee36c394fece,749,67,103,False
0.13,1.0,097cee36c394fece,750,68,103,False
0.13,1.0,097cee36c394fece,751,68,103,False
0.13,1.0,097cee36c394fece,752,68,103,False
0.13,1.0,097cee36c394fece,753,68,103,False
0.13,1.0,097cee36c394fece,754,68,103,False
0.13,1.0,097cee36c394fece,755,68,103,False
0.13,1.0,097cee36c394fece,756,68,104,False
0.13,1.0,097cee36c394fece,757,68,104,False
0.13,1.0,097cee36c394fece,758,69,104,False
0.13,1.0,097cee36c394fece,759,69,104,False
0.13,1.0,097cee36c394fece,760,69,104,False
0.13,1.0,097cee36c394fece,761,69,104,False
0.13,1.0,097cee36c394fece,762,69,104,False
0.13,1.0,097cee36c394fece,763,69,104,False
0.13,1.0,097cee36c394fece,764,69,104,False
0.13,1.0,097cee36c394fece,765,69,105,False
0.13,1.0,097cee36c394fece,766,69,105,False
0.13,1.0,097cee36c394fece,767,70,105,False
0.13,1.0,097cee36c394fece,768,70,105,False
0.13,1.0,097cee36c394fece,769,70,105,False
0.13,1.0,097cee36c394fece,770,70,105,False
0.13,1.0,097cee36c394fece,771,70,105,False
0.13,1.0,097cee36c394fece,772,70,105,False
0.13,1.0,097cee36c394fece,773,70,105,False
0.13,1.0,097cee36c394fece,774,70,106,False
0.13,1.0,097cee36c394fece,775,70,106,False
0.13,1.0,097cee36c394fece,776,71,106,False
0.13,1.0,097cee36c394fece,777,71,106,False
0.13,1.0,097cee36c394fece,778,71,106,False
0.13,1.0,097cee36c394fece,779,71,106,False
0.13,1.0,097cee36c394fece,780,71,106,False
0.13,1.0,097cee36c394fece,781,71,106,False
0.13,1.0,097cee36c394fece,782,71,106,False
0.13,1.0,097cee36c394fece,783,71,107,False
0.13,1.0,097cee36c394fece,784,71,107,False
0.13,1.0,097cee36c394fece,785,72,107,False
0.13,1.0,097cee36c394fece,786,72,107,False
0.13,1.0,097cee36c394fece,787,72,107,False
0.13,1.0,097cee36c394fece,788,72,107,False
0.13,1.0,097cee36c394fece,789,72,107,False
0.13,1.0,097cee36c394fece,790,72,107,False
0.13,1.0,097cee36c394fece,791,72,108,False
0.13,1.0,097cee36c394fece,792,72,108,False
0.13,1.0,097cee36c394fece,793,73,108,False
0.13,1.0,097cee36c394fece,794,73,108,False
0.13,1.0,097cee36c394fece,795,73,108,False
0.13,1.0,097cee36c394fece,796,73,108,False
0.13,1.0,097cee36c394fece,797,73,108,False
0.13,1.0,097cee36c394fece,798,73,108,False
0.13,1.0,097cee36c394fece,799,73,108,False
0.13,1.0,097cee36c394fece,800,73,109,False
0.13,1.0,097cee36c394fece,801,73,109,False
0.13,1.0,097cee36c394fece,802,74,109,False
0.13,1.0,097cee36c394fece,803,74,109,False
0.13,1.0,097cee36c394fece,804,74,109,False
0.13,1.0,097cee36c394fece,805,74,109,False
0.13,1.0,097cee36c394fece,806,74,109,False
0.13,1.0,097cee36c394fece,807,74,109,False
0.13,1.0,097cee36c394fece,808,74,109,False
0.13,1.0,097cee36c394fece,809,74,110,False
0.13,1.0,097cee36c394fece,810,74,110,False
0.13,1.0,097cee36c394fece,811,75,110,False
0.13,1.0,097cee36c394fece,812,75,110,False
0.13,1.0,097cee36c394fece,813,75,110,False
0.13,1.0,097cee36c394fece,814,75,110,False
0.13,1.0,097cee36c394fece,815,75,110,False
0.13,1.0,097cee36c394fece,816,75,110,False
0.13,1.0,097cee36c394fece,817,75,110,False
0.13,1.0,097cee36c394fece,818,75,111,False
0.13,1.0,097cee36c394fece,819,75,111,False
0.13,1.0,097cee36c394fece,820,76,111,False
0.13,1.0,097cee36c394fece,821,76,111,False
0.13,1.0,097cee36c394fece,822,76,111,False
0.13,1.0,097cee36c394fece,823,76,111,False
0.13,1.0,097cee36c394fece,824,76,111,False
0.13,1.0,097cee36c394fece,825,76,111,False
0.13,1.0,097cee36c394fece,826,76,112,False
0.13,1.0,097cee36c394fece,827,76,112,False
0.13,1.0,097cee36c394fece,828,77,112,False
0.13,1.0,097cee36c394fece,829,77,112,False
0.13,1.0,097cee36c394fece,830,77,112,False
0.13,1.0,097cee36c394fece,831,77,112,False
0.13,1.0,097cee36c394fece,832,77,112,False
0.13,1.0,097cee36c394fece,833,77,112,False
0.13,1.0,097cee36c394fece,834,77,112,False
0.13,1.0,097cee36c394fece,835,77,113,False
0.13,1.0,097cee36c394fece,836,77,113,False
0.13,1.0,097cee36c394fece,837,78,113,False
0.13,1.0,097cee36c394fece,838,78,113,False
0.13,1.0,097cee36c394fece,839,78,113,False
0.13,1.0,097cee36c394fece,840,78,113,False
0.13,1.0,097cee36c394fece,841,78,113,False
0.13,1.0,097cee36c394fece,842,78,113,False
0.13,1.0,097cee36c394fece,843,78,113,False
0.13,1.0,097cee36c394fece,844,78,114,False
0.13,1.0,097cee36c394fece,845,78,114,False
0.13,1.0,097cee36c394fece,846,79,114,False
0.13,1.0,097cee36c394fece,847,79,114,False
0.13,1.0,097cee36c394fece,848,79,114,False
0.13,1.0,097cee36c394fece,849,79,114,False
0.13,1.0,097cee36c394fece,850,79,114,False
0.13,1.0,097cee36c394fece,851,79,114,False
0.13,1.0,097cee36c394fece,852,79,115,False
0.13,1.0,097cee36c394fece,853,79,115,False
0.13,1.0,097cee36c394fece,854,79,115,False
0.13,1.0,097cee36c394fece,855,80,115,False
0.13,1.0,097cee36c394fece,856,80,115,False
0.13,1.0,097cee36c394fece,857,80,115,False
0.13,1.0,097cee36c394fece,858,80,115,False
0.13,1.0,097cee36c394fece,859,80,115,False
0.13,1.0,097cee36c394fece,860,80,115,False
0.13,1.0,097cee36c394fece,861,80,116,False
0.13,1.0,097cee36c394fece,862,80,116,False
0.13,1.0,097cee36c394fece,863,81,116,False
0.13,1.0,097cee36c394fece,864,81,116,False
0.13,1.0,097cee36c394fece,865,81,116,False
0.13,1.0,097cee36c394fece,866,81,116,False
0.13,1.0,097cee36c394fece,867,81,116,False
0.13,1.0,097cee36c394fece,868,81,116,False
0.13,1.0,097cee36c394fece,869,81,116,False
0.13,1.0,097cee36c394fece,870,81,117,False
0.13,1.0,097cee36c394fece,871,81,117,False
0.13,1.0,097cee36c394fece,872,82,117,False
0.13,1.0,097cee36c394fece,873,82,117,False
0.13,1.0,097cee36c394fece,874,82,117,False
0.13,1.0,097cee36c394fece,875,82,117,False
0.13,1.0,097cee36c394fece,876,82,117,False
0.13,1.0,097cee36c394fece,877,82,117,False
0.13,1.0,097cee36c394fece,878,82,117,False
0.13,1.0,097cee36c394fece,879,82,118,False
0.13,1.0,097cee36c394fece,880,82,118,False
0.13,1.0,097cee36c394fece,881,83,118,False
0.13,1.0,097cee36c394fece,882,83,118,False
0.13,1.0,097cee36c394fece,883,83,118,False
0.13,1.0,097cee36c394fece,884,83,118,False
0.13,1.0,097cee36c394fece,885,83,118,False
0.13,1.0,097cee36c394fece,886,83,118,False
0.13,1.0,097cee36c394fece,887,83,119,False
0.13,1.0,097cee36c394fece,888,83,119,False
0.13,1.0,097cee36c394fece,889,84,119,False
0.13,1.0,097cee36c394fece,890,84,119,False
0.13,1.0,097cee36c394fece,891,84,119,False
0.13,1.0,097cee36c394fece,892,84,119,False
0.13,1.0,097cee36c394fece,893,84,119,False
0.13,1.0,097cee36c394fece,894,84,119,False
0.13,1.0,097cee36c394fece,895,84,119,False
0.13,1.0,097cee36c394fece,896,84,120,False
0.13,1.0,097cee36c394fece,897,84,120,False
0.13,1.0,097cee36c394fece,898,85,120,False
0.13,1.0,097cee36c394fece,899,85,120,False
0.13,1.0,097cee36c394fece,900,85,120,False
0.13,1.0,097cee36c394fece,901,85,120,False
0.13,1.0,097cee36c394fece,902,85,120,False
0.13,1.0,097cee36c394fece,903,85,120,False
0.13,1.0,097cee36c394fece,904,85,120,False
0.13,1.0,097cee36c394fece,905,85,121,False
0.13,1.0,097cee36c394fece,906,85,121,False
0.13,1.0,097cee36c394fece,907,86,121,False
0.13,1.0,097cee36c394fece,908,86,121,False
0.13,1.0,097cee36c394fece,909,86,121,False
0.13,1.0,097cee36c394fece,910,86,121,False
0.13,1.0,097cee36c394fece,911,86,121,False
0.13,1.0,097cee36c394fece,912,86,121,False
0.13,1.0,097cee36c394fece,913,86,121,False
0.13,1.0,097cee36c394fece,914,86,122,False
0.13,1.0,097cee36c394fece,915,86,122,False
0.13,1.0,097cee36c394fece,916,87,122,False
0.13,1.0,097cee36c394fece,917,87,122,False
0.13,1.0,097cee36c394fece,918,87,122,False
0.13,1.0,097cee36c394fece,919,87,122,False
0.13,1.0,097cee36c394fece,920,87,122,False
0.13,1.0,097cee36c394fece,921,87,122,False
0.13,1.0,097cee36c394fece,922,87,123,False
0.13,1.0,097cee36c394fece,923,87,123,False
0.13,1.0,097cee36c394fece,924,88,123,False
0.13,1.0,097cee36c394fece,925,88,123,False
0.13,1.0,097cee36c394fece,926,88,123,False
0.13,1.0,097cee36c394fece,927,88,123,False
0.13,1.0,097cee36c394fece,928,88,123,False
0.13,1.0,097cee36c394fece,929,88,123,False
0.13,1.0,097cee36c394fece,930,88,123,False
0.13,1.0,097cee36c394fece,931,88,124,False
0.13,1.0,097cee36c394fece,932,88,124,False
0.13,1.0,097cee36c394fece,933,89,124,False
0.13,1.0,097cee36c394fece,934,89,124,False
0.13,1.0,097cee36c394fece,935,89,124,False
0.13,1.0,097cee36c394fece,936,89,124,False
0.13,1.0,097cee36c394fece,937,89,124,False
0.13,1.0,097cee36c394fece,938,89,124,False
0.13,1.0,097cee36c394fece,939,89,124,False
0.13,1.0,097cee36c394fece,940,89,125,False
0.13,1.0,097cee36c394fece,941,89,125,False
0.13,1.0,097cee36c394fece,942,90,125,False
0.13,1.0,097cee36c394fece,943,90,125,False
0.13,1.0,097cee36c394fece,944,90,125,False
0.13,1.0,097cee36c394fece,945,90,125,False
0.13,1.0,097cee36c394fece,946,90,125,False
0.13,1.0,097cee36c394fece,947,90,125,False
0.13,1.0,097cee36c394fece,948,90,125,False
0.13,1.0,097cee36c394fece,949,90,126,False
0.13,1.0,097cee36c394fece,950,90,126,False
0.13,1.0,097cee36c394fece,951,91,126,False
0.13,1.0,097cee36c394fece,952,91,126,False
0.13,1.0,097cee36c394fece,953,91,126,False
0.13,1.0,097cee36c394fece,954,91,126,False
0.13,1.0,097cee36c394fece,955,91,126,False
0.13,1.0,097cee36c394fece,956,91,126,False
0.13,1.0,097cee36c394fece,957,91,127,False
0.13,1.0,097cee36c394fece,958,91,127,False
0.13,1.0,097cee36c394fece,959,92,127,False
0.13,1.0,097cee36c394fece,960,92,127,False
0.13,1.0,097cee36c394fece,961,92,127,False
0.13,1.0,097cee36c394fece,962,92,127,False
0.13,1.0,097cee36c394fece,963,92,127,False
0.13,1.0,097cee36c394fece,964,92,127,False
0.13,1.0,097cee36c394fece,965,92,127,False
0.13,1.0,097cee36c394fece,966,92,128,False
0.13,1.0,097cee36c394fece,967,92,128,False
0.13,1.0,097cee36c394fece,968,112,113,True
0.13,1.25,f27ea777a45036a4,1,,,False
0.13,1.25,f27ea777a45036a4,2,,,False
0.13,1.25,f27ea777a45036a4,3,,,False
0.13,1.25,f27ea777a45036a4,4,,,False
0.13,1.25,f27ea777a45036a4,5,,,False
0.13,1.25,f27ea777a45036a4,6,,,False
0.13,1.25,f27ea777a45036a4,7,,,False
0.13,1.25,f27ea777a45036a4,8,,,False
0.13,1.25,f27ea777a45036a4,9,,,False
0.13,1.25,f27ea777a45036a4,10,,,False
0.13,1.25,f27ea777a45036a4,11,,,False
0.13,1.25,f27ea777a45036a4,12,,12,False
0.13,1.25,f27ea777a45036a4,13,,12,False
0.13,1.25,f27ea777a45036a4,14,,12,False
0.13,1.25,f27ea777a45036a4,15,,12,False
0.13,1.25,f27ea777a45036a4,16,,12,False
0.13,1.25,f27ea777a45036a4,17,,12,False
0.13,1.25,f27ea777a45036a4,18,,12,False
0.13,1.25,f27ea777a45036a4,19,,12,False
0.13,1.25,f27ea777a45036a4,20,,13,False
0.13,1.25,f27ea777a45036a4,21,,13,False
0.13,1.25,f27ea777a45036a4,22,,13,False
0.13,1.25,f27ea777a45036a4,23,,13,False
0.13,1.25,f27ea777a45036a4,24,,13,False
0.13,1.25,f27ea777a45036a4,25,,13,False
0.13,1.25,f27ea777a45036a4,26,,13,False
0.13,1.25,f27ea777a45036a4,27,,13,False
0.13,1.25,f27ea777a45036a4,28,,13,False
0.13,1.25,f27ea777a45036a4,29,,14,False
0.13,1.25,f27ea777a45036a4,30,,14,False
0.13,1.25,f27ea777a45036a4,31,,14,False
0.13,1.25,f27ea777a45036a4,32,,14,False
0.13,1.25,f27ea777a45036a4,33,,14,False
0.13,1.25,f27ea777a45036a4,34,,14,False
0.13,1.25,f27ea777a45036a4,35,,14,False
0.13,1.25,f27ea777a45036a4,36,,14,False
0.13,1.25,f27ea777a45036a4,37,,14,False
0.13,1.25,f27ea777a45036a4,38,,15,False
0.13,1.25,f27ea777a45036a4,39,,15,False
0.13,1.25,f27ea777a45036a4,40,,15,False
0.13,1.25,f27ea777a45036a4,41,,15,False
0.13,1.25,f27ea777a45036a4,42,,15,False
0.13,1.25,f27ea777a45036a4,43,,15,False
0.13,1.25,f27ea777a45036a4,44,,15,False
0.13,1.25,f27ea777a45036a4,45,,15,False
0.13,1.25,f27ea777a45036a4,46,,16,False
0.13,1.25,f27ea777a45036a4,47,,16,False
0.13,1.25,f27ea777a45036a4,48,,16,False
0.13,1.25,f27ea777a45036a4,49,,16,False
0.13,1.25,f27ea777a45036a4,50,,16,False
0.13,1.25,f27ea777a45036a4,51,,16,False
0.13,1.25,f27ea777a45036a4,52,,16,False
0.13,1.25,f27ea777a45036a4,53,,16,False
0.13,1.25,f27ea777a45036a4,54,,16,False
0.13,1.25,f27ea777a45036a4,55,,17,False
0.13,1.25,f27ea777a45036a4,56,,17,False
0.13,1.25,f27ea777a45036a4,57,,17,False
0.13,1.25,f27ea777a45036a4,58,,17,False
0.13,1.25,f27ea777a45036a4,59,,17,False
0.13,1.25,f27ea777a45036a4,60,,17,False
0.13,1.25,f27ea777a45036a4,61,,17,False
0.13,1.25,f27ea777a45036a4,62,,17,False
0.13,1.25,f27ea777a45036a4,63,,17,False
0.13,1.25,f27ea777a45036a4,64,,18,False
0.13,1.25,f27ea777a45036a4,65,,18,False
0.13,1.25,f27ea777a45036a4,66,,18,False
0.13,1.25,f27ea777a45036a4,67,,18,False
0.13,1.25,f27ea777a45036a4,68,,18,False
0.13,1.25,f27ea777a45036a4,69,,18,False
0.13,1.25,f27ea777a45036a4,70,,18,False
0.13,1.25,f27ea777a45036a4,71,,18,False
0.13,1.25,f27ea777a45036a4,72,,18,False
0.13,1.25,f27ea777a45036a4,73,,19,False
0.13,1.25,f27ea777a45036a4,74,,19,False
0.13,1.25,f27ea777a45036a4,75,,19,False
0.13,1.25,f27ea777a45036a4,76,,19,False
0.13,1.25,f27ea777a45036a4,77,,19,False
0.13,1.25,f27ea777a45036a4,78,,19,False
0.13,1.25,f27ea777a45036a4,79,,19,False
0.13,1.25,f27ea777a45036a4,80,,19,False
0.13,1.25,f27ea777a45036a4,81,,20,False
0.13,1.25,f27ea777a45036a4,82,,20,False
0.13,1.25,f27ea777a45036a4,83,,20,False
0.13,1.25,f27ea777a45036a4,84,,20,False
0.13,1.25,f27ea777a45036a4,85,,20,False
0.13,1.25,f27ea777a45036a4,86,,20,False
0.13,1.25,f27ea777a45036a4,87,,20,False
0.13,1.25,f27ea777a45036a4,88,,20,False
0.13,1.25,f27ea777a45036a4,89,,20,False
0.13,1.25,f27ea777a45036a4,90,,21,False
0.13,1.25,f27ea777a45036a4,91,,21,False
0.13,1.25,f27ea777a45036a4,92,,21,False
0.13,1.25,f27ea777a45036a4,93,,21,False
0.13,1.25,f27ea777a45036a4,94,,21,False
0.13,1.25,f27ea777a45036a4,95,,21,False
0.13,1.25,f27ea777a45036a4,96,0,21,False
0.13,1.25,f27ea777a45036a4,97,0,21,False
0.13,1.25,f27ea777a45036a4,98,0,21,False
0.13,1.25,f27ea777a45036a4,99,0,22,False
0.13,1.25,f27ea777a45036a4,100,0,22,False
0.13,1.25,f27ea777a45036a4,101,0,22,False
0.13,1.25,f27ea777a45036a4,102,0,22,False
0.13,1.25,f27ea777a45036a4,103,0,22,False
0.13,1.25,f27ea777a45036a4,104,0,22,False
0.13,1.25,f27ea777a45036a4,105,1,22,False
0.13,1.25,f27ea777a45036a4,106,1,22,False
0.13,1.25,f27ea777a45036a4,107,1,22,False
0.13,1.25,f27ea777a45036a4,108,1,23,False
0.13,1.25,f27ea777a45036a4,109,1,23,False
0.13,1.25,f27ea777a45036a4,110,1,23,False
0.13,1.25,f27ea777a45036a4,111,1,23,False
0.13,1.25,f27ea777a45036a4,112,1,23,False
0.13,1.25,f27ea777a45036a4,113,1,23,False
0.13,1.25,f27ea777a45036a4,114,2,23,False
0.13,1.25,f27ea777a45036a4,115,2,23,False
0.13,1.25,f27ea777a45036a4,116,2,24,False
0.13,1.25,f27ea777a45036a4,117,2,24,False
0.13,1.25,f27ea777a45036a4,118,2,24,False
0.13,1.25,f27ea777a45036a4,119,2,24,False
0.13,1.25,f27ea777a45036a4,120,2,24,False
0.13,1.25,f27ea777a45036a4,121,2,24,False
0.13,1.25,f27ea777a45036a4,122,2,24,False
0.13,1.25,f27ea777a45036a4,123,3,24,False
0.13,1.25,f27ea777a45036a4,124,3,24,False
0.13,1.25,f27ea777a45036a4,125,3,25,False
0.13,1.25,f27ea777a45036a4,126,3,25,False
0.13,1.25,f27ea777a45036a4,127,3,25,False
0.13,1.25,f27ea777a45036a4,128,3,25,False
0.13,1.25,f27ea777a45036a4,129,3,25,False
0.13,1.25,f27ea777a45036a4,130,3,25,False
0.13,1.25,f27ea777a45036a4,131,4,25,False
0.13,1.25,f27ea777a45036a4,132,4,25,False
0.13,1.25,f27ea777a45036a4,133,4,25,False
0.13,1.25,f27ea777a45036a4,134,4,26,False
0.13,1.25,f27ea777a45036a4,135,4,26,False
0.13,1.25,f27ea777a45036a4,136,4,26,False
0.13,1.25,f27ea777a45036a4,137,4,26,False
0.13,1.25,f27ea777a45036a4,138,4,26,False
0.13,1.25,f27ea777a45036a4,139,4,26,False
0.13,1.25,f27ea777a45036a4,140,5,26,False
0.13,1.25,f27ea777a45036a4,141,5,26,False
0.13,1.25,f27ea777a45036a4,142,5,27,False
0.13,1.25,f27ea777a45036a4,143,5,27,False
0.13,1.25,f27ea777a45036a4,144,5,27,False
0.13,1.25,f27ea777a45036a4,145,5,27,False
0.13,1.25,f27ea777a45036a4,146,5,27,False
0.13,1.25,f27ea777a45036a4,147,5,27,False
0.13,1.25,f27ea777a45036a4,148,5,27,False
0.13,1.25,f27ea777a45036a4,149,6,27,False
0.13,1.25,f27ea777a45036a4,150,6,27,False
0.13,1.25,f27ea777a45036a4,151,6,28,False
0.13,1.25,f27ea777a45036a4,152,6,28,False
0.13,1.25,f27ea777a45036a4,153,6,28,False
0.13,1.25,f27ea777a45036a4,154,6,28,False
0.13,1.25,f27ea777a45036a4,155,6,28,False
0.13,1.25,f27ea777a45036a4,156,6,28,False
0.13,1.25,f27ea777a45036a4,157,6,28,False
0.13,1.25,f27ea777a45036a4,158,7,28,False
0.13,1.25,f27ea777a45036a4,159,7,28,False
0.13,1.25,f27ea777a45036a4,160,7,29,False
0.13,1.25,f27ea777a45036a4,161,7,29,False
0.13,1.25,f27ea777a45036a4,162,7,29,False
0.13,1.25,f27ea777a45036a4,163,7,29,False
0.13,1.25,f27ea777a45036a4,164,7,29,False
0.13,1.25,f27ea777a45036a4,165,7,29,False
0.13,1.25,f27ea777a45036a4,166,8,29,False
0.13,1.25,f27ea777a45036a4,167,8,29,False
0.13,1.25,f27ea777a45036a4,168,8,29,False
0.13,1.25,f27ea777a45036a4,169,8,30,False
0.13,1.25,f27ea777a45036a4,170,8,30,False
0.13,1.25,f27ea777a45036a4,171,8,30,False
0.13,1.25,f27ea777a45036a4,172,8,30,False
0.13,1.25,f27ea777a45036a4,173,8,30,False
0.13,1.25,f27ea777a45036a4,174,8,30,False
0.13,1.25,f27ea777a45036a4,175,9,30,False
0.13,1.25,f27ea777a45036a4,176,9,30,False
0.13,1.25,f27ea777a45036a4,177,9,31,False
0.13,1.25,f27ea777a45036a4,178,9,31,False
0.13,1.25,f27ea777a45036a4,179,9,31,False
0.13,1.25,f27ea777a45036a4,180,9,31,False
0.13,1.25,f27ea777a45036a4,181,9,31,False
0.13,1.25,f27ea777a45036a4,182,9,31,False
0.13,1.25,f27ea777a45036a4,183,9,31,False
0.13,1.25,f27ea777a45036a4,184,10,31,False
0.13,1.25,f27ea777a45036a4,185,10,31,False
0.13,1.25,f27ea777a45036a4,186,10,32,False
0.13,1.25,f27ea777a45036a4,187,10,32,False
0.13,1.25,f27ea777a45036a4,188,10,32,False
0.13,1.25,f27ea777a45036a4,189,10,32,False
0.13,1.25,f27ea777a45036a4,190,10,32,False
0.13,1.25,f27ea777a45036a4,191,10,32,False
0.13,1.25,f27ea777a45036a4,192,10,32,False
0.13,1.25,f27ea777a45036a4,193,11,32,False
0.13,1.25,f27ea777a45036a4,194,11,32,False
0.13,1.25,f27ea777a45036a4,195,11,33,False
0.13,1.25,f27ea777a45036a4,196,11,33,False
0.13,1.25,f27ea777a45036a4,197,11,33,False
0.13,1.25,f27ea777a45036a4,198,11,33,False
0.13,1.25,f27ea777a45036a4,199,11,33,False
0.13,1.25,f27ea777a45036a4,200,11,33,False
0.13,1.25,f27ea777a45036a4,201,12,33,False
0.13,1.25,f27ea777a45036a4,202,12,33,False
0.13,1.25,f27ea777a45036a4,203,12,33,False
0.13,1.25,f27ea777a45036a4,204,12,34,False
0.13,1.25,f27ea777a45036a4,205,12,34,False
0.13,1.25,f27ea777a45036a4,206,12,34,False
0.13,1.25,f27ea777a45036a4,207,12,34,False
0.13,1.25,f27ea777a45036a4,208,12,34,False
0.13,1.25,f27ea777a45036a4,209,12,34,False
0.13,1.25,f27ea777a45036a4,210,13,34,False
0.13,1.25,f27ea777a45036a4,211,13,34,False
0.13,1.25,f27ea777a45036a4,212,13,35,False
0.13,1.25,f27ea777a45036a4,213,13,35,False
0.13,1.25,f27ea777a45036a4,214,13,35,False
0.13,1.25,f27ea777a45036a4,215,13,35,False
0.13,1.25,f27ea777a45036a4,216,13,35,False
0.13,1.25,f27ea777a45036a4,217,13,35,False
0.13,1.25,f27ea777a45036a4,218,13,35,False
0.13,1.25,f27ea777a45036a4,219,14,35,False
0.13,1.25,f27ea777a45036a4,220,14,35,False
0.13,1.25,f27ea777a45036a4,221,14,36,False
0.13,1.25,f27ea777a45036a4,222,14,36,False
0.13,1.25,f27ea777a45036a4,223,14,36,False
0.13,1.25,f27ea777a45036a4,224,14,36,False
0.13,1.25,f27ea777a45036a4,225,14,36,False
0.13,1.25,f27ea777a45036a4,226,14,36,False
0.13,1.25,f27ea777a45036a4,227,15,36,False
0.13,1.25,f27ea777a45036a4,228,15,36,False
0.13,1.25,f27ea777a45036a4,229,15,36,False
0.13,1.25,f27ea777a45036a4,230,15,37,False
0.13,1.25,f27ea777a45036a4,231,15,37,False
0.13,1.25,f27ea777a45036a4,232,15,37,False
0.13,1.25,f27ea777a45036a4,233,15,37,False
0.13,1.25,f27ea777a45036a4,234,15,37,False
0.13,1.25,f27ea777a45036a4,235,15,37,False
0.13,1.25,f27ea777a45036a4,236,16,37,False
0.13,1.25,f27ea777a45036a4,237,16,37,False
0.13,1.25,f27ea777a45036a4,238,16,37,False
0.13,1.25,f27ea777a45036a4,239,16,38,False
0.13,1.25,f27ea777a45036a4,240,16,38,False
0.13,1.25,f27ea777a45036a4,241,16,38,False
0.13,1.25,f27ea777a45036a4,242,16,38,False
0.13,1.25,f27ea777a45036a4,243,16,38,False
0.13,1.25,f27ea777a45036a4,244,16,38,False
0.13,1.25,f27ea777a45036a4,245,17,38,False
0.13,1.25,f27ea777a45036a4,246,17,38,False
0.13,1.25,f27ea777a45036a4,247,17,39,False
0.13,1.25,f27ea777a45036a4,248,17,39,False
0.13,1.25,f27ea777a45036a4,249,17,39,False
0.13,1.25,f27ea777a45036a4,250,17,39,False
0.13,1.25,f27ea777a45036a4,251,17,39,False
0.13,1.25,f27ea777a45036a4,252,17,39,False
0.13,1.25,f27ea777a45036a4,253,17,39,False
0.13,1.25,f27ea777a45036a4,254,18,39,False
0.13,1.25,f27ea777a45036a4,255,18,39,False
0.13,1.25,f27ea777a45036a4,256,18,40,False
0.13,1.25,f27ea777a45036a4,257,18,40,False
0.13,1.25,f27ea777a45036a4,258,18,40,False
0.13,1.25,f27ea777a45036a4,259,18,40,False
0.13,1.25,f27ea777a45036a4,260,18,40,False
0.13,1.25,f27ea777a45036a4,261,18,40,False
0.13,1.25,f27ea777a45036a4,262,19,40,False
0.13,1.25,f27ea777a45036a4,263,19,40,False
0.13,1.25,f27ea777a45036a4,264,19,40,False
0.13,1.25,f27ea777a45036a4,265,19,41,False
0.13,1.25,f27ea777a45036a4,266,19,41,False
0.13,1.25,f27ea777a45036a4,267,19,41,False
0.13,1.25,f27ea777a45036a4,268,19,41,False
0.13,1.25,f27ea777a45036a4,269,19,41,False
0.13,1.25,f27ea777a45036a4,270,19,41,False
0.13,1.25,f27ea777a45036a4,271,20,41,False
0.13,1.25,f27ea777a45036a4,272,20,41,False
0.13,1.25,f27ea777a45036a4,273,20,41,False
0.13,1.25,f27ea777a45036a4,274,20,42,False
0.13,1.25,f27ea777a45036a4,275,20,42,False
0.13,1.25,f27ea777a45036a4,276,20,42,False
0.13,1.25,f27ea777a45036a4,277,20,42,False
0.13,1.25,f27ea777a45036a4,278,20,42,False
0.13,1.25,f27ea777a45036a4,279,20,42,False
0.13,1.25,f27ea777a45036a4,280,21,42,False
0.13,1.25,f27ea777a45036a4,281,21,42,False
0.13,1.25,f27ea777a45036a4,282,21,43,False
0.13,1.25,f27ea777a45036a4,283,21,43,False
0.13,1.25,f27ea777a45036a4,284,21,43,False
0.13,1.25,f27ea777a45036a4,285,21,43,False
0.13,1.25,f27ea777a45036a4,286,21,43,False
0.13,1.25,f27ea777a45036a4,287,21,43,False
0.13,1.25,f27ea777a45036a4,288,21,43,False
0.13,1.25,f27ea777a45036a4,289,22,43,False
0.13,1.25,f27ea777a45036a4,290,22,43,False
0.13,1.25,f27ea777a45036a4,291,22,44,False
0.13,1.25,f27ea777a45036a4,292,22,44,False
0.13,1.25,f27ea777a45036a4,293,22,44,False
0.13,1.25,f27ea777a45036a4,294,22,44,False
0.13,1.25,f27ea777a45036a4,295,22,44,False
0.13,1.25,f27ea777a45036a4,296,22,44,False
0.13,1.25,f27ea777a45036a4,297,23,44,False
0.13,1.25,f27ea777a45036a4,298,23,44,False
0.13,1.25,f27ea777a45036a4,299,23,44,False
0.13,1.25,f27ea777a45036a4,300,23,45,False
0.13,1.25,f27ea777a45036a4,301,23,45,False
0.13,1.25,f27ea777a45036a4,302,23,45,False
0.13,1.25,f27ea777a45036a4,303,23,45,False
0.13,1.25,f27ea777a45036a4,304,23,45,False
0.13,1.25,f27ea777a45036a4,305,23,45,False
0.13,1.25,f27ea777a45036a4,306,24,45,False
0.13,1.25,f27ea777a45036a4,307,24,45,False
0.13,1.25,f27ea777a45036a4,308,24,46,False
0.13,1.25,f27ea777a45036a4,309,24,46,False
0.13,1.25,f27ea777a45036a4,310,24,46,False
0.13,1.25,f27ea777a45036a4,311,24,46,False
0.13,1.25,f27ea777a45036a4,312,24,46,False
0.13,1.25,f27ea777a45036a4,313,24,46,False
0.13,1.25,f27ea777a45036a4,314,24,46,False
0.13,1.25,f27ea777a45036a4,315,25,46,False
0.13,1.25,f27ea777a45036a4,316,25,46,False
0.13,1.25,f27ea777a45036a4,317,25,47,False
0.13,1.25,f27ea777a45036a4,318,25,47,False
0.13,1.25,f27ea777a45036a4,319,25,47,False
0.13,1.25,f27ea777a45036a4,320,25,47,False
0.13,1.25,f27ea777a45036a4,321,25,47,False
0.13,1.25,f27ea777a45036a4,322,25,47,False
0.13,1.25,f27ea777a45036a4,323,25,47,False
0.13,1.25,f27ea777a45036a4,324,26,47,False
0.13,1.25,f27ea777a45036a4,325,26,47,False
0.13,1.25,f27ea777a45036a4,326,26,48,False
0.13,1.25,f27ea777a45036a4,327,26,48,False
0.13,1.25,f27ea777a45036a4,328,26,48,False
0.13,1.25,f27ea777a45036a4,329,26,48,False
0.13,1.25,f27ea777a45036a4,330,26,48,False
0.13,1.25,f27ea777a45036a4,331,26,48,False
0.13,1.25,f27ea777a45036a4,332,27,48,False
0.13,1.25,f27ea777a45036a4,333,27,48,False
0.13,1.25,f27ea777a45036a4,334,27,48,False
0.13,1.25,f27ea777a45036a4,335,27,49,False
0.13,1.25,f27ea777a45036a4,336,27,49,False
0.13,1.25,f27ea777a45036a4,337,27,49,False
0.13,1.25,f27ea777a45036a4,338,27,49,False
0.13,1.25,f27ea777a45036a4,339,27,49,False
0.13,1.25,f27ea777a45036a4,340,27,49,False
0.13,1.25,f27ea777a45036a4,341,28,49,False
0.13,1.25,f27ea777a45036a4,342,28,49,False
0.13,1.25,f27ea777a45036a4,343,28,50,False
0.13,1.25,f27ea777a45036a4,344,28,50,False
0.13,1.25,f27ea777a45036a4,345,28,50,False
0.13,1.25,f27ea777a45036a4,346,28,50,False
0.13,1.25,f27ea777a45036a4,347,28,50,False
0.13,1.25,f27ea777a45036a4,348,28,50,False
0.13,1.25,f27ea777a45036a4,349,28,50,False
0.13,1.25,f27ea777a45036a4,350,29,50,False
0.13,1.25,f27ea777a45036a4,351,29,50,False
0.13,1.25,f27ea777a45036a4,352,29,51,False
0.13,1.25,f27ea777a45036a4,353,29,51,False
0.13,1.25,f27ea777a45036a4,354,29,51,False
0.13,1.25,f27ea777a45036a4,355,29,51,False
0.13,1.25,f27ea777a45036a4,356,29,51,False
0.13,1.25,f27ea777a45036a4,357,29,51,False
0.13,1.25,f27ea777a45036a4,358,29,51,False
0.13,1.25,f27ea777a45036a4,359,30,51,False
0.13,1.25,f27ea777a45036a4,360,30,51,False
0.13,1.25,f27ea777a45036a4,361,30,52,False
0.13,1.25,f27ea777a45036a4,362,30,52,False
0.13,1.25,f27ea777a45036a4,363,30,52,False
0.13,1.25,f27ea777a45036a4,364,30,52,False
0.13,1.25,f27ea777a45036a4,365,30,52,False
0.13,1.25,f27ea777a45036a4,366,30,52,False
0.13,1.25,f27ea777a45036a4,367,31,52,False
0.13,1.25,f27ea777a45036a4,368,31,52,False
0.13,1.25,f27ea777a45036a4,369,31,52,False
0.13,1.25,f27ea777a45036a4,370,31,53,False
0.13,1.25,f27ea777a45036a4,371,31,53,False
0.13,1.25,f27ea777a45036a4,372,31,53,False
0.13,1.25,f27ea777a45036a4,373,31,53,False
0.13,1.25,f27ea777a45036a4,374,31,53,False
0.13,1.25,f27ea777a45036a4,375,31,53,False
0.13,1.25,f27ea777a45036a4,376,32,53,False
0.13,1.25,f27ea777a45036a4,377,32,53,False
0.13,1.25,f27ea777a45036a4,378,32,54,False
0.13,1.25,f27ea777a45036a4,379,32,54,False
0.13,1.25,f27ea777a45036a4,380,32,54,False
0.13,1.25,f27ea777a45036a4,381,32,54,False
0.13,1.25,f27ea777a45036a4,382,32,54,False
0.13,1.25,f27ea777a45036a4,383,32,54,False
0.13,1.25,f27ea777a45036a4,384,32,54,False
0.13,1.25,f27ea777a45036a4,385,33,54,False
0.13,1.25,f27ea777a45036a4,386,33,54,False
0.13,1.25,f27ea777a45036a4,387,33,55,False
0.13,1.25,f27ea777a45036a4,388,33,55,False
0.13,1.25,f27ea777a45036a4,389,33,55,False
0.13,1.25,f27ea777a45036a4,390,33,55,False
0.13,1.25,f27ea777a45036a4,391,33,55,False
0.13,1.25,f27ea777a45036a4,392,33,55,False
0.13,1.25,f27ea777a45036a4,393,33,55,False
0.13,1.25,f27ea777a45036a4,394,34,55,False
0.13,1.25,f27ea777a45036a4,395,34,55,False
0.13,1.25,f27ea777a45036a4,396,34,56,False
0.13,1.25,f27ea777a45036a4,397,34,56,False
0.13,1.25,f27ea777a45036a4,398,34,56,False
0.13,1.25,f27ea777a45036a4,399,34,56,False
0.13,1.25,f27ea777a45036a4,400,34,56,False
0.13,1.25,f27ea777a45036a4,401,34,56,False
0.13,1.25,f27ea777a45036a4,402,35,56,False
0.13,1.25,f27ea777a45036a4,403,35,56,False
0.13,1.25,f27ea777a45036a4,404,35,56,False
0.13,1.25,f27ea777a45036a4,405,35,57,False
0.13,1.25,f27ea777a45036a4,406,35,57,False
0.13,1.25,f27ea777a45036a4,407,35,57,False
0.13,1.25,f27ea777a45036a4,408,35,57,False
0.13,1.25,f27ea777a45036a4,409,35,57,False
0.13,1.25,f27ea777a45036a4,410,35,57,False
0.13,1.25,f27ea777a45036a4,411,36,57,False
0.13,1.25,f27ea777a45036a4,412,36,57,False
0.13,1.25,f27ea777a45036a4,413,36,58,False
0.13,1.25,f27ea777a45036a4,414,36,58,False
0.13,1.25,f27ea777a45036a4,415,36,58,False
0.13,1.25,f27ea777a45036a4,416,36,58,False
0.13,1.25,f27ea777a45036a4,417,36,58,False
0.13,1.25,f27ea777a45036a4,418,36,58,False
0.13,1.25,f27ea777a45036a4,419,36,58,False
0.13,1.25,f27ea777a45036a4,420,37,58,False
0.13,1.25,f27ea777a45036a4,421,37,58,False
0.13,1.25,f27ea777a45036a4,422,37,59,False
0.13,1.25,f27ea777a45036a4,423,37,59,False
0.13,1.25,f27ea777a45036a4,424,37,59,False
0.13,1.25,f27ea777a45036a4,425,37,59,False
0.13,1.25,f27ea777a45036a4,426,37,59,False
0.13,1.25,f27ea777a45036a4,427,37,59,False
0.13,1.25,f27ea777a45036a4,428,38,59,False
0.13,1.25,f27ea777a45036a4,429,38,59,False
0.13,1.25,f27ea777a45036a4,430,38,59,False
0.13,1.25,f27ea777a45036a4,431,38,60,False
0.13,1.25,f27ea777a45036a4,432,38,60,False
0.13,1.25,f27ea777a45036a4,433,38,60,False
0.13,1.25,f27ea777a45036a4,434,38,60,False
0.13,1.25,f27ea777a45036a4,435,38,60,False
0.13,1.25,f27ea777a45036a4,436,38,60,False
0.13,1.25,f27ea777a45036a4,437,39,60,False
0.13,1.25,f27ea777a45036a4,438,39,60,False
0.13,1.25,f27ea777a45036a4,439,39,60,False
0.13,1.25,f27ea777a45036a4,440,39,61,False
0.13,1.25,f27ea777a45036a4,441,39,61,False
0.13,1.25,f27ea777a45036a4,442,39,61,False
0.13,1.25,f27ea777a45036a4,443,39,61,False
0.13,1.25,f27ea777a45036a4,444,39,61,False
0.13,1.25,f27ea777a45036a4,445,39,61,False
0.13,1.25,f27ea777a45036a4,446,40,61,False
0.13,1.25,f27ea777a45036a4,447,40,61,False
0.13,1.25,f27ea777a45036a4,448,40,62,False
0.13,1.25,f27ea777a45036a4,449,40,62,False
0.13,1.25,f27ea777a45036a4,450,40,62,False
0.13,1.25,f27ea777a45036a4,451,40,62,False
0.13,1.25,f27ea777a45036a4,452,40,62,False
0.13,1.25,f27ea777a45036a4,453,40,62,False
0.13,1.25,f27ea777a45036a4,454,40,62,False
0.13,1.25,f27ea777a45036a4,455,41,62,False
0.13,1.25,f27ea777a45036a4,456,41,62,False
0.13,1.25,f27ea777a45036a4,457,41,63,False
0.13,1.25,f27ea777a45036a4,458,41,63,False
0.13,1.25,f27ea777a45036a4,459,41,63,False
0.13,1.25,f27ea777a45036a4,460,41,63,False
0.13,1.25,f27ea777a45036a4,461,41,63,False
0.13,1.25,f27ea777a45036a4,462,41,63,False
0.13,1.25,f27ea777a45036a4,463,42,63,False
0.13,1.25,f27ea777a45036a4,464,42,63,False
0.13,1.25,f27ea777a45036a4,465,42,63,False
0.13,1.25,f27ea777a45036a4,466,42,64,False
0.13,1.25,f27ea777a45036a4,467,42,64,False
0.13,1.25,f27ea777a45036a4,468,42,64,False
0.13,1.25,f27ea777a45036a4,469,42,64,False
0.13,1.25,f27ea777a45036a4,470,42,64,False
0.13,1.25,f27ea777a45036a4,471,42,64,False
0.13,1.25,f27ea777a45036a4,472,43,64,False
0.13,1.25,f27ea777a45036a4,473,43,64,False
0.13,1.25,f27ea777a45036a4,474,43,64,False
0.13,1.25,f27ea777a45036a4,475,43,65,False
0.13,1.25,f27ea777a45036a4,476,43,65,False
0.13,1.25,f27ea777a45036a4,477,43,65,False
0.13,1.25,f27ea777a45036a4,478,43,65,False
0.13,1.25,f27ea777a45036a4,479,43,65,False
0.13,1.25,f27ea777a45036a4,480,43,65,False
0.13,1.25,f27ea777a45036a4,481,44,65,False
0.13,1.25,f27ea777a45036a4,482,44,65,False
0.13,1.25,f27ea777a45036a4,483,44,66,False
0.13,1.25,f27ea777a45036a4,484,44,66,False
0.13,1.25,f27ea777a45036a4,485,44,66,False
0.13,1.25,f27ea777a45036a4,486,44,66,False
0.13,1.25,f27ea777a45036a4,487,44,66,False
0.13,1.25,f27ea777a45036a4,488,44,66,False
0.13,1.25,f27ea777a45036a4,489,44,66,False
0.13,1.25,f27ea777a45036a4,490,45,66,False
0.13,1.25,f27ea777a45036a4,491,45,66,False
0.13,1.25,f27ea777a45036a4,492,45,67,False
0.13,1.25,f27ea777a45036a4,493,45,67,False
0.13,1.25,f27ea777a45036a4,494,45,67,False
0.13,1.25,f27ea777a45036a4,495,45,67,False
0.13,1.25,f27ea777a45036a4,496,45,67,False
0.13,1.25,f27ea777a45036a4,497,45,67,False
0.13,1.25,f27ea777a45036a4,498,46,67,False
0.13,1.25,f27ea777a45036a4,499,46,67,False
0.13,1.25,f27ea777a45036a4,500,46,67,False
0.13,1.25,f27ea777a45036a4,501,46,68,False
0.13,1.25,f27ea777a45036a4,502,46,68,False
0.13,1.25,f27ea777a45036a4,503,46,68,False
0.13,1.25,f27ea777a45036a4,504,46,68,False
0.13,1.25,f27ea777a45036a4,505,46,68,False
0.13,1.25,f27ea777a45036a4,506,46,68,False
0.13,1.25,f27ea777a45036a4,507,47,68,False
0.13,1.25,f27ea777a45036a4,508,47,68,False
0.13,1.25,f27ea777a45036a4,509,47,69,False
0.13,1.25,f27ea777a45036a4,510,47,69,False
0.13,1.25,f27ea777a45036a4,511,47,69,False
0.13,1.25,f27ea777a45036a4,512,47,69,False
0.13,1.25,f27ea777a45036a4,513,47,69,False
0.13,1.25,f27ea777a45036a4,514,47,69,False
0.13,1.25,f27ea777a45036a4,515,47,69,False
0.13,1.25,f27ea777a45036a4,516,48,69,False
0.13,1.25,f27ea777a45036a4,517,48,69,False
0.13,1.25,f27ea777a45036a4,518,48,70,False
0.13,1.25,f27ea777a45036a4,519,48,70,False
0.13,1.25,f27ea777a45036a4,520,48,70,False
0.13,1.25,f27ea777a45036a4,521,48,70,False
0.13,1.25,f27ea777a45036a4,522,48,70,False
0.13,1.25,f27ea777a45036a4,523,48,70,False
0.13,1.25,f27ea777a45036a4,524,48,70,False
0.13,1.25,f27ea777a45036a4,525,49,70,False
0.13,1.25,f27ea777a45036a4,526,49,70,False
0.13,1.25,f27ea777a45036a4,527,49,71,False
0.13,1.25,f27ea777a45036a4,528,49,71,False
0.13,1.25,f27ea777a45036a4,529,49,71,False
0.13,1.25,f27ea777a45036a4,530,49,71,False
0.13,1.25,f27ea777a45036a4,531,49,71,False
0.13,1.25,f27ea777a45036a4,532,49,71,False
0.13,1.25,f27ea777a45036a4,533,50,71,False
0.13,1.25,f27ea777a45036a4,534,50,71,False
0.13,1.25,f27ea777a45036a4,535,50,71,False
0.13,1.25,f27ea777a45036a4,536,50,72,False
0.13,1.25,f27ea777a45036a4,537,50,72,False
0.13,1.25,f27ea777a45036a4,538,50,72,False
0.13,1.25,f27ea777a45036a4,539,50,72,False
0.13,1.25,f27ea777a45036a4,540,50,72,False
0.13,1.25,f27ea777a45036a4,541,50,72,False
0.13,1.25,f27ea777a45036a4,542,51,72,False
0.13,1.25,f27ea777a45036a4,543,51,72,False
0.13,1.25,f27ea777a45036a4,544,51,73,False
0.13,1.25,f27ea777a45036a4,545,51,73,False
0.13,1.25,f27ea777a45036a4,546,51,73,False
0.13,1.25,f27ea777a45036a4,547,51,73,False
0.13,1.25,f27ea777a45036a4,548,51,73,False
0.13,1.25,f27ea777a45036a4,549,51,73,False
0.13,1.25,f27ea777a45036a4,550,51,73,False
0.13,1.25,f27ea777a45036a4,551,52,73,False
0.13,1.25,f27ea777a45036a4,552,52,73,False
0.13,1.25,f27ea777a45036a4,553,52,74,False
0.13,1.25,f27ea777a45036a4,554,52,74,False
0.13,1.25,f27ea777a45036a4,555,52,74,False
0.13,1.25,f27ea777a45036a4,556,52,74,False
0.13,1.25,f27ea777a45036a4,557,52,74,False
0.13,1.25,f27ea777a45036a4,558,52,74,False
0.13,1.25,f27ea777a45036a4,559,52,74,False
0.13,1.25,f27ea777a45036a4,560,53,74,False
0.13,1.25,f27ea777a45036a4,561,53,74,False
0.13,1.25,f27ea777a45036a4,562,53,75,False
0.13,1.25,f27ea777a45036a4,563,53,75,False
0.13,1.25,f27ea777a45036a4,564,53,75,False
0.13,1.25,f27ea777a45036a4,565,53,75,False
0.13,1.25,f27ea777a45036a4,566,53,75,False
0.13,1.25,f27ea777a45036a4,567,53,75,False
0.13,1.25,f27ea777a45036a4,568,54,75,False
0.13,1.25,f27ea777a45036a4,569,54,75,False
0.13,1.25,f27ea777a45036a4,570,54,75,False
0.13,1.25,f27ea777a45036a4,571,54,76,False
0.13,1.25,f27ea777a45036a4,572,54,76,False
0.13,1.25,f27ea777a45036a4,573,54,76,False
0.13,1.25,f27ea777a45036a4,574,54,76,False
0.13,1.25,f27ea777a45036a4,575,54,76,False
0.13,1.25,f27ea777a45036a4,576,54,76,False
0.13,1.25,f27ea777a45036a4,577,55,76,False
0.13,1.25,f27ea777a45036a4,578,55,76,False
0.13,1.25,f27ea777a45036a4,579,55,77,False
0.13,1.25,f27ea777a45036a4,580,55,77,False
0.13,1.25,f27ea777a45036a4,581,55,77,False
0.13,1.25,f27ea777a45036a4,582,55,77,False
0.13,1.25,f27ea777a45036a4,583,55,77,False
0.13,1.25,f27ea777a45036a4,584,55,77,False
0.13,1.25,f27ea777a45036a4,585,55,77,False
0.13,1.25,f27ea777a45036a4,586,56,77,False
0.13,1.25,f27ea777a45036a4,587,56,77,False
0.13,1.25,f27ea777a45036a4,588,56,78,False
0.13,1.25,f27ea777a45036a4,589,56,78,False
0.13,1.25,f27ea777a45036a4,590,56,78,False
0.13,1.25,f27ea777a45036a4,591,56,78,False
0.13,1.25,f27ea777a45036a4,592,56,78,False
0.13,1.25,f27ea777a45036a4,593,56,78,False
0.13,1.25,f27ea777a45036a4,594,56,78,False
0.13,1.25,f27ea777a45036a4,595,57,78,False
0.13,1.25,f27ea777a45036a4,596,57,78,False
0.13,1.25,f27ea777a45036a4,597,57,79,False
0.13,1.25,f27ea777a45036a4,598,57,79,False
0.13,1.25,f27ea777a45036a4,599,57,79,False
0.13,1.25,f27ea777a45036a4,600,57,79,False
0.13,1.25,f27ea777a45036a4,601,57,79,False
0.13,1.25,f27ea777a45036a4,602,57,79,False
0.13,1.25,f27ea777a45036a4,603,58,79,False
0.13,1.25,f27ea777a45036a4,604,58,79,False
0.13,1.25,f27ea777a45036a4,605,58,79,False
0.13,1.25,f27ea777a45036a4,606,58,80,False
0.13,1.25,f27ea777a45036a4,607,58,80,False
0.13,1.25,f27ea777a45036a4,608,58,80,False
0.13,1.25,f27ea777a45036a4,609,58,80,False
0.13,1.25,f27ea777a45036a4,610,58,80,False
0.13,1.25,f27ea777a45036a4,611,58,80,False
0.13,1.25,f27ea777a45036a4,612,59,80,False
0.13,1.25,f27ea777a45036a4,613,59,80,False
0.13,1.25,f27ea777a45036a4,614,59,81,False
0.13,1.25,f27ea777a45036a4,615,59,81,False
0.13,1.25,f27ea777a45036a4,616,59,81,False
0.13,1.25,f27ea777a45036a4,617,59,81,False
0.13,1.25,f27ea777a45036a4,618,59,81,False
0.13,1.25,f27ea777a45036a4,619,59,81,False
0.13,1.25,f27ea777a45036a4,620,59,81,False
0.13,1.25,f27ea777a45036a4,621,60,81,False
0.13,1.25,f27ea777a45036a4,622,60,81,False
0.13,1.25,f27ea777a45036a4,623,60,82,False
0.13,1.25,f27ea777a45036a4,624,60,82,False
0.13,1.25,f27ea777a45036a4,625,60,82,False
0.13,1.25,f27ea777a45036a4,626,60,82,False
0.13,1.25,f27ea777a45036a4,627,60,82,False
0.13,1.25,f27ea777a45036a4,628,60,82,False
0.13,1.25,f27ea777a45036a4,629,61,82,False
0.13,1.25,f27ea777a45036a4,630,61,82,False
0.13,1.25,f27ea777a45036a4,631,61,82,False
0.13,1.25,f27ea777a45036a4,632,61,83,False
0.13,1.25,f27ea777a45036a4,633,61,83,False
0.13,1.25,f27ea777a45036a4,634,61,83,False
0.13,1.25,f27ea777a45036a4,635,61,83,False
0.13,1.25,f27ea777a45036a4,636,61,83,False
0.13,1.25,f27ea777a45036a4,637,61,83,False
0.13,1.25,f27ea777a45036a4,638,62,83,False
0.13,1.25,f27ea777a45036a4,639,62,83,False
0.13,1.25,f27ea777a45036a4,640,62,83,False
0.13,1.25,f27ea777a45036a4,641,62,84,False
0.13,1.25,f27ea777a45036a4,642,62,84,False
0.13,1.25,f27ea777a45036a4,643,62,84,False
0.13,1.25,f27ea777a45036a4,644,62,84,False
0.13,1.25,f27ea777a45036a4,645,62,84,False
0.13,1.25,f27ea777a45036a4,646,62,84,False
0.13,1.25,f27ea777a45036a4,647,63,84,False
0.13,1.25,f27ea777a45036a4,648,63,84,False
0.13,1.25,f27ea777a45036a4,649,63,85,False
0.13,1.25,f27ea777a45036a4,650,63,85,False
0.13,1.25,f27ea777a45036a4,651,63,85,False
0.13,1.25,f27ea777a45036a4,652,63,85,False
0.13,1.25,f27ea777a45036a4,653,63,85,False
0.13,1.25,f27ea777a45036a4,654,63,85,False
0.13,1.25,f27ea777a45036a4,655,63,85,False
0.13,1.25,f27ea777a45036a4,656,64,85,False
0.13,1.25,f27ea777a45036a4,657,64,85,False
0.13,1.25,f27ea777a45036a4,658,64,86,False
0.13,1.25,f27ea777a45036a4,659,64,86,False
0.13,1.25,f27ea777a45036a4,660,64,86,False
0.13,1.25,f27ea777a45036a4,661,64,86,False
0.13,1.25,f27ea777a45036a4,662,64,86,False
0.13,1.25,f27ea777a45036a4,663,64,86,False
0.13,1.25,f27ea777a45036a4,664,65,86,False
0.13,1.25,f27ea777a45036a4,665,65,86,False
0.13,1.25,f27ea777a45036a4,666,65,86,False
0.13,1.25,f27ea777a45036a4,667,65,87,False
0.13,1.25,f27ea777a45036a4,668,65,87,False
0.13,1.25,f27ea777a45036a4,669,65,87,False
0.13,1.25,f27ea777a45036a4,670,65,87,False
0.13,1.25,f27ea777a45036a4,671,65,87,False
0.13,1.25,f27ea777a45036a4,672,65,87,False
0.13,1.25,f27ea777a45036a4,673,66,87,False
0.13,1.25,f27ea777a45036a4,674,66,87,False
0.13,1.25,f27ea777a45036a4,675,66,87,False
0.13,1.25,f27ea777a45036a4,676,66,88,False
0.13,1.25,f27ea777a45036a4,677,66,88,False
0.13,1.25,f27ea777a45036a4,678,66,88,False
0.13,1.25,f27ea777a45036a4,679,66,88,False
0.13,1.25,f27ea777a45036a4,680,66,88,False
0.13,1.25,f27ea777a45036a4,681,66,88,False
0.13,1.25,f27ea777a45036a4,682,67,88,False
0.13,1.25,f27ea777a45036a4,683,67,88,False
0.13,1.25,f27ea777a45036a4,684,67,89,False
0.13,1.25,f27ea777a45036a4,685,67,89,False
0.13,1.25,f27ea777a45036a4,686,67,89,False
0.13,1.25,f27ea777a45036a4,687,67,89,False
0.13,1.25,f27ea777a45036a4,688,67,89,False
0.13,1.25,f27ea777a45036a4,689,67,89,False
0.13,1.25,f27ea777a45036a4,690,67,89,False
0.13,1.25,f27ea777a45036a4,691,68,89,False
0.13,1.25,f27ea777a45036a4,692,68,89,False
0.13,1.25,f27ea777a45036a4,693,68,90,False
0.13,1.25,f27ea777a45036a4,694,68,90,False
0.13,1.25,f27ea777a45036a4,695,68,90,False
0.13,1.25,f27ea777a45036a4,696,68,90,False
0.13,1.25,f27ea777a45036a4,697,68,90,False
0.13,1.25,f27ea777a45036a4,698,68,90,False
0.13,1.25,f27ea777a45036a4,699,69,90,False
0.13,1.25,f27ea777a45036a4,700,69,90,False
0.13,1.25,f27ea777a45036a4,701,69,90,False
0.13,1.25,f27ea777a45036a4,702,69,91,False
0.13,1.25,f27ea777a45036a4,703,69,91,False
0.13,1.25,f27ea777a45036a4,704,69,91,False
0.13,1.25,f27ea777a45036a4,705,69,91,False
0.13,1.25,f27ea777a45036a4,706,69,91,False
0.13,1.25,f27ea777a45036a4,707,69,91,False
0.13,1.25,f27ea777a45036a4,708,70,91,False
0.13,1.25,f27ea777a45036a4,709,70,91,False
0.13,1.25,f27ea777a45036a4,710,70,92,False
0.13,1.25,f27ea777a45036a4,711,70,92,False
0.13,1.25,f27ea777a45036a4,712,70,92,False
0.13,1.25,f27ea777a45036a4,713,70,92,False
0.13,1.25,f27ea777a45036a4,714,70,92,False
0.13,1.25,f27ea777a45036a4,715,70,92,False
0.13,1.25,f27ea777a45036a4,716,70,92,False
0.13,1.25,f27ea777a45036a4,717,71,92,False
0.13,1.25,f27ea777a45036a4,718,71,92,False
0.13,1.25,f27ea777a45036a4,719,71,93,False
0.13,1.25,f27ea777a45036a4,720,71,93,False
0.13,1.25,f27ea777a45036a4,721,71,93,False
0.13,1.25,f27ea777a45036a4,722,71,93,False
0.13,1.25,f27ea777a45036a4,723,71,93,False
0.13,1.25,f27ea777a45036a4,724,71,93,False
0.13,1.25,f27ea777a45036a4,725,71,93,False
0.13,1.25,f27ea777a45036a4,726,72,93,False
0.13,1.25,f27ea777a45036a4,727,72,93,False
0.13,1.25,f27ea777a45036a4,728,72,94,False
0.13,1.25,f27ea777a45036a4,729,72,94,False
0.13,1.25,f27ea777a45036a4,730,72,94,False
0.13,1.25,f27ea777a45036a4,731,72,94,False
0.13,1.25,f27ea777a45036a4,732,72,94,False
0.13,1.25,f27ea777a45036a4,733,72,94,False
0.13,1.25,f27ea777a45036a4,734,73,94,False
0.13,1.25,f27ea777a45036a4,735,73,94,False
0.13,1.25,f27ea777a45036a4,736,73,94,False
0.13,1.25,f27ea777a45036a4,737,73,95,False
0.13,1.25,f27ea777a45036a4,738,73,95,False
0.13,1.25,f27ea777a45036a4,739,73,95,False
0.13,1.25,f27ea777a45036a4,740,73,95,False
0.13,1.25,f27ea777a45036a4,741,73,95,False
0.13,1.25,f27ea777a45036a4,742,73,95,False
0.13,1.25,f27ea777a45036a4,743,74,95,False
0.13,1.25,f27ea777a45036a4,744,74,95,False
0.13,1.25,f27ea777a45036a4,745,74,96,False
0.13,1.25,f27ea777a45036a4,746,74,96,False
0.13,1.25,f27ea777a45036a4,747,74,96,False
0.13,1.25,f27ea777a45036a4,748,74,96,False
0.13,1.25,f27ea777a45036a4,749,74,96,False
0.13,1.25,f27ea777a45036a4,750,74,96,False
0.13,1.25,f27ea777a45036a4,751,74,96,False
0.13,1.25,f27ea777a45036a4,752,75,96,False
0.13,1.25,f27ea777a45036a4,753,75,96,False
0.13,1.25,f27ea777a45036a4,754,75,97,False
0.13,1.25,f27ea777a45036a4,755,75,97,False
0.13,1.25,f27ea777a45036a4,756,75,97,False
0.13,1.25,f27ea777a45036a4,757,75,97,False
0.13,1.25,f27ea777a45036a4,758,75,97,False
0.13,1.25,f27ea777a45036a4,759,75,97,False
0.13,1.25,f27ea777a45036a4,760,75,97,False
0.13,1.25,f27ea777a45036a4,761,76,97,False
0.13,1.25,f27ea777a45036a4,762,76,97,False
0.13,1.25,f27ea777a45036a4,763,76,98,False
0.13,1.25,f27ea777a45036a4,764,76,98,False
0.13,1.25,f27ea777a45036a4,765,76,98,False
0.13,1.25,f27ea777a45036a4,766,76,98,False
0.13,1.25,f27ea777a45036a4,767,76,98,False
0.13,1.25,f27ea777a45036a4,768,76,98,False
0.13,1.25,f27ea777a45036a4,769,77,98,False
0.13,1.25,f27ea777a45036a4,770,77,98,False
0.13,1.25,f27ea777a45036a4,771,77,98,False
0.13,1.25,f27ea777a45036a4,772,77,99,False
0.13,1.25,f27ea777a45036a4,773,77,99,False
0.13,1.25,f27ea777a45036a4,774,77,99,False
0.13,1.25,f27ea777a45036a4,775,77,99,False
0.13,1.25,f27ea777a45036a4,776,77,99,False
0.13,1.25,f27ea777a45036a4,777,77,99,False
0.13,1.25,f27ea777a45036a4,778,78,99,False
0.13,1.25,f27ea777a45036a4,779,78,99,False
0.13,1.25,f27ea777a45036a4,780,78,100,False
0.13,1.25,f27ea777a45036a4,781,78,100,False
0.13,1.25,f27ea777a45036a4,782,78,100,False
0.13,1.25,f27ea777a45036a4,783,78,100,False
0.13,1.25,f27ea777a45036a4,784,78,100,False
0.13,1.25,f27ea777a45036a4,785,78,100,False
0.13,1.25,f27ea777a45036a4,786,78,100,False
0.13,1.25,f27ea777a45036a4,787,79,100,False
0.13,1.25,f27ea777a45036a4,788,79,100,False
0.13,1.25,f27ea777a45036a4,789,79,101,False
0.13,1.25,f27ea777a45036a4,790,79,101,False
0.13,1.25,f27ea777a45036a4,791,79,101,False
0.13,1.25,f27ea777a45036a4,792,79,101,False
0.13,1.25,f27ea777a45036a4,793,79,101,False
0.13,1.25,f27ea777a45036a4,794,79,101,False
0.13,1.25,f27ea777a45036a4,795,79,101,False
0.13,1.25,f27ea777a45036a4,796,80,101,False
0.13,1.25,f27ea777a45036a4,797,80,101,False
0.13,1.25,f27ea777a45036a4,798,80,102,False
0.13,1.25,f27ea777a45036a4,799,80,102,False
0.13,1.25,f27ea777a45036a4,800,80,102,False
0.13,1.25,f27ea777a45036a4,801,80,102,False
0.13,1.25,f27ea777a45036a4,802,80,102,False
0.13,1.25,f27ea777a45036a4,803,80,102,False
0.13,1.25,f27ea777a45036a4,804,81,102,False
0.13,1.25,f27ea777a45036a4,805,81,102,False
0.13,1.25,f27ea777a45036a4,806,81,102,False
0.13,1.25,f27ea777a45036a4,807,81,103,False
0.13,1.25,f27ea777a45036a4,808,81,103,False
0.13,1.25,f27ea777a45036a4,809,81,103,False
0.13,1.25,f27ea777a45036a4,810,81,103,False
0.13,1.25,f27ea777a45036a4,811,81,103,False
0.13,1.25,f27ea777a45036a4,812,81,103,False
0.13,1.25,f27ea777a45036a4,813,82,103,False
0.13,1.25,f27ea777a45036a4,814,82,103,False
0.13,1.25,f27ea777a45036a4,815,82,104,False
0.13,1.25,f27ea777a45036a4,816,82,104,False
0.13,1.25,f27ea777a45036a4,817,82,104,False
0.13,1.25,f27ea777a45036a4,818,82,104,False
0.13,1.25,f27ea777a45036a4,819,82,104,False
0.13,1.25,f27ea777a45036a4,820,82,104,False
0.13,1.25,f27ea777a45036a4,821,82,104,False
0.13,1.25,f27ea777a45036a4,822,83,104,False
0.13,1.25,f27ea777a45036a4,823,83,104,False
0.13,1.25,f27ea777a45036a4,824,83,105,False
0.13,1.25,f27ea777a45036a4,825,83,105,False
0.13,1.25,f27ea777a45036a4,826,83,105,False
0.13,1.25,f27ea777a45036a4,827,83,105,False
0.13,1.25,f27ea777a45036a4,828,83,105,False
0.13,1.25,f27ea777a45036a4,829,83,105,False
0.13,1.25,f27ea777a45036a4,830,84,105,False
0.13,1.25,f27ea777a45036a4,831,84,105,False
0.13,1.25,f27ea777a45036a4,832,84,105,False
0.13,1.25,f27ea777a45036a4,833,84,106,False
0.13,1.25,f27ea777a45036a4,834,84,106,False
0.13,1.25,f27ea777a45036a4,835,84,106,False
0.13,1.25,f27ea777a45036a4,836,84,106,False
0.13,1.25,f27ea777a45036a4,837,84,106,False
0.13,1.25,f27ea777a45036a4,838,84,106,False
0.13,1.25,f27ea777a45036a4,839,85,106,False
0.13,1.25,f27ea777a45036a4,840,85,106,False
0.13,1.25,f27ea777a45036a4,841,85,106,False
0.13,1.25,f27ea777a45036a4,842,85,107,False
0.13,1.25,f27ea777a45036a4,843,85,107,False
0.13,1.25,f27ea777a45036a4,844,85,107,False
0.13,1.25,f27ea777a45036a4,845,85,107,False
0.13,1.25,f27ea777a45036a4,846,85,107,False
0.13,1.25,f27ea777a45036a4,847,85,107,False
0.13,1.25,f27ea777a45036a4,848,86,107,False
0.13,1.25,f27ea777a45036a4,849,86,107,False
0.13,1.25,f27ea777a45036a4,850,86,108,False
0.13,1.25,f27ea777a45036a4,851,86,108,False
0.13,1.25,f27ea777a45036a4,852,86,108,False
0.13,1.25,f27ea777a45036a4,853,86,108,False
0.13,1.25,f27ea777a45036a4,854,86,108,False
0.13,1.25,f27ea777a45036a4,855,86,108,False
0.13,1.25,f27ea777a45036a4,856,86,108,False
0.13,1.25,f27ea777a45036a4,857,87,108,False
0.13,1.25,f27ea777a45036a4,858,87,108,False
0.13,1.25,f27ea777a45036a4,859,87,109,False
0.13,1.25,f27ea777a45036a4,860,87,109,False
0.13,1.25,f27ea777a45036a4,861,87,109,False
0.13,1.25,f27ea777a45036a4,862,87,109,False
0.13,1.25,f27ea777a45036a4,863,87,109,False
0.13,1.25,f27ea777a45036a4,864,87,109,False
0.13,1.25,f27ea777a45036a4,865,88,109,False
0.13,1.25,f27ea777a45036a4,866,88,109,False
0.13,1.25,f27ea777a45036a4,867,88,109,False
0.13,1.25,f27ea777a45036a4,868,88,110,False
0.13,1.25,f27ea777a45036a4,869,88,110,False
0.13,1.25,f27ea777a45036a4,870,88,110,False
0.13,1.25,f27ea777a45036a4,871,88,110,False
0.13,1.25,f27ea777a45036a4,872,88,110,False
0.13,1.25,f27ea777a45036a4,873,88,110,False
0.13,1.25,f27ea777a45036a4,874,89,110,False
0.13,1.25,f27ea777a45036a4,875,89,110,False
0.13,1.25,f27ea777a45036a4,876,89,110,False
0.13,1.25,f27ea777a45036a4,877,89,111,False
0.13,1.25,f27ea777a45036a4,878,89,111,False
0.13,1.25,f27ea777a45036a4,879,89,111,False
0.13,1.25,f27ea777a45036a4,880,89,111,False
0.13,1.25,f27ea777a45036a4,881,89,111,False
0.13,1.25,f27ea777a45036a4,882,89,111,False
0.13,1.25,f27ea777a45036a4,883,90,111,False
0.13,1.25,f27ea777a45036a4,884,90,111,False
0.13,1.25,f27ea777a45036a4,885,90,112,False
0.13,1.25,f27ea777a45036a4,886,90,112,False
0.13,1.25,f27ea777a45036a4,887,90,112,False
0.13,1.25,f27ea777a45036a4,888,90,112,False
0.13,1.25,f27ea777a45036a4,889,90,112,False
0.13,1.25,f27ea777a45036a4,890,90,112,False
0.13,1.25,f27ea777a45036a4,891,90,112,False
0.13,1.25,f27ea777a45036a4,892,91,112,False
0.13,1.25,f27ea777a45036a4,893,91,112,False
0.13,1.25,f27ea777a45036a4,894,91,113,False
0.13,1.25,f27ea777a45036a4,895,91,113,False
0.13,1.25,f27ea777a45036a4,896,91,113,False
0.13,1.25,f27ea777a45036a4,897,91,113,False
0.13,1.25,f27ea777a45036a4,898,91,113,False
0.13,1.25,f27ea777a45036a4,899,91,113,False
0.13,1.25,f27ea777a45036a4,900,92,113,False
0.13,1.25,f27ea777a45036a4,901,92,113,False
0.13,1.25,f27ea777a45036a4,902,92,113,False
0.13,1.25,f27ea777a45036a4,903,92,114,False
0.13,1.25,f27ea777a45036a4,904,92,114,False
0.13,1.25,f27ea777a45036a4,905,92,114,False
0.13,1.25,f27ea777a45036a4,906,92,114,False
0.13,1.25,f27ea777a45036a4,907,92,114,False
0.13,1.25,f27ea777a45036a4,908,92,114,False
0.13,1.25,f27ea777a45036a4,909,93,114,False
0.13,1.25,f27ea777a45036a4,910,93,114,False
0.13,1.25,f27ea777a45036a4,911,93,115,False
0.13,1.25,f27ea777a45036a4,912,93,115,False
0.13,1.25,f27ea777a45036a4,913,93,115,False
0.13,1.25,f27ea777a45036a4,914,93,115,False
0.13,1.25,f27ea777a45036a4,915,93,115,False
0.13,1.25,f27ea777a45036a4,916,93,115,False
0.13,1.25,f27ea777a45036a4,917,93,115,False
0.13,1.25,f27ea777a45036a4,918,94,115,False
0.13,1.25,f27ea777a45036a4,919,94,115,False
0.13,1.25,f27ea777a45036a4,920,94,116,False
0.13,1.25,f27ea777a45036a4,921,94,116,False
0.13,1.25,f27ea777a45036a4,922,94,116,False
0.13,1.25,f27ea777a45036a4,923,94,116,False
0.13,1.25,f27ea777a45036a4,924,94,116,False
0.13,1.25,f27ea777a45036a4,925,94,116,False
0.13,1.25,f27ea777a45036a4,926,94,116,False
0.13,1.25,f27ea777a45036a4,927,95,116,False
0.13,1.25,f27ea777a45036a4,928,95,116,False
0.13,1.25,f27ea777a45036a4,929,95,117,False
0.13,1.25,f27ea777a45036a4,930,95,117,False
0.13,1.25,f27ea777a45036a4,931,95,117,False
0.13,1.25,f27ea777a45036a4,932,95,117,False
0.13,1.25,f27ea777a45036a4,933,95,117,False
0.13,1.25,f27ea777a45036a4,934,95,117,False
0.13,1.25,f27ea777a45036a4,935,96,117,False
0.13,1.25,f27ea777a45036a4,936,96,117,False
0.13,1.25,f27ea777a45036a4,937,96,117,False
0.13,1.25,f27ea777a45036a4,938,96,118,False
0.13,1.25,f27ea777a45036a4,939,96,118,False
0.13,1.25,f27ea777a45036a4,940,96,118,False
0.13,1.25,f27ea777a45036a4,941,96,118,False
0.13,1.25,f27ea777a45036a4,942,96,118,False
0.13,1.25,f27ea777a45036a4,943,96,118,False
0.13,1.25,f27ea777a45036a4,944,97,118,False
0.13,1.25,f27ea777a45036a4,945,97,118,False
0.13,1.25,f27ea777a45036a4,946,97,119,False
0.13,1.25,f27ea777a45036a4,947,97,119,False
0.13,1.25,f27ea777a45036a4,948,97,119,False
0.13,1.25,f27ea777a45036a4,949,97,119,False
0.13,1.25,f27ea777a45036a4,950,97,119,False
0.13,1.25,f27ea777a45036a4,951,97,119,False
0.13,1.25,f27ea777a45036a4,952,97,119,False
0.13,1.25,f27ea777a45036a4,953,98,119,False
0.13,1.25,f27ea777a45036a4,954,98,119,False
0.13,1.25,f27ea777a45036a4,955,98,120,False
0.13,1.25,f27ea777a45036a4,956,98,120,False
0.13,1.25,f27ea777a45036a4,957,98,120,False
0.13,1.25,f27ea777a45036a4,958,98,120,False
0.13,1.25,f27ea777a45036a4,959,98,120,False
0.13,1.25,f27ea777a45036a4,960,98,120,False
0.13,1.25,f27ea777a45036a4,961,98,120,False
0.13,1.25,f27ea777a45036a4,962,99,120,False
0.13,1.25,f27ea777a45036a4,963,99,120,False
0.13,1.25,f27ea777a45036a4,964,99,121,False
0.13,1.25,f27ea777a45036a4,965,99,121,False
0.13,1.25,f27ea777a45036a4,966,99,121,False
0.13,1.25,f27ea777a45036a4,967,99,121,False
0.13,1.25,f27ea777a45036a4,968,99,121,False
0.13,1.25,f27ea777a45036a4,969,99,121,False
0.13,1.25,f27ea777a45036a4,970,100,121,False
0.13,1.25,f27ea777a45036a4,971,100,121,False
0.13,1.25,f27ea777a45036a4,972,100,121,False
0.13,1.25,f27ea777a45036a4,973,100,122,False
0.13,1.25,f27ea777a45036a4,974,100,122,False
0.13,1.25,f27ea777a45036a4,975,100,122,False
0.13,1.25,f27ea777a45036a4,976,100,122,False
0.13,1.25,f27ea777a45036a4,977,100,122,False
0.13,1.25,f27ea777a45036a4,978,100,122,False
0.13,1.25,f27ea777a45036a4,979,101,122,False
0.13,1.25,f27ea777a45036a4,980,101,122,False
0.13,1.25,f27ea777a45036a4,981,101,123,False
0.13,1.25,f27ea777a45036a4,982,101,123,False
0.13,1.25,f27ea777a45036a4,983,101,123,False
0.13,1.25,f27ea777a45036a4,984,101,123,False
0.13,1.25,f27ea777a45036a4,985,101,123,False
0.13,1.25,f27ea777a45036a4,986,101,123,False
0.13,1.25,f27ea777a45036a4,987,101,123,False
0.13,1.25,f27ea777a45036a4,988,102,123,False
0.13,1.25,f27ea777a45036a4,989,102,123,False
0.13,1.25,f27ea777a45036a4,990,102,124,False
0.13,1.25,f27ea777a45036a4,991,102,124,False
0.13,1.25,f27ea777a45036a4,992,102,124,False
0.13,1.25,f27ea777a45036a4,993,102,124,False
0.13,1.25,f27ea777a45036a4,994,102,124,False
0.13,1.25,f27ea777a45036a4,995,102,124,False
0.13,1.25,f27ea777a45036a4,996,102,124,False
0.13,1.25,f27ea777a45036a4,997,103,124,False
0.13,1.25,f27ea777a45036a4,998,103,124,False
0.13,1.25,f27ea777a45036a4,999,103,125,False
0.13,1.25,f27ea777a45036a4,1000,103,125,False
0.13,1.25,f27ea777a45036a4,1001,103,125,False
0.13,1.25,f27ea777a45036a4,1002,103,125,False
0.13,1.25,f27ea777a45036a4,1003,103,125,False
0.13,1.25,f27ea777a45036a4,1004,103,125,False
0.13,1.25,f27ea777a45036a4,1005,104,125,False
0.13,1.25,f27ea777a45036a4,1006,104,125,False
0.13,1.25,f27ea777a45036a4,1007,104,125,False
0.13,1.25,f27ea777a45036a4,1008,104,126,False
0.13,1.25,f27ea777a45036a4,1009,104,126,False
0.13,1.25,f27ea777a45036a4,1010,104,126,False
0.13,1.25,f27ea777a45036a4,1011,104,126,False
0.13,1.25,f27ea777a45036a4,1012,104,126,False
0.13,1.25,f27ea777a45036a4,1013,104,126,False
0.13,1.25,f27ea777a45036a4,1014,105,126,False
0.13,1.25,f27ea777a45036a4,1015,105,126,False
0.13,1.25,f27ea777a45036a4,1016,105,127,False
0.13,1.25,f27ea777a45036a4,1017,105,127,False
0.13,1.25,f27ea777a45036a4,1018,105,127,False
0.13,1.25,f27ea777a45036a4,1019,105,127,False
0.13,1.25,f27ea777a45036a4,1020,105,127,False
0.13,1.25,f27ea777a45036a4,1021,105,127,False
0.13,1.25,f27ea777a45036a4,1022,105,127,False
0.13,1.25,f27ea777a45036a4,1023,106,127,False
0.13,1.25,f27ea777a45036a4,1024,106,127,False
0.13,1.25,f27ea777a45036a4,1025,106,128,False
0.13,1.25,f27ea777a45036a4,1026,106,128,False
0.13,1.25,f27ea777a45036a4,1027,106,128,False
0.13,1.25,f27ea777a45036a4,1028,106,128,False
0.13,1.25,f27ea777a45036a4,1029,106,128,False
0.13,1.25,f27ea777a45036a4,1030,106,128,False
0.13,1.25,f27ea777a45036a4,1031,107,128,False
0.13,1.25,f27ea777a45036a4,1032,107,128,False
0.13,1.25,f27ea777a45036a4,1033,107,128,False
0.13,1.25,f27ea777a45036a4,1034,107,129,False
0.13,1.25,f27ea777a45036a4,1035,107,129,False
0.13,1.25,f27ea777a45036a4,1036,107,129,False
0.13,1.25,f27ea777a45036a4,1037,107,129,False
0.13,1.25,f27ea777a45036a4,1038,107,129,False
0.13,1.25,f27ea777a45036a4,1039,107,129,False
0.13,1.25,f27ea777a45036a4,1040,108,129,False
0.13,1.25,f27ea777a45036a4,1041,108,129,False
0.13,1.25,f27ea777a45036a4,1042,108,129,False
0.13,1.25,f27ea777a45036a4,1043,108,130,False
0.13,1.25,f27ea777a45036a4,1044,108,130,False
0.13,1.25,f27ea777a45036a4,1045,108,130,False
0.13,1.25,f27ea777a45036a4,1046,108,130,False
0.13,1.25,f27ea777a45036a4,1047,108,130,False
0.13,1.25,f27ea777a45036a4,1048,108,130,False
0.13,1.25,f27ea777a45036a4,1049,109,130,False
0.13,1.25,f27ea777a45036a4,1050,109,130,False
0.13,1.25,f27ea777a45036a4,1051,109,131,False
0.13,1.25,f27ea777a45036a4,1052,109,131,False
0.13,1.25,f27ea777a45036a4,1053,109,131,False
0.13,1.25,f27ea777a45036a4,1054,109,131,False
0.13,1.25,f27ea777a45036a4,1055,109,131,False
0.13,1.25,f27ea777a45036a4,1056,109,131,False
0.13,1.25,f27ea777a45036a4,1057,109,131,False
0.13,1.25,f27ea777a45036a4,1058,110,131,False
0.13,1.25,f27ea777a45036a4,1059,110,131,False
0.13,1.25,f27ea777a45036a4,1060,110,132,False
0.13,1.25,f27ea777a45036a4,1061,110,132,False
0.13,1.25,f27ea777a45036a4,1062,110,132,False
0.13,1.25,f27ea777a45036a4,1063,110,132,False
0.13,1.25,f27ea777a45036a4,1064,110,132,False
0.13,1.25,f27ea777a45036a4,1065,110,132,False
0.13,1.25,f27ea777a45036a4,1066,111,132,False
0.13,1.25,f27ea777a45036a4,1067,111,132,False
0.13,1.25,f27ea777a45036a4,1068,111,132,False
0.13,1.25,f27ea777a45036a4,1069,111,133,False
0.13,1.25,f27ea777a45036a4,1070,111,133,False
0.13,1.25,f27ea777a45036a4,1071,111,133,False
0.13,1.25,f27ea777a45036a4,1072,111,133,False
0.13,1.25,f27ea777a45036a4,1073,111,133,False
0.13,1.25,f27ea777a45036a4,1074,111,133,False
0.13,1.25,f27ea777a45036a4,1075,112,133,False
0.13,1.25,f27ea777a45036a4,1076,112,133,False
0.13,1.25,f27ea777a45036a4,1077,112,133,False
0.13,1.25,f27ea777a45036a4,1078,112,134,False
0.13,1.25,f27ea777a45036a4,1079,112,134,False
0.13,1.25,f27ea777a45036a4,1080,112,134,False
0.13,1.25,f27ea777a45036a4,1081,112,134,False
0.13,1.25,f27ea777a45036a4,1082,112,134,False
0.13,1.25,f27ea777a45036a4,1083,112,134,False
0.13,1.25,f27ea777a45036a4,1084,113,134,False
0.13,1.25,f27ea777a45036a4,1085,113,134,False
0.13,1.25,f27ea777a45036a4,1086,113,135,False
0.13,1.25,f27ea777a45036a4,1087,113,135,False
0.13,1.25,f27ea777a45036a4,1088,113,135,False
0.13,1.25,f27ea777a45036a4,1089,113,135,False
0.13,1.25,f27ea777a45036a4,1090,113,135,False
0.13,1.25,f27ea777a45036a4,1091,113,135,False
0.13,1.25,f27ea777a45036a4,1092,113,135,False
0.13,1.25,f27ea777a45036a4,1093,114,135,False
0.13,1.25,f27ea777a45036a4,1094,114,135,False
0.13,1.25,f27ea777a45036a4,1095,114,136,False
0.13,1.25,f27ea777a45036a4,1096,114,136,False
0.13,1.25,f27ea777a45036a4,1097,114,136,False
0.13,1.25,f27ea777a45036a4,1098,114,136,False
0.13,1.25,f27ea777a45036a4,1099,114,136,False
0.13,1.25,f27ea777a45036a4,1100,114,136,False
0.13,1.25,f27ea777a45036a4,1101,115,136,False
0.13,1.25,f27ea777a45036a4,1102,115,136,False
0.13,1.25,f27ea777a45036a4,1103,115,136,False
0.13,1.25,f27ea777a45036a4,1104,115,137,False
0.13,1.25,f27ea777a45036a4,1105,115,137,False
0.13,1.25,f27ea777a45036a4,1106,115,137,False
0.13,1.25,f27ea777a45036a4,1107,115,137,False
0.13,1.25,f27ea777a45036a4,1108,115,137,False
0.13,1.25,f27ea777a45036a4,1109,115,137,False
0.13,1.25,f27ea777a45036a4,1110,116,137,False
0.13,1.25,f27ea777a45036a4,1111,116,137,False
0.13,1.25,f27ea777a45036a4,1112,116,138,False
0.13,1.25,f27ea777a45036a4,1113,116,138,False
0.13,1.25,f27ea777a45036a4,1114,116,138,False
0.13,1.25,f27ea777a45036a4,1115,116,138,False
0.13,1.25,f27ea777a45036a4,1116,116,138,False
0.13,1.25,f27ea777a45036a4,1117,116,138,False
0.13,1.25,f27ea777a45036a4,1118,116,138,False
0.13,1.25,f27ea777a45036a4,1119,117,138,False
0.13,1.25,f27ea777a45036a4,1120,117,138,False
0.13,1.25,f27ea777a45036a4,1121,117,139,False
0.13,1.25,f27ea777a45036a4,1122,117,139,False
0.13,1.25,f27ea777a45036a4,1123,117,139,False
0.13,1.25,f27ea777a45036a4,1124,117,139,False
0.13,1.25,f27ea777a45036a4,1125,117,139,False
0.13,1.25,f27ea777a45036a4,1126,117,139,False
0.13,1.25,f27ea777a45036a4,1127,117,139,False
0.13,1.25,f27ea777a45036a4,1128,118,139,False
0.13,1.25,f27ea777a45036a4,1129,118,139,False
0.13,1.25,f27ea777a45036a4,1130,118,140,False
0.13,1.25,f27ea777a45036a4,1131,118,140,False
0.13,1.25,f27ea777a45036a4,1132,118,140,False
0.13,1.25,f27ea777a45036a4,1133,118,140,False
0.13,1.25,f27ea777a45036a4,1134,118,140,False
0.13,1.25,f27ea777a45036a4,1135,118,140,False
0.13,1.25,f27ea777a45036a4,1136,119,140,False
0.13,1.25,f27ea777a45036a4,1137,119,140,False
0.13,1.25,f27ea777a45036a4,1138,119,140,False
0.13,1.25,f27ea777a45036a4,1139,119,141,False
0.13,1.25,f27ea777a45036a4,1140,119,141,False
0.13,1.25,f27ea777a45036a4,1141,119,141,False
0.13,1.25,f27ea777a45036a4,1142,119,141,False
0.13,1.25,f27ea777a45036a4,1143,119,141,False
0.13,1.25,f27ea777a45036a4,1144,119,141,False
0.13,1.25,f27ea777a45036a4,1145,120,141,False
0.13,1.25,f27ea777a45036a4,1146,120,141,False
0.13,1.25,f27ea777a45036a4,1147,120,142,False
0.13,1.25,f27ea777a45036a4,1148,120,142,False
0.13,1.25,f27ea777a45036a4,1149,120,142,False
0.13,1.25,f27ea777a45036a4,1150,120,142,False
0.13,1.25,f27ea777a45036a4,1151,120,142,False
0.13,1.25,f27ea777a45036a4,1152,120,142,False
0.13,1.25,f27ea777a45036a4,1153,120,142,False
0.13,1.25,f27ea777a45036a4,1154,121,142,False
0.13,1.25,f27ea777a45036a4,1155,121,142,False
0.13,1.25,f27ea777a45036a4,1156,121,143,False
0.13,1.25,f27ea777a45036a4,1157,121,143,False
0.13,1.25,f27ea777a45036a4,1158,121,143,False
0.13,1.25,f27ea777a45036a4,1159,121,143,False
0.13,1.25,f27ea777a45036a4,1160,121,143,False
0.13,1.25,f27ea777a45036a4,1161,121,143,False
0.13,1.25,f27ea777a45036a4,1162,121,143,False
0.13,1.25,f27ea777a45036a4,1163,122,143,False
0.13,1.25,f27ea777a45036a4,1164,122,143,False
0.13,1.25,f27ea777a45036a4,1165,122,144,False
0.13,1.25,f27ea777a45036a4,1166,122,144,False
0.13,1.25,f27ea777a45036a4,1167,122,144,False
0.13,1.25,f27ea777a45036a4,1168,122,144,False
0.13,1.25,f27ea777a45036a4,1169,122,144,False
0.13,1.25,f27ea777a45036a4,1170,122,144,False
0.13,1.25,f27ea777a45036a4,1171,123,144,False
0.13,1.25,f27ea777a45036a4,1172,123,144,False
0.13,1.25,f27ea777a45036a4,1173,123,144,False
0.13,1.25,f27ea777a45036a4,1174,123,145,False
0.13,1.25,f27ea777a45036a4,1175,123,145,False
0.13,1.25,f27ea777a45036a4,1176,123,145,False
0.13,1.25,f27ea777a45036a4,1177,123,145,False
0.13,1.25,f27ea777a45036a4,1178,123,145,False
0.13,1.25,f27ea777a45036a4,1179,123,145,False
0.13,1.25,f27ea777a45036a4,1180,124,145,False
0.13,1.25,f27ea777a45036a4,1181,124,145,False
0.13,1.25,f27ea777a45036a4,1182,124,146,False
0.13,1.25,f27ea777a45036a4,1183,124,146,False
0.13,1.25,f27ea777a45036a4,1184,124,146,False
0.13,1.25,f27ea777a45036a4,1185,124,146,False
0.13,1.25,f27ea777a45036a4,1186,124,146,False
0.13,1.25,f27ea777a45036a4,1187,124,146,False
0.13,1.25,f27ea777a45036a4,1188,124,146,False
0.13,1.25,f27ea777a45036a4,1189,125,146,False
0.13,1.25,f27ea777a45036a4,1190,125,146,False
0.13,1.25,f27ea777a45036a4,1191,125,147,False
0.13,1.25,f27ea777a45036a4,1192,125,147,False
0.13,1.25,f27ea777a45036a4,1193,125,147,False
0.13,1.25,f27ea777a45036a4,1194,125,147,False
0.13,1.25,f27ea777a45036a4,1195,125,147,False
0.13,1.25,f27ea777a45036a4,1196,125,147,False
0.13,1.25,f27ea777a45036a4,1197,125,147,False
0.13,1.25,f27ea777a45036a4,1198,126,147,False
0.13,1.25,f27ea777a45036a4,1199,126,147,False
0.13,1.25,f27ea777a45036a4,1200,126,148,False
0.13,1.25,f27ea777a45036a4,1201,126,148,False
0.13,1.25,f27ea777a45036a4,1202,126,148,False
0.13,1.25,f27ea777a45036a4,1203,126,148,False
0.13,1.25,f27ea777a45036a4,1204,126,148,False
0.13,1.25,f27ea777a45036a4,1205,126,148,False
0.13,1.25,f27ea777a45036a4,1206,127,148,False
0.13,1.25,f27ea777a45036a4,1207,127,148,False
0.13,1.25,f27ea777a45036a4,1208,127,148,False
0.13,1.25,f27ea777a45036a4,1209,127,149,False
0.13,1.25,f27ea777a45036a4,1210,143,144,True
0.13,1.5,c6a4217abe4546eb,1,,,False
0.13,1.5,c6a4217abe4546eb,2,,,False
0.13,1.5,c6a4217abe4546eb,3,,,False
0.13,1.5,c6a4217abe4546eb,4,,,False
0.13,1.5,c6a4217abe4546eb,5,,,False
0.13,1.5,c6a4217abe4546eb,6,,,False
0.13,1.5,c6a4217abe4546eb,7,,,False
0.13,1.5,c6a4217abe4546eb,8,,,False
0.13,1.5,c6a4217abe4546eb,9,,,False
0.13,1.5,c6a4217abe4546eb,10,,,False
0.13,1.5,c6a4217abe4546eb,11,,,False
0.13,1.5,c6a4217abe4546eb,12,,,False
0.13,1.5,c6a4217abe4546eb,13,,13,False
0.13,1.5,c6a4217abe4546eb,14,,14,False
0.13,1.5,c6a4217abe4546eb,15,,14,False
0.13,1.5,c6a4217abe4546eb,16,,14,False
0.13,1.5,c6a4217abe4546eb,17,,14,False
0.13,1.5,c6a4217abe4546eb,18,,14,False
0.13,1.5,c6a4217abe4546eb,19,,14,False
0.13,1.5,c6a4217abe4546eb,20,,14,False
0.13,1.5,c6a4217abe4546eb,21,,14,False
0.13,1.5,c6a4217abe4546eb,22,,14,False
0.13,1.5,c6a4217abe4546eb,23,,15,False
0.13,1.5,c6a4217abe4546eb,24,,15,False
0.13,1.5,c6a4217abe4546eb,25,,15,False
0.13,1.5,c6a4217abe4546eb,26,,15,False
0.13,1.5,c6a4217abe4546eb,27,,15,False
0.13,1.5,c6a4217abe4546eb,28,,15,False
0.13,1.5,c6a4217abe4546eb,29,,15,False
0.13,1.5,c6a4217abe4546eb,30,,15,False
0.13,1.5,c6a4217abe4546eb,31,,15,False
0.13,1.5,c6a4217abe4546eb,32,,16,False
0.13,1.5,c6a4217abe4546eb,33,,16,False
0.13,1.5,c6a4217abe4546eb,34,,16,False
0.13,1.5,c6a4217abe4546eb,35,,16,False
0.13,1.5,c6a4217abe4546eb,36,,16,False
0.13,1.5,c6a4217abe4546eb,37,,16,False
0.13,1.5,c6a4217abe4546eb,38,,16,False
0.13,1.5,c6a4217abe4546eb,39,,16,False
0.13,1.5,c6a4217abe4546eb,40,,17,False
0.13,1.5,c6a4217abe4546eb,41,,17,False
0.13,1.5,c6a4217abe4546eb,42,,17,False
0.13,1.5,c6a4217abe4546eb,43,,17,False
0.13,1.5,c6a4217abe4546eb,44,,17,False
0.13,1.5,c6a4217abe4546eb,45,,17,False
0.13,1.5,c6a4217abe4546eb,46,,17,False
0.13,1.5,c6a4217abe4546eb,47,,17,False
0.13,1.5,c6a4217abe4546eb,48,,17,False
0.13,1.5,c6a4217abe4546eb,49,,18,False
0.13,1.5,c6a4217abe4546eb,50,,18,False
0.13,1.5,c6a4217abe4546eb,51,,18,False
0.13,1.5,c6a4217abe4546eb,52,,18,False
0.13,1.5,c6a4217abe4546eb,53,,18,False
0.13,1.5,c6a4217abe4546eb,54,,18,False
0.13,1.5,c6a4217abe4546eb,55,,18,False
0.13,1.5,c6a4217abe4546eb,56,,18,False
0.13,1.5,c6a4217abe4546eb,57,,18,False
0.13,1.5,c6a4217abe4546eb,58,,19,False
0.13,1.5,c6a4217abe4546eb,59,,19,False
0.13,1.5,c6a4217abe4546eb,60,,19,False
0.13,1.5,c6a4217abe4546eb,61,,19,False
0.13,1.5,c6a4217abe4546eb,62,,19,False
0.13,1.5,c6a4217abe4546eb,63,,19,False
0.13,1.5,c6a4217abe4546eb,64,,19,False
0.13,1.5,c6a4217abe4546eb,65,,19,False
0.13,1.5,c6a4217abe4546eb,66,,19,False
0.13,1.5,c6a4217abe4546eb,67,0,20,False
0.13,1.5,c6a4217abe4546eb,68,0,20,False
0.13,1.5,c6a4217abe4546eb,69,0,20,False
0.13,1.5,c6a4217abe4546eb,70,0,20,False
0.13,1.5,c6a4217abe4546eb,71,0,20,False
0.13,1.5,c6a4217abe4546eb,72,0,20,False
0.13,1.5,c6a4217abe4546eb,73,0,20,False
0.13,1.5,c6a4217abe4546eb,74,0,20,False
0.13,1.5,c6a4217abe4546eb,75,0,21,False
0.13,1.5,c6a4217abe4546eb,76,1,21,False
0.13,1.5,c6a4217abe4546eb,77,1,21,False
0.13,1.5,c6a4217abe4546eb,78,1,21,False
0.13,1.5,c6a4217abe4546eb,79,1,21,False
0.13,1.5,c6a4217abe4546eb,80,1,21,False
0.13,1.5,c6a4217abe4546eb,81,1,21,False
0.13,1.5,c6a4217abe4546eb,82,1,21,False
0.13,1.5,c6a4217abe4546eb,83,1,21,False
0.13,1.5,c6a4217abe4546eb,84,2,22,False
0.13,1.5,c6a4217abe4546eb,85,2,22,False
0.13,1.5,c6a4217abe4546eb,86,2,22,False
0.13,1.5,c6a4217abe4546eb,87,2,22,False
0.13,1.5,c6a4217abe4546eb,88,2,22,False
0.13,1.5,c6a4217abe4546eb,89,2,22,False
0.13,1.5,c6a4217abe4546eb,90,2,22,False
0.13,1.5,c6a4217abe4546eb,91,2,22,False
0.13,1.5,c6a4217abe4546eb,92,2,22,False
0.13,1.5,c6a4217abe4546eb,93,3,23,False
0.13,1.5,c6a4217abe4546eb,94,3,23,False
0.13,1.5,c6a4217abe4546eb,95,3,23,False
0.13,1.5,c6a4217abe4546eb,96,3,23,False
0.13,1.5,c6a4217abe4546eb,97,3,23,False
0.13,1.5,c6a4217abe4546eb,98,3,23,False
0.13,1.5,c6a4217abe4546eb,99,3,23,False
0.13,1.5,c6a4217abe4546eb,100,3,23,False
0.13,1.5,c6a4217abe4546eb,101,3,24,False
0.13,1.5,c6a4217abe4546eb,102,4,24,False
0.13,1.5,c6a4217abe4546eb,103,4,24,False
0.13,1.5,c6a4217abe4546eb,104,4,24,False
0.13,1.5,c6a4217abe4546eb,105,4,24,False
0.13,1.5,c6a4217abe4546eb,106,4,24,False
0.13,1.5,c6a4217abe4546eb,107,4,24,False
0.13,1.5,c6a4217abe4546eb,108,4,24,False
0.13,1.5,c6a4217abe4546eb,109,4,24,False
0.13,1.5,c6a4217abe4546eb,110,4,25,False
0.13,1.5,c6a4217abe4546eb,111,5,25,False
0.13,1.5,c6a4217abe4546eb,112,5,25,False
0.13,1.5,c6a4217abe4546eb,113,5,25,False
0.13,1.5,c6a4217abe4546eb,114,5,25,False
0.13,1.5,c6a4217abe4546eb,115,5,25,False
0.13,1.5,c6a4217abe4546eb,116,5,25,False
0.13,1.5,c6a4217abe4546eb,117,5,25,False
0.13,1.5,c6a4217abe4546eb,118,5,25,False
0.13,1.5,c6a4217abe4546eb,119,6,26,False
0.13,1.5,c6a4217abe4546eb,120,6,26,False
0.13,1.5,c6a4217abe4546eb,121,6,26,False
0.13,1.5,c6a4217abe4546eb,122,6,26,False
0.13,1.5,c6a4217abe4546eb,123,6,26,False
0.13,1.5,c6a4217abe4546eb,124,6,26,False
0.13,1.5,c6a4217abe4546eb,125,6,26,False
0.13,1.5,c6a4217abe4546eb,126,6,26,False
0.13,1.5,c6a4217abe4546eb,127,6,26,False
0.13,1.5,c6a4217abe4546eb,128,7,27,False
0.13,1.5,c6a4217abe4546eb,129,7,27,False
0.13,1.5,c6a4217abe4546eb,130,7,27,False
0.13,1.5,c6a4217abe4546eb,131,7,27,False
0.13,1.5,c6a4217abe4546eb,132,7,27,False
0.13,1.5,c6a4217abe4546eb,133,7,27,False
0.13,1.5,c6a4217abe4546eb,134,7,27,False
0.13,1.5,c6a4217abe4546eb,135,7,27,False
0.13,1.5,c6a4217abe4546eb,136,7,28,False
0.13,1.5,c6a4217abe4546eb,137,8,28,False
0.13,1.5,c6a4217abe4546eb,138,8,28,False
0.13,1.5,c6a4217abe4546eb,139,8,28,False
0.13,1.5,c6a4217abe4546eb,140,8,28,False
0.13,1.5,c6a4217abe4546eb,141,8,28,False
0.13,1.5,c6a4217abe4546eb,142,8,28,False
0.13,1.5,c6a4217abe4546eb,143,8,28,False
0.13,1.5,c6a4217abe4546eb,144,8,28,False
0.13,1.5,c6a4217abe4546eb,145,8,29,False
0.13,1.5,c6a4217abe4546eb,146,9,29,False
0.13,1.5,c6a4217abe4546eb,147,9,29,False
0.13,1.5,c6a4217abe4546eb,148,9,29,False
0.13,1.5,c6a4217abe4546eb,149,9,29,False
0.13,1.5,c6a4217abe4546eb,150,9,29,False
0.13,1.5,c6a4217abe4546eb,151,9,29,False
0.13,1.5,c6a4217abe4546eb,152,9,29,False
0.13,1.5,c6a4217abe4546eb,153,9,29,False
0.13,1.5,c6a4217abe4546eb,154,10,30,False
0.13,1.5,c6a4217abe4546eb,155,10,30,False
0.13,1.5,c6a4217abe4546eb,156,10,30,False
0.13,1.5,c6a4217abe4546eb,157,10,30,False
0.13,1.5,c6a4217abe4546eb,158,10,30,False
0.13,1.5,c6a4217abe4546eb,159,10,30,False
0.13,1.5,c6a4217abe4546eb,160,10,30,False
0.13,1.5,c6a4217abe4546eb,161,10,30,False
0.13,1.5,c6a4217abe4546eb,162,10,30,False
0.13,1.5,c6a4217abe4546eb,163,11,31,False
0.13,1.5,c6a4217abe4546eb,164,11,31,False
0.13,1.5,c6a4217abe4546eb,165,11,31,False
0.13,1.5,c6a4217abe4546eb,166,11,31,False
0.13,1.5,c6a4217abe4546eb,167,11,31,False
0.13,1.5,c6a4217abe4546eb,168,11,31,False
0.13,1.5,c6a4217abe4546eb,169,11,31,False
0.13,1.5,c6a4217abe4546eb,170,11,31,False
0.13,1.5,c6a4217abe4546eb,171,11,32,False
0.13,1.5,c6a4217abe4546eb,172,12,32,False
0.13,1.5,c6a4217abe4546eb,173,12,32,False
0.13,1.5,c6a4217abe4546eb,174,12,32,False
0.13,1.5,c6a4217abe4546eb,175,12,32,False
0.13,1.5,c6a4217abe4546eb,176,12,32,False
0.13,1.5,c6a4217abe4546eb,177,12,32,False
0.13,1.5,c6a4217abe4546eb,178,12,32,False
0.13,1.5,c6a4217abe4546eb,179,12,32,False
0.13,1.5,c6a4217abe4546eb,180,12,33,False
0.13,1.5,c6a4217abe4546eb,181,13,33,False
0.13,1.5,c6a4217abe4546eb,182,13,33,False
0.13,1.5,c6a4217abe4546eb,183,13,33,False
0.13,1.5,c6a4217abe4546eb,184,13,33,False
0.13,1.5,c6a4217abe4546eb,185,13,33,False
0.13,1.5,c6a4217abe4546eb,186,13,33,False
0.13,1.5,c6a4217abe4546eb,187,13,33,False
0.13,1.5,c6a4217abe4546eb,188,13,33,False
0.13,1.5,c6a4217abe4546eb,189,14,34,False
0.13,1.5,c6a4217abe4546eb,190,14,34,False
0.13,1.5,c6a4217abe4546eb,191,14,34,False
0.13,1.5,c6a4217abe4546eb,192,14,34,False
0.13,1.5,c6a4217abe4546eb,193,14,34,False
0.13,1.5,c6a4217abe4546eb,194,14,34,False
0.13,1.5,c6a4217abe4546eb,195,14,34,False
0.13,1.5,c6a4217abe4546eb,196,14,34,False
0.13,1.5,c6a4217abe4546eb,197,14,34,False
0.13,1.5,c6a4217abe4546eb,198,15,35,False
0.13,1.5,c6a4217abe4546eb,199,15,35,False
0.13,1.5,c6a4217abe4546eb,200,15,35,False
0.13,1.5,c6a4217abe4546eb,201,15,35,False
0.13,1.5,c6a4217abe4546eb,202,15,35,False
0.13,1.5,c6a4217abe4546eb,203,15,35,False
0.13,1.5,c6a4217abe4546eb,204,15,35,False
0.13,1.5,c6a4217abe4546eb,205,15,35,False
0.13,1.5,c6a4217abe4546eb,206,15,36,False
0.13,1.5,c6a4217abe4546eb,207,16,36,False
0.13,1.5,c6a4217abe4546eb,208,16,36,False
0.13,1.5,c6a4217abe4546eb,209,16,36,False
0.13,1.5,c6a4217abe4546eb,210,16,36,False
0.13,1.5,c6a4217abe4546eb,211,16,36,False
0.13,1.5,c6a4217abe4546eb,212,16,36,False
0.13,1.5,c6a4217abe4546eb,213,16,36,False
0.13,1.5,c6a4217abe4546eb,214,16,36,False
0.13,1.5,c6a4217abe4546eb,215,17,37,False
0.13,1.5,c6a4217abe4546eb,216,17,37,False
0.13,1.5,c6a4217abe4546eb,217,17,37,False
0.13,1.5,c6a4217abe4546eb,218,17,37,False
0.13,1.5,c6a4217abe4546eb,219,17,37,False
0.13,1.5,c6a4217abe4546eb,220,17,37,False
0.13,1.5,c6a4217abe4546eb,221,17,37,False
0.13,1.5,c6a4217abe4546eb,222,17,37,False
0.13,1.5,c6a4217abe4546eb,223,17,37,False
0.13,1.5,c6a4217abe4546eb,224,18,38,False
0.13,1.5,c6a4217abe4546eb,225,18,38,False
0.13,1.5,c6a4217abe4546eb,226,18,38,False
0.13,1.5,c6a4217abe4546eb,227,18,38,False
0.13,1.5,c6a4217abe4546eb,228,18,38,False
0.13,1.5,c6a4217abe4546eb,229,18,38,False
0.13,1.5,c6a4217abe4546eb,230,18,38,False
0.13,1.5,c6a4217abe4546eb,231,18,38,False
0.13,1.5,c6a4217abe4546eb,232,18,38,False
0.13,1.5,c6a4217abe4546eb,233,19,39,False
0.13,1.5,c6a4217abe4546eb,234,19,39,False
0.13,1.5,c6a4217abe4546eb,235,19,39,False
0.13,1.5,c6a4217abe4546eb,236,19,39,False
0.13,1.5,c6a4217abe4546eb,237,19,39,False
0.13,1.5,c6a4217abe4546eb,238,19,39,False
0.13,1.5,c6a4217abe4546eb,239,19,39,False
0.13,1.5,c6a4217abe4546eb,240,19,39,False
0.13,1.5,c6a4217abe4546eb,241,19,40,False
0.13,1.5,c6a4217abe4546eb,242,20,40,False
0.13,1.5,c6a4217abe4546eb,243,20,40,False
0.13,1.5,c6a4217abe4546eb,244,20,40,False
0.13,1.5,c6a4217abe4546eb,245,20,40,False
0.13,1.5,c6a4217abe4546eb,246,20,40,False
0.13,1.5,c6a4217abe4546eb,247,20,40,False
0.13,1.5,c6a4217abe4546eb,248,20,40,False
0.13,1.5,c6a4217abe4546eb,249,20,40,False
0.13,1.5,c6a4217abe4546eb,250,21,41,False
0.13,1.5,c6a4217abe4546eb,251,21,41,False
0.13,1.5,c6a4217abe4546eb,252,21,41,False
0.13,1.5,c6a4217abe4546eb,253,21,41,False
0.13,1.5,c6a4217abe4546eb,254,21,41,False
0.13,1.5,c6a4217abe4546eb,255,21,41,False
0.13,1.5,c6a4217abe4546eb,256,21,41,False
0.13,1.5,c6a4217abe4546eb,257,21,41,False
0.13,1.5,c6a4217abe4546eb,258,21,41,False
0.13,1.5,c6a4217abe4546eb,259,22,42,False
0.13,1.5,c6a4217abe4546eb,260,22,42,False
0.13,1.5,c6a4217abe4546eb,261,22,42,False
0.13,1.5,c6a4217abe4546eb,262,22,42,False
0.13,1.5,c6a4217abe4546eb,263,22,42,False
0.13,1.5,c6a4217abe4546eb,264,22,42,False
0.13,1.5,c6a4217abe4546eb,265,22,42,False
0.13,1.5,c6a4217abe4546eb,266,22,42,False
0.13,1.5,c6a4217abe4546eb,267,22,42,False
0.13,1.5,c6a4217abe4546eb,268,23,43,False
0.13,1.5,c6a4217abe4546eb,269,23,43,False
0.13,1.5,c6a4217abe4546eb,270,23,43,False
0.13,1.5,c6a4217abe4546eb,271,23,43,False
0.13,1.5,c6a4217abe4546eb,272,23,43,False
0.13,1.5,c6a4217abe4546eb,273,23,43,False
0.13,1.5,c6a4217abe4546eb,274,23,43,False
0.13,1.5,c6a4217abe4546eb,275,23,43,False
0.13,1.5,c6a4217abe4546eb,276,23,44,False
0.13,1.5,c6a4217abe4546eb,277,24,44,False
0.13,1.5,c6a4217abe4546eb,278,24,44,False
0.13,1.5,c6a4217abe4546eb,279,24,44,False
0.13,1.5,c6a4217abe4546eb,280,24,44,False
0.13,1.5,c6a4217abe4546eb,281,24,44,False
0.13,1.5,c6a4217abe4546eb,282,24,44,False
0.13,1.5,c6a4217abe4546eb,283,24,44,False
0.13,1.5,c6a4217abe4546eb,284,24,44,False
0.13,1.5,c6a4217abe4546eb,285,25,45,False
0.13,1.5,c6a4217abe4546eb,286,25,45,False
0.13,1.5,c6a4217abe4546eb,287,25,45,False
0.13,1.5,c6a4217abe4546eb,288,25,45,False
0.13,1.5,c6a4217abe4546eb,289,25,45,False
0.13,1.5,c6a4217abe4546eb,290,25,45,False
0.13,1.5,c6a4217abe4546eb,291,25,45,False
0.13,1.5,c6a4217abe4546eb,292,25,45,False
0.13,1.5,c6a4217abe4546eb,293,25,45,False
0.13,1.5,c6a4217abe4546eb,294,26,46,False
0.13,1.5,c6a4217abe4546eb,295,26,46,False
0.13,1.5,c6a4217abe4546eb,296,26,46,False
0.13,1.5,c6a4217abe4546eb,297,26,46,False
0.13,1.5,c6a4217abe4546eb,298,26,46,False
0.13,1.5,c6a4217abe4546eb,299,26,46,False
0.13,1.5,c6a4217abe4546eb,300,26,46,False
0.13,1.5,c6a4217abe4546eb,301,26,46,False
0.13,1.5,c6a4217abe4546eb,302,26,47,False
0.13,1.5,c6a4217abe4546eb,303,27,47,False
0.13,1.5,c6a4217abe4546eb,304,27,47,False
0.13,1.5,c6a4217abe4546eb,305,27,47,False
0.13,1.5,c6a4217abe4546eb,306,27,47,False
0.13,1.5,c6a4217abe4546eb,307,27,47,False
0.13,1.5,c6a4217abe4546eb,308,27,47,False
0.13,1.5,c6a4217abe4546eb,309,27,47,False
0.13,1.5,c6a4217abe4546eb,310,27,47,False
0.13,1.5,c6a4217abe4546eb,311,27,48,False
0.13,1.5,c6a4217abe4546eb,312,28,48,False
0.13,1.5,c6a4217abe4546eb,313,28,48,False
0.13,1.5,c6a4217abe4546eb,314,28,48,False
0.13,1.5,c6a4217abe4546eb,315,28,48,False
0.13,1.5,c6a4217abe4546eb,316,28,48,False
0.13,1.5,c6a4217abe4546eb,317,28,48,False
0.13,1.5,c6a4217abe4546eb,318,28,48,False
0.13,1.5,c6a4217abe4546eb,319,28,48,False
0.13,1.5,c6a4217abe4546eb,320,29,49,False
0.13,1.5,c6a4217abe4546eb,321,29,49,False
0.13,1.5,c6a4217abe4546eb,322,29,49,False
0.13,1.5,c6a4217abe4546eb,323,29,49,False
0.13,1.5,c6a4217abe4546eb,324,29,49,False
0.13,1.5,c6a4217abe4546eb,325,29,49,False
0.13,1.5,c6a4217abe4546eb,326,29,49,False
0.13,1.5,c6a4217abe4546eb,327,29,49,False
0.13,1.5,c6a4217abe4546eb,328,29,49,False
0.13,1.5,c6a4217abe4546eb,329,30,50,False
0.13,1.5,c6a4217abe4546eb,330,30,50,False
0.13,1.5,c6a4217abe4546eb,331,30,50,False
0.13,1.5,c6a4217abe4546eb,332,30,50,False
0.13,1.5,c6a4217abe4546eb,333,30,50,False
0.13,1.5,c6a4217abe4546eb,334,30,50,False
0.13,1.5,c6a4217abe4546eb,335,30,50,False
0.13,1.5,c6a4217abe4546eb,336,30,50,False
0.13,1.5,c6a4217abe4546eb,337,30,51,False
0.13,1.5,c6a4217abe4546eb,338,31,51,False
0.13,1.5,c6a4217abe4546eb,339,31,51,False
0.13,1.5,c6a4217abe4546eb,340,31,51,False
0.13,1.5,c6a4217abe4546eb,341,31,51,False
0.13,1.5,c6a4217abe4546eb,342,31,51,False
0.13,1.5,c6a4217abe4546eb,343,31,51,False
0.13,1.5,c6a4217abe4546eb,344,31,51,False
0.13,1.5,c6a4217abe4546eb,345,31,51,False
0.13,1.5,c6a4217abe4546eb,346,31,52,False
0.13,1.5,c6a4217abe4546eb,347,32,52,False
0.13,1.5,c6a4217abe4546eb,348,32,52,False
0.13,1.5,c6a4217abe4546eb,349,32,52,False
0.13,1.5,c6a4217abe4546eb,350,32,52,False
0.13,1.5,c6a4217abe4546eb,351,32,52,False
0.13,1.5,c6a4217abe4546eb,352,32,52,False
0.13,1.5,c6a4217abe4546eb,353,32,52,False
0.13,1.5,c6a4217abe4546eb,354,32,52,False
0.13,1.5,c6a4217abe4546eb,355,33,53,False
0.13,1.5,c6a4217abe4546eb,356,33,53,False
0.13,1.5,c6a4217abe4546eb,357,33,53,False
0.13,1.5,c6a4217abe4546eb,358,33,53,False
0.13,1.5,c6a4217abe4546eb,359,33,53,False
0.13,1.5,c6a4217abe4546eb,360,33,53,False
0.13,1.5,c6a4217abe4546eb,361,33,53,False
0.13,1.5,c6a4217abe4546eb,362,33,53,False
0.13,1.5,c6a4217abe4546eb,363,33,53,False
0.13,1.5,c6a4217abe4546eb,364,34,54,False
0.13,1.5,c6a4217abe4546eb,365,34,54,False
0.13,1.5,c6a4217abe4546eb,366,34,54,False
0.13,1.5,c6a4217abe4546eb,367,34,54,False
0.13,1.5,c6a4217abe4546eb,368,34,54,False
0.13,1.5,c6a4217abe4546eb,369,34,54,False
0.13,1.5,c6a4217abe4546eb,370,34,54,False
0.13,1.5,c6a4217abe4546eb,371,34,54,False
0.13,1.5,c6a4217abe4546eb,372,34,55,False
0.13,1.5,c6a4217abe4546eb,373,35,55,False
0.13,1.5,c6a4217abe4546eb,374,35,55,False
0.13,1.5,c6a4217abe4546eb,375,35,55,False
0.13,1.5,c6a4217abe4546eb,376,35,55,False
0.13,1.5,c6a4217abe4546eb,377,35,55,False
0.13,1.5,c6a4217abe4546eb,378,35,55,False
0.13,1.5,c6a4217abe4546eb,379,35,55,False
0.13,1.5,c6a4217abe4546eb,380,35,55,False
0.13,1.5,c6a4217abe4546eb,381,35,56,False
0.13,1.5,c6a4217abe4546eb,382,36,56,False
0.13,1.5,c6a4217abe4546eb,383,36,56,False
0.13,1.5,c6a4217abe4546eb,384,36,56,False
0.13,1.5,c6a4217abe4546eb,385,36,56,False
0.13,1.5,c6a4217abe4546eb,386,36,56,False
0.13,1.5,c6a4217abe4546eb,387,36,56,False
0.13,1.5,c6a4217abe4546eb,388,36,56,False
0.13,1.5,c6a4217abe4546eb,389,36,56,False
0.13,1.5,c6a4217abe4546eb,390,37,57,False
0.13,1.5,c6a4217abe4546eb,391,37,57,False
0.13,1.5,c6a4217abe4546eb,392,37,57,False
0.13,1.5,c6a4217abe4546eb,393,37,57,False
0.13,1.5,c6a4217abe4546eb,394,37,57,False
0.13,1.5,c6a4217abe4546eb,395,37,57,False
0.13,1.5,c6a4217abe4546eb,396,37,57,False
0.13,1.5,c6a4217abe4546eb,397,37,57,False
0.13,1.5,c6a4217abe4546eb,398,37,57,False
0.13,1.5,c6a4217abe4546eb,399,38,58,False
0.13,1.5,c6a4217abe4546eb,400,38,58,False
0.13,1.5,c6a4217abe4546eb,401,38,58,False
0.13,1.5,c6a4217abe4546eb,402,38,58,False
0.13,1.5,c6a4217abe4546eb,403,38,58,False
0.13,1.5,c6a4217abe4546eb,404,38,58,False
0.13,1.5,c6a4217abe4546eb,405,38,58,False
0.13,1.5,c6a4217abe4546eb,406,38,58,False
0.13,1.5,c6a4217abe4546eb,407,38,59,False
0.13,1.5,c6a4217abe4546eb,408,39,59,False
0.13,1.5,c6a4217abe4546eb,409,39,59,False
0.13,1.5,c6a4217abe4546eb,410,39,59,False
0.13,1.5,c6a4217abe4546eb,411,39,59,False
0.13,1.5,c6a4217abe4546eb,412,39,59,False
0.13,1.5,c6a4217abe4546eb,413,39,59,False
0.13,1.5,c6a4217abe4546eb,414,39,59,False
0.13,1.5,c6a4217abe4546eb,415,39,59,False
0.13,1.5,c6a4217abe4546eb,416,40,60,False
0.13,1.5,c6a4217abe4546eb,417,40,60,False
0.13,1.5,c6a4217abe4546eb,418,40,60,False
0.13,1.5,c6a4217abe4546eb,419,40,60,False
0.13,1.5,c6a4217abe4546eb,420,40,60,False
0.13,1.5,c6a4217abe4546eb,421,40,60,False
0.13,1.5,c6a4217abe4546eb,422,40,60,False
0.13,1.5,c6a4217abe4546eb,423,40,60,False
0.13,1.5,c6a4217abe4546eb,424,40,60,False
0.13,1.5,c6a4217abe4546eb,425,41,61,False
0.13,1.5,c6a4217abe4546eb,426,41,61,False
0.13,1.5,c6a4217abe4546eb,427,41,61,False
0.13,1.5,c6a4217abe4546eb,428,41,61,False
0.13,1.5,c6a4217abe4546eb,429,41,61,False
0.13,1.5,c6a4217abe4546eb,430,41,61,False
0.13,1.5,c6a4217abe4546eb,431,41,61,False
0.13,1.5,c6a4217abe4546eb,432,41,61,False
0.13,1.5,c6a4217abe4546eb,433,41,61,False
0.13,1.5,c6a4217abe4546eb,434,42,62,False
0.13,1.5,c6a4217abe4546eb,435,42,62,False
0.13,1.5,c6a4217abe4546eb,436,42,62,False
0.13,1.5,c6a4217abe4546eb,437,42,62,False
0.13,1.5,c6a4217abe4546eb,438,42,62,False
0.13,1.5,c6a4217abe4546eb,439,42,62,False
0.13,1.5,c6a4217abe4546eb,440,42,62,False
0.13,1.5,c6a4217abe4546eb,441,42,62,False
0.13,1.5,c6a4217abe4546eb,442,42,63,False
0.13,1.5,c6a4217abe4546eb,443,43,63,False
0.13,1.5,c6a4217abe4546eb,444,43,63,False
0.13,1.5,c6a4217abe4546eb,445,43,63,False
0.13,1.5,c6a4217abe4546eb,446,43,63,False
0.13,1.5,c6a4217abe4546eb,447,43,63,False
0.13,1.5,c6a4217abe4546eb,448,43,63,False
0.13,1.5,c6a4217abe4546eb,449,43,63,False
0.13,1.5,c6a4217abe4546eb,450,43,63,False
0.13,1.5,c6a4217abe4546eb,451,44,64,False
0.13,1.5,c6a4217abe4546eb,452,44,64,False
0.13,1.5,c6a4217abe4546eb,453,44,64,False
0.13,1.5,c6a4217abe4546eb,454,44,64,False
0.13,1.5,c6a4217abe4546eb,455,44,64,False
0.13,1.5,c6a4217abe4546eb,456,44,64,False
0.13,1.5,c6a4217abe4546eb,457,44,64,False
0.13,1.5,c6a4217abe4546eb,458,44,64,False
0.13,1.5,c6a4217abe4546eb,459,44,64,False
0.13,1.5,c6a4217abe4546eb,460,45,65,False
0.13,1.5,c6a4217abe4546eb,461,45,65,False
0.13,1.5,c6a4217abe4546eb,462,45,65,False
0.13,1.5,c6a4217abe4546eb,463,45,65,False
0.13,1.5,c6a4217abe4546eb,464,45,65,False
0.13,1.5,c6a4217abe4546eb,465,45,65,False
0.13,1.5,c6a4217abe4546eb,466,45,65,False
0.13,1.5,c6a4217abe4546eb,467,45,65,False
0.13,1.5,c6a4217abe4546eb,468,45,65,False
0.13,1.5,c6a4217abe4546eb,469,46,66,False
0.13,1.5,c6a4217abe4546eb,470,46,66,False
0.13,1.5,c6a4217abe4546eb,471,46,66,False
0.13,1.5,c6a4217abe4546eb,472,46,66,False
0.13,1.5,c6a4217abe4546eb,473,46,66,False
0.13,1.5,c6a4217abe4546eb,474,46,66,False
0.13,1.5,c6a4217abe4546eb,475,46,66,False
0.13,1.5,c6a4217abe4546eb,476,46,66,False
0.13,1.5,c6a4217abe4546eb,477,46,67,False
0.13,1.5,c6a4217abe4546eb,478,47,67,False
0.13,1.5,c6a4217abe4546eb,479,47,67,False
0.13,1.5,c6a4217abe4546eb,480,47,67,False
0.13,1.5,c6a4217abe4546eb,481,47,67,False
0.13,1.5,c6a4217abe4546eb,482,47,67,False
0.13,1.5,c6a4217abe4546eb,483,47,67,False
0.13,1.5,c6a4217abe4546eb,484,47,67,False
0.13,1.5,c6a4217abe4546eb,485,47,67,False
0.13,1.5,c6a4217abe4546eb,486,48,68,False
0.13,1.5,c6a4217abe4546eb,487,48,68,False
0.13,1.5,c6a4217abe4546eb,488,48,68,False
0.13,1.5,c6a4217abe4546eb,489,48,68,False
0.13,1.5,c6a4217abe4546eb,490,48,68,False
0.13,1.5,c6a4217abe4546eb,491,48,68,False
0.13,1.5,c6a4217abe4546eb,492,48,68,False
0.13,1.5,c6a4217abe4546eb,493,48,68,False
0.13,1.5,c6a4217abe4546eb,494,48,68,False
0.13,1.5,c6a4217abe4546eb,495,49,69,False
0.13,1.5,c6a4217abe4546eb,496,49,69,False
0.13,1.5,c6a4217abe4546eb,497,49,69,False
0.13,1.5,c6a4217abe4546eb,498,49,69,False
0.13,1.5,c6a4217abe4546eb,499,49,69,False
0.13,1.5,c6a4217abe4546eb,500,49,69,False
0.13,1.5,c6a4217abe4546eb,501,49,69,False
0.13,1.5,c6a4217abe4546eb,502,49,69,False
0.13,1.5,c6a4217abe4546eb,503,49,70,False
0.13,1.5,c6a4217abe4546eb,504,50,70,False
0.13,1.5,c6a4217abe4546eb,505,50,70,False
0.13,1.5,c6a4217abe4546eb,506,50,70,False
0.13,1.5,c6a4217abe4546eb,507,50,70,False
0.13,1.5,c6a4217abe4546eb,508,50,70,False
0.13,1.5,c6a4217abe4546eb,509,50,70,False
0.13,1.5,c6a4217abe4546eb,510,50,70,False
0.13,1.5,c6a4217abe4546eb,511,50,70,False
0.13,1.5,c6a4217abe4546eb,512,50,71,False
0.13,1.5,c6a4217abe4546eb,513,51,71,False
0.13,1.5,c6a4217abe4546eb,514,51,71,False
0.13,1.5,c6a4217abe4546eb,515,51,71,False
0.13,1.5,c6a4217abe4546eb,516,51,71,False
0.13,1.5,c6a4217abe4546eb,517,51,71,False
0.13,1.5,c6a4217abe4546eb,518,51,71,False
0.13,1.5,c6a4217abe4546eb,519,51,71,False
0.13,1.5,c6a4217abe4546eb,520,51,71,False
0.13,1.5,c6a4217abe4546eb,521,52,72,False
0.13,1.5,c6a4217abe4546eb,522,52,72,False
0.13,1.5,c6a4217abe4546eb,523,52,72,False
0.13,1.5,c6a4217abe4546eb,524,52,72,False
0.13,1.5,c6a4217abe4546eb,525,52,72,False
0.13,1.5,c6a4217abe4546eb,526,52,72,False
0.13,1.5,c6a4217abe4546eb,527,52,72,False
0.13,1.5,c6a4217abe4546eb,528,52,72,False
0.13,1.5,c6a4217abe4546eb,529,52,72,False
0.13,1.5,c6a4217abe4546eb,530,53,73,False
0.13,1.5,c6a4217abe4546eb,531,53,73,False
0.13,1.5,c6a4217abe4546eb,532,53,73,False
0.13,1.5,c6a4217abe4546eb,533,53,73,False
0.13,1.5,c6a4217abe4546eb,534,53,73,False
0.13,1.5,c6a4217abe4546eb,535,53,73,False
0.13,1.5,c6a4217abe4546eb,536,53,73,False
0.13,1.5,c6a4217abe4546eb,537,53,73,False
0.13,1.5,c6a4217abe4546eb,538,53,74,False
0.13,1.5,c6a4217abe4546eb,539,54,74,False
0.13,1.5,c6a4217abe4546eb,540,54,74,False
0.13,1.5,c6a4217abe4546eb,541,54,74,False
0.13,1.5,c6a4217abe4546eb,542,54,74,False
0.13,1.5,c6a4217abe4546eb,543,54,74,False
0.13,1.5,c6a4217abe4546eb,544,54,74,False
0.13,1.5,c6a4217abe4546eb,545,54,74,False
0.13,1.5,c6a4217abe4546eb,546,54,74,False
0.13,1.5,c6a4217abe4546eb,547,54,75,False
0.13,1.5,c6a4217abe4546eb,548,55,75,False
0.13,1.5,c6a4217abe4546eb,549,55,75,False
0.13,1.5,c6a4217abe4546eb,550,55,75,False
0.13,1.5,c6a4217abe4546eb,551,55,75,False
0.13,1.5,c6a4217abe4546eb,552,55,75,False
0.13,1.5,c6a4217abe4546eb,553,55,75,False
0.13,1.5,c6a4217abe4546eb,554,55,75,False
0.13,1.5,c6a4217abe4546eb,555,55,75,False
0.13,1.5,c6a4217abe4546eb,556,56,76,False
0.13,1.5,c6a4217abe4546eb,557,56,76,False
0.13,1.5,c6a4217abe4546eb,558,56,76,False
0.13,1.5,c6a4217abe4546eb,559,56,76,False
0.13,1.5,c6a4217abe4546eb,560,56,76,False
0.13,1.5,c6a4217abe4546eb,561,56,76,False
0.13,1.5,c6a4217abe4546eb,562,56,76,False
0.13,1.5,c6a4217abe4546eb,563,56,76,False
0.13,1.5,c6a4217abe4546eb,564,56,76,False
0.13,1.5,c6a4217abe4546eb,565,57,77,False
0.13,1.5,c6a4217abe4546eb,566,57,77,False
0.13,1.5,c6a4217abe4546eb,567,57,77,False
0.13,1.5,c6a4217abe4546eb,568,57,77,False
0.13,1.5,c6a4217abe4546eb,569,57,77,False
0.13,1.5,c6a4217abe4546eb,570,57,77,False
0.13,1.5,c6a4217abe4546eb,571,57,77,False
0.13,1.5,c6a4217abe4546eb,572,57,77,False
0.13,1.5,c6a4217abe4546eb,573,57,78,False
0.13,1.5,c6a4217abe4546eb,574,58,78,False
0.13,1.5,c6a4217abe4546eb,575,58,78,False
0.13,1.5,c6a4217abe4546eb,576,58,78,False
0.13,1.5,c6a4217abe4546eb,577,58,78,False
0.13,1.5,c6a4217abe4546eb,578,58,78,False
0.13,1.5,c6a4217abe4546eb,579,58,78,False
0.13,1.5,c6a4217abe4546eb,580,58,78,False
0.13,1.5,c6a4217abe4546eb,581,58,78,False
0.13,1.5,c6a4217abe4546eb,582,58,79,False
0.13,1.5,c6a4217abe4546eb,583,59,79,False
0.13,1.5,c6a4217abe4546eb,584,59,79,False
0.13,1.5,c6a4217abe4546eb,585,59,79,False
0.13,1.5,c6a4217abe4546eb,586,59,79,False
0.13,1.5,c6a4217abe4546eb,587,59,79,False
0.13,1.5,c6a4217abe4546eb,588,59,79,False
0.13,1.5,c6a4217abe4546eb,589,59,79,False
0.13,1.5,c6a4217abe4546eb,590,59,79,False
0.13,1.5,c6a4217abe4546eb,591,60,80,False
0.13,1.5,c6a4217abe4546eb,592,60,80,False
0.13,1.5,c6a4217abe4546eb,593,60,80,False
0.13,1.5,c6a4217abe4546eb,594,60,80,False
0.13,1.5,c6a4217abe4546eb,595,60,80,False
0.13,1.5,c6a4217abe4546eb,596,60,80,False
0.13,1.5,c6a4217abe4546eb,597,60,80,False
0.13,1.5,c6a4217abe4546eb,598,60,80,False
0.13,1.5,c6a4217abe4546eb,599,60,80,False
0.13,1.5,c6a4217abe4546eb,600,61,81,False
0.13,1.5,c6a4217abe4546eb,601,61,81,False
0.13,1.5,c6a4217abe4546eb,602,61,81,False
0.13,1.5,c6a4217abe4546eb,603,61,81,False
0.13,1.5,c6a4217abe4546eb,604,61,81,False
0.13,1.5,c6a4217abe4546eb,605,61,81,False
0.13,1.5,c6a4217abe4546eb,606,61,81,False
0.13,1.5,c6a4217abe4546eb,607,61,81,False
0.13,1.5,c6a4217abe4546eb,608,61,82,False
0.13,1.5,c6a4217abe4546eb,609,62,82,False
0.13,1.5,c6a4217abe4546eb,610,62,82,False
0.13,1.5,c6a4217abe4546eb,611,62,82,False
0.13,1.5,c6a4217abe4546eb,612,62,82,False
0.13,1.5,c6a4217abe4546eb,613,62,82,False
0.13,1.5,c6a4217abe4546eb,614,62,82,False
0.13,1.5,c6a4217abe4546eb,615,62,82,False
0.13,1.5,c6a4217abe4546eb,616,62,82,False
0.13,1.5,c6a4217abe4546eb,617,63,83,False
0.13,1.5,c6a4217abe4546eb,618,63,83,False
0.13,1.5,c6a4217abe4546eb,619,63,83,False
0.13,1.5,c6a4217abe4546eb,620,63,83,False
0.13,1.5,c6a4217abe4546eb,621,63,83,False
0.13,1.5,c6a4217abe4546eb,622,63,83,False
0.13,1.5,c6a4217abe4546eb,623,63,83,False
0.13,1.5,c6a4217abe4546eb,624,63,83,False
0.13,1.5,c6a4217abe4546eb,625,63,83,False
0.13,1.5,c6a4217abe4546eb,626,64,84,False
0.13,1.5,c6a4217abe4546eb,627,64,84,False
0.13,1.5,c6a4217abe4546eb,628,64,84,False
0.13,1.5,c6a4217abe4546eb,629,64,84,False
0.13,1.5,c6a4217abe4546eb,630,64,84,False
0.13,1.5,c6a4217abe4546eb,631,64,84,False
0.13,1.5,c6a4217abe4546eb,632,64,84,False
0.13,1.5,c6a4217abe4546eb,633,64,84,False
0.13,1.5,c6a4217abe4546eb,634,64,84,False
0.13,1.5,c6a4217abe4546eb,635,65,85,False
0.13,1.5,c6a4217abe4546eb,636,65,85,False
0.13,1.5,c6a4217abe4546eb,637,65,85,False
0.13,1.5,c6a4217abe4546eb,638,65,85,False
0.13,1.5,c6a4217abe4546eb,639,65,85,False
0.13,1.5,c6a4217abe4546eb,640,65,85,False
0.13,1.5,c6a4217abe4546eb,641,65,85,False
0.13,1.5,c6a4217abe4546eb,642,65,85,False
0.13,1.5,c6a4217abe4546eb,643,65,86,False
0.13,1.5,c6a4217abe4546eb,644,66,86,False
0.13,1.5,c6a4217abe4546eb,645,66,86,False
0.13,1.5,c6a4217abe4546eb,646,66,86,False
0.13,1.5,c6a4217abe4546eb,647,66,86,False
0.13,1.5,c6a4217abe4546eb,648,66,86,False
0.13,1.5,c6a4217abe4546eb,649,66,86,False
0.13,1.5,c6a4217abe4546eb,650,66,86,False
0.13,1.5,c6a4217abe4546eb,651,66,86,False
0.13,1.5,c6a4217abe4546eb,652,67,87,False
0.13,1.5,c6a4217abe4546eb,653,67,87,False
0.13,1.5,c6a4217abe4546eb,654,67,87,False
0.13,1.5,c6a4217abe4546eb,655,67,87,False
0.13,1.5,c6a4217abe4546eb,656,67,87,False
0.13,1.5,c6a4217abe4546eb,657,67,87,False
0.13,1.5,c6a4217abe4546eb,658,67,87,False
0.13,1.5,c6a4217abe4546eb,659,67,87,False
0.13,1.5,c6a4217abe4546eb,660,67,87,False
0.13,1.5,c6a4217abe4546eb,661,68,88,False
0.13,1.5,c6a4217abe4546eb,662,68,88,False
0.13,1.5,c6a4217abe4546eb,663,68,88,False
0.13,1.5,c6a4217abe4546eb,664,68,88,False
0.13,1.5,c6a4217abe4546eb,665,68,88,False
0.13,1.5,c6a4217abe4546eb,666,68,88,False
0.13,1.5,c6a4217abe4546eb,667,68,88,False
0.13,1.5,c6a4217abe4546eb,668,68,88,False
0.13,1.5,c6a4217abe4546eb,669,68,88,False
0.13,1.5,c6a4217abe4546eb,670,69,89,False
0.13,1.5,c6a4217abe4546eb,671,69,89,False
0.13,1.5,c6a4217abe4546eb,672,69,89,False
0.13,1.5,c6a4217abe4546eb,673,69,89,False
0.13,1.5,c6a4217abe4546eb,674,69,89,False
0.13,1.5,c6a4217abe4546eb,675,69,89,False
0.13,1.5,c6a4217abe4546eb,676,69,89,False
0.13,1.5,c6a4217abe4546eb,677,69,89,False
0.13,1.5,c6a4217abe4546eb,678,69,90,False
0.13,1.5,c6a4217abe4546eb,679,70,90,False
0.13,1.5,c6a4217abe4546eb,680,70,90,False
0.13,1.5,c6a4217abe4546eb,681,70,90,False
0.13,1.5,c6a4217abe4546eb,682,70,90,False
0.13,1.5,c6a4217abe4546eb,683,70,90,False
0.13,1.5,c6a4217abe4546eb,684,70,90,False
0.13,1.5,c6a4217abe4546eb,685,70,90,False
0.13,1.5,c6a4217abe4546eb,686,70,90,False
0.13,1.5,c6a4217abe4546eb,687,71,91,False
0.13,1.5,c6a4217abe4546eb,688,71,91,False
0.13,1.5,c6a4217abe4546eb,689,71,91,False
0.13,1.5,c6a4217abe4546eb,690,71,91,False
0.13,1.5,c6a4217abe4546eb,691,71,91,False
0.13,1.5,c6a4217abe4546eb,692,71,91,False
0.13,1.5,c6a4217abe4546eb,693,71,91,False
0.13,1.5,c6a4217abe4546eb,694,71,91,False
0.13,1.5,c6a4217abe4546eb,695,71,91,False
0.13,1.5,c6a4217abe4546eb,696,72,92,False
0.13,1.5,c6a4217abe4546eb,697,72,92,False
0.13,1.5,c6a4217abe4546eb,698,72,92,False
0.13,1.5,c6a4217abe4546eb,699,72,92,False
0.13,1.5,c6a4217abe4546eb,700,72,92,False
0.13,1.5,c6a4217abe4546eb,701,72,92,False
0.13,1.5,c6a4217abe4546eb,702,72,92,False
0.13,1.5,c6a4217abe4546eb,703,72,92,False
0.13,1.5,c6a4217abe4546eb,704,72,93,False
0.13,1.5,c6a4217abe4546eb,705,73,93,False
0.13,1.5,c6a4217abe4546eb,706,73,93,False
0.13,1.5,c6a4217abe4546eb,707,73,93,False
0.13,1.5,c6a4217abe4546eb,708,73,93,False
0.13,1.5,c6a4217abe4546eb,709,73,93,False
0.13,1.5,c6a4217abe4546eb,710,73,93,False
0.13,1.5,c6a4217abe4546eb,711,73,93,False
0.13,1.5,c6a4217abe4546eb,712,73,93,False
0.13,1.5,c6a4217abe4546eb,713,73,94,False
0.13,1.5,c6a4217abe4546eb,714,74,94,False
0.13,1.5,c6a4217abe4546eb,715,74,94,False
0.13,1.5,c6a4217abe4546eb,716,74,94,False
0.13,1.5,c6a4217abe4546eb,717,74,94,False
0.13,1.5,c6a4217abe4546eb,718,74,94,False
0.13,1.5,c6a4217abe4546eb,719,74,94,False
0.13,1.5,c6a4217abe4546eb,720,74,94,False
0.13,1.5,c6a4217abe4546eb,721,74,94,False
0.13,1.5,c6a4217abe4546eb,722,75,95,False
0.13,1.5,c6a4217abe4546eb,723,75,95,False
0.13,1.5,c6a4217abe4546eb,724,75,95,False
0.13,1.5,c6a4217abe4546eb,725,75,95,False
0.13,1.5,c6a4217abe4546eb,726,75,95,False
0.13,1.5,c6a4217abe4546eb,727,75,95,False
0.13,1.5,c6a4217abe4546eb,728,75,95,False
0.13,1.5,c6a4217abe4546eb,729,75,95,False
0.13,1.5,c6a4217abe4546eb,730,75,95,False
0.13,1.5,c6a4217abe4546eb,731,76,96,False
0.13,1.5,c6a4217abe4546eb,732,76,96,False
0.13,1.5,c6a4217abe4546eb,733,76,96,False
0.13,1.5,c6a4217abe4546eb,734,76,96,False
0.13,1.5,c6a4217abe4546eb,735,76,96,False
0.13,1.5,c6a4217abe4546eb,736,76,96,False
0.13,1.5,c6a4217abe4546eb,737,76,96,False
0.13,1.5,c6a4217abe4546eb,738,76,96,False
0.13,1.5,c6a4217abe4546eb,739,76,97,False
0.13,1.5,c6a4217abe4546eb,740,77,97,False
0.13,1.5,c6a4217abe4546eb,741,77,97,False
0.13,1.5,c6a4217abe4546eb,742,77,97,False
0.13,1.5,c6a4217abe4546eb,743,77,97,False
0.13,1.5,c6a4217abe4546eb,744,77,97,False
0.13,1.5,c6a4217abe4546eb,745,77,97,False
0.13,1.5,c6a4217abe4546eb,746,77,97,False
0.13,1.5,c6a4217abe4546eb,747,77,97,False
0.13,1.5,c6a4217abe4546eb,748,77,98,False
0.13,1.5,c6a4217abe4546eb,749,78,98,False
0.13,1.5,c6a4217abe4546eb,750,78,98,False
0.13,1.5,c6a4217abe4546eb,751,78,98,False
0.13,1.5,c6a4217abe4546eb,752,78,98,False
0.13,1.5,c6a4217abe4546eb,753,78,98,False
0.13,1.5,c6a4217abe4546eb,754,78,98,False
0.13,1.5,c6a4217abe4546eb,755,78,98,False
0.13,1.5,c6a4217abe4546eb,756,78,98,False
0.13,1.5,c6a4217abe4546eb,757,79,99,False
0.13,1.5,c6a4217abe4546eb,758,79,99,False
0.13,1.5,c6a4217abe4546eb,759,79,99,False
0.13,1.5,c6a4217abe4546eb,760,79,99,False
0.13,1.5,c6a4217abe4546eb,761,79,99,False
0.13,1.5,c6a4217abe4546eb,762,79,99,False
0.13,1.5,c6a4217abe4546eb,763,79,99,False
0.13,1.5,c6a4217abe4546eb,764,79,99,False
0.13,1.5,c6a4217abe4546eb,765,79,99,False
0.13,1.5,c6a4217abe4546eb,766,80,100,False
0.13,1.5,c6a4217abe4546eb,767,80,100,False
0.13,1.5,c6a4217abe4546eb,768,80,100,False
0.13,1.5,c6a4217abe4546eb,769,80,100,False
0.13,1.5,c6a4217abe4546eb,770,80,100,False
0.13,1.5,c6a4217abe4546eb,771,80,100,False
0.13,1.5,c6a4217abe4546eb,772,80,100,False
0.13,1.5,c6a4217abe4546eb,773,80,100,False
0.13,1.5,c6a4217abe4546eb,774,80,101,False
0.13,1.5,c6a4217abe4546eb,775,81,101,False
0.13,1.5,c6a4217abe4546eb,776,81,101,False
0.13,1.5,c6a4217abe4546eb,777,81,101,False
0.13,1.5,c6a4217abe4546eb,778,81,101,False
0.13,1.5,c6a4217abe4546eb,779,81,101,False
0.13,1.5,c6a4217abe4546eb,780,81,101,False
0.13,1.5,c6a4217abe4546eb,781,81,101,False
0.13,1.5,c6a4217abe4546eb,782,81,101,False
0.13,1.5,c6a4217abe4546eb,783,81,102,False
0.13,1.5,c6a4217abe4546eb,784,82,102,False
0.13,1.5,c6a4217abe4546eb,785,82,102,False
0.13,1.5,c6a4217abe4546eb,786,82,102,False
0.13,1.5,c6a4217abe4546eb,787,82,102,False
0.13,1.5,c6a4217abe4546eb,788,82,102,False
0.13,1.5,c6a4217abe4546eb,789,82,102,False
0.13,1.5,c6a4217abe4546eb,790,82,102,False
0.13,1.5,c6a4217abe4546eb,791,82,102,False
0.13,1.5,c6a4217abe4546eb,792,83,103,False
0.13,1.5,c6a4217abe4546eb,793,83,103,False
0.13,1.5,c6a4217abe4546eb,794,83,103,False
0.13,1.5,c6a4217abe4546eb,795,83,103,False
0.13,1.5,c6a4217abe4546eb,796,83,103,False
0.13,1.5,c6a4217abe4546eb,797,83,103,False
0.13,1.5,c6a4217abe4546eb,798,83,103,False
0.13,1.5,c6a4217abe4546eb,799,83,103,False
0.13,1.5,c6a4217abe4546eb,800,83,103,False
0.13,1.5,c6a4217abe4546eb,801,84,104,False
0.13,1.5,c6a4217abe4546eb,802,84,104,False
0.13,1.5,c6a4217abe4546eb,803,84,104,False
0.13,1.5,c6a4217abe4546eb,804,84,104,False
0.13,1.5,c6a4217abe4546eb,805,84,104,False
0.13,1.5,c6a4217abe4546eb,806,84,104,False
0.13,1.5,c6a4217abe4546eb,807,84,104,False
0.13,1.5,c6a4217abe4546eb,808,84,104,False
0.13,1.5,c6a4217abe4546eb,809,84,105,False
0.13,1.5,c6a4217abe4546eb,810,85,105,False
0.13,1.5,c6a4217abe4546eb,811,85,105,False
0.13,1.5,c6a4217abe4546eb,812,85,105,False
0.13,1.5,c6a4217abe4546eb,813,85,105,False
0.13,1.5,c6a4217abe4546eb,814,85,105,False
0.13,1.5,c6a4217abe4546eb,815,85,105,False
0.13,1.5,c6a4217abe4546eb,816,85,105,False
0.13,1.5,c6a4217abe4546eb,817,85,105,False
0.13,1.5,c6a4217abe4546eb,818,86,106,False
0.13,1.5,c6a4217abe4546eb,819,86,106,False
0.13,1.5,c6a4217abe4546eb,820,86,106,False
0.13,1.5,c6a4217abe4546eb,821,86,106,False
0.13,1.5,c6a4217abe4546eb,822,86,106,False
0.13,1.5,c6a4217abe4546eb,823,86,106,False
0.13,1.5,c6a4217abe4546eb,824,86,106,False
0.13,1.5,c6a4217abe4546eb,825,86,106,False
0.13,1.5,c6a4217abe4546eb,826,86,106,False
0.13,1.5,c6a4217abe4546eb,827,87,107,False
0.13,1.5,c6a4217abe4546eb,828,87,107,False
0.13,1.5,c6a4217abe4546eb,829,87,107,False
0.13,1.5,c6a4217abe4546eb,830,87,107,False
0.13,1.5,c6a4217abe4546eb,831,87,107,False
0.13,1.5,c6a4217abe4546eb,832,87,107,False
0.13,1.5,c6a4217abe4546eb,833,87,107,False
0.13,1.5,c6a4217abe4546eb,834,87,107,False
0.13,1.5,c6a4217abe4546eb,835,87,107,False
0.13,1.5,c6a4217abe4546eb,836,88,108,False
0.13,1.5,c6a4217abe4546eb,837,88,108,False
0.13,1.5,c6a4217abe4546eb,838,88,108,False
0.13,1.5,c6a4217abe4546eb,839,88,108,False
0.13,1.5,c6a4217abe4546eb,840,88,108,False
0.13,1.5,c6a4217abe4546eb,841,88,108,False
0.13,1.5,c6a4217abe4546eb,842,88,108,False
0.13,1.5,c6a4217abe4546eb,843,88,108,False
0.13,1.5,c6a4217abe4546eb,844,88,109,False
0.13,1.5,c6a4217abe4546eb,845,89,109,False
0.13,1.5,c6a4217abe4546eb,846,89,109,False
0.13,1.5,c6a4217abe4546eb,847,89,109,False
0.13,1.5,c6a4217abe4546eb,848,89,109,False
0.13,1.5,c6a4217abe4546eb,849,89,109,False
0.13,1.5,c6a4217abe4546eb,850,89,109,False
0.13,1.5,c6a4217abe4546eb,851,89,109,False
0.13,1.5,c6a4217abe4546eb,852,89,109,False
0.13,1.5,c6a4217abe4546eb,853,90,110,False
0.13,1.5,c6a4217abe4546eb,854,90,110,False
0.13,1.5,c6a4217abe4546eb,855,90,110,False
0.13,1.5,c6a4217abe4546eb,856,90,110,False
0.13,1.5,c6a4217abe4546eb,857,90,110,False
0.13,1.5,c6a4217abe4546eb,858,90,110,False
0.13,1.5,c6a4217abe4546eb,859,90,110,False
0.13,1.5,c6a4217abe4546eb,860,90,110,False
0.13,1.5,c6a4217abe4546eb,861,90,110,False
0.13,1.5,c6a4217abe4546eb,862,91,111,False
0.13,1.5,c6a4217abe4546eb,863,91,111,False
0.13,1.5,c6a4217abe4546eb,864,91,111,False
0.13,1.5,c6a4217abe4546eb,865,91,111,False
0.13,1.5,c6a4217abe4546eb,866,91,111,False
0.13,1.5,c6a4217abe4546eb,867,91,111,False
0.13,1.5,c6a4217abe4546eb,868,91,111,False
0.13,1.5,c6a4217abe4546eb,869,91,111,False
0.13,1.5,c6a4217abe4546eb,870,91,111,False
0.13,1.5,c6a4217abe4546eb,871,92,112,False
0.13,1.5,c6a4217abe4546eb,872,92,112,False
0.13,1.5,c6a4217abe4546eb,873,92,112,False
0.13,1.5,c6a4217abe4546eb,874,92,112,False
0.13,1.5,c6a4217abe4546eb,875,92,112,False
0.13,1.5,c6a4217abe4546eb,876,92,112,False
0.13,1.5,c6a4217abe4546eb,877,92,112,False
0.13,1.5,c6a4217abe4546eb,878,92,112,False
0.13,1.5,c6a4217abe4546eb,879,92,113,False
0.13,1.5,c6a4217abe4546eb,880,93,113,False
0.13,1.5,c6a4217abe4546eb,881,93,113,False
0.13,1.5,c6a4217abe4546eb,882,93,113,False
0.13,1.5,c6a4217abe4546eb,883,93,113,False
0.13,1.5,c6a4217abe4546eb,884,93,113,False
0.13,1.5,c6a4217abe4546eb,885,93,113,False
0.13,1.5,c6a4217abe4546eb,886,93,113,False
0.13,1.5,c6a4217abe4546eb,887,93,113,False
0.13,1.5,c6a4217abe4546eb,888,94,114,False
0.13,1.5,c6a4217abe4546eb,889,94,114,False
0.13,1.5,c6a4217abe4546eb,890,94,114,False
0.13,1.5,c6a4217abe4546eb,891,94,114,False
0.13,1.5,c6a4217abe4546eb,892,94,114,False
0.13,1.5,c6a4217abe4546eb,893,94,114,False
0.13,1.5,c6a4217abe4546eb,894,94,114,False
0.13,1.5,c6a4217abe4546eb,895,94,114,False
0.13,1.5,c6a4217abe4546eb,896,94,114,False
0.13,1.5,c6a4217abe4546eb,897,95,115,False
0.13,1.5,c6a4217abe4546eb,898,95,115,False
0.13,1.5,c6a4217abe4546eb,899,95,115,False
0.13,1.5,c6a4217abe4546eb,900,95,115,False
0.13,1.5,c6a4217abe4546eb,901,95,115,False
0.13,1.5,c6a4217abe4546eb,902,95,115,False
0.13,1.5,c6a4217abe4546eb,903,95,115,False
0.13,1.5,c6a4217abe4546eb,904,95,115,False
0.13,1.5,c6a4217abe4546eb,905,95,116,False
0.13,1.5,c6a4217abe4546eb,906,96,116,False
0.13,1.5,c6a4217abe4546eb,907,96,116,False
0.13,1.5,c6a4217abe4546eb,908,96,116,False
0.13,1.5,c6a4217abe4546eb,909,96,116,False
0.13,1.5,c6a4217abe4546eb,910,96,116,False
0.13,1.5,c6a4217abe4546eb,911,96,116,False
0.13,1.5,c6a4217abe4546eb,912,96,116,False
0.13,1.5,c6a4217abe4546eb,913,96,116,False
0.13,1.5,c6a4217abe4546eb,914,96,117,False
0.13,1.5,c6a4217abe4546eb,915,97,117,False
0.13,1.5,c6a4217abe4546eb,916,97,117,False
0.13,1.5,c6a4217abe4546eb,917,97,117,False
0.13,1.5,c6a4217abe4546eb,918,97,117,False
0.13,1.5,c6a4217abe4546eb,919,97,117,False
0.13,1.5,c6a4217abe4546eb,920,97,117,False
0.13,1.5,c6a4217abe4546eb,921,97,117,False
0.13,1.5,c6a4217abe4546eb,922,97,117,False
0.13,1.5,c6a4217abe4546eb,923,98,118,False
0.13,1.5,c6a4217abe4546eb,924,98,118,False
0.13,1.5,c6a4217abe4546eb,925,98,118,False
0.13,1.5,c6a4217abe4546eb,926,98,118,False
0.13,1.5,c6a4217abe4546eb,927,98,118,False
0.13,1.5,c6a4217abe4546eb,928,98,118,False
0.13,1.5,c6a4217abe4546eb,929,98,118,False
0.13,1.5,c6a4217abe4546eb,930,98,118,False
0.13,1.5,c6a4217abe4546eb,931,98,118,False
0.13,1.5,c6a4217abe4546eb,932,99,119,False
0.13,1.5,c6a4217abe4546eb,933,99,119,False
0.13,1.5,c6a4217abe4546eb,934,99,119,False
0.13,1.5,c6a4217abe4546eb,935,99,119,False
0.13,1.5,c6a4217abe4546eb,936,99,119,False
0.13,1.5,c6a4217abe4546eb,937,99,119,False
0.13,1.5,c6a4217abe4546eb,938,99,119,False
0.13,1.5,c6a4217abe4546eb,939,99,119,False
0.13,1.5,c6a4217abe4546eb,940,99,120,False
0.13,1.5,c6a4217abe4546eb,941,100,120,False
0.13,1.5,c6a4217abe4546eb,942,100,120,False
0.13,1.5,c6a4217abe4546eb,943,100,120,False
0.13,1.5,c6a4217abe4546eb,944,100,120,False
0.13,1.5,c6a4217abe4546eb,945,100,120,False
0.13,1.5,c6a4217abe4546eb,946,100,120,False
0.13,1.5,c6a4217abe4546eb,947,100,120,False
0.13,1.5,c6a4217abe4546eb,948,100,120,False
0.13,1.5,c6a4217abe4546eb,949,100,121,False
0.13,1.5,c6a4217abe4546eb,950,101,121,False
0.13,1.5,c6a4217abe4546eb,951,101,121,False
0.13,1.5,c6a4217abe4546eb,952,101,121,False
0.13,1.5,c6a4217abe4546eb,953,101,121,False
0.13,1.5,c6a4217abe4546eb,954,101,121,False
0.13,1.5,c6a4217abe4546eb,955,101,121,False
0.13,1.5,c6a4217abe4546eb,956,101,121,False
0.13,1.5,c6a4217abe4546eb,957,101,121,False
0.13,1.5,c6a4217abe4546eb,958,102,122,False
0.13,1.5,c6a4217abe4546eb,959,102,122,False
0.13,1.5,c6a4217abe4546eb,960,102,122,False
0.13,1.5,c6a4217abe4546eb,961,102,122,False
0.13,1.5,c6a4217abe4546eb,962,102,122,False
0.13,1.5,c6a4217abe4546eb,963,102,122,False
0.13,1.5,c6a4217abe4546eb,964,102,122,False
0.13,1.5,c6a4217abe4546eb,965,102,122,False
0.13,1.5,c6a4217abe4546eb,966,102,122,False
0.13,1.5,c6a4217abe4546eb,967,103,123,False
0.13,1.5,c6a4217abe4546eb,968,103,123,False
0.13,1.5,c6a4217abe4546eb,969,103,123,False
0.13,1.5,c6a4217abe4546eb,970,103,123,False
0.13,1.5,c6a4217abe4546eb,971,103,123,False
0.13,1.5,c6a4217abe4546eb,972,103,123,False
0.13,1.5,c6a4217abe4546eb,973,103,123,False
0.13,1.5,c6a4217abe4546eb,974,103,123,False
0.13,1.5,c6a4217abe4546eb,975,103,124,False
0.13,1.5,c6a4217abe4546eb,976,104,124,False
0.13,1.5,c6a4217abe4546eb,977,104,124,False
0.13,1.5,c6a4217abe4546eb,978,104,124,False
0.13,1.5,c6a4217abe4546eb,979,104,124,False
0.13,1.5,c6a4217abe4546eb,980,104,124,False
0.13,1.5,c6a4217abe4546eb,981,104,124,False
0.13,1.5,c6a4217abe4546eb,982,104,124,False
0.13,1.5,c6a4217abe4546eb,983,104,124,False
0.13,1.5,c6a4217abe4546eb,984,104,125,False
0.13,1.5,c6a4217abe4546eb,985,105,125,False
0.13,1.5,c6a4217abe4546eb,986,105,125,False
0.13,1.5,c6a4217abe4546eb,987,105,125,False
0.13,1.5,c6a4217abe4546eb,988,105,125,False
0.13,1.5,c6a4217abe4546eb,989,105,125,False
0.13,1.5,c6a4217abe4546eb,990,105,125,False
0.13,1.5,c6a4217abe4546eb,991,105,125,False
0.13,1.5,c6a4217abe4546eb,992,105,125,False
0.13,1.5,c6a4217abe4546eb,993,106,126,False
0.13,1.5,c6a4217abe4546eb,994,106,126,False
0.13,1.5,c6a4217abe4546eb,995,106,126,False
0.13,1.5,c6a4217abe4546eb,996,106,126,False
0.13,1.5,c6a4217abe4546eb,997,106,126,False
0.13,1.5,c6a4217abe4546eb,998,106,126,False
0.13,1.5,c6a4217abe4546eb,999,106,126,False
0.13,1.5,c6a4217abe4546eb,1000,106,126,False
0.13,1.5,c6a4217abe4546eb,1001,106,126,False
0.13,1.5,c6a4217abe4546eb,1002,107,127,False
0.13,1.5,c6a4217abe4546eb,1003,107,127,False
0.13,1.5,c6a4217abe4546eb,1004,107,127,False
0.13,1.5,c6a4217abe4546eb,1005,107,127,False
0.13,1.5,c6a4217abe4546eb,1006,107,127,False
0.13,1.5,c6a4217abe4546eb,1007,107,127,False
0.13,1.5,c6a4217abe4546eb,1008,107,127,False
0.13,1.5,c6a4217abe4546eb,1009,107,127,False
0.13,1.5,c6a4217abe4546eb,1010,107,128,False
0.13,1.5,c6a4217abe4546eb,1011,108,128,False
0.13,1.5,c6a4217abe4546eb,1012,108,128,False
0.13,1.5,c6a4217abe4546eb,1013,108,128,False
0.13,1.5,c6a4217abe4546eb,1014,108,128,False
0.13,1.5,c6a4217abe4546eb,1015,108,128,False
0.13,1.5,c6a4217abe4546eb,1016,108,128,False
0.13,1.5,c6a4217abe4546eb,1017,108,128,False
0.13,1.5,c6a4217abe4546eb,1018,108,128,False
0.13,1.5,c6a4217abe4546eb,1019,109,129,False
0.13,1.5,c6a4217abe4546eb,1020,109,129,False
0.13,1.5,c6a4217abe4546eb,1021,109,129,False
0.13,1.5,c6a4217abe4546eb,1022,109,129,False
0.13,1.5,c6a4217abe4546eb,1023,109,129,False
0.13,1.5,c6a4217abe4546eb,1024,109,129,False
0.13,1.5,c6a4217abe4546eb,1025,109,129,False
0.13,1.5,c6a4217abe4546eb,1026,109,129,False
0.13,1.5,c6a4217abe4546eb,1027,109,129,False
0.13,1.5,c6a4217abe4546eb,1028,110,130,False
0.13,1.5,c6a4217abe4546eb,1029,110,130,False
0.13,1.5,c6a4217abe4546eb,1030,110,130,False
0.13,1.5,c6a4217abe4546eb,1031,110,130,False
0.13,1.5,c6a4217abe4546eb,1032,110,130,False
0.13,1.5,c6a4217abe4546eb,1033,110,130,False
0.13,1.5,c6a4217abe4546eb,1034,110,130,False
0.13,1.5,c6a4217abe4546eb,1035,110,130,False
0.13,1.5,c6a4217abe4546eb,1036,110,130,False
0.13,1.5,c6a4217abe4546eb,1037,111,131,False
0.13,1.5,c6a4217abe4546eb,1038,111,131,False
0.13,1.5,c6a4217abe4546eb,1039,111,131,False
0.13,1.5,c6a4217abe4546eb,1040,111,131,False
0.13,1.5,c6a4217abe4546eb,1041,111,131,False
0.13,1.5,c6a4217abe4546eb,1042,111,131,False
0.13,1.5,c6a4217abe4546eb,1043,111,131,False
0.13,1.5,c6a4217abe4546eb,1044,111,131,False
0.13,1.5,c6a4217abe4546eb,1045,111,132,False
0.13,1.5,c6a4217abe4546eb,1046,112,132,False
0.13,1.5,c6a4217abe4546eb,1047,112,132,False
0.13,1.5,c6a4217abe4546eb,1048,112,132,False
0.13,1.5,c6a4217abe4546eb,1049,112,132,False
0.13,1.5,c6a4217abe4546eb,1050,112,132,False
0.13,1.5,c6a4217abe4546eb,1051,112,132,False
0.13,1.5,c6a4217abe4546eb,1052,112,132,False
0.13,1.5,c6a4217abe4546eb,1053,112,132,False
0.13,1.5,c6a4217abe4546eb,1054,113,133,False
0.13,1.5,c6a4217abe4546eb,1055,113,133,False
0.13,1.5,c6a4217abe4546eb,1056,113,133,False
0.13,1.5,c6a4217abe4546eb,1057,113,133,False
0.13,1.5,c6a4217abe4546eb,1058,113,133,False
0.13,1.5,c6a4217abe4546eb,1059,113,133,False
0.13,1.5,c6a4217abe4546eb,1060,113,133,False
0.13,1.5,c6a4217abe4546eb,1061,113,133,False
0.13,1.5,c6a4217abe4546eb,1062,113,133,False
0.13,1.5,c6a4217abe4546eb,1063,114,134,False
0.13,1.5,c6a4217abe4546eb,1064,114,134,False
0.13,1.5,c6a4217abe4546eb,1065,114,134,False
0.13,1.5,c6a4217abe4546eb,1066,114,134,False
0.13,1.5,c6a4217abe4546eb,1067,114,134,False
0.13,1.5,c6a4217abe4546eb,1068,114,134,False
0.13,1.5,c6a4217abe4546eb,1069,114,134,False
0.13,1.5,c6a4217abe4546eb,1070,114,134,False
0.13,1.5,c6a4217abe4546eb,1071,114,134,False
0.13,1.5,c6a4217abe4546eb,1072,115,135,False
0.13,1.5,c6a4217abe4546eb,1073,115,135,False
0.13,1.5,c6a4217abe4546eb,1074,115,135,False
0.13,1.5,c6a4217abe4546eb,1075,115,135,False
0.13,1.5,c6a4217abe4546eb,1076,115,135,False
0.13,1.5,c6a4217abe4546eb,1077,115,135,False
0.13,1.5,c6a4217abe4546eb,1078,115,135,False
0.13,1.5,c6a4217abe4546eb,1079,115,135,False
0.13,1.5,c6a4217abe4546eb,1080,115,136,False
0.13,1.5,c6a4217abe4546eb,1081,116,136,False
0.13,1.5,c6a4217abe4546eb,1082,116,136,False
0.13,1.5,c6a4217abe4546eb,1083,116,136,False
0.13,1.5,c6a4217abe4546eb,1084,116,136,False
0.13,1.5,c6a4217abe4546eb,1085,116,136,False
0.13,1.5,c6a4217abe4546eb,1086,116,136,False
0.13,1.5,c6a4217abe4546eb,1087,116,136,False
0.13,1.5,c6a4217abe4546eb,1088,116,136,False
0.13,1.5,c6a4217abe4546eb,1089,117,137,False
0.13,1.5,c6a4217abe4546eb,1090,117,137,False
0.13,1.5,c6a4217abe4546eb,1091,117,137,False
0.13,1.5,c6a4217abe4546eb,1092,117,137,False
0.13,1.5,c6a4217abe4546eb,1093,117,137,False
0.13,1.5,c6a4217abe4546eb,1094,117,137,False
0.13,1.5,c6a4217abe4546eb,1095,117,137,False
0.13,1.5,c6a4217abe4546eb,1096,117,137,False
0.13,1.5,c6a4217abe4546eb,1097,117,137,False
0.13,1.5,c6a4217abe4546eb,1098,118,138,False
0.13,1.5,c6a4217abe4546eb,1099,118,138,False
0.13,1.5,c6a4217abe4546eb,1100,118,138,False
0.13,1.5,c6a4217abe4546eb,1101,118,138,False
0.13,1.5,c6a4217abe4546eb,1102,118,138,False
0.13,1.5,c6a4217abe4546eb,1103,118,138,False
0.13,1.5,c6a4217abe4546eb,1104,118,138,False
0.13,1.5,c6a4217abe4546eb,1105,118,138,False
0.13,1.5,c6a4217abe4546eb,1106,118,139,False
0.13,1.5,c6a4217abe4546eb,1107,119,139,False
0.13,1.5,c6a4217abe4546eb,1108,119,139,False
0.13,1.5,c6a4217abe4546eb,1109,119,139,False
0.13,1.5,c6a4217abe4546eb,1110,119,139,False
0.13,1.5,c6a4217abe4546eb,1111,119,139,False
0.13,1.5,c6a4217abe4546eb,1112,119,139,False
0.13,1.5,c6a4217abe4546eb,1113,119,139,False
0.13,1.5,c6a4217abe4546eb,1114,119,139,False
0.13,1.5,c6a4217abe4546eb,1115,119,140,False
0.13,1.5,c6a4217abe4546eb,1116,120,140,False
0.13,1.5,c6a4217abe4546eb,1117,120,140,False
0.13,1.5,c6a4217abe4546eb,1118,120,140,False
0.13,1.5,c6a4217abe4546eb,1119,120,140,False
0.13,1.5,c6a4217abe4546eb,1120,120,140,False
0.13,1.5,c6a4217abe4546eb,1121,120,140,False
0.13,1.5,c6a4217abe4546eb,1122,120,140,False
0.13,1.5,c6a4217abe4546eb,1123,120,140,False
0.13,1.5,c6a4217abe4546eb,1124,121,141,False
0.13,1.5,c6a4217abe4546eb,1125,121,141,False
0.13,1.5,c6a4217abe4546eb,1126,121,141,False
0.13,1.5,c6a4217abe4546eb,1127,121,141,False
0.13,1.5,c6a4217abe4546eb,1128,121,141,False
0.13,1.5,c6a4217abe4546eb,1129,121,141,False
0.13,1.5,c6a4217abe4546eb,1130,121,141,False
0.13,1.5,c6a4217abe4546eb,1131,121,141,False
0.13,1.5,c6a4217abe4546eb,1132,121,141,False
0.13,1.5,c6a4217abe4546eb,1133,122,142,False
0.13,1.5,c6a4217abe4546eb,1134,122,142,False
0.13,1.5,c6a4217abe4546eb,1135,122,142,False
0.13,1.5,c6a4217abe4546eb,1136,122,142,False
0.13,1.5,c6a4217abe4546eb,1137,122,142,False
0.13,1.5,c6a4217abe4546eb,1138,122,142,False
0.13,1.5,c6a4217abe4546eb,1139,122,142,False
0.13,1.5,c6a4217abe4546eb,1140,122,142,False
0.13,1.5,c6a4217abe4546eb,1141,122,143,False
0.13,1.5,c6a4217abe4546eb,1142,123,143,False
0.13,1.5,c6a4217abe4546eb,1143,123,143,False
0.13,1.5,c6a4217abe4546eb,1144,123,143,False
0.13,1.5,c6a4217abe4546eb,1145,123,143,False
0.13,1.5,c6a4217abe4546eb,1146,123,143,False
0.13,1.5,c6a4217abe4546eb,1147,123,143,False
0.13,1.5,c6a4217abe4546eb,1148,123,143,False
0.13,1.5,c6a4217abe4546eb,1149,123,143,False
0.13,1.5,c6a4217abe4546eb,1150,123,144,False
0.13,1.5,c6a4217abe4546eb,1151,124,144,False
0.13,1.5,c6a4217abe4546eb,1152,124,144,False
0.13,1.5,c6a4217abe4546eb,1153,124,144,False
0.13,1.5,c6a4217abe4546eb,1154,124,144,False
0.13,1.5,c6a4217abe4546eb,1155,124,144,False
0.13,1.5,c6a4217abe4546eb,1156,124,144,False
0.13,1.5,c6a4217abe4546eb,1157,124,144,False
0.13,1.5,c6a4217abe4546eb,1158,124,144,False
0.13,1.5,c6a4217abe4546eb,1159,125,145,False
0.13,1.5,c6a4217abe4546eb,1160,125,145,False
0.13,1.5,c6a4217abe4546eb,1161,125,145,False
0.13,1.5,c6a4217abe4546eb,1162,125,145,False
0.13,1.5,c6a4217abe4546eb,1163,125,145,False
0.13,1.5,c6a4217abe4546eb,1164,125,145,False
0.13,1.5,c6a4217abe4546eb,1165,125,145,False
0.13,1.5,c6a4217abe4546eb,1166,125,145,False
0.13,1.5,c6a4217abe4546eb,1167,125,145,False
0.13,1.5,c6a4217abe4546eb,1168,126,146,False
0.13,1.5,c6a4217abe4546eb,1169,126,146,False
0.13,1.5,c6a4217abe4546eb,1170,126,146,False
0.13,1.5,c6a4217abe4546eb,1171,126,146,False
0.13,1.5,c6a4217abe4546eb,1172,126,146,False
0.13,1.5,c6a4217abe4546eb,1173,126,146,False
0.13,1.5,c6a4217abe4546eb,1174,126,146,False
0.13,1.5,c6a4217abe4546eb,1175,126,146,False
0.13,1.5,c6a4217abe4546eb,1176,126,147,False
0.13,1.5,c6a4217abe4546eb,1177,127,147,False
0.13,1.5,c6a4217abe4546eb,1178,127,147,False
0.13,1.5,c6a4217abe4546eb,1179,127,147,False
0.13,1.5,c6a4217abe4546eb,1180,127,147,False
0.13,1.5,c6a4217abe4546eb,1181,127,147,False
0.13,1.5,c6a4217abe4546eb,1182,127,147,False
0.13,1.5,c6a4217abe4546eb,1183,127,147,False
0.13,1.5,c6a4217abe4546eb,1184,127,147,False
0.13,1.5,c6a4217abe4546eb,1185,128,148,False
0.13,1.5,c6a4217abe4546eb,1186,128,148,False
0.13,1.5,c6a4217abe4546eb,1187,128,148,False
0.13,1.5,c6a4217abe4546eb,1188,128,148,False
0.13,1.5,c6a4217abe4546eb,1189,128,148,False
0.13,1.5,c6a4217abe4546eb,1190,128,148,False
0.13,1.5,c6a4217abe4546eb,1191,128,148,False
0.13,1.5,c6a4217abe4546eb,1192,128,148,False
0.13,1.5,c6a4217abe4546eb,1193,128,148,False
0.13,1.5,c6a4217abe4546eb,1194,129,149,False
0.13,1.5,c6a4217abe4546eb,1195,129,149,False
0.13,1.5,c6a4217abe4546eb,1196,129,149,False
0.13,1.5,c6a4217abe4546eb,1197,129,149,False
0.13,1.5,c6a4217abe4546eb,1198,129,149,False
0.13,1.5,c6a4217abe4546eb,1199,129,149,False
0.13,1.5,c6a4217abe4546eb,1200,129,149,False
0.13,1.5,c6a4217abe4546eb,1201,129,149,False
0.13,1.5,c6a4217abe4546eb,1202,129,149,False
0.13,1.5,c6a4217abe4546eb,1203,130,150,False
0.13,1.5,c6a4217abe4546eb,1204,130,150,False
0.13,1.5,c6a4217abe4546eb,1205,130,150,False
0.13,1.5,c6a4217abe4546eb,1206,130,150,False
0.13,1.5,c6a4217abe4546eb,1207,130,150,False
0.13,1.5,c6a4217abe4546eb,1208,130,150,False
0.13,1.5,c6a4217abe4546eb,1209,130,150,False
0.13,1.5,c6a4217abe4546eb,1210,130,150,False
0.13,1.5,c6a4217abe4546eb,1211,130,151,False
0.13,1.5,c6a4217abe4546eb,1212,131,151,False
0.13,1.5,c6a4217abe4546eb,1213,131,151,False
0.13,1.5,c6a4217abe4546eb,1214,131,151,False
0.13,1.5,c6a4217abe4546eb,1215,131,151,False
0.13,1.5,c6a4217abe4546eb,1216,131,151,False
0.13,1.5,c6a4217abe4546eb,1217,131,151,False
0.13,1.5,c6a4217abe4546eb,1218,131,151,False
0.13,1.5,c6a4217abe4546eb,1219,131,151,False
0.13,1.5,c6a4217abe4546eb,1220,132,152,False
0.13,1.5,c6a4217abe4546eb,1221,132,152,False
0.13,1.5,c6a4217abe4546eb,1222,132,152,False
0.13,1.5,c6a4217abe4546eb,1223,132,152,False
0.13,1.5,c6a4217abe4546eb,1224,132,152,False
0.13,1.5,c6a4217abe4546eb,1225,132,152,False
0.13,1.5,c6a4217abe4546eb,1226,132,152,False
0.13,1.5,c6a4217abe4546eb,1227,132,152,False
0.13,1.5,c6a4217abe4546eb,1228,132,152,False
0.13,1.5,c6a4217abe4546eb,1229,133,153,False
0.13,1.5,c6a4217abe4546eb,1230,133,153,False
0.13,1.5,c6a4217abe4546eb,1231,133,153,False
0.13,1.5,c6a4217abe4546eb,1232,133,153,False
0.13,1.5,c6a4217abe4546eb,1233,133,153,False
0.13,1.5,c6a4217abe4546eb,1234,133,153,False
0.13,1.5,c6a4217abe4546eb,1235,133,153,False
0.13,1.5,c6a4217abe4546eb,1236,133,153,False
0.13,1.5,c6a4217abe4546eb,1237,133,153,False
0.13,1.5,c6a4217abe4546eb,1238,134,154,False
0.13,1.5,c6a4217abe4546eb,1239,134,154,False
0.13,1.5,c6a4217abe4546eb,1240,134,154,False
0.13,1.5,c6a4217abe4546eb,1241,134,154,False
0.13,1.5,c6a4217abe4546eb,1242,134,154,False
0.13,1.5,c6a4217abe4546eb,1243,134,154,False
0.13,1.5,c6a4217abe4546eb,1244,134,154,False
0.13,1.5,c6a4217abe4546eb,1245,134,154,False
0.13,1.5,c6a4217abe4546eb,1246,134,155,False
0.13,1.5,c6a4217abe4546eb,1247,135,155,False
0.13,1.5,c6a4217abe4546eb,1248,135,155,False
0.13,1.5,c6a4217abe4546eb,1249,135,155,False
0.13,1.5,c6a4217abe4546eb,1250,135,155,False
0.13,1.5,c6a4217abe4546eb,1251,135,155,False
0.13,1.5,c6a4217abe4546eb,1252,135,155,False
0.13,1.5,c6a4217abe4546eb,1253,135,155,False
0.13,1.5,c6a4217abe4546eb,1254,135,155,False
0.13,1.5,c6a4217abe4546eb,1255,136,156,False
0.13,1.5,c6a4217abe4546eb,1256,136,156,False
0.13,1.5,c6a4217abe4546eb,1257,136,156,False
0.13,1.5,c6a4217abe4546eb,1258,136,156,False
0.13,1.5,c6a4217abe4546eb,1259,136,156,False
0.13,1.5,c6a4217abe4546eb,1260,136,156,False
0.13,1.5,c6a4217abe4546eb,1261,136,156,False
0.13,1.5,c6a4217abe4546eb,1262,136,156,False
0.13,1.5,c6a4217abe4546eb,1263,136,156,False
0.13,1.5,c6a4217abe4546eb,1264,137,157,False
0.13,1.5,c6a4217abe4546eb,1265,137,157,False
0.13,1.5,c6a4217abe4546eb,1266,137,157,False
0.13,1.5,c6a4217abe4546eb,1267,137,157,False
0.13,1.5,c6a4217abe4546eb,1268,137,157,False
0.13,1.5,c6a4217abe4546eb,1269,137,157,False
0.13,1.5,c6a4217abe4546eb,1270,137,157,False
0.13,1.5,c6a4217abe4546eb,1271,137,157,False
0.13,1.5,c6a4217abe4546eb,1272,137,157,False
0.13,1.5,c6a4217abe4546eb,1273,138,158,False
0.13,1.5,c6a4217abe4546eb,1274,138,158,False
0.13,1.5,c6a4217abe4546eb,1275,138,158,False
0.13,1.5,c6a4217abe4546eb,1276,138,158,False
0.13,1.5,c6a4217abe4546eb,1277,138,158,False
0.13,1.5,c6a4217abe4546eb,1278,138,158,False
0.13,1.5,c6a4217abe4546eb,1279,138,158,False
0.13,1.5,c6a4217abe4546eb,1280,138,158,False
0.13,1.5,c6a4217abe4546eb,1281,138,159,False
0.13,1.5,c6a4217abe4546eb,1282,139,159,False
0.13,1.5,c6a4217abe4546eb,1283,139,159,False
0.13,1.5,c6a4217abe4546eb,1284,139,159,False
0.13,1.5,c6a4217abe4546eb,1285,139,159,False
0.13,1.5,c6a4217abe4546eb,1286,139,159,False
0.13,1.5,c6a4217abe4546eb,1287,139,159,False
0.13,1.5,c6a4217abe4546eb,1288,139,159,False
0.13,1.5,c6a4217abe4546eb,1289,139,159,False
0.13,1.5,c6a4217abe4546eb,1290,140,160,False
0.13,1.5,c6a4217abe4546eb,1291,140,160,False
0.13,1.5,c6a4217abe4546eb,1292,140,160,False
0.13,1.5,c6a4217abe4546eb,1293,140,160,False
0.13,1.5,c6a4217abe4546eb,1294,140,160,False
0.13,1.5,c6a4217abe4546eb,1295,140,160,False
0.13,1.5,c6a4217abe4546eb,1296,140,160,False
0.13,1.5,c6a4217abe4546eb,1297,140,160,False
0.13,1.5,c6a4217abe4546eb,1298,140,160,False
0.13,1.5,c6a4217abe4546eb,1299,141,161,False
0.13,1.5,c6a4217abe4546eb,1300,141,161,False
0.13,1.5,c6a4217abe4546eb,1301,141,161,False
0.13,1.5,c6a4217abe4546eb,1302,141,161,False
0.13,1.5,c6a4217abe4546eb,1303,141,161,False
0.13,1.5,c6a4217abe4546eb,1304,141,161,False
0.13,1.5,c6a4217abe4546eb,1305,141,161,False
0.13,1.5,c6a4217abe4546eb,1306,141,161,False
0.13,1.5,c6a4217abe4546eb,1307,141,162,False
0.13,1.5,c6a4217abe4546eb,1308,142,162,False
0.13,1.5,c6a4217abe4546eb,1309,142,162,False
0.13,1.5,c6a4217abe4546eb,1310,142,162,False
0.13,1.5,c6a4217abe4546eb,1311,142,162,False
0.13,1.5,c6a4217abe4546eb,1312,142,162,False
0.13,1.5,c6a4217abe4546eb,1313,142,162,False
0.13,1.5,c6a4217abe4546eb,1314,142,162,False
0.13,1.5,c6a4217abe4546eb,1315,142,162,False
0.13,1.5,c6a4217abe4546eb,1316,142,163,False
0.13,1.5,c6a4217abe4546eb,1317,143,163,False
0.13,1.5,c6a4217abe4546eb,1318,143,163,False
0.13,1.5,c6a4217abe4546eb,1319,143,163,False
0.13,1.5,c6a4217abe4546eb,1320,143,163,False
0.13,1.5,c6a4217abe4546eb,1321,143,163,False
0.13,1.5,c6a4217abe4546eb,1322,143,163,False
0.13,1.5,c6a4217abe4546eb,1323,143,163,False
0.13,1.5,c6a4217abe4546eb,1324,143,163,False
0.13,1.5,c6a4217abe4546eb,1325,144,164,False
0.13,1.5,c6a4217abe4546eb,1326,144,164,False
0.13,1.5,c6a4217abe4546eb,1327,144,164,False
0.13,1.5,c6a4217abe4546eb,1328,144,164,False
0.13,1.5,c6a4217abe4546eb,1329,144,164,False
0.13,1.5,c6a4217abe4546eb,1330,144,164,False
0.13,1.5,c6a4217abe4546eb,1331,144,164,False
0.13,1.5,c6a4217abe4546eb,1332,144,164,False
0.13,1.5,c6a4217abe4546eb,1333,144,164,False
0.13,1.5,c6a4217abe4546eb,1334,145,165,False
0.13,1.5,c6a4217abe4546eb,1335,145,165,False
0.13,1.5,c6a4217abe4546eb,1336,145,165,False
0.13,1.5,c6a4217abe4546eb,1337,145,165,False
0.13,1.5,c6a4217abe4546eb,1338,145,165,False
0.13,1.5,c6a4217abe4546eb,1339,145,165,False
0.13,1.5,c6a4217abe4546eb,1340,145,165,False
0.13,1.5,c6a4217abe4546eb,1341,145,165,False
0.13,1.5,c6a4217abe4546eb,1342,145,166,False
0.13,1.5,c6a4217abe4546eb,1343,146,166,False
0.13,1.5,c6a4217abe4546eb,1344,146,166,False
0.13,1.5,c6a4217abe4546eb,1345,146,166,False
0.13,1.5,c6a4217abe4546eb,1346,146,166,False
0.13,1.5,c6a4217abe4546eb,1347,146,166,False
0.13,1.5,c6a4217abe4546eb,1348,146,166,False
0.13,1.5,c6a4217abe4546eb,1349,146,166,False
0.13,1.5,c6a4217abe4546eb,1350,146,166,False
0.13,1.5,c6a4217abe4546eb,1351,146,167,False
0.13,1.5,c6a4217abe4546eb,1352,147,167,False
0.13,1.5,c6a4217abe4546eb,1353,147,167,False
0.13,1.5,c6a4217abe4546eb,1354,147,167,False
0.13,1.5,c6a4217abe4546eb,1355,147,167,False
0.13,1.5,c6a4217abe4546eb,1356,147,167,False
0.13,1.5,c6a4217abe4546eb,1357,147,167,False
0.13,1.5,c6a4217abe4546eb,1358,147,167,False
0.13,1.5,c6a4217abe4546eb,1359,147,167,False
0.13,1.5,c6a4217abe4546eb,1360,148,168,False
0.13,1.5,c6a4217abe4546eb,1361,148,168,False
0.13,1.5,c6a4217abe4546eb,1362,148,168,False
0.13,1.5,c6a4217abe4546eb,1363,148,168,False
0.13,1.5,c6a4217abe4546eb,1364,148,168,False
0.13,1.5,c6a4217abe4546eb,1365,148,168,False
0.13,1.5,c6a4217abe4546eb,1366,148,168,False
0.13,1.5,c6a4217abe4546eb,1367,148,168,False
0.13,1.5,c6a4217abe4546eb,1368,148,168,False
0.13,1.5,c6a4217abe4546eb,1369,149,169,False
0.13,1.5,c6a4217abe4546eb,1370,149,169,False
0.13,1.5,c6a4217abe4546eb,1371,149,169,False
0.13,1.5,c6a4217abe4546eb,1372,149,169,False
0.13,1.5,c6a4217abe4546eb,1373,149,169,False
0.13,1.5,c6a4217abe4546eb,1374,149,169,False
0.13,1.5,c6a4217abe4546eb,1375,149,169,False
0.13,1.5,c6a4217abe4546eb,1376,149,169,False
0.13,1.5,c6a4217abe4546eb,1377,149,170,False
0.13,1.5,c6a4217abe4546eb,1378,150,170,False
0.13,1.5,c6a4217abe4546eb,1379,150,170,False
0.13,1.5,c6a4217abe4546eb,1380,150,170,False
0.13,1.5,c6a4217abe4546eb,1381,150,170,False
0.13,1.5,c6a4217abe4546eb,1382,150,170,False
0.13,1.5,c6a4217abe4546eb,1383,150,170,False
0.13,1.5,c6a4217abe4546eb,1384,150,170,False
0.13,1.5,c6a4217abe4546eb,1385,150,170,False
0.13,1.5,c6a4217abe4546eb,1386,151,171,False
0.13,1.5,c6a4217abe4546eb,1387,151,171,False
0.13,1.5,c6a4217abe4546eb,1388,151,171,False
0.13,1.5,c6a4217abe4546eb,1389,151,171,False
0.13,1.5,c6a4217abe4546eb,1390,151,171,False
0.13,1.5,c6a4217abe4546eb,1391,151,171,False
0.13,1.5,c6a4217abe4546eb,1392,151,171,False
0.13,1.5,c6a4217abe4546eb,1393,151,171,False
0.13,1.5,c6a4217abe4546eb,1394,151,171,False
0.13,1.5,c6a4217abe4546eb,1395,152,172,False
0.13,1.5,c6a4217abe4546eb,1396,152,172,False
0.13,1.5,c6a4217abe4546eb,1397,152,172,False
0.13,1.5,c6a4217abe4546eb,1398,152,172,False
0.13,1.5,c6a4217abe4546eb,1399,152,172,False
0.13,1.5,c6a4217abe4546eb,1400,152,172,False
0.13,1.5,c6a4217abe4546eb,1401,152,172,False
0.13,1.5,c6a4217abe4546eb,1402,152,172,False
0.13,1.5,c6a4217abe4546eb,1403,152,172,False
0.13,1.5,c6a4217abe4546eb,1404,153,173,False
0.13,1.5,c6a4217abe4546eb,1405,153,173,False
0.13,1.5,c6a4217abe4546eb,1406,153,173,False
0.13,1.5,c6a4217abe4546eb,1407,153,173,False
0.13,1.5,c6a4217abe4546eb,1408,153,173,False
0.13,1.5,c6a4217abe4546eb,1409,153,173,False
0.13,1.5,c6a4217abe4546eb,1410,153,173,False
0.13,1.5,c6a4217abe4546eb,1411,153,173,False
0.13,1.5,c6a4217abe4546eb,1412,153,174,False
0.13,1.5,c6a4217abe4546eb,1413,154,174,False
0.13,1.5,c6a4217abe4546eb,1414,154,174,False
0.13,1.5,c6a4217abe4546eb,1415,154,174,False
0.13,1.5,c6a4217abe4546eb,1416,154,174,False
0.13,1.5,c6a4217abe4546eb,1417,154,174,False
0.13,1.5,c6a4217abe4546eb,1418,154,174,False
0.13,1.5,c6a4217abe4546eb,1419,154,174,False
0.13,1.5,c6a4217abe4546eb,1420,154,174,False
0.13,1.5,c6a4217abe4546eb,1421,155,175,False
0.13,1.5,c6a4217abe4546eb,1422,155,175,False
0.13,1.5,c6a4217abe4546eb,1423,155,175,False
0.13,1.5,c6a4217abe4546eb,1424,155,175,False
0.13,1.5,c6a4217abe4546eb,1425,155,175,False
0.13,1.5,c6a4217abe4546eb,1426,155,175,False
0.13,1.5,c6a4217abe4546eb,1427,155,175,False
0.13,1.5,c6a4217abe4546eb,1428,155,175,False
0.13,1.5,c6a4217abe4546eb,1429,155,175,False
0.13,1.5,c6a4217abe4546eb,1430,156,176,False
0.13,1.5,c6a4217abe4546eb,1431,156,176,False
0.13,1.5,c6a4217abe4546eb,1432,156,176,False
0.13,1.5,c6a4217abe4546eb,1433,156,176,False
0.13,1.5,c6a4217abe4546eb,1434,156,176,False
0.13,1.5,c6a4217abe4546eb,1435,156,176,False
0.13,1.5,c6a4217abe4546eb,1436,156,176,False
0.13,1.5,c6a4217abe4546eb,1437,156,176,False
0.13,1.5,c6a4217abe4546eb,1438,156,176,False
0.13,1.5,c6a4217abe4546eb,1439,157,177,False
0.13,1.5,c6a4217abe4546eb,1440,157,177,False
0.13,1.5,c6a4217abe4546eb,1441,157,177,False
0.13,1.5,c6a4217abe4546eb,1442,157,177,False
0.13,1.5,c6a4217abe4546eb,1443,157,177,False
0.13,1.5,c6a4217abe4546eb,1444,157,177,False
0.13,1.5,c6a4217abe4546eb,1445,157,177,False
0.13,1.5,c6a4217abe4546eb,1446,157,177,False
0.13,1.5,c6a4217abe4546eb,1447,157,178,False
0.13,1.5,c6a4217abe4546eb,1448,158,178,False
0.13,1.5,c6a4217abe4546eb,1449,158,178,False
0.13,1.5,c6a4217abe4546eb,1450,158,178,False
0.13,1.5,c6a4217abe4546eb,1451,158,178,False
0.13,1.5,c6a4217abe4546eb,1452,162,163,True
0.13,2.0,40aad3a8774f96b2,1,,,False
0.13,2.0,40aad3a8774f96b2,2,,,False
0.13,2.0,40aad3a8774f96b2,3,,,False
0.13,2.0,40aad3a8774f96b2,4,,,False
0.13,2.0,40aad3a8774f96b2,5,,,False
0.13,2.0,40aad3a8774f96b2,6,,,False
0.13,2.0,40aad3a8774f96b2,7,,,False
0.13,2.0,40aad3a8774f96b2,8,,,False
0.13,2.0,40aad3a8774f96b2,9,,,False
0.13,2.0,40aad3a8774f96b2,10,,,False
0.13,2.0,40aad3a8774f96b2,11,,,False
0.13,2.0,40aad3a8774f96b2,12,,12,False
0.13,2.0,40aad3a8774f96b2,13,,12,False
0.13,2.0,40aad3a8774f96b2,14,,12,False
0.13,2.0,40aad3a8774f96b2,15,,12,False
0.13,2.0,40aad3a8774f96b2,16,,12,False
0.13,2.0,40aad3a8774f96b2,17,,12,False
0.13,2.0,40aad3a8774f96b2,18,,12,False
0.13,2.0,40aad3a8774f96b2,19,,12,False
0.13,2.0,40aad3a8774f96b2,20,,13,False
0.13,2.0,40aad3a8774f96b2,21,,13,False
0.13,2.0,40aad3a8774f96b2,22,,13,False
0.13,2.0,40aad3a8774f96b2,23,,13,False
0.13,2.0,40aad3a8774f96b2,24,,13,False
0.13,2.0,40aad3a8774f96b2,25,,13,False
0.13,2.0,40aad3a8774f96b2,26,,13,False
0.13,2.0,40aad3a8774f96b2,27,,13,False
0.13,2.0,40aad3a8774f96b2,28,,13,False
0.13,2.0,40aad3a8774f96b2,29,,14,False
0.13,2.0,40aad3a8774f96b2,30,,14,False
0.13,2.0,40aad3a8774f96b2,31,,14,False
0.13,2.0,40aad3a8774f96b2,32,,14,False
0.13,2.0,40aad3a8774f96b2,33,,14,False
0.13,2.0,40aad3a8774f96b2,34,,14,False
0.13,2.0,40aad3a8774f96b2,35,,14,False
0.13,2.0,40aad3a8774f96b2,36,,14,False
0.13,2.0,40aad3a8774f96b2,37,,14,False
0.13,2.0,40aad3a8774f96b2,38,,15,False
0.13,2.0,40aad3a8774f96b2,39,,15,False
0.13,2.0,40aad3a8774f96b2,40,,15,False
0.13,2.0,40aad3a8774f96b2,41,,15,False
0.13,2.0,40aad3a8774f96b2,42,,15,False
0.13,2.0,40aad3a8774f96b2,43,,15,False
0.13,2.0,40aad3a8774f96b2,44,,15,False
0.13,2.0,40aad3a8774f96b2,45,,15,False
0.13,2.0,40aad3a8774f96b2,46,,16,False
0.13,2.0,40aad3a8774f96b2,47,,16,False
0.13,2.0,40aad3a8774f96b2,48,,16,False
0.13,2.0,40aad3a8774f96b2,49,,16,False
0.13,2.0,40aad3a8774f96b2,50,,16,False
0.13,2.0,40aad3a8774f96b2,51,,16,False
0.13,2.0,40aad3a8774f96b2,52,,16,False
0.13,2.0,40aad3a8774f96b2,53,,16,False
0.13,2.0,40aad3a8774f96b2,54,,16,False
0.13,2.0,40aad3a8774f96b2,55,,17,False
0.13,2.0,40aad3a8774f96b2,56,,17,False
0.13,2.0,40aad3a8774f96b2,57,,17,False
0.13,2.0,40aad3a8774f96b2,58,,17,False
0.13,2.0,40aad3a8774f96b2,59,,17,False
0.13,2.0,40aad3a8774f96b2,60,,17,False
0.13,2.0,40aad3a8774f96b2,61,,17,False
0.13,2.0,40aad3a8774f96b2,62,,17,False
0.13,2.0,40aad3a8774f96b2,63,,17,False
0.13,2.0,40aad3a8774f96b2,64,,18,False
0.13,2.0,40aad3a8774f96b2,65,,18,False
0.13,2.0,40aad3a8774f96b2,66,,18,False
0.13,2.0,40aad3a8774f96b2,67,0,18,False
0.13,2.0,40aad3a8774f96b2,68,0,18,False
0.13,2.0,40aad3a8774f96b2,69,0,18,False
0.13,2.0,40aad3a8774f96b2,70,0,18,False
0.13,2.0,40aad3a8774f96b2,71,0,18,False
0.13,2.0,40aad3a8774f96b2,72,0,18,False
0.13,2.0,40aad3a8774f96b2,73,0,19,False
0.13,2.0,40aad3a8774f96b2,74,0,19,False
0.13,2.0,40aad3a8774f96b2,75,0,19,False
0.13,2.0,40aad3a8774f96b2,76,1,19,False
0.13,2.0,40aad3a8774f96b2,77,1,19,False
0.13,2.0,40aad3a8774f96b2,78,1,19,False
0.13,2.0,40aad3a8774f96b2,79,1,19,False
0.13,2.0,40aad3a8774f96b2,80,1,19,False
0.13,2.0,40aad3a8774f96b2,81,1,20,False
0.13,2.0,40aad3a8774f96b2,82,1,20,False
0.13,2.0,40aad3a8774f96b2,83,1,20,False
0.13,2.0,40aad3a8774f96b2,84,2,20,False
0.13,2.0,40aad3a8774f96b2,85,2,20,False
0.13,2.0,40aad3a8774f96b2,86,2,20,False
0.13,2.0,40aad3a8774f96b2,87,2,20,False
0.13,2.0,40aad3a8774f96b2,88,2,20,False
0.13,2.0,40aad3a8774f96b2,89,2,20,False
0.13,2.0,40aad3a8774f96b2,90,2,21,False
0.13,2.0,40aad3a8774f96b2,91,2,21,False
0.13,2.0,40aad3a8774f96b2,92,2,21,False
0.13,2.0,40aad3a8774f96b2,93,3,21,False
0.13,2.0,40aad3a8774f96b2,94,3,21,False
0.13,2.0,40aad3a8774f96b2,95,3,21,False
0.13,2.0,40aad3a8774f96b2,96,3,21,False
0.13,2.0,40aad3a8774f96b2,97,3,21,False
0.13,2.0,40aad3a8774f96b2,98,3,21,False
0.13,2.0,40aad3a8774f96b2,99,3,22,False
0.13,2.0,40aad3a8774f96b2,100,3,22,False
0.13,2.0,40aad3a8774f96b2,101,3,22,False
0.13,2.0,40aad3a8774f96b2,102,4,22,False
0.13,2.0,40aad3a8774f96b2,103,4,22,False
0.13,2.0,40aad3a8774f96b2,104,4,22,False
0.13,2.0,40aad3a8774f96b2,105,4,22,False
0.13,2.0,40aad3a8774f96b2,106,4,22,False
0.13,2.0,40aad3a8774f96b2,107,4,22,False
0.13,2.0,40aad3a8774f96b2,108,4,23,False
0.13,2.0,40aad3a8774f96b2,109,4,23,False
0.13,2.0,40aad3a8774f96b2,110,4,23,False
0.13,2.0,40aad3a8774f96b2,111,5,23,False
0.13,2.0,40aad3a8774f96b2,112,5,23,False
0.13,2.0,40aad3a8774f96b2,113,5,23,False
0.13,2.0,40aad3a8774f96b2,114,5,23,False
0.13,2.0,40aad3a8774f96b2,115,5,23,False
0.13,2.0,40aad3a8774f96b2,116,5,24,False
0.13,2.0,40aad3a8774f96b2,117,5,24,False
0.13,2.0,40aad3a8774f96b2,118,5,24,False
0.13,2.0,40aad3a8774f96b2,119,6,24,False
0.13,2.0,40aad3a8774f96b2,120,6,24,False
0.13,2.0,40aad3a8774f96b2,121,6,24,False
0.13,2.0,40aad3a8774f96b2,122,6,24,False
0.13,2.0,40aad3a8774f96b2,123,6,24,False
0.13,2.0,40aad3a8774f96b2,124,6,24,False
0.13,2.0,40aad3a8774f96b2,125,6,25,False
0.13,2.0,40aad3a8774f96b2,126,6,25,False
0.13,2.0,40aad3a8774f96b2,127,6,25,False
0.13,2.0,40aad3a8774f96b2,128,7,25,False
0.13,2.0,40aad3a8774f96b2,129,7,25,False
0.13,2.0,40aad3a8774f96b2,130,7,25,False
0.13,2.0,40aad3a8774f96b2,131,7,25,False
0.13,2.0,40aad3a8774f96b2,132,7,25,False
0.13,2.0,40aad3a8774f96b2,133,7,25,False
0.13,2.0,40aad3a8774f96b2,134,7,26,False
0.13,2.0,40aad3a8774f96b2,135,7,26,False
0.13,2.0,40aad3a8774f96b2,136,7,26,False
0.13,2.0,40aad3a8774f96b2,137,8,26,False
0.13,2.0,40aad3a8774f96b2,138,8,26,False
0.13,2.0,40aad3a8774f96b2,139,8,26,False
0.13,2.0,40aad3a8774f96b2,140,8,26,False
0.13,2.0,40aad3a8774f96b2,141,8,26,False
0.13,2.0,40aad3a8774f96b2,142,8,27,False
0.13,2.0,40aad3a8774f96b2,143,8,27,False
0.13,2.0,40aad3a8774f96b2,144,8,27,False
0.13,2.0,40aad3a8774f96b2,145,8,27,False
0.13,2.0,40aad3a8774f96b2,146,9,27,False
0.13,2.0,40aad3a8774f96b2,147,9,27,False
0.13,2.0,40aad3a8774f96b2,148,9,27,False
0.13,2.0,40aad3a8774f96b2,149,9,27,False
0.13,2.0,40aad3a8774f96b2,150,9,27,False
0.13,2.0,40aad3a8774f96b2,151,9,28,False
0.13,2.0,40aad3a8774f96b2,152,9,28,False
0.13,2.0,40aad3a8774f96b2,153,9,28,False
0.13,2.0,40aad3a8774f96b2,154,10,28,False
0.13,2.0,40aad3a8774f96b2,155,10,28,False
0.13,2.0,40aad3a8774f96b2,156,10,28,False
0.13,2.0,40aad3a8774f96b2,157,10,28,False
0.13,2.0,40aad3a8774f96b2,158,10,28,False
0.13,2.0,40aad3a8774f96b2,159,10,28,False
0.13,2.0,40aad3a8774f96b2,160,10,29,False
0.13,2.0,40aad3a8774f96b2,161,10,29,False
0.13,2.0,40aad3a8774f96b2,162,10,29,False
0.13,2.0,40aad3a8774f96b2,163,11,29,False
0.13,2.0,40aad3a8774f96b2,164,11,29,False
0.13,2.0,40aad3a8774f96b2,165,11,29,False
0.13,2.0,40aad3a8774f96b2,166,11,29,False
0.13,2.0,40aad3a8774f96b2,167,11,29,False
0.13,2.0,40aad3a8774f96b2,168,11,29,False
0.13,2.0,40aad3a8774f96b2,169,11,30,False
0.13,2.0,40aad3a8774f96b2,170,11,30,False
0.13,2.0,40aad3a8774f96b2,171,11,30,False
0.13,2.0,40aad3a8774f96b2,172,12,30,False
0.13,2.0,40aad3a8774f96b2,173,12,30,False
0.13,2.0,40aad3a8774f96b2,174,12,30,False
0.13,2.0,40aad3a8774f96b2,175,12,30,False
0.13,2.0,40aad3a8774f96b2,176,12,30,False
0.13,2.0,40aad3a8774f96b2,177,12,31,False
0.13,2.0,40aad3a8774f96b2,178,12,31,False
0.13,2.0,40aad3a8774f96b2,179,12,31,False
0.13,2.0,40aad3a8774f96b2,180,12,31,False
0.13,2.0,40aad3a8774f96b2,181,13,31,False
0.13,2.0,40aad3a8774f96b2,182,13,31,False
0.13,2.0,40aad3a8774f96b2,183,13,31,False
0.13,2.0,40aad3a8774f96b2,184,13,31,False
0.13,2.0,40aad3a8774f96b2,185,13,31,False
0.13,2.0,40aad3a8774f96b2,186,13,32,False
0.13,2.0,40aad3a8774f96b2,187,13,32,False
0.13,2.0,40aad3a8774f96b2,188,13,32,False
0.13,2.0,40aad3a8774f96b2,189,14,32,False
0.13,2.0,40aad3a8774f96b2,190,14,32,False
0.13,2.0,40aad3a8774f96b2,191,14,32,False
0.13,2.0,40aad3a8774f96b2,192,14,32,False
0.13,2.0,40aad3a8774f96b2,193,14,32,False
0.13,2.0,40aad3a8774f96b2,194,14,32,False
0.13,2.0,40aad3a8774f96b2,195,14,33,False
0.13,2.0,40aad3a8774f96b2,196,14,33,False
0.13,2.0,40aad3a8774f96b2,197,14,33,False
0.13,2.0,40aad3a8774f96b2,198,15,33,False
0.13,2.0,40aad3a8774f96b2,199,15,33,False
0.13,2.0,40aad3a8774f96b2,200,15,33,False
0.13,2.0,40aad3a8774f96b2,201,15,33,False
0.13,2.0,40aad3a8774f96b2,202,15,33,False
0.13,2.0,40aad3a8774f96b2,203,15,33,False
0.13,2.0,40aad3a8774f96b2,204,15,34,False
0.13,2.0,40aad3a8774f96b2,205,15,34,False
0.13,2.0,40aad3a8774f96b2,206,15,34,False
0.13,2.0,40aad3a8774f96b2,207,16,34,False
0.13,2.0,40aad3a8774f96b2,208,16,34,False
0.13,2.0,40aad3a8774f96b2,209,16,34,False
0.13,2.0,40aad3a8774f96b2,210,16,34,False
0.13,2.0,40aad3a8774f96b2,211,16,34,False
0.13,2.0,40aad3a8774f96b2,212,16,35,False
0.13,2.0,40aad3a8774f96b2,213,16,35,False
0.13,2.0,40aad3a8774f96b2,214,16,35,False
0.13,2.0,40aad3a8774f96b2,215,17,35,False
0.13,2.0,40aad3a8774f96b2,216,17,35,False
0.13,2.0,40aad3a8774f96b2,217,17,35,False
0.13,2.0,40aad3a8774f96b2,218,17,35,False
0.13,2.0,40aad3a8774f96b2,219,17,35,False
0.13,2.0,40aad3a8774f96b2,220,17,35,False
0.13,2.0,40aad3a8774f96b2,221,17,36,False
0.13,2.0,40aad3a8774f96b2,222,17,36,False
0.13,2.0,40aad3a8774f96b2,223,17,36,False
0.13,2.0,40aad3a8774f96b2,224,18,36,False
0.13,2.0,40aad3a8774f96b2,225,18,36,False
0.13,2.0,40aad3a8774f96b2,226,18,36,False
0.13,2.0,40aad3a8774f96b2,227,18,36,False
0.13,2.0,40aad3a8774f96b2,228,18,36,False
0.13,2.0,40aad3a8774f96b2,229,18,36,False
0.13,2.0,40aad3a8774f96b2,230,18,37,False
0.13,2.0,40aad3a8774f96b2,231,18,37,False
0.13,2.0,40aad3a8774f96b2,232,18,37,False
0.13,2.0,40aad3a8774f96b2,233,19,37,False
0.13,2.0,40aad3a8774f96b2,234,19,37,False
0.13,2.0,40aad3a8774f96b2,235,19,37,False
0.13,2.0,40aad3a8774f96b2,236,19,37,False
0.13,2.0,40aad3a8774f96b2,237,19,37,False
0.13,2.0,40aad3a8774f96b2,238,19,37,False
0.13,2.0,40aad3a8774f96b2,239,19,38,False
0.13,2.0,40aad3a8774f96b2,240,19,38,False
0.13,2.0,40aad3a8774f96b2,241,19,38,False
0.13,2.0,40aad3a8774f96b2,242,20,38,False
0.13,2.0,40aad3a8774f96b2,243,20,38,False
0.13,2.0,40aad3a8774f96b2,244,20,38,False
0.13,2.0,40aad3a8774f96b2,245,20,38,False
0.13,2.0,40aad3a8774f96b2,246,20,38,False
0.13,2.0,40aad3a8774f96b2,247,20,39,False
0.13,2.0,40aad3a8774f96b2,248,20,39,False
0.13,2.0,40aad3a8774f96b2,249,20,39,False
0.13,2.0,40aad3a8774f96b2,250,21,39,False
0.13,2.0,40aad3a8774f96b2,251,21,39,False
0.13,2.0,40aad3a8774f96b2,252,21,39,False
0.13,2.0,40aad3a8774f96b2,253,21,39,False
0.13,2.0,40aad3a8774f96b2,254,21,39,False
0.13,2.0,40aad3a8774f96b2,255,21,39,False
0.13,2.0,40aad3a8774f96b2,256,21,40,False
0.13,2.0,40aad3a8774f96b2,257,21,40,False
0.13,2.0,40aad3a8774f96b2,258,21,40,False
0.13,2.0,40aad3a8774f96b2,259,22,40,False
0.13,2.0,40aad3a8774f96b2,260,22,40,False
0.13,2.0,40aad3a8774f96b2,261,22,40,False
0.13,2.0,40aad3a8774f96b2,262,22,40,False
0.13,2.0,40aad3a8774f96b2,263,22,40,False
0.13,2.0,40aad3a8774f96b2,264,22,40,False
0.13,2.0,40aad3a8774f96b2,265,22,41,False
0.13,2.0,40aad3a8774f96b2,266,22,41,False
0.13,2.0,40aad3a8774f96b2,267,22,41,False
0.13,2.0,40aad3a8774f96b2,268,23,41,False
0.13,2.0,40aad3a8774f96b2,269,23,41,False
0.13,2.0,40aad3a8774f96b2,270,23,41,False
0.13,2.0,40aad3a8774f96b2,271,23,41,False
0.13,2.0,40aad3a8774f96b2,272,23,41,False
0.13,2.0,40aad3a8774f96b2,273,23,41,False
0.13,2.0,40aad3a8774f96b2,274,23,42,False
0.13,2.0,40aad3a8774f96b2,275,23,42,False
0.13,2.0,40aad3a8774f96b2,276,23,42,False
0.13,2.0,40aad3a8774f96b2,277,24,42,False
0.13,2.0,40aad3a8774f96b2,278,24,42,False
0.13,2.0,40aad3a8774f96b2,279,24,42,False
0.13,2.0,40aad3a8774f96b2,280,24,42,False
0.13,2.0,40aad3a8774f96b2,281,24,42,False
0.13,2.0,40aad3a8774f96b2,282,24,43,False
0.13,2.0,40aad3a8774f96b2,283,24,43,False
0.13,2.0,40aad3a8774f96b2,284,24,43,False
0.13,2.0,40aad3a8774f96b2,285,25,43,False
0.13,2.0,40aad3a8774f96b2,286,25,43,False
0.13,2.0,40aad3a8774f96b2,287,25,43,False
0.13,2.0,40aad3a8774f96b2,288,25,43,False
0.13,2.0,40aad3a8774f96b2,289,25,43,False
0.13,2.0,40aad3a8774f96b2,290,25,43,False
0.13,2.0,40aad3a8774f96b2,291,25,44,False
0.13,2.0,40aad3a8774f96b2,292,25,44,False
0.13,2.0,40aad3a8774f96b2,293,25,44,False
0.13,2.0,40aad3a8774f96b2,294,26,44,False
0.13,2.0,40aad3a8774f96b2,295,26,44,False
0.13,2.0,40aad3a8774f96b2,296,26,44,False
0.13,2.0,40aad3a8774f96b2,297,26,44,False
0.13,2.0,40aad3a8774f96b2,298,26,44,False
0.13,2.0,40aad3a8774f96b2,299,26,44,False
0.13,2.0,40aad3a8774f96b2,300,26,45,False
0.13,2.0,40aad3a8774f96b2,301,26,45,False
0.13,2.0,40aad3a8774f96b2,302,26,45,False
0.13,2.0,40aad3a8774f96b2,303,27,45,False
0.13,2.0,40aad3a8774f96b2,304,27,45,False
0.13,2.0,40aad3a8774f96b2,305,27,45,False
0.13,2.0,40aad3a8774f96b2,306,27,45,False
0.13,2.0,40aad3a8774f96b2,307,27,45,False
0.13,2.0,40aad3a8774f96b2,308,27,46,False
0.13,2.0,40aad3a8774f96b2,309,27,46,False
0.13,2.0,40aad3a8774f96b2,310,27,46,False
0.13,2.0,40aad3a8774f96b2,311,27,46,False
0.13,2.0,40aad3a8774f96b2,312,28,46,False
0.13,2.0,40aad3a8774f96b2,313,28,46,False
0.13,2.0,40aad3a8774f96b2,314,28,46,False
0.13,2.0,40aad3a8774f96b2,315,28,46,False
0.13,2.0,40aad3a8774f96b2,316,28,46,False
0.13,2.0,40aad3a8774f96b2,317,28,47,False
0.13,2.0,40aad3a8774f96b2,318,28,47,False
0.13,2.0,40aad3a8774f96b2,319,28,47,False
0.13,2.0,40aad3a8774f96b2,320,29,47,False
0.13,2.0,40aad3a8774f96b2,321,29,47,False
0.13,2.0,40aad3a8774f96b2,322,29,47,False
0.13,2.0,40aad3a8774f96b2,323,29,47,False
0.13,2.0,40aad3a8774f96b2,324,29,47,False
0.13,2.0,40aad3a8774f96b2,325,29,47,False
0.13,2.0,40aad3a8774f96b2,326,29,48,False
0.13,2.0,40aad3a8774f96b2,327,29,48,False
0.13,2.0,40aad3a8774f96b2,328,29,48,False
0.13,2.0,40aad3a8774f96b2,329,30,48,False
0.13,2.0,40aad3a8774f96b2,330,30,48,False
0.13,2.0,40aad3a8774f96b2,331,30,48,False
0.13,2.0,40aad3a8774f96b2,332,30,48,False
0.13,2.0,40aad3a8774f96b2,333,30,48,False
0.13,2.0,40aad3a8774f96b2,334,30,48,False
0.13,2.0,40aad3a8774f96b2,335,30,49,False
0.13,2.0,40aad3a8774f96b2,336,30,49,False
0.13,2.0,40aad3a8774f96b2,337,30,49,False
0.13,2.0,40aad3a8774f96b2,338,31,49,False
0.13,2.0,40aad3a8774f96b2,339,31,49,False
0.13,2.0,40aad3a8774f96b2,340,31,49,False
0.13,2.0,40aad3a8774f96b2,341,31,49,False
0.13,2.0,40aad3a8774f96b2,342,31,49,False
0.13,2.0,40aad3a8774f96b2,343,31,50,False
0.13,2.0,40aad3a8774f96b2,344,31,50,False
0.13,2.0,40aad3a8774f96b2,345,31,50,False
0.13,2.0,40aad3a8774f96b2,346,31,50,False
0.13,2.0,40aad3a8774f96b2,347,32,50,False
0.13,2.0,40aad3a8774f96b2,348,32,50,False
0.13,2.0,40aad3a8774f96b2,349,32,50,False
0.13,2.0,40aad3a8774f96b2,350,32,50,False
0.13,2.0,40aad3a8774f96b2,351,32,50,False
0.13,2.0,40aad3a8774f96b2,352,32,51,False
0.13,2.0,40aad3a8774f96b2,353,32,51,False
0.13,2.0,40aad3a8774f96b2,354,32,51,False
0.13,2.0,40aad3a8774f96b2,355,33,51,False
0.13,2.0,40aad3a8774f96b2,356,33,51,False
0.13,2.0,40aad3a8774f96b2,357,33,51,False
0.13,2.0,40aad3a8774f96b2,358,33,51,False
0.13,2.0,40aad3a8774f96b2,359,33,51,False
0.13,2.0,40aad3a8774f96b2,360,33,51,False
0.13,2.0,40aad3a8774f96b2,361,33,52,False
0.13,2.0,40aad3a8774f96b2,362,33,52,False
0.13,2.0,40aad3a8774f96b2,363,33,52,False
0.13,2.0,40aad3a8774f96b2,364,34,52,False
0.13,2.0,40aad3a8774f96b2,365,34,52,False
0.13,2.0,40aad3a8774f96b2,366,34,52,False
0.13,2.0,40aad3a8774f96b2,367,34,52,False
0.13,2.0,40aad3a8774f96b2,368,34,52,False
0.13,2.0,40aad3a8774f96b2,369,34,52,False
0.13,2.0,40aad3a8774f96b2,370,34,53,False
0.13,2.0,40aad3a8774f96b2,371,34,53,False
0.13,2.0,40aad3a8774f96b2,372,34,53,False
0.13,2.0,40aad3a8774f96b2,373,35,53,False
0.13,2.0,40aad3a8774f96b2,374,35,53,False
0.13,2.0,40aad3a8774f96b2,375,35,53,False
0.13,2.0,40aad3a8774f96b2,376,35,53,False
0.13,2.0,40aad3a8774f96b2,377,35,53,False
0.13,2.0,40aad3a8774f96b2,378,35,54,False
0.13,2.0,40aad3a8774f96b2,379,35,54,False
0.13,2.0,40aad3a8774f96b2,380,35,54,False
0.13,2.0,40aad3a8774f96b2,381,35,54,False
0.13,2.0,40aad3a8774f96b2,382,36,54,False
0.13,2.0,40aad3a8774f96b2,383,36,54,False
0.13,2.0,40aad3a8774f96b2,384,36,54,False
0.13,2.0,40aad3a8774f96b2,385,36,54,False
0.13,2.0,40aad3a8774f96b2,386,36,54,False
0.13,2.0,40aad3a8774f96b2,387,36,55,False
0.13,2.0,40aad3a8774f96b2,388,36,55,False
0.13,2.0,40aad3a8774f96b2,389,36,55,False
0.13,2.0,40aad3a8774f96b2,390,37,55,False
0.13,2.0,40aad3a8774f96b2,391,37,55,False
0.13,2.0,40aad3a8774f96b2,392,37,55,False
0.13,2.0,40aad3a8774f96b2,393,37,55,False
0.13,2.0,40aad3a8774f96b2,394,37,55,False
0.13,2.0,40aad3a8774f96b2,395,37,55,False
0.13,2.0,40aad3a8774f96b2,396,37,56,False
0.13,2.0,40aad3a8774f96b2,397,37,56,False
0.13,2.0,40aad3a8774f96b2,398,37,56,False
0.13,2.0,40aad3a8774f96b2,399,38,56,False
0.13,2.0,40aad3a8774f96b2,400,38,56,False
0.13,2.0,40aad3a8774f96b2,401,38,56,False
0.13,2.0,40aad3a8774f96b2,402,38,56,False
0.13,2.0,40aad3a8774f96b2,403,38,56,False
0.13,2.0,40aad3a8774f96b2,404,38,56,False
0.13,2.0,40aad3a8774f96b2,405,38,57,False
0.13,2.0,40aad3a8774f96b2,406,38,57,False
0.13,2.0,40aad3a8774f96b2,407,38,57,False
0.13,2.0,40aad3a8774f96b2,408,39,57,False
0.13,2.0,40aad3a8774f96b2,409,39,57,False
0.13,2.0,40aad3a8774f96b2,410,39,57,False
0.13,2.0,40aad3a8774f96b2,411,39,57,False
0.13,2.0,40aad3a8774f96b2,412,39,57,False
0.13,2.0,40aad3a8774f96b2,413,39,58,False
0.13,2.0,40aad3a8774f96b2,414,39,58,False
0.13,2.0,40aad3a8774f96b2,415,39,58,False
0.13,2.0,40aad3a8774f96b2,416,40,58,False
0.13,2.0,40aad3a8774f96b2,417,40,58,False
0.13,2.0,40aad3a8774f96b2,418,40,58,False
0.13,2.0,40aad3a8774f96b2,419,40,58,False
0.13,2.0,40aad3a8774f96b2,420,40,58,False
0.13,2.0,40aad3a8774f96b2,421,40,58,False
0.13,2.0,40aad3a8774f96b2,422,40,59,False
0.13,2.0,40aad3a8774f96b2,423,40,59,False
0.13,2.0,40aad3a8774f96b2,424,40,59,False
0.13,2.0,40aad3a8774f96b2,425,41,59,False
0.13,2.0,40aad3a8774f96b2,426,41,59,False
0.13,2.0,40aad3a8774f96b2,427,41,59,False
0.13,2.0,40aad3a8774f96b2,428,41,59,False
0.13,2.0,40aad3a8774f96b2,429,41,59,False
0.13,2.0,40aad3a8774f96b2,430,41,59,False
0.13,2.0,40aad3a8774f96b2,431,41,60,False
0.13,2.0,40aad3a8774f96b2,432,41,60,False
0.13,2.0,40aad3a8774f96b2,433,41,60,False
0.13,2.0,40aad3a8774f96b2,434,42,60,False
0.13,2.0,40aad3a8774f96b2,435,42,60,False
0.13,2.0,40aad3a8774f96b2,436,42,60,False
0.13,2.0,40aad3a8774f96b2,437,42,60,False
0.13,2.0,40aad3a8774f96b2,438,42,60,False
0.13,2.0,40aad3a8774f96b2,439,42,60,False
0.13,2.0,40aad3a8774f96b2,440,42,61,False
0.13,2.0,40aad3a8774f96b2,441,42,61,False
0.13,2.0,40aad3a8774f96b2,442,42,61,False
0.13,2.0,40aad3a8774f96b2,443,43,61,False
0.13,2.0,40aad3a8774f96b2,444,43,61,False
0.13,2.0,40aad3a8774f96b2,445,43,61,False
0.13,2.0,40aad3a8774f96b2,446,43,61,False
0.13,2.0,40aad3a8774f96b2,447,43,61,False
0.13,2.0,40aad3a8774f96b2,448,43,62,False
0.13,2.0,40aad3a8774f96b2,449,43,62,False
0.13,2.0,40aad3a8774f96b2,450,43,62,False
0.13,2.0,40aad3a8774f96b2,451,44,62,False
0.13,2.0,40aad3a8774f96b2,452,44,62,False
0.13,2.0,40aad3a8774f96b2,453,44,62,False
0.13,2.0,40aad3a8774f96b2,454,44,62,False
0.13,2.0,40aad3a8774f96b2,455,44,62,False
0.13,2.0,40aad3a8774f96b2,456,44,62,False
0.13,2.0,40aad3a8774f96b2,457,44,63,False
0.13,2.0,40aad3a8774f96b2,458,44,63,False
0.13,2.0,40aad3a8774f96b2,459,44,63,False
0.13,2.0,40aad3a8774f96b2,460,45,63,False
0.13,2.0,40aad3a8774f96b2,461,45,63,False
0.13,2.0,40aad3a8774f96b2,462,45,63,False
0.13,2.0,40aad3a8774f96b2,463,45,63,False
0.13,2.0,40aad3a8774f96b2,464,45,63,False
0.13,2.0,40aad3a8774f96b2,465,45,63,False
0.13,2.0,40aad3a8774f96b2,466,45,64,False
0.13,2.0,40aad3a8774f96b2,467,45,64,False
0.13,2.0,40aad3a8774f96b2,468,45,64,False
0.13,2.0,40aad3a8774f96b2,469,46,64,False
0.13,2.0,40aad3a8774f96b2,470,46,64,False
0.13,2.0,40aad3a8774f96b2,471,46,64,False
0.13,2.0,40aad3a8774f96b2,472,46,64,False
0.13,2.0,40aad3a8774f96b2,473,46,64,False
0.13,2.0,40aad3a8774f96b2,474,46,64,False
0.13,2.0,40aad3a8774f96b2,475,46,65,False
0.13,2.0,40aad3a8774f96b2,476,46,65,False
0.13,2.0,40aad3a8774f96b2,477,46,65,False
0.13,2.0,40aad3a8774f96b2,478,47,65,False
0.13,2.0,40aad3a8774f96b2,479,47,65,False
0.13,2.0,40aad3a8774f96b2,480,47,65,False
0.13,2.0,40aad3a8774f96b2,481,47,65,False
0.13,2.0,40aad3a8774f96b2,482,47,65,False
0.13,2.0,40aad3a8774f96b2,483,47,66,False
0.13,2.0,40aad3a8774f96b2,484,47,66,False
0.13,2.0,40aad3a8774f96b2,485,47,66,False
0.13,2.0,40aad3a8774f96b2,486,48,66,False
0.13,2.0,40aad3a8774f96b2,487,48,66,False
0.13,2.0,40aad3a8774f96b2,488,48,66,False
0.13,2.0,40aad3a8774f96b2,489,48,66,False
0.13,2.0,40aad3a8774f96b2,490,48,66,False
0.13,2.0,40aad3a8774f96b2,491,48,66,False
0.13,2.0,40aad3a8774f96b2,492,48,67,False
0.13,2.0,40aad3a8774f96b2,493,48,67,False
0.13,2.0,40aad3a8774f96b2,494,48,67,False
0.13,2.0,40aad3a8774f96b2,495,49,67,False
0.13,2.0,40aad3a8774f96b2,496,49,67,False
0.13,2.0,40aad3a8774f96b2,497,49,67,False
0.13,2.0,40aad3a8774f96b2,498,49,67,False
0.13,2.0,40aad3a8774f96b2,499,49,67,False
0.13,2.0,40aad3a8774f96b2,500,49,67,False
0.13,2.0,40aad3a8774f96b2,501,49,68,False
0.13,2.0,40aad3a8774f96b2,502,49,68,False
0.13,2.0,40aad3a8774f96b2,503,49,68,False
0.13,2.0,40aad3a8774f96b2,504,50,68,False
0.13,2.0,40aad3a8774f96b2,505,50,68,False
0.13,2.0,40aad3a8774f96b2,506,50,68,False
0.13,2.0,40aad3a8774f96b2,507,50,68,False
0.13,2.0,40aad3a8774f96b2,508,50,68,False
0.13,2.0,40aad3a8774f96b2,509,50,69,False
0.13,2.0,40aad3a8774f96b2,510,50,69,False
0.13,2.0,40aad3a8774f96b2,511,50,69,False
0.13,2.0,40aad3a8774f96b2,512,50,69,False
0.13,2.0,40aad3a8774f96b2,513,51,69,False
0.13,2.0,40aad3a8774f96b2,514,51,69,False
0.13,2.0,40aad3a8774f96b2,515,51,69,False
0.13,2.0,40aad3a8774f96b2,516,51,69,False
0.13,2.0,40aad3a8774f96b2,517,51,69,False
0.13,2.0,40aad3a8774f96b2,518,51,70,False
0.13,2.0,40aad3a8774f96b2,519,51,70,False
0.13,2.0,40aad3a8774f96b2,520,51,70,False
0.13,2.0,40aad3a8774f96b2,521,52,70,False
0.13,2.0,40aad3a8774f96b2,522,52,70,False
0.13,2.0,40aad3a8774f96b2,523,52,70,False
0.13,2.0,40aad3a8774f96b2,524,52,70,False
0.13,2.0,40aad3a8774f96b2,525,52,70,False
0.13,2.0,40aad3a8774f96b2,526,52,70,False
0.13,2.0,40aad3a8774f96b2,527,52,71,False
0.13,2.0,40aad3a8774f96b2,528,52,71,False
0.13,2.0,40aad3a8774f96b2,529,52,71,False
0.13,2.0,40aad3a8774f96b2,530,53,71,False
0.13,2.0,40aad3a8774f96b2,531,53,71,False
0.13,2.0,40aad3a8774f96b2,532,53,71,False
0.13,2.0,40aad3a8774f96b2,533,53,71,False
0.13,2.0,40aad3a8774f96b2,534,53,71,False
0.13,2.0,40aad3a8774f96b2,535,53,71,False
0.13,2.0,40aad3a8774f96b2,536,53,72,False
0.13,2.0,40aad3a8774f96b2,537,53,72,False
0.13,2.0,40aad3a8774f96b2,538,53,72,False
0.13,2.0,40aad3a8774f96b2,539,54,72,False
0.13,2.0,40aad3a8774f96b2,540,54,72,False
0.13,2.0,40aad3a8774f96b2,541,54,72,False
0.13,2.0,40aad3a8774f96b2,542,54,72,False
0.13,2.0,40aad3a8774f96b2,543,54,72,False
0.13,2.0,40aad3a8774f96b2,544,54,73,False
0.13,2.0,40aad3a8774f96b2,545,54,73,False
0.13,2.0,40aad3a8774f96b2,546,54,73,False
0.13,2.0,40aad3a8774f96b2,547,54,73,False
0.13,2.0,40aad3a8774f96b2,548,55,73,False
0.13,2.0,40aad3a8774f96b2,549,55,73,False
0.13,2.0,40aad3a8774f96b2,550,55,73,False
0.13,2.0,40aad3a8774f96b2,551,55,73,False
0.13,2.0,40aad3a8774f96b2,552,55,73,False
0.13,2.0,40aad3a8774f96b2,553,55,74,False
0.13,2.0,40aad3a8774f96b2,554,55,74,False
0.13,2.0,40aad3a8774f96b2,555,55,74,False
0.13,2.0,40aad3a8774f96b2,556,56,74,False
0.13,2.0,40aad3a8774f96b2,557,56,74,False
0.13,2.0,40aad3a8774f96b2,558,56,74,False
0.13,2.0,40aad3a8774f96b2,559,56,74,False
0.13,2.0,40aad3a8774f96b2,560,56,74,False
0.13,2.0,40aad3a8774f96b2,561,56,74,False
0.13,2.0,40aad3a8774f96b2,562,56,75,False
0.13,2.0,40aad3a8774f96b2,563,56,75,False
0.13,2.0,40aad3a8774f96b2,564,56,75,False
0.13,2.0,40aad3a8774f96b2,565,57,75,False
0.13,2.0,40aad3a8774f96b2,566,57,75,False
0.13,2.0,40aad3a8774f96b2,567,57,75,False
0.13,2.0,40aad3a8774f96b2,568,57,75,False
0.13,2.0,40aad3a8774f96b2,569,57,75,False
0.13,2.0,40aad3a8774f96b2,570,57,75,False
0.13,2.0,40aad3a8774f96b2,571,57,76,False
0.13,2.0,40aad3a8774f96b2,572,57,76,False
0.13,2.0,40aad3a8774f96b2,573,57,76,False
0.13,2.0,40aad3a8774f96b2,574,58,76,False
0.13,2.0,40aad3a8774f96b2,575,58,76,False
0.13,2.0,40aad3a8774f96b2,576,58,76,False
0.13,2.0,40aad3a8774f96b2,577,58,76,False
0.13,2.0,40aad3a8774f96b2,578,58,76,False
0.13,2.0,40aad3a8774f96b2,579,58,77,False
0.13,2.0,40aad3a8774f96b2,580,58,77,False
0.13,2.0,40aad3a8774f96b2,581,58,77,False
0.13,2.0,40aad3a8774f96b2,582,58,77,False
0.13,2.0,40aad3a8774f96b2,583,59,77,False
0.13,2.0,40aad3a8774f96b2,584,59,77,False
0.13,2.0,40aad3a8774f96b2,585,59,77,False
0.13,2.0,40aad3a8774f96b2,586,59,77,False
0.13,2.0,40aad3a8774f96b2,587,59,77,False
0.13,2.0,40aad3a8774f96b2,588,59,78,False
0.13,2.0,40aad3a8774f96b2,589,59,78,False
0.13,2.0,40aad3a8774f96b2,590,59,78,False
0.13,2.0,40aad3a8774f96b2,591,60,78,False
0.13,2.0,40aad3a8774f96b2,592,60,78,False
0.13,2.0,40aad3a8774f96b2,593,60,78,False
0.13,2.0,40aad3a8774f96b2,594,60,78,False
0.13,2.0,40aad3a8774f96b2,595,60,78,False
0.13,2.0,40aad3a8774f96b2,596,60,78,False
0.13,2.0,40aad3a8774f96b2,597,60,79,False
0.13,2.0,40aad3a8774f96b2,598,60,79,False
0.13,2.0,40aad3a8774f96b2,599,60,79,False
0.13,2.0,40aad3a8774f96b2,600,61,79,False
0.13,2.0,40aad3a8774f96b2,601,61,79,False
0.13,2.0,40aad3a8774f96b2,602,61,79,False
0.13,2.0,40aad3a8774f96b2,603,61,79,False
0.13,2.0,40aad3a8774f96b2,604,61,79,False
0.13,2.0,40aad3a8774f96b2,605,61,79,False
0.13,2.0,40aad3a8774f96b2,606,61,80,False
0.13,2.0,40aad3a8774f96b2,607,61,80,False
0.13,2.0,40aad3a8774f96b2,608,61,80,False
0.13,2.0,40aad3a8774f96b2,609,62,80,False
0.13,2.0,40aad3a8774f96b2,610,62,80,False
0.13,2.0,40aad3a8774f96b2,611,62,80,False
0.13,2.0,40aad3a8774f96b2,612,62,80,False
0.13,2.0,40aad3a8774f96b2,613,62,80,False
0.13,2.0,40aad3a8774f96b2,614,62,81,False
0.13,2.0,40aad3a8774f96b2,615,62,81,False
0.13,2.0,40aad3a8774f96b2,616,62,81,False
0.13,2.0,40aad3a8774f96b2,617,63,81,False
0.13,2.0,40aad3a8774f96b2,618,63,81,False
0.13,2.0,40aad3a8774f96b2,619,63,81,False
0.13,2.0,40aad3a8774f96b2,620,63,81,False
0.13,2.0,40aad3a8774f96b2,621,63,81,False
0.13,2.0,40aad3a8774f96b2,622,63,81,False
0.13,2.0,40aad3a8774f96b2,623,63,82,False
0.13,2.0,40aad3a8774f96b2,624,63,82,False
0.13,2.0,40aad3a8774f96b2,625,63,82,False
0.13,2.0,40aad3a8774f96b2,626,64,82,False
0.13,2.0,40aad3a8774f96b2,627,64,82,False
0.13,2.0,40aad3a8774f96b2,628,64,82,False
0.13,2.0,40aad3a8774f96b2,629,64,82,False
0.13,2.0,40aad3a8774f96b2,630,64,82,False
0.13,2.0,40aad3a8774f96b2,631,64,82,False
0.13,2.0,40aad3a8774f96b2,632,64,83,False
0.13,2.0,40aad3a8774f96b2,633,64,83,False
0.13,2.0,40aad3a8774f96b2,634,64,83,False
0.13,2.0,40aad3a8774f96b2,635,65,83,False
0.13,2.0,40aad3a8774f96b2,636,65,83,False
0.13,2.0,40aad3a8774f96b2,637,65,83,False
0.13,2.0,40aad3a8774f96b2,638,65,83,False
0.13,2.0,40aad3a8774f96b2,639,65,83,False
0.13,2.0,40aad3a8774f96b2,640,65,83,False
0.13,2.0,40aad3a8774f96b2,641,65,84,False
0.13,2.0,40aad3a8774f96b2,642,65,84,False
0.13,2.0,40aad3a8774f96b2,643,65,84,False
0.13,2.0,40aad3a8774f96b2,644,66,84,False
0.13,2.0,40aad3a8774f96b2,645,66,84,False
0.13,2.0,40aad3a8774f96b2,646,66,84,False
0.13,2.0,40aad3a8774f96b2,647,66,84,False
0.13,2.0,40aad3a8774f96b2,648,66,84,False
0.13,2.0,40aad3a8774f96b2,649,66,85,False
0.13,2.0,40aad3a8774f96b2,650,66,85,False
0.13,2.0,40aad3a8774f96b2,651,66,85,False
0.13,2.0,40aad3a8774f96b2,652,67,85,False
0.13,2.0,40aad3a8774f96b2,653,67,85,False
0.13,2.0,40aad3a8774f96b2,654,67,85,False
0.13,2.0,40aad3a8774f96b2,655,67,85,False
0.13,2.0,40aad3a8774f96b2,656,67,85,False
0.13,2.0,40aad3a8774f96b2,657,67,85,False
0.13,2.0,40aad3a8774f96b2,658,67,86,False
0.13,2.0,40aad3a8774f96b2,659,67,86,False
0.13,2.0,40aad3a8774f96b2,660,67,86,False
0.13,2.0,40aad3a8774f96b2,661,68,86,False
0.13,2.0,40aad3a8774f96b2,662,68,86,False
0.13,2.0,40aad3a8774f96b2,663,68,86,False
0.13,2.0,40aad3a8774f96b2,664,68,86,False
0.13,2.0,40aad3a8774f96b2,665,68,86,False
0.13,2.0,40aad3a8774f96b2,666,68,86,False
0.13,2.0,40aad3a8774f96b2,667,68,87,False
0.13,2.0,40aad3a8774f96b2,668,68,87,False
0.13,2.0,40aad3a8774f96b2,669,68,87,False
0.13,2.0,40aad3a8774f96b2,670,69,87,False
0.13,2.0,40aad3a8774f96b2,671,69,87,False
0.13,2.0,40aad3a8774f96b2,672,69,87,False
0.13,2.0,40aad3a8774f96b2,673,69,87,False
0.13,2.0,40aad3a8774f96b2,674,69,87,False
0.13,2.0,40aad3a8774f96b2,675,69,87,False
0.13,2.0,40aad3a8774f96b2,676,69,88,False
0.13,2.0,40aad3a8774f96b2,677,69,88,False
0.13,2.0,40aad3a8774f96b2,678,69,88,False
0.13,2.0,40aad3a8774f96b2,679,70,88,False
0.13,2.0,40aad3a8774f96b2,680,70,88,False
0.13,2.0,40aad3a8774f96b2,681,70,88,False
0.13,2.0,40aad3a8774f96b2,682,70,88,False
0.13,2.0,40aad3a8774f96b2,683,70,88,False
0.13,2.0,40aad3a8774f96b2,684,70,89,False
0.13,2.0,40aad3a8774f96b2,685,70,89,False
0.13,2.0,40aad3a8774f96b2,686,70,89,False
0.13,2.0,40aad3a8774f96b2,687,71,89,False
0.13,2.0,40aad3a8774f96b2,688,71,89,False
0.13,2.0,40aad3a8774f96b2,689,71,89,False
0.13,2.0,40aad3a8774f96b2,690,71,89,False
0.13,2.0,40aad3a8774f96b2,691,71,89,False
0.13,2.0,40aad3a8774f96b2,692,71,89,False
0.13,2.0,40aad3a8774f96b2,693,71,90,False
0.13,2.0,40aad3a8774f96b2,694,71,90,False
0.13,2.0,40aad3a8774f96b2,695,71,90,False
0.13,2.0,40aad3a8774f96b2,696,72,90,False
0.13,2.0,40aad3a8774f96b2,697,72,90,False
0.13,2.0,40aad3a8774f96b2,698,72,90,False
0.13,2.0,40aad3a8774f96b2,699,72,90,False
0.13,2.0,40aad3a8774f96b2,700,72,90,False
0.13,2.0,40aad3a8774f96b2,701,72,90,False
0.13,2.0,40aad3a8774f96b2,702,72,91,False
0.13,2.0,40aad3a8774f96b2,703,72,91,False
0.13,2.0,40aad3a8774f96b2,704,72,91,False
0.13,2.0,40aad3a8774f96b2,705,73,91,False
0.13,2.0,40aad3a8774f96b2,706,73,91,False
0.13,2.0,40aad3a8774f96b2,707,73,91,False
0.13,2.0,40aad3a8774f96b2,708,73,91,False
0.13,2.0,40aad3a8774f96b2,709,73,91,False
0.13,2.0,40aad3a8774f96b2,710,73,92,False
0.13,2.0,40aad3a8774f96b2,711,73,92,False
0.13,2.0,40aad3a8774f96b2,712,73,92,False
0.13,2.0,40aad3a8774f96b2,713,73,92,False
0.13,2.0,40aad3a8774f96b2,714,74,92,False
0.13,2.0,40aad3a8774f96b2,715,74,92,False
0.13,2.0,40aad3a8774f96b2,716,74,92,False
0.13,2.0,40aad3a8774f96b2,717,74,92,False
0.13,2.0,40aad3a8774f96b2,718,74,92,False
0.13,2.0,40aad3a8774f96b2,719,74,93,False
0.13,2.0,40aad3a8774f96b2,720,74,93,False
0.13,2.0,40aad3a8774f96b2,721,74,93,False
0.13,2.0,40aad3a8774f96b2,722,75,93,False
0.13,2.0,40aad3a8774f96b2,723,75,93,False
0.13,2.0,40aad3a8774f96b2,724,75,93,False
0.13,2.0,40aad3a8774f96b2,725,75,93,False
0.13,2.0,40aad3a8774f96b2,726,75,93,False
0.13,2.0,40aad3a8774f96b2,727,75,93,False
0.13,2.0,40aad3a8774f96b2,728,75,94,False
0.13,2.0,40aad3a8774f96b2,729,75,94,False
0.13,2.0,40aad3a8774f96b2,730,75,94,False
0.13,2.0,40aad3a8774f96b2,731,76,94,False
0.13,2.0,40aad3a8774f96b2,732,76,94,False
0.13,2.0,40aad3a8774f96b2,733,76,94,False
0.13,2.0,40aad3a8774f96b2,734,76,94,False
0.13,2.0,40aad3a8774f96b2,735,76,94,False
0.13,2.0,40aad3a8774f96b2,736,76,94,False
0.13,2.0,40aad3a8774f96b2,737,76,95,False
0.13,2.0,40aad3a8774f96b2,738,76,95,False
0.13,2.0,40aad3a8774f96b2,739,76,95,False
0.13,2.0,40aad3a8774f96b2,740,77,95,False
0.13,2.0,40aad3a8774f96b2,741,77,95,False
0.13,2.0,40aad3a8774f96b2,742,77,95,False
0.13,2.0,40aad3a8774f96b2,743,77,95,False
0.13,2.0,40aad3a8774f96b2,744,77,95,False
0.13,2.0,40aad3a8774f96b2,745,77,96,False
0.13,2.0,40aad3a8774f96b2,746,77,96,False
0.13,2.0,40aad3a8774f96b2,747,77,96,False
0.13,2.0,40aad3a8774f96b2,748,77,96,False
0.13,2.0,40aad3a8774f96b2,749,78,96,False
0.13,2.0,40aad3a8774f96b2,750,78,96,False
0.13,2.0,40aad3a8774f96b2,751,78,96,False
0.13,2.0,40aad3a8774f96b2,752,78,96,False
0.13,2.0,40aad3a8774f96b2,753,78,96,False
0.13,2.0,40aad3a8774f96b2,754,78,97,False
0.13,2.0,40aad3a8774f96b2,755,78,97,False
0.13,2.0,40aad3a8774f96b2,756,78,97,False
0.13,2.0,40aad3a8774f96b2,757,79,97,False
0.13,2.0,40aad3a8774f96b2,758,79,97,False
0.13,2.0,40aad3a8774f96b2,759,79,97,False
0.13,2.0,40aad3a8774f96b2,760,79,97,False
0.13,2.0,40aad3a8774f96b2,761,79,97,False
0.13,2.0,40aad3a8774f96b2,762,79,97,False
0.13,2.0,40aad3a8774f96b2,763,79,98,False
0.13,2.0,40aad3a8774f96b2,764,79,98,False
0.13,2.0,40aad3a8774f96b2,765,79,98,False
0.13,2.0,40aad3a8774f96b2,766,80,98,False
0.13,2.0,40aad3a8774f96b2,767,80,98,False
0.13,2.0,40aad3a8774f96b2,768,80,98,False
0.13,2.0,40aad3a8774f96b2,769,80,98,False
0.13,2.0,40aad3a8774f96b2,770,80,98,False
0.13,2.0,40aad3a8774f96b2,771,80,98,False
0.13,2.0,40aad3a8774f96b2,772,80,99,False
0.13,2.0,40aad3a8774f96b2,773,80,99,False
0.13,2.0,40aad3a8774f96b2,774,80,99,False
0.13,2.0,40aad3a8774f96b2,775,81,99,False
0.13,2.0,40aad3a8774f96b2,776,81,99,False
0.13,2.0,40aad3a8774f96b2,777,81,99,False
0.13,2.0,40aad3a8774f96b2,778,81,99,False
0.13,2.0,40aad3a8774f96b2,779,81,99,False
0.13,2.0,40aad3a8774f96b2,780,81,100,False
0.13,2.0,40aad3a8774f96b2,781,81,100,False
0.13,2.0,40aad3a8774f96b2,782,81,100,False
0.13,2.0,40aad3a8774f96b2,783,81,100,False
0.13,2.0,40aad3a8774f96b2,784,82,100,False
0.13,2.0,40aad3a8774f96b2,785,82,100,False
0.13,2.0,40aad3a8774f96b2,786,82,100,False
0.13,2.0,40aad3a8774f96b2,787,82,100,False
0.13,2.0,40aad3a8774f96b2,788,82,100,False
0.13,2.0,40aad3a8774f96b2,789,82,101,False
0.13,2.0,40aad3a8774f96b2,790,82,101,False
0.13,2.0,40aad3a8774f96b2,791,82,101,False
0.13,2.0,40aad3a8774f96b2,792,83,101,False
0.13,2.0,40aad3a8774f96b2,793,83,101,False
0.13,2.0,40aad3a8774f96b2,794,83,101,False
0.13,2.0,40aad3a8774f96b2,795,83,101,False
0.13,2.0,40aad3a8774f96b2,796,83,101,False
0.13,2.0,40aad3a8774f96b2,797,83,101,False
0.13,2.0,40aad3a8774f96b2,798,83,102,False
0.13,2.0,40aad3a8774f96b2,799,83,102,False
0.13,2.0,40aad3a8774f96b2,800,83,102,False
0.13,2.0,40aad3a8774f96b2,801,84,102,False
0.13,2.0,40aad3a8774f96b2,802,84,102,False
0.13,2.0,40aad3a8774f96b2,803,84,102,False
0.13,2.0,40aad3a8774f96b2,804,84,102,False
0.13,2.0,40aad3a8774f96b2,805,84,102,False
0.13,2.0,40aad3a8774f96b2,806,84,102,False
0.13,2.0,40aad3a8774f96b2,807,84,103,False
0.13,2.0,40aad3a8774f96b2,808,84,103,False
0.13,2.0,40aad3a8774f96b2,809,84,103,False
0.13,2.0,40aad3a8774f96b2,810,85,103,False
0.13,2.0,40aad3a8774f96b2,811,85,103,False
0.13,2.0,40aad3a8774f96b2,812,85,103,False
0.13,2.0,40aad3a8774f96b2,813,85,103,False
0.13,2.0,40aad3a8774f96b2,814,85,103,False
0.13,2.0,40aad3a8774f96b2,815,85,104,False
0.13,2.0,40aad3a8774f96b2,816,85,104,False
0.13,2.0,40aad3a8774f96b2,817,85,104,False
0.13,2.0,40aad3a8774f96b2,818,86,104,False
0.13,2.0,40aad3a8774f96b2,819,86,104,False
0.13,2.0,40aad3a8774f96b2,820,86,104,False
0.13,2.0,40aad3a8774f96b2,821,86,104,False
0.13,2.0,40aad3a8774f96b2,822,86,104,False
0.13,2.0,40aad3a8774f96b2,823,86,104,False
0.13,2.0,40aad3a8774f96b2,824,86,105,False
0.13,2.0,40aad3a8774f96b2,825,86,105,False
0.13,2.0,40aad3a8774f96b2,826,86,105,False
0.13,2.0,40aad3a8774f96b2,827,87,105,False
0.13,2.0,40aad3a8774f96b2,828,87,105,False
0.13,2.0,40aad3a8774f96b2,829,87,105,False
0.13,2.0,40aad3a8774f96b2,830,87,105,False
0.13,2.0,40aad3a8774f96b2,831,87,105,False
0.13,2.0,40aad3a8774f96b2,832,87,105,False
0.13,2.0,40aad3a8774f96b2,833,87,106,False
0.13,2.0,40aad3a8774f96b2,834,87,106,False
0.13,2.0,40aad3a8774f96b2,835,87,106,False
0.13,2.0,40aad3a8774f96b2,836,88,106,False
0.13,2.0,40aad3a8774f96b2,837,88,106,False
0.13,2.0,40aad3a8774f96b2,838,88,106,False
0.13,2.0,40aad3a8774f96b2,839,88,106,False
0.13,2.0,40aad3a8774f96b2,840,88,106,False
0.13,2.0,40aad3a8774f96b2,841,88,106,False
0.13,2.0,40aad3a8774f96b2,842,88,107,False
0.13,2.0,40aad3a8774f96b2,843,88,107,False
0.13,2.0,40aad3a8774f96b2,844,88,107,False
0.13,2.0,40aad3a8774f96b2,845,89,107,False
0.13,2.0,40aad3a8774f96b2,846,89,107,False
0.13,2.0,40aad3a8774f96b2,847,89,107,False
0.13,2.0,40aad3a8774f96b2,848,89,107,False
0.13,2.0,40aad3a8774f96b2,849,89,107,False
0.13,2.0,40aad3a8774f96b2,850,89,108,False
0.13,2.0,40aad3a8774f96b2,851,89,108,False
0.13,2.0,40aad3a8774f96b2,852,89,108,False
0.13,2.0,40aad3a8774f96b2,853,90,108,False
0.13,2.0,40aad3a8774f96b2,854,90,108,False
0.13,2.0,40aad3a8774f96b2,855,90,108,False
0.13,2.0,40aad3a8774f96b2,856,90,108,False
0.13,2.0,40aad3a8774f96b2,857,90,108,False
0.13,2.0,40aad3a8774f96b2,858,90,108,False
0.13,2.0,40aad3a8774f96b2,859,90,109,False
0.13,2.0,40aad3a8774f96b2,860,90,109,False
0.13,2.0,40aad3a8774f96b2,861,90,109,False
0.13,2.0,40aad3a8774f96b2,862,91,109,False
0.13,2.0,40aad3a8774f96b2,863,91,109,False
0.13,2.0,40aad3a8774f96b2,864,91,109,False
0.13,2.0,40aad3a8774f96b2,865,91,109,False
0.13,2.0,40aad3a8774f96b2,866,91,109,False
0.13,2.0,40aad3a8774f96b2,867,91,109,False
0.13,2.0,40aad3a8774f96b2,868,91,110,False
0.13,2.0,40aad3a8774f96b2,869,91,110,False
0.13,2.0,40aad3a8774f96b2,870,91,110,False
0.13,2.0,40aad3a8774f96b2,871,92,110,False
0.13,2.0,40aad3a8774f96b2,872,92,110,False
0.13,2.0,40aad3a8774f96b2,873,92,110,False
0.13,2.0,40aad3a8774f96b2,874,92,110,False
0.13,2.0,40aad3a8774f96b2,875,92,110,False
0.13,2.0,40aad3a8774f96b2,876,92,110,False
0.13,2.0,40aad3a8774f96b2,877,92,111,False
0.13,2.0,40aad3a8774f96b2,878,92,111,False
0.13,2.0,40aad3a8774f96b2,879,92,111,False
0.13,2.0,40aad3a8774f96b2,880,93,111,False
0.13,2.0,40aad3a8774f96b2,881,93,111,False
0.13,2.0,40aad3a8774f96b2,882,93,111,False
0.13,2.0,40aad3a8774f96b2,883,93,111,False
0.13,2.0,40aad3a8774f96b2,884,93,111,False
0.13,2.0,40aad3a8774f96b2,885,93,112,False
0.13,2.0,40aad3a8774f96b2,886,93,112,False
0.13,2.0,40aad3a8774f96b2,887,93,112,False
0.13,2.0,40aad3a8774f96b2,888,94,112,False
0.13,2.0,40aad3a8774f96b2,889,94,112,False
0.13,2.0,40aad3a8774f96b2,890,94,112,False
0.13,2.0,40aad3a8774f96b2,891,94,112,False
0.13,2.0,40aad3a8774f96b2,892,94,112,False
0.13,2.0,40aad3a8774f96b2,893,94,112,False
0.13,2.0,40aad3a8774f96b2,894,94,113,False
0.13,2.0,40aad3a8774f96b2,895,94,113,False
0.13,2.0,40aad3a8774f96b2,896,94,113,False
0.13,2.0,40aad3a8774f96b2,897,95,113,False
0.13,2.0,40aad3a8774f96b2,898,95,113,False
0.13,2.0,40aad3a8774f96b2,899,95,113,False
0.13,2.0,40aad3a8774f96b2,900,95,113,False
0.13,2.0,40aad3a8774f96b2,901,95,113,False
0.13,2.0,40aad3a8774f96b2,902,95,113,False
0.13,2.0,40aad3a8774f96b2,903,95,114,False
0.13,2.0,40aad3a8774f96b2,904,95,114,False
0.13,2.0,40aad3a8774f96b2,905,95,114,False
0.13,2.0,40aad3a8774f96b2,906,96,114,False
0.13,2.0,40aad3a8774f96b2,907,96,114,False
0.13,2.0,40aad3a8774f96b2,908,96,114,False
0.13,2.0,40aad3a8774f96b2,909,96,114,False
0.13,2.0,40aad3a8774f96b2,910,96,114,False
0.13,2.0,40aad3a8774f96b2,911,96,115,False
0.13,2.0,40aad3a8774f96b2,912,96,115,False
0.13,2.0,40aad3a8774f96b2,913,96,115,False
0.13,2.0,40aad3a8774f96b2,914,96,115,False
0.13,2.0,40aad3a8774f96b2,915,97,115,False
0.13,2.0,40aad3a8774f96b2,916,97,115,False
0.13,2.0,40aad3a8774f96b2,917,97,115,False
0.13,2.0,40aad3a8774f96b2,918,97,115,False
0.13,2.0,40aad3a8774f96b2,919,97,115,False
0.13,2.0,40aad3a8774f96b2,920,97,116,False
0.13,2.0,40aad3a8774f96b2,921,97,116,False
0.13,2.0,40aad3a8774f96b2,922,97,116,False
0.13,2.0,40aad3a8774f96b2,923,98,116,False
0.13,2.0,40aad3a8774f96b2,924,98,116,False
0.13,2.0,40aad3a8774f96b2,925,98,116,False
0.13,2.0,40aad3a8774f96b2,926,98,116,False
0.13,2.0,40aad3a8774f96b2,927,98,116,False
0.13,2.0,40aad3a8774f96b2,928,98,116,False
0.13,2.0,40aad3a8774f96b2,929,98,117,False
0.13,2.0,40aad3a8774f96b2,930,98,117,False
0.13,2.0,40aad3a8774f96b2,931,98,117,False
0.13,2.0,40aad3a8774f96b2,932,99,117,False
0.13,2.0,40aad3a8774f96b2,933,99,117,False
0.13,2.0,40aad3a8774f96b2,934,99,117,False
0.13,2.0,40aad3a8774f96b2,935,99,117,False
0.13,2.0,40aad3a8774f96b2,936,99,117,False
0.13,2.0,40aad3a8774f96b2,937,99,117,False
0.13,2.0,40aad3a8774f96b2,938,99,118,False
0.13,2.0,40aad3a8774f96b2,939,99,118,False
0.13,2.0,40aad3a8774f96b2,940,99,118,False
0.13,2.0,40aad3a8774f96b2,941,100,118,False
0.13,2.0,40aad3a8774f96b2,942,100,118,False
0.13,2.0,40aad3a8774f96b2,943,100,118,False
0.13,2.0,40aad3a8774f96b2,944,100,118,False
0.13,2.0,40aad3a8774f96b2,945,100,118,False
0.13,2.0,40aad3a8774f96b2,946,100,119,False
0.13,2.0,40aad3a8774f96b2,947,100,119,False
0.13,2.0,40aad3a8774f96b2,948,100,119,False
0.13,2.0,40aad3a8774f96b2,949,100,119,False
0.13,2.0,40aad3a8774f96b2,950,101,119,False
0.13,2.0,40aad3a8774f96b2,951,101,119,False
0.13,2.0,40aad3a8774f96b2,952,101,119,False
0.13,2.0,40aad3a8774f96b2,953,101,119,False
0.13,2.0,40aad3a8774f96b2,954,101,119,False
0.13,2.0,40aad3a8774f96b2,955,101,120,False
0.13,2.0,40aad3a8774f96b2,956,101,120,False
0.13,2.0,40aad3a8774f96b2,957,101,120,False
0.13,2.0,40aad3a8774f96b2,958,102,120,False
0.13,2.0,40aad3a8774f96b2,959,102,120,False
0.13,2.0,40aad3a8774f96b2,960,102,120,False
0.13,2.0,40aad3a8774f96b2,961,102,120,False
0.13,2.0,40aad3a8774f96b2,962,102,120,False
0.13,2.0,40aad3a8774f96b2,963,102,120,False
0.13,2.0,40aad3a8774f96b2,964,102,121,False
0.13,2.0,40aad3a8774f96b2,965,102,121,False
0.13,2.0,40aad3a8774f96b2,966,102,121,False
0.13,2.0,40aad3a8774f96b2,967,103,121,False
0.13,2.0,40aad3a8774f96b2,968,103,121,False
0.13,2.0,40aad3a8774f96b2,969,103,121,False
0.13,2.0,40aad3a8774f96b2,970,103,121,False
0.13,2.0,40aad3a8774f96b2,971,103,121,False
0.13,2.0,40aad3a8774f96b2,972,103,121,False
0.13,2.0,40aad3a8774f96b2,973,103,122,False
0.13,2.0,40aad3a8774f96b2,974,103,122,False
0.13,2.0,40aad3a8774f96b2,975,103,122,False
0.13,2.0,40aad3a8774f96b2,976,104,122,False
0.13,2.0,40aad3a8774f96b2,977,104,122,False
0.13,2.0,40aad3a8774f96b2,978,104,122,False
0.13,2.0,40aad3a8774f96b2,979,104,122,False
0.13,2.0,40aad3a8774f96b2,980,104,122,False
0.13,2.0,40aad3a8774f96b2,981,104,123,False
0.13,2.0,40aad3a8774f96b2,982,104,123,False
0.13,2.0,40aad3a8774f96b2,983,104,123,False
0.13,2.0,40aad3a8774f96b2,984,104,123,False
0.13,2.0,40aad3a8774f96b2,985,105,123,False
0.13,2.0,40aad3a8774f96b2,986,105,123,False
0.13,2.0,40aad3a8774f96b2,987,105,123,False
0.13,2.0,40aad3a8774f96b2,988,105,123,False
0.13,2.0,40aad3a8774f96b2,989,105,123,False
0.13,2.0,40aad3a8774f96b2,990,105,124,False
0.13,2.0,40aad3a8774f96b2,991,105,124,False
0.13,2.0,40aad3a8774f96b2,992,105,124,False
0.13,2.0,40aad3a8774f96b2,993,106,124,False
0.13,2.0,40aad3a8774f96b2,994,106,124,False
0.13,2.0,40aad3a8774f96b2,995,106,124,False
0.13,2.0,40aad3a8774f96b2,996,106,124,False
0.13,2.0,40aad3a8774f96b2,997,106,124,False
0.13,2.0,40aad3a8774f96b2,998,106,124,False
0.13,2.0,40aad3a8774f96b2,999,106,125,False
0.13,2.0,40aad3a8774f96b2,1000,106,125,False
0.13,2.0,40aad3a8774f96b2,1001,106,125,False
0.13,2.0,40aad3a8774f96b2,1002,107,125,False
0.13,2.0,40aad3a8774f96b2,1003,107,125,False
0.13,2.0,40aad3a8774f96b2,1004,107,125,False
0.13,2.0,40aad3a8774f96b2,1005,107,125,False
0.13,2.0,40aad3a8774f96b2,1006,107,125,False
0.13,2.0,40aad3a8774f96b2,1007,107,125,False
0.13,2.0,40aad3a8774f96b2,1008,107,126,False
0.13,2.0,40aad3a8774f96b2,1009,107,126,False
0.13,2.0,40aad3a8774f96b2,1010,107,126,False
0.13,2.0,40aad3a8774f96b2,1011,108,126,False
0.13,2.0,40aad3a8774f96b2,1012,108,126,False
0.13,2.0,40aad3a8774f96b2,1013,108,126,False
0.13,2.0,40aad3a8774f96b2,1014,108,126,False
0.13,2.0,40aad3a8774f96b2,1015,108,126,False
0.13,2.0,40aad3a8774f96b2,1016,108,127,False
0.13,2.0,40aad3a8774f96b2,1017,108,127,False
0.13,2.0,40aad3a8774f96b2,1018,108,127,False
0.13,2.0,40aad3a8774f96b2,1019,109,127,False
0.13,2.0,40aad3a8774f96b2,1020,109,127,False
0.13,2.0,40aad3a8774f96b2,1021,109,127,False
0.13,2.0,40aad3a8774f96b2,1022,109,127,False
0.13,2.0,40aad3a8774f96b2,1023,109,127,False
0.13,2.0,40aad3a8774f96b2,1024,109,127,False
0.13,2.0,40aad3a8774f96b2,1025,109,128,False
0.13,2.0,40aad3a8774f96b2,1026,109,128,False
0.13,2.0,40aad3a8774f96b2,1027,109,128,False
0.13,2.0,40aad3a8774f96b2,1028,110,128,False
0.13,2.0,40aad3a8774f96b2,1029,110,128,False
0.13,2.0,40aad3a8774f96b2,1030,110,128,False
0.13,2.0,40aad3a8774f96b2,1031,110,128,False
0.13,2.0,40aad3a8774f96b2,1032,110,128,False
0.13,2.0,40aad3a8774f96b2,1033,110,128,False
0.13,2.0,40aad3a8774f96b2,1034,110,129,False
0.13,2.0,40aad3a8774f96b2,1035,110,129,False
0.13,2.0,40aad3a8774f96b2,1036,110,129,False
0.13,2.0,40aad3a8774f96b2,1037,111,129,False
0.13,2.0,40aad3a8774f96b2,1038,111,129,False
0.13,2.0,40aad3a8774f96b2,1039,111,129,False
0.13,2.0,40aad3a8774f96b2,1040,111,129,False
0.13,2.0,40aad3a8774f96b2,1041,111,129,False
0.13,2.0,40aad3a8774f96b2,1042,111,129,False
0.13,2.0,40aad3a8774f96b2,1043,111,130,False
0.13,2.0,40aad3a8774f96b2,1044,111,130,False
0.13,2.0,40aad3a8774f96b2,1045,111,130,False
0.13,2.0,40aad3a8774f96b2,1046,112,130,False
0.13,2.0,40aad3a8774f96b2,1047,112,130,False
0.13,2.0,40aad3a8774f96b2,1048,112,130,False
0.13,2.0,40aad3a8774f96b2,1049,112,130,False
0.13,2.0,40aad3a8774f96b2,1050,112,130,False
0.13,2.0,40aad3a8774f96b2,1051,112,131,False
0.13,2.0,40aad3a8774f96b2,1052,112,131,False
0.13,2.0,40aad3a8774f96b2,1053,112,131,False
0.13,2.0,40aad3a8774f96b2,1054,113,131,False
0.13,2.0,40aad3a8774f96b2,1055,113,131,False
0.13,2.0,40aad3a8774f96b2,1056,113,131,False
0.13,2.0,40aad3a8774f96b2,1057,113,131,False
0.13,2.0,40aad3a8774f96b2,1058,113,131,False
0.13,2.0,40aad3a8774f96b2,1059,113,131,False
0.13,2.0,40aad3a8774f96b2,1060,113,132,False
0.13,2.0,40aad3a8774f96b2,1061,113,132,False
0.13,2.0,40aad3a8774f96b2,1062,113,132,False
0.13,2.0,40aad3a8774f96b2,1063,114,132,False
0.13,2.0,40aad3a8774f96b2,1064,114,132,False
0.13,2.0,40aad3a8774f96b2,1065,114,132,False
0.13,2.0,40aad3a8774f96b2,1066,114,132,False
0.13,2.0,40aad3a8774f96b2,1067,114,132,False
0.13,2.0,40aad3a8774f96b2,1068,114,132,False
0.13,2.0,40aad3a8774f96b2,1069,114,133,False
0.13,2.0,40aad3a8774f96b2,1070,114,133,False
0.13,2.0,40aad3a8774f96b2,1071,114,133,False
0.13,2.0,40aad3a8774f96b2,1072,115,133,False
0.13,2.0,40aad3a8774f96b2,1073,115,133,False
0.13,2.0,40aad3a8774f96b2,1074,115,133,False
0.13,2.0,40aad3a8774f96b2,1075,115,133,False
0.13,2.0,40aad3a8774f96b2,1076,115,133,False
0.13,2.0,40aad3a8774f96b2,1077,115,133,False
0.13,2.0,40aad3a8774f96b2,1078,115,134,False
0.13,2.0,40aad3a8774f96b2,1079,115,134,False
0.13,2.0,40aad3a8774f96b2,1080,115,134,False
0.13,2.0,40aad3a8774f96b2,1081,116,134,False
0.13,2.0,40aad3a8774f96b2,1082,116,134,False
0.13,2.0,40aad3a8774f96b2,1083,116,134,False
0.13,2.0,40aad3a8774f96b2,1084,116,134,False
0.13,2.0,40aad3a8774f96b2,1085,116,134,False
0.13,2.0,40aad3a8774f96b2,1086,116,135,False
0.13,2.0,40aad3a8774f96b2,1087,116,135,False
0.13,2.0,40aad3a8774f96b2,1088,116,135,False
0.13,2.0,40aad3a8774f96b2,1089,117,135,False
0.13,2.0,40aad3a8774f96b2,1090,117,135,False
0.13,2.0,40aad3a8774f96b2,1091,117,135,False
0.13,2.0,40aad3a8774f96b2,1092,117,135,False
0.13,2.0,40aad3a8774f96b2,1093,117,135,False
0.13,2.0,40aad3a8774f96b2,1094,117,135,False
0.13,2.0,40aad3a8774f96b2,1095,117,136,False
0.13,2.0,40aad3a8774f96b2,1096,117,136,False
0.13,2.0,40aad3a8774f96b2,1097,117,136,False
0.13,2.0,40aad3a8774f96b2,1098,118,136,False
0.13,2.0,40aad3a8774f96b2,1099,118,136,False
0.13,2.0,40aad3a8774f96b2,1100,118,136,False
0.13,2.0,40aad3a8774f96b2,1101,118,136,False
0.13,2.0,40aad3a8774f96b2,1102,118,136,False
0.13,2.0,40aad3a8774f96b2,1103,118,136,False
0.13,2.0,40aad3a8774f96b2,1104,118,137,False
0.13,2.0,40aad3a8774f96b2,1105,118,137,False
0.13,2.0,40aad3a8774f96b2,1106,118,137,False
0.13,2.0,40aad3a8774f96b2,1107,119,137,False
0.13,2.0,40aad3a8774f96b2,1108,119,137,False
0.13,2.0,40aad3a8774f96b2,1109,119,137,False
0.13,2.0,40aad3a8774f96b2,1110,119,137,False
0.13,2.0,40aad3a8774f96b2,1111,119,137,False
0.13,2.0,40aad3a8774f96b2,1112,119,138,False
0.13,2.0,40aad3a8774f96b2,1113,119,138,False
0.13,2.0,40aad3a8774f96b2,1114,119,138,False
0.13,2.0,40aad3a8774f96b2,1115,119,138,False
0.13,2.0,40aad3a8774f96b2,1116,120,138,False
0.13,2.0,40aad3a8774f96b2,1117,120,138,False
0.13,2.0,40aad3a8774f96b2,1118,120,138,False
0.13,2.0,40aad3a8774f96b2,1119,120,138,False
0.13,2.0,40aad3a8774f96b2,1120,120,138,False
0.13,2.0,40aad3a8774f96b2,1121,120,139,False
0.13,2.0,40aad3a8774f96b2,1122,120,139,False
0.13,2.0,40aad3a8774f96b2,1123,120,139,False
0.13,2.0,40aad3a8774f96b2,1124,121,139,False
0.13,2.0,40aad3a8774f96b2,1125,121,139,False
0.13,2.0,40aad3a8774f96b2,1126,121,139,False
0.13,2.0,40aad3a8774f96b2,1127,121,139,False
0.13,2.0,40aad3a8774f96b2,1128,121,139,False
0.13,2.0,40aad3a8774f96b2,1129,121,139,False
0.13,2.0,40aad3a8774f96b2,1130,121,140,False
0.13,2.0,40aad3a8774f96b2,1131,121,140,False
0.13,2.0,40aad3a8774f96b2,1132,121,140,False
0.13,2.0,40aad3a8774f96b2,1133,122,140,False
0.13,2.0,40aad3a8774f96b2,1134,122,140,False
0.13,2.0,40aad3a8774f96b2,1135,122,140,False
0.13,2.0,40aad3a8774f96b2,1136,122,140,False
0.13,2.0,40aad3a8774f96b2,1137,122,140,False
0.13,2.0,40aad3a8774f96b2,1138,122,140,False
0.13,2.0,40aad3a8774f96b2,1139,122,141,False
0.13,2.0,40aad3a8774f96b2,1140,122,141,False
0.13,2.0,40aad3a8774f96b2,1141,122,141,False
0.13,2.0,40aad3a8774f96b2,1142,123,141,False
0.13,2.0,40aad3a8774f96b2,1143,123,141,False
0.13,2.0,40aad3a8774f96b2,1144,123,141,False
0.13,2.0,40aad3a8774f96b2,1145,123,141,False
0.13,2.0,40aad3a8774f96b2,1146,123,141,False
0.13,2.0,40aad3a8774f96b2,1147,123,142,False
0.13,2.0,40aad3a8774f96b2,1148,123,142,False
0.13,2.0,40aad3a8774f96b2,1149,123,142,False
0.13,2.0,40aad3a8774f96b2,1150,123,142,False
0.13,2.0,40aad3a8774f96b2,1151,124,142,False
0.13,2.0,40aad3a8774f96b2,1152,124,142,False
0.13,2.0,40aad3a8774f96b2,1153,124,142,False
0.13,2.0,40aad3a8774f96b2,1154,124,142,False
0.13,2.0,40aad3a8774f96b2,1155,124,142,False
0.13,2.0,40aad3a8774f96b2,1156,124,143,False
0.13,2.0,40aad3a8774f96b2,1157,124,143,False
0.13,2.0,40aad3a8774f96b2,1158,124,143,False
0.13,2.0,40aad3a8774f96b2,1159,125,143,False
0.13,2.0,40aad3a8774f96b2,1160,125,143,False
0.13,2.0,40aad3a8774f96b2,1161,125,143,False
0.13,2.0,40aad3a8774f96b2,1162,125,143,False
0.13,2.0,40aad3a8774f96b2,1163,125,143,False
0.13,2.0,40aad3a8774f96b2,1164,125,143,False
0.13,2.0,40aad3a8774f96b2,1165,125,144,False
0.13,2.0,40aad3a8774f96b2,1166,125,144,False
0.13,2.0,40aad3a8774f96b2,1167,125,144,False
0.13,2.0,40aad3a8774f96b2,1168,126,144,False
0.13,2.0,40aad3a8774f96b2,1169,126,144,False
0.13,2.0,40aad3a8774f96b2,1170,126,144,False
0.13,2.0,40aad3a8774f96b2,1171,126,144,False
0.13,2.0,40aad3a8774f96b2,1172,126,144,False
0.13,2.0,40aad3a8774f96b2,1173,126,144,False
0.13,2.0,40aad3a8774f96b2,1174,126,145,False
0.13,2.0,40aad3a8774f96b2,1175,126,145,False
0.13,2.0,40aad3a8774f96b2,1176,126,145,False
0.13,2.0,40aad3a8774f96b2,1177,127,145,False
0.13,2.0,40aad3a8774f96b2,1178,127,145,False
0.13,2.0,40aad3a8774f96b2,1179,127,145,False
0.13,2.0,40aad3a8774f96b2,1180,127,145,False
0.13,2.0,40aad3a8774f96b2,1181,127,145,False
0.13,2.0,40aad3a8774f96b2,1182,127,146,False
0.13,2.0,40aad3a8774f96b2,1183,127,146,False
0.13,2.0,40aad3a8774f96b2,1184,127,146,False
0.13,2.0,40aad3a8774f96b2,1185,128,146,False
0.13,2.0,40aad3a8774f96b2,1186,128,146,False
0.13,2.0,40aad3a8774f96b2,1187,128,146,False
0.13,2.0,40aad3a8774f96b2,1188,128,146,False
0.13,2.0,40aad3a8774f96b2,1189,128,146,False
0.13,2.0,40aad3a8774f96b2,1190,128,146,False
0.13,2.0,40aad3a8774f96b2,1191,128,147,False
0.13,2.0,40aad3a8774f96b2,1192,128,147,False
0.13,2.0,40aad3a8774f96b2,1193,128,147,False
0.13,2.0,40aad3a8774f96b2,1194,129,147,False
0.13,2.0,40aad3a8774f96b2,1195,129,147,False
0.13,2.0,40aad3a8774f96b2,1196,129,147,False
0.13,2.0,40aad3a8774f96b2,1197,129,147,False
0.13,2.0,40aad3a8774f96b2,1198,129,147,False
0.13,2.0,40aad3a8774f96b2,1199,129,147,False
0.13,2.0,40aad3a8774f96b2,1200,129,148,False
0.13,2.0,40aad3a8774f96b2,1201,129,148,False
0.13,2.0,40aad3a8774f96b2,1202,129,148,False
0.13,2.0,40aad3a8774f96b2,1203,130,148,False
0.13,2.0,40aad3a8774f96b2,1204,130,148,False
0.13,2.0,40aad3a8774f96b2,1205,130,148,False
0.13,2.0,40aad3a8774f96b2,1206,130,148,False
0.13,2.0,40aad3a8774f96b2,1207,130,148,False
0.13,2.0,40aad3a8774f96b2,1208,130,148,False
0.13,2.0,40aad3a8774f96b2,1209,130,149,False
0.13,2.0,40aad3a8774f96b2,1210,130,149,False
0.13,2.0,40aad3a8774f96b2,1211,130,149,False
0.13,2.0,40aad3a8774f96b2,1212,131,149,False
0.13,2.0,40aad3a8774f96b2,1213,131,149,False
0.13,2.0,40aad3a8774f96b2,1214,131,149,False
0.13,2.0,40aad3a8774f96b2,1215,131,149,False
0.13,2.0,40aad3a8774f96b2,1216,131,149,False
0.13,2.0,40aad3a8774f96b2,1217,131,150,False
0.13,2.0,40aad3a8774f96b2,1218,131,150,False
0.13,2.0,40aad3a8774f96b2,1219,131,150,False
0.13,2.0,40aad3a8774f96b2,1220,132,150,False
0.13,2.0,40aad3a8774f96b2,1221,132,150,False
0.13,2.0,40aad3a8774f96b2,1222,132,150,False
0.13,2.0,40aad3a8774f96b2,1223,132,150,False
0.13,2.0,40aad3a8774f96b2,1224,132,150,False
0.13,2.0,40aad3a8774f96b2,1225,132,150,False
0.13,2.0,40aad3a8774f96b2,1226,132,151,False
0.13,2.0,40aad3a8774f96b2,1227,132,151,False
0.13,2.0,40aad3a8774f96b2,1228,132,151,False
0.13,2.0,40aad3a8774f96b2,1229,133,151,False
0.13,2.0,40aad3a8774f96b2,1230,133,151,False
0.13,2.0,40aad3a8774f96b2,1231,133,151,False
0.13,2.0,40aad3a8774f96b2,1232,133,151,False
0.13,2.0,40aad3a8774f96b2,1233,133,151,False
0.13,2.0,40aad3a8774f96b2,1234,133,151,False
0.13,2.0,40aad3a8774f96b2,1235,133,152,False
0.13,2.0,40aad3a8774f96b2,1236,133,152,False
0.13,2.0,40aad3a8774f96b2,1237,133,152,False
0.13,2.0,40aad3a8774f96b2,1238,134,152,False
0.13,2.0,40aad3a8774f96b2,1239,134,152,False
0.13,2.0,40aad3a8774f96b2,1240,134,152,False
0.13,2.0,40aad3a8774f96b2,1241,134,152,False
0.13,2.0,40aad3a8774f96b2,1242,134,152,False
0.13,2.0,40aad3a8774f96b2,1243,134,152,False
0.13,2.0,40aad3a8774f96b2,1244,134,153,False
0.13,2.0,40aad3a8774f96b2,1245,134,153,False
0.13,2.0,40aad3a8774f96b2,1246,134,153,False
0.13,2.0,40aad3a8774f96b2,1247,135,153,False
0.13,2.0,40aad3a8774f96b2,1248,135,153,False
0.13,2.0,40aad3a8774f96b2,1249,135,153,False
0.13,2.0,40aad3a8774f96b2,1250,135,153,False
0.13,2.0,40aad3a8774f96b2,1251,135,153,False
0.13,2.0,40aad3a8774f96b2,1252,135,154,False
0.13,2.0,40aad3a8774f96b2,1253,135,154,False
0.13,2.0,40aad3a8774f96b2,1254,135,154,False
0.13,2.0,40aad3a8774f96b2,1255,136,154,False
0.13,2.0,40aad3a8774f96b2,1256,136,154,False
0.13,2.0,40aad3a8774f96b2,1257,136,154,False
0.13,2.0,40aad3a8774f96b2,1258,136,154,False
0.13,2.0,40aad3a8774f96b2,1259,136,154,False
0.13,2.0,40aad3a8774f96b2,1260,136,154,False
0.13,2.0,40aad3a8774f96b2,1261,136,155,False
0.13,2.0,40aad3a8774f96b2,1262,136,155,False
0.13,2.0,40aad3a8774f96b2,1263,136,155,False
0.13,2.0,40aad3a8774f96b2,1264,137,155,False
0.13,2.0,40aad3a8774f96b2,1265,137,155,False
0.13,2.0,40aad3a8774f96b2,1266,137,155,False
0.13,2.0,40aad3a8774f96b2,1267,137,155,False
0.13,2.0,40aad3a8774f96b2,1268,137,155,False
0.13,2.0,40aad3a8774f96b2,1269,137,155,False
0.13,2.0,40aad3a8774f96b2,1270,137,156,False
0.13,2.0,40aad3a8774f96b2,1271,137,156,False
0.13,2.0,40aad3a8774f96b2,1272,137,156,False
0.13,2.0,40aad3a8774f96b2,1273,138,156,False
0.13,2.0,40aad3a8774f96b2,1274,138,156,False
0.13,2.0,40aad3a8774f96b2,1275,138,156,False
0.13,2.0,40aad3a8774f96b2,1276,138,156,False
0.13,2.0,40aad3a8774f96b2,1277,138,156,False
0.13,2.0,40aad3a8774f96b2,1278,138,156,False
0.13,2.0,40aad3a8774f96b2,1279,138,157,False
0.13,2.0,40aad3a8774f96b2,1280,138,157,False
0.13,2.0,40aad3a8774f96b2,1281,138,157,False
0.13,2.0,40aad3a8774f96b2,1282,139,157,False
0.13,2.0,40aad3a8774f96b2,1283,139,157,False
0.13,2.0,40aad3a8774f96b2,1284,139,157,False
0.13,2.0,40aad3a8774f96b2,1285,139,157,False
0.13,2.0,40aad3a8774f96b2,1286,139,157,False
0.13,2.0,40aad3a8774f96b2,1287,139,158,False
0.13,2.0,40aad3a8774f96b2,1288,139,158,False
0.13,2.0,40aad3a8774f96b2,1289,139,158,False
0.13,2.0,40aad3a8774f96b2,1290,140,158,False
0.13,2.0,40aad3a8774f96b2,1291,140,158,False
0.13,2.0,40aad3a8774f96b2,1292,140,158,False
0.13,2.0,40aad3a8774f96b2,1293,140,158,False
0.13,2.0,40aad3a8774f96b2,1294,140,158,False
0.13,2.0,40aad3a8774f96b2,1295,140,158,False
0.13,2.0,40aad3a8774f96b2,1296,140,159,False
0.13,2.0,40aad3a8774f96b2,1297,140,159,False
0.13,2.0,40aad3a8774f96b2,1298,140,159,False
0.13,2.0,40aad3a8774f96b2,1299,141,159,False
0.13,2.0,40aad3a8774f96b2,1300,141,159,False
0.13,2.0,40aad3a8774f96b2,1301,141,159,False
0.13,2.0,40aad3a8774f96b2,1302,141,159,False
0.13,2.0,40aad3a8774f96b2,1303,141,159,False
0.13,2.0,40aad3a8774f96b2,1304,141,159,False
0.13,2.0,40aad3a8774f96b2,1305,141,160,False
0.13,2.0,40aad3a8774f96b2,1306,141,160,False
0.13,2.0,40aad3a8774f96b2,1307,141,160,False
0.13,2.0,40aad3a8774f96b2,1308,142,160,False
0.13,2.0,40aad3a8774f96b2,1309,142,160,False
0.13,2.0,40aad3a8774f96b2,1310,142,160,False
0.13,2.0,40aad3a8774f96b2,1311,142,160,False
0.13,2.0,40aad3a8774f96b2,1312,142,160,False
0.13,2.0,40aad3a8774f96b2,1313,142,161,False
0.13,2.0,40aad3a8774f96b2,1314,142,161,False
0.13,2.0,40aad3a8774f96b2,1315,142,161,False
0.13,2.0,40aad3a8774f96b2,1316,142,161,False
0.13,2.0,40aad3a8774f96b2,1317,143,161,False
0.13,2.0,40aad3a8774f96b2,1318,143,161,False
0.13,2.0,40aad3a8774f96b2,1319,143,161,False
0.13,2.0,40aad3a8774f96b2,1320,143,161,False
0.13,2.0,40aad3a8774f96b2,1321,143,161,False
0.13,2.0,40aad3a8774f96b2,1322,143,162,False
0.13,2.0,40aad3a8774f96b2,1323,143,162,False
0.13,2.0,40aad3a8774f96b2,1324,143,162,False
0.13,2.0,40aad3a8774f96b2,1325,144,162,False
0.13,2.0,40aad3a8774f96b2,1326,144,162,False
0.13,2.0,40aad3a8774f96b2,1327,144,162,False
0.13,2.0,40aad3a8774f96b2,1328,144,162,False
0.13,2.0,40aad3a8774f96b2,1329,144,162,False
0.13,2.0,40aad3a8774f96b2,1330,144,162,False
0.13,2.0,40aad3a8774f96b2,1331,144,163,False
0.13,2.0,40aad3a8774f96b2,1332,144,163,False
0.13,2.0,40aad3a8774f96b2,1333,144,163,False
0.13,2.0,40aad3a8774f96b2,1334,145,163,False
0.13,2.0,40aad3a8774f96b2,1335,145,163,False
0.13,2.0,40aad3a8774f96b2,1336,145,163,False
0.13,2.0,40aad3a8774f96b2,1337,145,163,False
0.13,2.0,40aad3a8774f96b2,1338,145,163,False
0.13,2.0,40aad3a8774f96b2,1339,145,163,False
0.13,2.0,40aad3a8774f96b2,1340,145,164,False
0.13,2.0,40aad3a8774f96b2,1341,145,164,False
0.13,2.0,40aad3a8774f96b2,1342,145,164,False
0.13,2.0,40aad3a8774f96b2,1343,146,164,False
0.13,2.0,40aad3a8774f96b2,1344,146,164,False
0.13,2.0,40aad3a8774f96b2,1345,146,164,False
0.13,2.0,40aad3a8774f96b2,1346,146,164,False
0.13,2.0,40aad3a8774f96b2,1347,146,164,False
0.13,2.0,40aad3a8774f96b2,1348,146,165,False
0.13,2.0,40aad3a8774f96b2,1349,146,165,False
0.13,2.0,40aad3a8774f96b2,1350,146,165,False
0.13,2.0,40aad3a8774f96b2,1351,146,165,False
0.13,2.0,40aad3a8774f96b2,1352,147,165,False
0.13,2.0,40aad3a8774f96b2,1353,147,165,False
0.13,2.0,40aad3a8774f96b2,1354,147,165,False
0.13,2.0,40aad3a8774f96b2,1355,147,165,False
0.13,2.0,40aad3a8774f96b2,1356,147,165,False
0.13,2.0,40aad3a8774f96b2,1357,147,166,False
0.13,2.0,40aad3a8774f96b2,1358,147,166,False
0.13,2.0,40aad3a8774f96b2,1359,147,166,False
0.13,2.0,40aad3a8774f96b2,1360,148,166,False
0.13,2.0,40aad3a8774f96b2,1361,148,166,False
0.13,2.0,40aad3a8774f96b2,1362,148,166,False
0.13,2.0,40aad3a8774f96b2,1363,148,166,False
0.13,2.0,40aad3a8774f96b2,1364,148,166,False
0.13,2.0,40aad3a8774f96b2,1365,148,166,False
0.13,2.0,40aad3a8774f96b2,1366,148,167,False
0.13,2.0,40aad3a8774f96b2,1367,148,167,False
0.13,2.0,40aad3a8774f96b2,1368,148,167,False
0.13,2.0,40aad3a8774f96b2,1369,149,167,False
0.13,2.0,40aad3a8774f96b2,1370,149,167,False
0.13,2.0,40aad3a8774f96b2,1371,149,167,False
0.13,2.0,40aad3a8774f96b2,1372,149,167,False
0.13,2.0,40aad3a8774f96b2,1373,149,167,False
0.13,2.0,40aad3a8774f96b2,1374,149,167,False
0.13,2.0,40aad3a8774f96b2,1375,149,168,False
0.13,2.0,40aad3a8774f96b2,1376,149,168,False
0.13,2.0,40aad3a8774f96b2,1377,149,168,False
0.13,2.0,40aad3a8774f96b2,1378,150,168,False
0.13,2.0,40aad3a8774f96b2,1379,150,168,False
0.13,2.0,40aad3a8774f96b2,1380,150,168,False
0.13,2.0,40aad3a8774f96b2,1381,150,168,False
0.13,2.0,40aad3a8774f96b2,1382,150,168,False
0.13,2.0,40aad3a8774f96b2,1383,150,169,False
0.13,2.0,40aad3a8774f96b2,1384,150,169,False
0.13,2.0,40aad3a8774f96b2,1385,150,169,False
0.13,2.0,40aad3a8774f96b2,1386,151,169,False
0.13,2.0,40aad3a8774f96b2,1387,151,169,False
0.13,2.0,40aad3a8774f96b2,1388,151,169,False
0.13,2.0,40aad3a8774f96b2,1389,151,169,False
0.13,2.0,40aad3a8774f96b2,1390,151,169,False
0.13,2.0,40aad3a8774f96b2,1391,151,169,False
0.13,2.0,40aad3a8774f96b2,1392,151,170,False
0.13,2.0,40aad3a8774f96b2,1393,151,170,False
0.13,2.0,40aad3a8774f96b2,1394,151,170,False
0.13,2.0,40aad3a8774f96b2,1395,152,170,False
0.13,2.0,40aad3a8774f96b2,1396,152,170,False
0.13,2.0,40aad3a8774f96b2,1397,152,170,False
0.13,2.0,40aad3a8774f96b2,1398,152,170,False
0.13,2.0,40aad3a8774f96b2,1399,152,170,False
0.13,2.0,40aad3a8774f96b2,1400,152,170,False
0.13,2.0,40aad3a8774f96b2,1401,152,171,False
0.13,2.0,40aad3a8774f96b2,1402,152,171,False
0.13,2.0,40aad3a8774f96b2,1403,152,171,False
0.13,2.0,40aad3a8774f96b2,1404,153,171,False
0.13,2.0,40aad3a8774f96b2,1405,153,171,False
0.13,2.0,40aad3a8774f96b2,1406,153,171,False
0.13,2.0,40aad3a8774f96b2,1407,153,171,False
0.13,2.0,40aad3a8774f96b2,1408,153,171,False
0.13,2.0,40aad3a8774f96b2,1409,153,171,False
0.13,2.0,40aad3a8774f96b2,1410,153,172,False
0.13,2.0,40aad3a8774f96b2,1411,153,172,False
0.13,2.0,40aad3a8774f96b2,1412,153,172,False
0.13,2.0,40aad3a8774f96b2,1413,154,172,False
0.13,2.0,40aad3a8774f96b2,1414,154,172,False
0.13,2.0,40aad3a8774f96b2,1415,154,172,False
0.13,2.0,40aad3a8774f96b2,1416,154,172,False
0.13,2.0,40aad3a8774f96b2,1417,154,172,False
0.13,2.0,40aad3a8774f96b2,1418,154,173,False
0.13,2.0,40aad3a8774f96b2,1419,154,173,False
0.13,2.0,40aad3a8774f96b2,1420,154,173,False
0.13,2.0,40aad3a8774f96b2,1421,155,173,False
0.13,2.0,40aad3a8774f96b2,1422,155,173,False
0.13,2.0,40aad3a8774f96b2,1423,155,173,False
0.13,2.0,40aad3a8774f96b2,1424,155,173,False
0.13,2.0,40aad3a8774f96b2,1425,155,173,False
0.13,2.0,40aad3a8774f96b2,1426,155,173,False
0.13,2.0,40aad3a8774f96b2,1427,155,174,False
0.13,2.0,40aad3a8774f96b2,1428,155,174,False
0.13,2.0,40aad3a8774f96b2,1429,155,174,False
0.13,2.0,40aad3a8774f96b2,1430,156,174,False
0.13,2.0,40aad3a8774f96b2,1431,156,174,False
0.13,2.0,40aad3a8774f96b2,1432,156,174,False
0.13,2.0,40aad3a8774f96b2,1433,156,174,False
0.13,2.0,40aad3a8774f96b2,1434,156,174,False
0.13,2.0,40aad3a8774f96b2,1435,156,174,False
0.13,2.0,40aad3a8774f96b2,1436,156,175,False
0.13,2.0,40aad3a8774f96b2,1437,156,175,False
0.13,2.0,40aad3a8774f96b2,1438,156,175,False
0.13,2.0,40aad3a8774f96b2,1439,157,175,False
0.13,2.0,40aad3a8774f96b2,1440,157,175,False
0.13,2.0,40aad3a8774f96b2,1441,157,175,False
0.13,2.0,40aad3a8774f96b2,1442,157,175,False
0.13,2.0,40aad3a8774f96b2,1443,157,175,False
0.13,2.0,40aad3a8774f96b2,1444,157,175,False
0.13,2.0,40aad3a8774f96b2,1445,157,176,False
0.13,2.0,40aad3a8774f96b2,1446,157,176,False
0.13,2.0,40aad3a8774f96b2,1447,157,176,False
0.13,2.0,40aad3a8774f96b2,1448,158,176,False
0.13,2.0,40aad3a8774f96b2,1449,158,176,False
0.13,2.0,40aad3a8774f96b2,1450,158,176,False
0.13,2.0,40aad3a8774f96b2,1451,158,176,False
0.13,2.0,40aad3a8774f96b2,1452,158,176,False
0.13,2.0,40aad3a8774f96b2,1453,158,177,False
0.13,2.0,40aad3a8774f96b2,1454,158,177,False
0.13,2.0,40aad3a8774f96b2,1455,158,177,False
0.13,2.0,40aad3a8774f96b2,1456,159,177,False
0.13,2.0,40aad3a8774f96b2,1457,159,177,False
0.13,2.0,40aad3a8774f96b2,1458,159,177,False
0.13,2.0,40aad3a8774f96b2,1459,159,177,False
0.13,2.0,40aad3a8774f96b2,1460,159,177,False
0.13,2.0,40aad3a8774f96b2,1461,159,177,False
0.13,2.0,40aad3a8774f96b2,1462,159,178,False
0.13,2.0,40aad3a8774f96b2,1463,159,178,False
0.13,2.0,40aad3a8774f96b2,1464,159,178,False
0.13,2.0,40aad3a8774f96b2,1465,160,178,False
0.13,2.0,40aad3a8774f96b2,1466,160,178,False
0.13,2.0,40aad3a8774f96b2,1467,160,178,False
0.13,2.0,40aad3a8774f96b2,1468,160,178,False
0.13,2.0,40aad3a8774f96b2,1469,160,178,False
0.13,2.0,40aad3a8774f96b2,1470,160,178,False
0.13,2.0,40aad3a8774f96b2,1471,160,179,False
0.13,2.0,40aad3a8774f96b2,1472,160,179,False
0.13,2.0,40aad3a8774f96b2,1473,160,179,False
0.13,2.0,40aad3a8774f96b2,1474,161,179,False
0.13,2.0,40aad3a8774f96b2,1475,161,179,False
0.13,2.0,40aad3a8774f96b2,1476,161,179,False
0.13,2.0,40aad3a8774f96b2,1477,161,179,False
0.13,2.0,40aad3a8774f96b2,1478,161,179,False
0.13,2.0,40aad3a8774f96b2,1479,161,179,False
0.13,2.0,40aad3a8774f96b2,1480,161,180,False
0.13,2.0,40aad3a8774f96b2,1481,161,180,False
0.13,2.0,40aad3a8774f96b2,1482,161,180,False
0.13,2.0,40aad3a8774f96b2,1483,162,180,False
0.13,2.0,40aad3a8774f96b2,1484,162,180,False
0.13,2.0,40aad3a8774f96b2,1485,162,180,False
0.13,2.0,40aad3a8774f96b2,1486,162,180,False
0.13,2.0,40aad3a8774f96b2,1487,162,180,False
0.13,2.0,40aad3a8774f96b2,1488,162,181,False
0.13,2.0,40aad3a8774f96b2,1489,162,181,False
0.13,2.0,40aad3a8774f96b2,1490,162,181,False
0.13,2.0,40aad3a8774f96b2,1491,163,181,False
0.13,2.0,40aad3a8774f96b2,1492,163,181,False
0.13,2.0,40aad3a8774f96b2,1493,163,181,False
0.13,2.0,40aad3a8774f96b2,1494,163,181,False
0.13,2.0,40aad3a8774f96b2,1495,163,181,False
0.13,2.0,40aad3a8774f96b2,1496,163,181,False
0.13,2.0,40aad3a8774f96b2,1497,163,182,False
0.13,2.0,40aad3a8774f96b2,1498,163,182,False
0.13,2.0,40aad3a8774f96b2,1499,163,182,False
0.13,2.0,40aad3a8774f96b2,1500,164,182,False
0.13,2.0,40aad3a8774f96b2,1501,164,182,False
0.13,2.0,40aad3a8774f96b2,1502,164,182,False
0.13,2.0,40aad3a8774f96b2,1503,164,182,False
0.13,2.0,40aad3a8774f96b2,1504,164,182,False
0.13,2.0,40aad3a8774f96b2,1505,164,182,False
0.13,2.0,40aad3a8774f96b2,1506,164,183,False
0.13,2.0,40aad3a8774f96b2,1507,164,183,False
0.13,2.0,40aad3a8774f96b2,1508,164,183,False
0.13,2.0,40aad3a8774f96b2,1509,165,183,False
0.13,2.0,40aad3a8774f96b2,1510,165,183,False
0.13,2.0,40aad3a8774f96b2,1511,165,183,False
0.13,2.0,40aad3a8774f96b2,1512,165,183,False
0.13,2.0,40aad3a8774f96b2,1513,165,183,False
0.13,2.0,40aad3a8774f96b2,1514,165,184,False
0.13,2.0,40aad3a8774f96b2,1515,165,184,False
0.13,2.0,40aad3a8774f96b2,1516,165,184,False
0.13,2.0,40aad3a8774f96b2,1517,165,184,False
0.13,2.0,40aad3a8774f96b2,1518,166,184,False
0.13,2.0,40aad3a8774f96b2,1519,166,184,False
0.13,2.0,40aad3a8774f96b2,1520,166,184,False
0.13,2.0,40aad3a8774f96b2,1521,166,184,False
0.13,2.0,40aad3a8774f96b2,1522,166,184,False
0.13,2.0,40aad3a8774f96b2,1523,166,185,False
0.13,2.0,40aad3a8774f96b2,1524,166,185,False
0.13,2.0,40aad3a8774f96b2,1525,166,185,False
0.13,2.0,40aad3a8774f96b2,1526,167,185,False
0.13,2.0,40aad3a8774f96b2,1527,167,185,False
0.13,2.0,40aad3a8774f96b2,1528,167,185,False
0.13,2.0,40aad3a8774f96b2,1529,167,185,False
0.13,2.0,40aad3a8774f96b2,1530,167,185,False
0.13,2.0,40aad3a8774f96b2,1531,167,185,False
0.13,2.0,40aad3a8774f96b2,1532,167,186,False
0.13,2.0,40aad3a8774f96b2,1533,167,186,False
0.13,2.0,40aad3a8774f96b2,1534,167,186,False
0.13,2.0,40aad3a8774f96b2,1535,168,186,False
0.13,2.0,40aad3a8774f96b2,1536,168,186,False
0.13,2.0,40aad3a8774f96b2,1537,168,186,False
0.13,2.0,40aad3a8774f96b2,1538,168,186,False
0.13,2.0,40aad3a8774f96b2,1539,168,186,False
0.13,2.0,40aad3a8774f96b2,1540,168,186,False
0.13,2.0,40aad3a8774f96b2,1541,168,187,False
0.13,2.0,40aad3a8774f96b2,1542,168,187,False
0.13,2.0,40aad3a8774f96b2,1543,168,187,False
0.13,2.0,40aad3a8774f96b2,1544,169,187,False
0.13,2.0,40aad3a8774f96b2,1545,169,187,False
0.13,2.0,40aad3a8774f96b2,1546,169,187,False
0.13,2.0,40aad3a8774f96b2,1547,169,187,False
0.13,2.0,40aad3a8774f96b2,1548,169,187,False
0.13,2.0,40aad3a8774f96b2,1549,169,188,False
0.13,2.0,40aad3a8774f96b2,1550,169,188,False
0.13,2.0,40aad3a8774f96b2,1551,169,188,False
0.13,2.0,40aad3a8774f96b2,1552,169,188,False
0.13,2.0,40aad3a8774f96b2,1553,170,188,False
0.13,2.0,40aad3a8774f96b2,1554,170,188,False
0.13,2.0,40aad3a8774f96b2,1555,170,188,False
0.13,2.0,40aad3a8774f96b2,1556,170,188,False
0.13,2.0,40aad3a8774f96b2,1557,170,188,False
0.13,2.0,40aad3a8774f96b2,1558,170,189,False
0.13,2.0,40aad3a8774f96b2,1559,170,189,False
0.13,2.0,40aad3a8774f96b2,1560,170,189,False
0.13,2.0,40aad3a8774f96b2,1561,171,189,False
0.13,2.0,40aad3a8774f96b2,1562,171,189,False
0.13,2.0,40aad3a8774f96b2,1563,171,189,False
0.13,2.0,40aad3a8774f96b2,1564,171,189,False
0.13,2.0,40aad3a8774f96b2,1565,171,189,False
0.13,2.0,40aad3a8774f96b2,1566,171,189,False
0.13,2.0,40aad3a8774f96b2,1567,171,190,False
0.13,2.0,40aad3a8774f96b2,1568,171,190,False
0.13,2.0,40aad3a8774f96b2,1569,171,190,False
0.13,2.0,40aad3a8774f96b2,1570,172,190,False
0.13,2.0,40aad3a8774f96b2,1571,172,190,False
0.13,2.0,40aad3a8774f96b2,1572,172,190,False
0.13,2.0,40aad3a8774f96b2,1573,172,190,False
0.13,2.0,40aad3a8774f96b2,1574,172,190,False
0.13,2.0,40aad3a8774f96b2,1575,172,190,False
0.13,2.0,40aad3a8774f96b2,1576,172,191,False
0.13,2.0,40aad3a8774f96b2,1577,172,191,False
0.13,2.0,40aad3a8774f96b2,1578,172,191,False
0.13,2.0,40aad3a8774f96b2,1579,173,191,False
0.13,2.0,40aad3a8774f96b2,1580,173,191,False
0.13,2.0,40aad3a8774f96b2,1581,173,191,False
0.13,2.0,40aad3a8774f96b2,1582,173,191,False
0.13,2.0,40aad3a8774f96b2,1583,173,191,False
0.13,2.0,40aad3a8774f96b2,1584,173,192,False
0.13,2.0,40aad3a8774f96b2,1585,173,192,False
0.13,2.0,40aad3a8774f96b2,1586,173,192,False
0.13,2.0,40aad3a8774f96b2,1587,174,192,False
0.13,2.0,40aad3a8774f96b2,1588,174,192,False
0.13,2.0,40aad3a8774f96b2,1589,174,192,False
0.13,2.0,40aad3a8774f96b2,1590,174,192,False
0.13,2.0,40aad3a8774f96b2,1591,174,192,False
0.13,2.0,40aad3a8774f96b2,1592,174,192,False
0.13,2.0,40aad3a8774f96b2,1593,174,193,False
0.13,2.0,40aad3a8774f96b2,1594,174,193,False
0.13,2.0,40aad3a8774f96b2,1595,174,193,False
0.13,2.0,40aad3a8774f96b2,1596,175,193,False
0.13,2.0,40aad3a8774f96b2,1597,175,193,False
0.13,2.0,40aad3a8774f96b2,1598,175,193,False
0.13,2.0,40aad3a8774f96b2,1599,175,193,False
0.13,2.0,40aad3a8774f96b2,1600,175,193,False
0.13,2.0,40aad3a8774f96b2,1601,175,193,False
0.13,2.0,40aad3a8774f96b2,1602,175,194,False
0.13,2.0,40aad3a8774f96b2,1603,175,194,False
0.13,2.0,40aad3a8774f96b2,1604,175,194,False
0.13,2.0,40aad3a8774f96b2,1605,176,194,False
0.13,2.0,40aad3a8774f96b2,1606,176,194,False
0.13,2.0,40aad3a8774f96b2,1607,176,194,False
0.13,2.0,40aad3a8774f96b2,1608,176,194,False
0.13,2.0,40aad3a8774f96b2,1609,176,194,False
0.13,2.0,40aad3a8774f96b2,1610,176,194,False
0.13,2.0,40aad3a8774f96b2,1611,176,195,False
0.13,2.0,40aad3a8774f96b2,1612,176,195,False
0.13,2.0,40aad3a8774f96b2,1613,176,195,False
0.13,2.0,40aad3a8774f96b2,1614,177,195,False
0.13,2.0,40aad3a8774f96b2,1615,177,195,False
0.13,2.0,40aad3a8774f96b2,1616,177,195,False
0.13,2.0,40aad3a8774f96b2,1617,177,195,False
0.13,2.0,40aad3a8774f96b2,1618,177,195,False
0.13,2.0,40aad3a8774f96b2,1619,177,196,False
0.13,2.0,40aad3a8774f96b2,1620,177,196,False
0.13,2.0,40aad3a8774f96b2,1621,177,196,False
0.13,2.0,40aad3a8774f96b2,1622,178,196,False
0.13,2.0,40aad3a8774f96b2,1623,178,196,False
0.13,2.0,40aad3a8774f96b2,1624,178,196,False
0.13,2.0,40aad3a8774f96b2,1625,178,196,False
0.13,2.0,40aad3a8774f96b2,1626,178,196,False
0.13,2.0,40aad3a8774f96b2,1627,178,196,False
0.13,2.0,40aad3a8774f96b2,1628,178,197,False
0.13,2.0,40aad3a8774f96b2,1629,178,197,False
0.13,2.0,40aad3a8774f96b2,1630,178,197,False
0.13,2.0,40aad3a8774f96b2,1631,179,197,False
0.13,2.0,40aad3a8774f96b2,1632,179,197,False
0.13,2.0,40aad3a8774f96b2,1633,179,197,False
0.13,2.0,40aad3a8774f96b2,1634,179,197,False
0.13,2.0,40aad3a8774f96b2,1635,179,197,False
0.13,2.0,40aad3a8774f96b2,1636,179,197,False
0.13,2.0,40aad3a8774f96b2,1637,179,198,False
0.13,2.0,40aad3a8774f96b2,1638,179,198,False
0.13,2.0,40aad3a8774f96b2,1639,179,198,False
0.13,2.0,40aad3a8774f96b2,1640,180,198,False
0.13,2.0,40aad3a8774f96b2,1641,180,198,False
0.13,2.0,40aad3a8774f96b2,1642,180,198,False
0.13,2.0,40aad3a8774f96b2,1643,180,198,False
0.13,2.0,40aad3a8774f96b2,1644,180,198,False
0.13,2.0,40aad3a8774f96b2,1645,180,198,False
0.13,2.0,40aad3a8774f96b2,1646,180,199,False
0.13,2.0,40aad3a8774f96b2,1647,180,199,False
0.13,2.0,40aad3a8774f96b2,1648,180,199,False
0.13,2.0,40aad3a8774f96b2,1649,181,199,False
0.13,2.0,40aad3a8774f96b2,1650,181,199,False
0.13,2.0,40aad3a8774f96b2,1651,181,199,False
0.13,2.0,40aad3a8774f96b2,1652,181,199,False
0.13,2.0,40aad3a8774f96b2,1653,181,199,False
0.13,2.0,40aad3a8774f96b2,1654,181,200,False
0.13,2.0,40aad3a8774f96b2,1655,181,200,False
0.13,2.0,40aad3a8774f96b2,1656,181,200,False
0.13,2.0,40aad3a8774f96b2,1657,182,200,False
0.13,2.0,40aad3a8774f96b2,1658,182,200,False
0.13,2.0,40aad3a8774f96b2,1659,182,200,False
0.13,2.0,40aad3a8774f96b2,1660,182,200,False
0.13,2.0,40aad3a8774f96b2,1661,182,200,False
0.13,2.0,40aad3a8774f96b2,1662,182,200,False
0.13,2.0,40aad3a8774f96b2,1663,182,201,False
0.13,2.0,40aad3a8774f96b2,1664,182,201,False
0.13,2.0,40aad3a8774f96b2,1665,182,201,False
0.13,2.0,40aad3a8774f96b2,1666,183,201,False
0.13,2.0,40aad3a8774f96b2,1667,183,201,False
0.13,2.0,40aad3a8774f96b2,1668,183,201,False
0.13,2.0,40aad3a8774f96b2,1669,183,201,False
0.13,2.0,40aad3a8774f96b2,1670,183,201,False
0.13,2.0,40aad3a8774f96b2,1671,183,201,False
0.13,2.0,40aad3a8774f96b2,1672,183,202,False
0.13,2.0,40aad3a8774f96b2,1673,183,202,False
0.13,2.0,40aad3a8774f96b2,1674,183,202,False
0.13,2.0,40aad3a8774f96b2,1675,184,202,False
0.13,2.0,40aad3a8774f96b2,1676,184,202,False
0.13,2.0,40aad3a8774f96b2,1677,184,202,False
0.13,2.0,40aad3a8774f96b2,1678,184,202,False
0.13,2.0,40aad3a8774f96b2,1679,184,202,False
0.13,2.0,40aad3a8774f96b2,1680,184,202,False
0.13,2.0,40aad3a8774f96b2,1681,184,203,False
0.13,2.0,40aad3a8774f96b2,1682,184,203,False
0.13,2.0,40aad3a8774f96b2,1683,184,203,False
0.13,2.0,40aad3a8774f96b2,1684,185,203,False
0.13,2.0,40aad3a8774f96b2,1685,185,203,False
0.13,2.0,40aad3a8774f96b2,1686,185,203,False
0.13,2.0,40aad3a8774f96b2,1687,185,203,False
0.13,2.0,40aad3a8774f96b2,1688,185,203,False
0.13,2.0,40aad3a8774f96b2,1689,185,204,False
0.13,2.0,40aad3a8774f96b2,1690,185,204,False
0.13,2.0,40aad3a8774f96b2,1691,185,204,False
0.13,2.0,40aad3a8774f96b2,1692,186,204,False
0.13,2.0,40aad3a8774f96b2,1693,186,204,False
0.13,2.0,40aad3a8774f96b2,1694,186,204,False
0.13,2.0,40aad3a8774f96b2,1695,186,204,False
0.13,2.0,40aad3a8774f96b2,1696,186,204,False
0.13,2.0,40aad3a8774f96b2,1697,186,204,False
0.13,2.0,40aad3a8774f96b2,1698,186,205,False
0.13,2.0,40aad3a8774f96b2,1699,186,205,False
0.13,2.0,40aad3a8774f96b2,1700,186,205,False
0.13,2.0,40aad3a8774f96b2,1701,187,205,False
0.13,2.0,40aad3a8774f96b2,1702,187,205,False
0.13,2.0,40aad3a8774f96b2,1703,187,205,False
0.13,2.0,40aad3a8774f96b2,1704,187,205,False
0.13,2.0,40aad3a8774f96b2,1705,187,205,False
0.13,2.0,40aad3a8774f96b2,1706,187,205,False
0.13,2.0,40aad3a8774f96b2,1707,187,206,False
0.13,2.0,40aad3a8774f96b2,1708,187,206,False
0.13,2.0,40aad3a8774f96b2,1709,187,206,False
0.13,2.0,40aad3a8774f96b2,1710,188,206,False
0.13,2.0,40aad3a8774f96b2,1711,188,206,False
0.13,2.0,40aad3a8774f96b2,1712,188,206,False
0.13,2.0,40aad3a8774f96b2,1713,188,206,False
0.13,2.0,40aad3a8774f96b2,1714,188,206,False
0.13,2.0,40aad3a8774f96b2,1715,188,207,False
0.13,2.0,40aad3a8774f96b2,1716,188,207,False
0.13,2.0,40aad3a8774f96b2,1717,188,207,False
0.13,2.0,40aad3a8774f96b2,1718,188,207,False
0.13,2.0,40aad3a8774f96b2,1719,189,207,False
0.13,2.0,40aad3a8774f96b2,1720,189,207,False
0.13,2.0,40aad3a8774f96b2,1721,189,207,False
0.13,2.0,40aad3a8774f96b2,1722,189,207,False
0.13,2.0,40aad3a8774f96b2,1723,189,207,False
0.13,2.0,40aad3a8774f96b2,1724,189,208,False
0.13,2.0,40aad3a8774f96b2,1725,189,208,False
0.13,2.0,40aad3a8774f96b2,1726,189,208,False
0.13,2.0,40aad3a8774f96b2,1727,190,208,False
0.13,2.0,40aad3a8774f96b2,1728,190,208,False
0.13,2.0,40aad3a8774f96b2,1729,190,208,False
0.13,2.0,40aad3a8774f96b2,1730,190,208,False
0.13,2.0,40aad3a8774f96b2,1731,190,208,False
0.13,2.0,40aad3a8774f96b2,1732,190,208,False
0.13,2.0,40aad3a8774f96b2,1733,190,209,False
0.13,2.0,40aad3a8774f96b2,1734,190,209,False
0.13,2.0,40aad3a8774f96b2,1735,190,209,False
0.13,2.0,40aad3a8774f96b2,1736,191,209,False
0.13,2.0,40aad3a8774f96b2,1737,191,209,False
0.13,2.0,40aad3a8774f96b2,1738,191,209,False
0.13,2.0,40aad3a8774f96b2,1739,191,209,False
0.13,2.0,40aad3a8774f96b2,1740,191,209,False
0.13,2.0,40aad3a8774f96b2,1741,191,209,False
0.13,2.0,40aad3a8774f96b2,1742,191,210,False
0.13,2.0,40aad3a8774f96b2,1743,191,210,False
0.13,2.0,40aad3a8774f96b2,1744,191,210,False
0.13,2.0,40aad3a8774f96b2,1745,192,210,False
0.13,2.0,40aad3a8774f96b2,1746,192,210,False
0.13,2.0,40aad3a8774f96b2,1747,192,210,False
0.13,2.0,40aad3a8774f96b2,1748,192,210,False
0.13,2.0,40aad3a8774f96b2,1749,192,210,False
0.13,2.0,40aad3a8774f96b2,1750,192,211,False
0.13,2.0,40aad3a8774f96b2,1751,192,211,False
0.13,2.0,40aad3a8774f96b2,1752,192,211,False
0.13,2.0,40aad3a8774f96b2,1753,192,211,False
0.13,2.0,40aad3a8774f96b2,1754,193,211,False
0.13,2.0,40aad3a8774f96b2,1755,193,211,False
0.13,2.0,40aad3a8774f96b2,1756,193,211,False
0.13,2.0,40aad3a8774f96b2,1757,193,211,False
0.13,2.0,40aad3a8774f96b2,1758,193,211,False
0.13,2.0,40aad3a8774f96b2,1759,193,212,False
0.13,2.0,40aad3a8774f96b2,1760,193,212,False
0.13,2.0,40aad3a8774f96b2,1761,193,212,False
0.13,2.0,40aad3a8774f96b2,1762,194,212,False
0.13,2.0,40aad3a8774f96b2,1763,194,212,False
0.13,2.0,40aad3a8774f96b2,1764,194,212,False
0.13,2.0,40aad3a8774f96b2,1765,194,212,False
0.13,2.0,40aad3a8774f96b2,1766,194,212,False
0.13,2.0,40aad3a8774f96b2,1767,194,212,False
0.13,2.0,40aad3a8774f96b2,1768,194,213,False
0.13,2.0,40aad3a8774f96b2,1769,194,213,False
0.13,2.0,40aad3a8774f96b2,1770,194,213,False
0.13,2.0,40aad3a8774f96b2,1771,195,213,False
0.13,2.0,40aad3a8774f96b2,1772,195,213,False
0.13,2.0,40aad3a8774f96b2,1773,195,213,False
0.13,2.0,40aad3a8774f96b2,1774,195,213,False
0.13,2.0,40aad3a8774f96b2,1775,195,213,False
0.13,2.0,40aad3a8774f96b2,1776,195,213,False
0.13,2.0,40aad3a8774f96b2,1777,195,214,False
0.13,2.0,40aad3a8774f96b2,1778,195,214,False
0.13,2.0,40aad3a8774f96b2,1779,195,214,False
0.13,2.0,40aad3a8774f96b2,1780,196,214,False
0.13,2.0,40aad3a8774f96b2,1781,196,214,False
0.13,2.0,40aad3a8774f96b2,1782,196,214,False
0.13,2.0,40aad3a8774f96b2,1783,196,214,False
0.13,2.0,40aad3a8774f96b2,1784,196,214,False
0.13,2.0,40aad3a8774f96b2,1785,196,215,False
0.13,2.0,40aad3a8774f96b2,1786,196,215,False
0.13,2.0,40aad3a8774f96b2,1787,196,215,False
0.13,2.0,40aad3a8774f96b2,1788,197,215,False
0.13,2.0,40aad3a8774f96b2,1789,197,215,False
0.13,2.0,40aad3a8774f96b2,1790,197,215,False
0.13,2.0,40aad3a8774f96b2,1791,197,215,False
0.13,2.0,40aad3a8774f96b2,1792,197,215,False
0.13,2.0,40aad3a8774f96b2,1793,197,215,False
0.13,2.0,40aad3a8774f96b2,1794,197,216,False
0.13,2.0,40aad3a8774f96b2,1795,197,216,False
0.13,2.0,40aad3a8774f96b2,1796,197,216,False
0.13,2.0,40aad3a8774f96b2,1797,198,216,False
0.13,2.0,40aad3a8774f96b2,1798,198,216,False
0.13,2.0,40aad3a8774f96b2,1799,198,216,False
0.13,2.0,40aad3a8774f96b2,1800,198,216,False
0.13,2.0,40aad3a8774f96b2,1801,198,216,False
0.13,2.0,40aad3a8774f96b2,1802,198,216,False
0.13,2.0,40aad3a8774f96b2,1803,198,217,False
0.13,2.0,40aad3a8774f96b2,1804,198,217,False
0.13,2.0,40aad3a8774f96b2,1805,198,217,False
0.13,2.0,40aad3a8774f96b2,1806,199,217,False
0.13,2.0,40aad3a8774f96b2,1807,199,217,False
0.13,2.0,40aad3a8774f96b2,1808,199,217,False
0.13,2.0,40aad3a8774f96b2,1809,199,217,False
0.13,2.0,40aad3a8774f96b2,1810,199,217,False
0.13,2.0,40aad3a8774f96b2,1811,199,217,False
0.13,2.0,40aad3a8774f96b2,1812,199,218,False
0.13,2.0,40aad3a8774f96b2,1813,199,218,False
0.13,2.0,40aad3a8774f96b2,1814,199,218,False
0.13,2.0,40aad3a8774f96b2,1815,200,218,False
0.13,2.0,40aad3a8774f96b2,1816,200,218,False
0.13,2.0,40aad3a8774f96b2,1817,200,218,False
0.13,2.0,40aad3a8774f96b2,1818,200,218,False
0.13,2.0,40aad3a8774f96b2,1819,200,218,False
0.13,2.0,40aad3a8774f96b2,1820,200,219,False
0.13,2.0,40aad3a8774f96b2,1821,200,219,False
0.13,2.0,40aad3a8774f96b2,1822,200,219,False
0.13,2.0,40aad3a8774f96b2,1823,201,219,False
0.13,2.0,40aad3a8774f96b2,1824,201,219,False
0.13,2.0,40aad3a8774f96b2,1825,201,219,False
0.13,2.0,40aad3a8774f96b2,1826,201,219,False
0.13,2.0,40aad3a8774f96b2,1827,201,219,False
0.13,2.0,40aad3a8774f96b2,1828,201,219,False
0.13,2.0,40aad3a8774f96b2,1829,201,220,False
0.13,2.0,40aad3a8774f96b2,1830,201,220,False
0.13,2.0,40aad3a8774f96b2,1831,201,220,False
0.13,2.0,40aad3a8774f96b2,1832,202,220,False
0.13,2.0,40aad3a8774f96b2,1833,202,220,False
0.13,2.0,40aad3a8774f96b2,1834,202,220,False
0.13,2.0,40aad3a8774f96b2,1835,202,220,False
0.13,2.0,40aad3a8774f96b2,1836,202,220,False
0.13,2.0,40aad3a8774f96b2,1837,202,220,False
0.13,2.0,40aad3a8774f96b2,1838,202,221,False
0.13,2.0,40aad3a8774f96b2,1839,202,221,False
0.13,2.0,40aad3a8774f96b2,1840,202,221,False
0.13,2.0,40aad3a8774f96b2,1841,203,221,False
0.13,2.0,40aad3a8774f96b2,1842,203,221,False
0.13,2.0,40aad3a8774f96b2,1843,203,221,False
0.13,2.0,40aad3a8774f96b2,1844,203,221,False
0.13,2.0,40aad3a8774f96b2,1845,203,221,False
0.13,2.0,40aad3a8774f96b2,1846,203,221,False
0.13,2.0,40aad3a8774f96b2,1847,203,222,False
0.13,2.0,40aad3a8774f96b2,1848,203,222,False
0.13,2.0,40aad3a8774f96b2,1849,203,222,False
0.13,2.0,40aad3a8774f96b2,1850,204,222,False
0.13,2.0,40aad3a8774f96b2,1851,204,222,False
0.13,2.0,40aad3a8774f96b2,1852,204,222,False
0.13,2.0,40aad3a8774f96b2,1853,204,222,False
0.13,2.0,40aad3a8774f96b2,1854,204,222,False
0.13,2.0,40aad3a8774f96b2,1855,204,223,False
0.13,2.0,40aad3a8774f96b2,1856,204,223,False
0.13,2.0,40aad3a8774f96b2,1857,204,223,False
0.13,2.0,40aad3a8774f96b2,1858,205,223,False
0.13,2.0,40aad3a8774f96b2,1859,205,223,False
0.13,2.0,40aad3a8774f96b2,1860,205,223,False
0.13,2.0,40aad3a8774f96b2,1861,205,223,False
0.13,2.0,40aad3a8774f96b2,1862,205,223,False
0.13,2.0,40aad3a8774f96b2,1863,205,223,False
0.13,2.0,40aad3a8774f96b2,1864,205,224,False
0.13,2.0,40aad3a8774f96b2,1865,205,224,False
0.13,2.0,40aad3a8774f96b2,1866,205,224,False
0.13,2.0,40aad3a8774f96b2,1867,206,224,False
0.13,2.0,40aad3a8774f96b2,1868,206,224,False
0.13,2.0,40aad3a8774f96b2,1869,206,224,False
0.13,2.0,40aad3a8774f96b2,1870,206,224,False
0.13,2.0,40aad3a8774f96b2,1871,206,224,False
0.13,2.0,40aad3a8774f96b2,1872,206,224,False
0.13,2.0,40aad3a8774f96b2,1873,206,225,False
0.13,2.0,40aad3a8774f96b2,1874,206,225,False
0.13,2.0,40aad3a8774f96b2,1875,206,225,False
0.13,2.0,40aad3a8774f96b2,1876,207,225,False
0.13,2.0,40aad3a8774f96b2,1877,207,225,False
0.13,2.0,40aad3a8774f96b2,1878,207,225,False
0.13,2.0,40aad3a8774f96b2,1879,207,225,False
0.13,2.0,40aad3a8774f96b2,1880,207,225,False
0.13,2.0,40aad3a8774f96b2,1881,207,225,False
0.13,2.0,40aad3a8774f96b2,1882,207,226,False
0.13,2.0,40aad3a8774f96b2,1883,207,226,False
0.13,2.0,40aad3a8774f96b2,1884,207,226,False
0.13,2.0,40aad3a8774f96b2,1885,208,226,False
0.13,2.0,40aad3a8774f96b2,1886,208,226,False
0.13,2.0,40aad3a8774f96b2,1887,208,226,False
0.13,2.0,40aad3a8774f96b2,1888,208,226,False
0.13,2.0,40aad3a8774f96b2,1889,208,226,False
0.13,2.0,40aad3a8774f96b2,1890,208,227,False
0.13,2.0,40aad3a8774f96b2,1891,208,227,False
0.13,2.0,40aad3a8774f96b2,1892,208,227,False
0.13,2.0,40aad3a8774f96b2,1893,209,227,False
0.13,2.0,40aad3a8774f96b2,1894,209,227,False
0.13,2.0,40aad3a8774f96b2,1895,209,227,False
0.13,2.0,40aad3a8774f96b2,1896,209,227,False
0.13,2.0,40aad3a8774f96b2,1897,209,227,False
0.13,2.0,40aad3a8774f96b2,1898,209,227,False
0.13,2.0,40aad3a8774f96b2,1899,209,228,False
0.13,2.0,40aad3a8774f96b2,1900,209,228,False
0.13,2.0,40aad3a8774f96b2,1901,209,228,False
0.13,2.0,40aad3a8774f96b2,1902,210,228,False
0.13,2.0,40aad3a8774f96b2,1903,210,228,False
0.13,2.0,40aad3a8774f96b2,1904,210,228,False
0.13,2.0,40aad3a8774f96b2,1905,210,228,False
0.13,2.0,40aad3a8774f96b2,1906,210,228,False
0.13,2.0,40aad3a8774f96b2,1907,210,228,False
0.13,2.0,40aad3a8774f96b2,1908,210,229,False
0.13,2.0,40aad3a8774f96b2,1909,210,229,False
0.13,2.0,40aad3a8774f96b2,1910,210,229,False
0.13,2.0,40aad3a8774f96b2,1911,211,229,False
0.13,2.0,40aad3a8774f96b2,1912,211,229,False
0.13,2.0,40aad3a8774f96b2,1913,211,229,False
0.13,2.0,40aad3a8774f96b2,1914,211,229,False
0.13,2.0,40aad3a8774f96b2,1915,211,229,False
0.13,2.0,40aad3a8774f96b2,1916,211,230,False
0.13,2.0,40aad3a8774f96b2,1917,211,230,False
0.13,2.0,40aad3a8774f96b2,1918,211,230,False
0.13,2.0,40aad3a8774f96b2,1919,211,230,False
0.13,2.0,40aad3a8774f96b2,1920,212,230,False
0.13,2.0,40aad3a8774f96b2,1921,212,230,False
0.13,2.0,40aad3a8774f96b2,1922,212,230,False
0.13,2.0,40aad3a8774f96b2,1923,212,230,False
0.13,2.0,40aad3a8774f96b2,1924,212,230,False
0.13,2.0,40aad3a8774f96b2,1925,212,231,False
0.13,2.0,40aad3a8774f96b2,1926,212,231,False
0.13,2.0,40aad3a8774f96b2,1927,212,231,False
0.13,2.0,40aad3a8774f96b2,1928,213,231,False
0.13,2.0,40aad3a8774f96b2,1929,213,231,False
0.13,2.0,40aad3a8774f96b2,1930,213,231,False
0.13,2.0,40aad3a8774f96b2,1931,213,231,False
0.13,2.0,40aad3a8774f96b2,1932,213,231,False
0.13,2.0,40aad3a8774f96b2,1933,213,231,False
0.13,2.0,40aad3a8774f96b2,1934,213,232,False
0.13,2.0,40aad3a8774f96b2,1935,213,232,False
0.13,2.0,40aad3a8774f96b2,1936,219,220,True
0.15,1.0,3e359284ef38a9b0,1,,,False
0.15,1.0,3e359284ef38a9b0,2,,,False
0.15,1.0,3e359284ef38a9b0,3,,,False
0.15,1.0,3e359284ef38a9b0,4,,,False
0.15,1.0,3e359284ef38a9b0,5,,,False
0.15,1.0,3e359284ef38a9b0,6,,,False
0.15,1.0,3e359284ef38a9b0,7,,,False
0.15,1.0,3e359284ef38a9b0,8,,,False
0.15,1.0,3e359284ef38a9b0,9,,,False
0.15,1.0,3e359284ef38a9b0,10,,,False
0.15,1.0,3e359284ef38a9b0,11,,,False
0.15,1.0,3e359284ef38a9b0,12,,,False
0.15,1.0,3e359284ef38a9b0,13,,13,False
0.15,1.0,3e359284ef38a9b0,14,,13,False
0.15,1.0,3e359284ef38a9b0,15,,13,False
0.15,1.0,3e359284ef38a9b0,16,,13,False
0.15,1.0,3e359284ef38a9b0,17,,13,False
0.15,1.0,3e359284ef38a9b0,18,,13,False
0.15,1.0,3e359284ef38a9b0,19,,13,False
0.15,1.0,3e359284ef38a9b0,20,,14,False
0.15,1.0,3e359284ef38a9b0,21,,14,False
0.15,1.0,3e359284ef38a9b0,22,,14,False
0.15,1.0,3e359284ef38a9b0,23,,14,False
0.15,1.0,3e359284ef38a9b0,24,,14,False
0.15,1.0,3e359284ef38a9b0,25,,14,False
0.15,1.0,3e359284ef38a9b0,26,,14,False
0.15,1.0,3e359284ef38a9b0,27,,14,False
0.15,1.0,3e359284ef38a9b0,28,,15,False
0.15,1.0,3e359284ef38a9b0,29,,15,False
0.15,1.0,3e359284ef38a9b0,30,,15,False
0.15,1.0,3e359284ef38a9b0,31,,15,False
0.15,1.0,3e359284ef38a9b0,32,,15,False
0.15,1.0,3e359284ef38a9b0,33,,15,False
0.15,1.0,3e359284ef38a9b0,34,,15,False
0.15,1.0,3e359284ef38a9b0,35,,15,False
0.15,1.0,3e359284ef38a9b0,36,,16,False
0.15,1.0,3e359284ef38a9b0,37,,16,False
0.15,1.0,3e359284ef38a9b0,38,,16,False
0.15,1.0,3e359284ef38a9b0,39,,16,False
0.15,1.0,3e359284ef38a9b0,40,,16,False
0.15,1.0,3e359284ef38a9b0,41,,16,False
0.15,1.0,3e359284ef38a9b0,42,,16,False
0.15,1.0,3e359284ef38a9b0,43,,16,False
0.15,1.0,3e359284ef38a9b0,44,,17,False
0.15,1.0,3e359284ef38a9b0,45,,17,False
0.15,1.0,3e359284ef38a9b0,46,,17,False
0.15,1.0,3e359284ef38a9b0,47,,17,False
0.15,1.0,3e359284ef38a9b0,48,,17,False
0.15,1.0,3e359284ef38a9b0,49,,17,False
0.15,1.0,3e359284ef38a9b0,50,,17,False
0.15,1.0,3e359284ef38a9b0,51,,17,False
0.15,1.0,3e359284ef38a9b0,52,,17,False
0.15,1.0,3e359284ef38a9b0,53,,18,False
0.15,1.0,3e359284ef38a9b0,54,,18,False
0.15,1.0,3e359284ef38a9b0,55,,18,False
0.15,1.0,3e359284ef38a9b0,56,,18,False
0.15,1.0,3e359284ef38a9b0,57,,18,False
0.15,1.0,3e359284ef38a9b0,58,,18,False
0.15,1.0,3e359284ef38a9b0,59,,18,False
0.15,1.0,3e359284ef38a9b0,60,,18,False
0.15,1.0,3e359284ef38a9b0,61,,19,False
0.15,1.0,3e359284ef38a9b0,62,,19,False
0.15,1.0,3e359284ef38a9b0,63,,19,False
0.15,1.0,3e359284ef38a9b0,64,,19,False
0.15,1.0,3e359284ef38a9b0,65,,19,False
0.15,1.0,3e359284ef38a9b0,66,,19,False
0.15,1.0,3e359284ef38a9b0,67,,19,False
0.15,1.0,3e359284ef38a9b0,68,,19,False
0.15,1.0,3e359284ef38a9b0,69,,20,False
0.15,1.0,3e359284ef38a9b0,70,,20,False
0.15,1.0,3e359284ef38a9b0,71,,20,False
0.15,1.0,3e359284ef38a9b0,72,,20,False
0.15,1.0,3e359284ef38a9b0,73,,20,False
0.15,1.0,3e359284ef38a9b0,74,,20,False
0.15,1.0,3e359284ef38a9b0,75,,20,False
0.15,1.0,3e359284ef38a9b0,76,,20,False
0.15,1.0,3e359284ef38a9b0,77,,21,False
0.15,1.0,3e359284ef38a9b0,78,,21,False
0.15,1.0,3e359284ef38a9b0,79,,21,False
0.15,1.0,3e359284ef38a9b0,80,,21,False
0.15,1.0,3e359284ef38a9b0,81,,21,False
0.15,1.0,3e359284ef38a9b0,82,,21,False
0.15,1.0,3e359284ef38a9b0,83,,21,False
0.15,1.0,3e359284ef38a9b0,84,,21,False
0.15,1.0,3e359284ef38a9b0,85,,22,False
0.15,1.0,3e359284ef38a9b0,86,,22,False
0.15,1.0,3e359284ef38a9b0,87,,22,False
0.15,1.0,3e359284ef38a9b0,88,,22,False
0.15,1.0,3e359284ef38a9b0,89,,22,False
0.15,1.0,3e359284ef38a9b0,90,,22,False
0.15,1.0,3e359284ef38a9b0,91,,22,False
0.15,1.0,3e359284ef38a9b0,92,0,22,False
0.15,1.0,3e359284ef38a9b0,93,0,23,False
0.15,1.0,3e359284ef38a9b0,94,0,23,False
0.15,1.0,3e359284ef38a9b0,95,0,23,False
0.15,1.0,3e359284ef38a9b0,96,0,23,False
0.15,1.0,3e359284ef38a9b0,97,0,23,False
0.15,1.0,3e359284ef38a9b0,98,0,23,False
0.15,1.0,3e359284ef38a9b0,99,0,23,False
0.15,1.0,3e359284ef38a9b0,100,1,23,False
0.15,1.0,3e359284ef38a9b0,101,1,24,False
0.15,1.0,3e359284ef38a9b0,102,1,24,False
0.15,1.0,3e359284ef38a9b0,103,1,24,False
0.15,1.0,3e359284ef38a9b0,104,1,24,False
0.15,1.0,3e359284ef38a9b0,105,1,24,False
0.15,1.0,3e359284ef38a9b0,106,1,24,False
0.15,1.0,3e359284ef38a9b0,107,1,24,False
0.15,1.0,3e359284ef38a9b0,108,1,24,False
0.15,1.0,3e359284ef38a9b0,109,2,25,False
0.15,1.0,3e359284ef38a9b0,110,2,25,False
0.15,1.0,3e359284ef38a9b0,111,2,25,False
0.15,1.0,3e359284ef38a9b0,112,2,25,False
0.15,1.0,3e359284ef38a9b0,113,2,25,False
0.15,1.0,3e359284ef38a9b0,114,2,25,False
0.15,1.0,3e359284ef38a9b0,115,2,25,False
0.15,1.0,3e359284ef38a9b0,116,2,25,False
0.15,1.0,3e359284ef38a9b0,117,3,26,False
0.15,1.0,3e359284ef38a9b0,118,3,26,False
0.15,1.0,3e359284ef38a9b0,119,3,26,False
0.15,1.0,3e359284ef38a9b0,120,3,26,False
0.15,1.0,3e359284ef38a9b0,121,3,26,False
0.15,1.0,3e359284ef38a9b0,122,3,26,False
0.15,1.0,3e359284ef38a9b0,123,3,26,False
0.15,1.0,3e359284ef38a9b0,124,3,26,False
0.15,1.0,3e359284ef38a9b0,125,4,27,False
0.15,1.0,3e359284ef38a9b0,126,4,27,False
0.15,1.0,3e359284ef38a9b0,127,4,27,False
0.15,1.0,3e359284ef38a9b0,128,4,27,False
0.15,1.0,3e359284ef38a9b0,129,4,27,False
0.15,1.0,3e359284ef38a9b0,130,4,27,False
0.15,1.0,3e359284ef38a9b0,131,4,27,False
0.15,1.0,3e359284ef38a9b0,132,4,27,False
0.15,1.0,3e359284ef38a9b0,133,5,28,False
0.15,1.0,3e359284ef38a9b0,134,5,28,False
0.15,1.0,3e359284ef38a9b0,135,5,28,False
0.15,1.0,3e359284ef38a9b0,136,5,28,False
0.15,1.0,3e359284ef38a9b0,137,5,28,False
0.15,1.0,3e359284ef38a9b0,138,5,28,False
0.15,1.0,3e359284ef38a9b0,139,5,28,False
0.15,1.0,3e359284ef38a9b0,140,5,28,False
0.15,1.0,3e359284ef38a9b0,141,6,28,False
0.15,1.0,3e359284ef38a9b0,142,6,29,False
0.15,1.0,3e359284ef38a9b0,143,6,29,False
0.15,1.0,3e359284ef38a9b0,144,6,29,False
0.15,1.0,3e359284ef38a9b0,145,6,29,False
0.15,1.0,3e359284ef38a9b0,146,6,29,False
0.15,1.0,3e359284ef38a9b0,147,6,29,False
0.15,1.0,3e359284ef38a9b0,148,6,29,False
0.15,1.0,3e359284ef38a9b0,149,7,29,False
0.15,1.0,3e359284ef38a9b0,150,7,30,False
0.15,1.0,3e359284ef38a9b0,151,7,30,False
0.15,1.0,3e359284ef38a9b0,152,7,30,False
0.15,1.0,3e359284ef38a9b0,153,7,30,False
0.15,1.0,3e359284ef38a9b0,154,7,30,False
0.15,1.0,3e359284ef38a9b0,155,7,30,False
0.15,1.0,3e359284ef38a9b0,156,7,30,False
0.15,1.0,3e359284ef38a9b0,157,8,30,False
0.15,1.0,3e359284ef38a9b0,158,8,31,False
0.15,1.0,3e359284ef38a9b0,159,8,31,False
0.15,1.0,3e359284ef38a9b0,160,8,31,False
0.15,1.0,3e359284ef38a9b0,161,8,31,False
0.15,1.0,3e359284ef38a9b0,162,8,31,False
0.15,1.0,3e359284ef38a9b0,163,8,31,False
0.15,1.0,3e359284ef38a9b0,164,8,31,False
0.15,1.0,3e359284ef38a9b0,165,9,31,False
0.15,1.0,3e359284ef38a9b0,166,9,32,False
0.15,1.0,3e359284ef38a9b0,167,9,32,False
0.15,1.0,3e359284ef38a9b0,168,9,32,False
0.15,1.0,3e359284ef38a9b0,169,9,32,False
0.15,1.0,3e359284ef38a9b0,170,9,32,False
0.15,1.0,3e359284ef38a9b0,171,9,32,False
0.15,1.0,3e359284ef38a9b0,172,9,32,False
0.15,1.0,3e359284ef38a9b0,173,10,32,False
0.15,1.0,3e359284ef38a9b0,174,10,33,False
0.15,1.0,3e359284ef38a9b0,175,10,33,False
0.15,1.0,3e359284ef38a9b0,176,10,33,False
0.15,1.0,3e359284ef38a9b0,177,10,33,False
0.15,1.0,3e359284ef38a9b0,178,10,33,False
0.15,1.0,3e359284ef38a9b0,179,10,33,False
0.15,1.0,3e359284ef38a9b0,180,10,33,False
0.15,1.0,3e359284ef38a9b0,181,11,33,False
0.15,1.0,3e359284ef38a9b0,182,11,34,False
0.15,1.0,3e359284ef38a9b0,183,11,34,False
0.15,1.0,3e359284ef38a9b0,184,11,34,False
0.15,1.0,3e359284ef38a9b0,185,11,34,False
0.15,1.0,3e359284ef38a9b0,186,11,34,False
0.15,1.0,3e359284ef38a9b0,187,11,34,False
0.15,1.0,3e359284ef38a9b0,188,11,34,False
0.15,1.0,3e359284ef38a9b0,189,12,34,False
0.15,1.0,3e359284ef38a9b0,190,12,35,False
0.15,1.0,3e359284ef38a9b0,191,12,35,False
0.15,1.0,3e359284ef38a9b0,192,12,35,False
0.15,1.0,3e359284ef38a9b0,193,12,35,False
0.15,1.0,3e359284ef38a9b0,194,12,35,False
0.15,1.0,3e359284ef38a9b0,195,12,35,False
0.15,1.0,3e359284ef38a9b0,196,12,35,False
0.15,1.0,3e359284ef38a9b0,197,12,35,False
0.15,1.0,3e359284ef38a9b0,198,13,36,False
0.15,1.0,3e359284ef38a9b0,199,13,36,False
0.15,1.0,3e359284ef38a9b0,200,13,36,False
0.15,1.0,3e359284ef38a9b0,201,13,36,False
0.15,1.0,3e359284ef38a9b0,202,13,36,False
0.15,1.0,3e359284ef38a9b0,203,13,36,False
0.15,1.0,3e359284ef38a9b0,204,13,36,False
0.15,1.0,3e359284ef38a9b0,205,13,36,False
0.15,1.0,3e359284ef38a9b0,206,14,37,False
0.15,1.0,3e359284ef38a9b0,207,14,37,False
0.15,1.0,3e359284ef38a9b0,208,14,37,False
0.15,1.0,3e359284ef38a9b0,209,14,37,False
0.15,1.0,3e359284ef38a9b0,210,14,37,False
0.15,1.0,3e359284ef38a9b0,211,14,37,False
0.15,1.0,3e359284ef38a9b0,212,14,37,False
0.15,1.0,3e359284ef38a9b0,213,14,37,False
0.15,1.0,3e359284ef38a9b0,214,15,38,False
0.15,1.0,3e359284ef38a9b0,215,15,38,False
0.15,1.0,3e359284ef38a9b0,216,15,38,False
0.15,1.0,3e359284ef38a9b0,217,15,38,False
0.15,1.0,3e359284ef38a9b0,218,15,38,False
0.15,1.0,3e359284ef38a9b0,219,15,38,False
0.15,1.0,3e359284ef38a9b0,220,15,38,False
0.15,1.0,3e359284ef38a9b0,221,15,38,False
0.15,1.0,3e359284ef38a9b0,222,16,38,False
0.15,1.0,3e359284ef38a9b0,223,16,39,False
0.15,1.0,3e359284ef38a9b0,224,16,39,False
0.15,1.0,3e359284ef38a9b0,225,16,39,False
0.15,1.0,3e359284ef38a9b0,226,16,39,False
0.15,1.0,3e359284ef38a9b0,227,16,39,False
0.15,1.0,3e359284ef38a9b0,228,16,39,False
0.15,1.0,3e359284ef38a9b0,229,16,39,False
0.15,1.0,3e359284ef38a9b0,230,17,39,False
0.15,1.0,3e359284ef38a9b0,231,17,40,False
0.15,1.0,3e359284ef38a9b0,232,17,40,False
0.15,1.0,3e359284ef38a9b0,233,17,40,False
0.15,1.0,3e359284ef38a9b0,234,17,40,False
0.15,1.0,3e359284ef38a9b0,235,17,40,False
0.15,1.0,3e359284ef38a9b0,236,17,40,False
0.15,1.0,3e359284ef38a9b0,237,17,40,False
0.15,1.0,3e359284ef38a9b0,238,18,40,False
0.15,1.0,3e359284ef38a9b0,239,18,41,False
0.15,1.0,3e359284ef38a9b0,240,18,41,False
0.15,1.0,3e359284ef38a9b0,241,18,41,False
0.15,1.0,3e359284ef38a9b0,242,18,41,False
0.15,1.0,3e359284ef38a9b0,243,18,41,False
0.15,1.0,3e359284ef38a9b0,244,18,41,False
0.15,1.0,3e359284ef38a9b0,245,18,41,False
0.15,1.0,3e359284ef38a9b0,246,19,41,False
0.15,1.0,3e359284ef38a9b0,247,19,42,False
0.15,1.0,3e359284ef38a9b0,248,19,42,False
0.15,1.0,3e359284ef38a9b0,249,19,42,False
0.15,1.0,3e359284ef38a9b0,250,19,42,False
0.15,1.0,3e359284ef38a9b0,251,19,42,False
0.15,1.0,3e359284ef38a9b0,252,19,42,False
0.15,1.0,3e359284ef38a9b0,253,19,42,False
0.15,1.0,3e359284ef38a9b0,254,20,42,False
0.15,1.0,3e359284ef38a9b0,255,20,43,False
0.15,1.0,3e359284ef38a9b0,256,20,43,False
0.15,1.0,3e359284ef38a9b0,257,20,43,False
0.15,1.0,3e359284ef38a9b0,258,20,43,False
0.15,1.0,3e359284ef38a9b0,259,20,43,False
0.15,1.0,3e359284ef38a9b0,260,20,43,False
0.15,1.0,3e359284ef38a9b0,261,20,43,False
0.15,1.0,3e359284ef38a9b0,262,21,43,False
0.15,1.0,3e359284ef38a9b0,263,21,44,False
0.15,1.0,3e359284ef38a9b0,264,21,44,False
0.15,1.0,3e359284ef38a9b0,265,21,44,False
0.15,1.0,3e359284ef38a9b0,266,21,44,False
0.15,1.0,3e359284ef38a9b0,267,21,44,False
0.15,1.0,3e359284ef38a9b0,268,21,44,False
0.15,1.0,3e359284ef38a9b0,269,21,44,False
0.15,1.0,3e359284ef38a9b0,270,22,44,False
0.15,1.0,3e359284ef38a9b0,271,22,45,False
0.15,1.0,3e359284ef38a9b0,272,22,45,False
0.15,1.0,3e359284ef38a9b0,273,22,45,False
0.15,1.0,3e359284ef38a9b0,274,22,45,False
0.15,1.0,3e359284ef38a9b0,275,22,45,False
0.15,1.0,3e359284ef38a9b0,276,22,45,False
0.15,1.0,3e359284ef38a9b0,277,22,45,False
0.15,1.0,3e359284ef38a9b0,278,22,45,False
0.15,1.0,3e359284ef38a9b0,279,23,46,False
0.15,1.0,3e359284ef38a9b0,280,23,46,False
0.15,1.0,3e359284ef38a9b0,281,23,46,False
0.15,1.0,3e359284ef38a9b0,282,23,46,False
0.15,1.0,3e359284ef38a9b0,283,23,46,False
0.15,1.0,3e359284ef38a9b0,284,23,46,False
0.15,1.0,3e359284ef38a9b0,285,23,46,False
0.15,1.0,3e359284ef38a9b0,286,23,46,False
0.15,1.0,3e359284ef38a9b0,287,24,47,False
0.15,1.0,3e359284ef38a9b0,288,24,47,False
0.15,1.0,3e359284ef38a9b0,289,24,47,False
0.15,1.0,3e359284ef38a9b0,290,24,47,False
0.15,1.0,3e359284ef38a9b0,291,24,47,False
0.15,1.0,3e359284ef38a9b0,292,24,47,False
0.15,1.0,3e359284ef38a9b0,293,24,47,False
0.15,1.0,3e359284ef38a9b0,294,24,47,False
0.15,1.0,3e359284ef38a9b0,295,25,48,False
0.15,1.0,3e359284ef38a9b0,296,25,48,False
0.15,1.0,3e359284ef38a9b0,297,25,48,False
0.15,1.0,3e359284ef38a9b0,298,25,48,False
0.15,1.0,3e359284ef38a9b0,299,25,48,False
0.15,1.0,3e359284ef38a9b0,300,25,48,False
0.15,1.0,3e359284ef38a9b0,301,25,48,False
0.15,1.0,3e359284ef38a9b0,302,25,48,False
0.15,1.0,3e359284ef38a9b0,303,26,49,False
0.15,1.0,3e359284ef38a9b0,304,26,49,False
0.15,1.0,3e359284ef38a9b0,305,26,49,False
0.15,1.0,3e359284ef38a9b0,306,26,49,False
0.15,1.0,3e359284ef38a9b0,307,26,49,False
0.15,1.0,3e359284ef38a9b0,308,26,49,False
0.15,1.0,3e359284ef38a9b0,309,26,49,False
0.15,1.0,3e359284ef38a9b0,310,26,49,False
0.15,1.0,3e359284ef38a9b0,311,27,49,False
0.15,1.0,3e359284ef38a9b0,312,27,50,False
0.15,1.0,3e359284ef38a9b0,313,27,50,False
0.15,1.0,3e359284ef38a9b0,314,27,50,False
0.15,1.0,3e359284ef38a9b0,315,27,50,False
0.15,1.0,3e359284ef38a9b0,316,27,50,False
0.15,1.0,3e359284ef38a9b0,317,27,50,False
0.15,1.0,3e359284ef38a9b0,318,27,50,False
0.15,1.0,3e359284ef38a9b0,319,28,50,False
0.15,1.0,3e359284ef38a9b0,320,28,51,False
0.15,1.0,3e359284ef38a9b0,321,28,51,False
0.15,1.0,3e359284ef38a9b0,322,28,51,False
0.15,1.0,3e359284ef38a9b0,323,28,51,False
0.15,1.0,3e359284ef38a9b0,324,28,51,False
0.15,1.0,3e359284ef38a9b0,325,28,51,False
0.15,1.0,3e359284ef38a9b0,326,28,51,False
0.15,1.0,3e359284ef38a9b0,327,29,51,False
0.15,1.0,3e359284ef38a9b0,328,29,52,False
0.15,1.0,3e359284ef38a9b0,329,29,52,False
0.15,1.0,3e359284ef38a9b0,330,29,52,False
0.15,1.0,3e359284ef38a9b0,331,29,52,False
0.15,1.0,3e359284ef38a9b0,332,29,52,False
0.15,1.0,3e359284ef38a9b0,333,29,52,False
0.15,1.0,3e359284ef38a9b0,334,29,52,False
0.15,1.0,3e359284ef38a9b0,335,30,52,False
0.15,1.0,3e359284ef38a9b0,336,30,53,False
0.15,1.0,3e359284ef38a9b0,337,30,53,False
0.15,1.0,3e359284ef38a9b0,338,30,53,False
0.15,1.0,3e359284ef38a9b0,339,30,53,False
0.15,1.0,3e359284ef38a9b0,340,30,53,False
0.15,1.0,3e359284ef38a9b0,341,30,53,False
0.15,1.0,3e359284ef38a9b0,342,30,53,False
0.15,1.0,3e359284ef38a9b0,343,31,53,False
0.15,1.0,3e359284ef38a9b0,344,31,54,False
0.15,1.0,3e359284ef38a9b0,345,31,54,False
0.15,1.0,3e359284ef38a9b0,346,31,54,False
0.15,1.0,3e359284ef38a9b0,347,31,54,False
0.15,1.0,3e359284ef38a9b0,348,31,54,False
0.15,1.0,3e359284ef38a9b0,349,31,54,False
0.15,1.0,3e359284ef38a9b0,350,31,54,False
0.15,1.0,3e359284ef38a9b0,351,32,54,False
0.15,1.0,3e359284ef38a9b0,352,32,55,False
0.15,1.0,3e359284ef38a9b0,353,32,55,False
0.15,1.0,3e359284ef38a9b0,354,32,55,False
0.15,1.0,3e359284ef38a9b0,355,32,55,False
0.15,1.0,3e359284ef38a9b0,356,32,55,False
0.15,1.0,3e359284ef38a9b0,357,32,55,False
0.15,1.0,3e359284ef38a9b0,358,32,55,False
0.15,1.0,3e359284ef38a9b0,359,33,55,False
0.15,1.0,3e359284ef38a9b0,360,33,56,False
0.15,1.0,3e359284ef38a9b0,361,33,56,False
0.15,1.0,3e359284ef38a9b0,362,33,56,False
0.15,1.0,3e359284ef38a9b0,363,33,56,False
0.15,1.0,3e359284ef38a9b0,364,33,56,False
0.15,1.0,3e359284ef38a9b0,365,33,56,False
0.15,1.0,3e359284ef38a9b0,366,33,56,False
0.15,1.0,3e359284ef38a9b0,367,33,56,False
0.15,1.0,3e359284ef38a9b0,368,46,47,True
0.15,1.25,1b031a96469e7f30,1,,,False
0.15,1.25,1b031a96469e7f30,2,,,False
0.15,1.25,1b031a96469e7f30,3,,,False
0.15,1.25,1b031a96469e7f30,4,,,False
0.15,1.25,1b031a96469e7f30,5,,,False
0.15,1.25,1b031a96469e7f30,6,,,False
0.15,1.25,1b031a96469e7f30,7,,,False
0.15,1.25,1b031a96469e7f30,8,,,False
0.15,1.25,1b031a96469e7f30,9,,9,False
0.15,1.25,1b031a96469e7f30,10,,9,False
0.15,1.25,1b031a96469e7f30,11,,9,False
0.15,1.25,1b031a96469e7f30,12,,9,False
0.15,1.25,1b031a96469e7f30,13,,9,False
0.15,1.25,1b031a96469e7f30,14,,10,False
0.15,1.25,1b031a96469e7f30,15,,10,False
0.15,1.25,1b031a96469e7f30,16,,10,False
0.15,1.25,1b031a96469e7f30,17,,10,False
0.15,1.25,1b031a96469e7f30,18,,10,False
0.15,1.25,1b031a96469e7f30,19,,10,False
0.15,1.25,1b031a96469e7f30,20,,10,False
0.15,1.25,1b031a96469e7f30,21,,10,False
0.15,1.25,1b031a96469e7f30,22,,11,False
0.15,1.25,1b031a96469e7f30,23,,11,False
0.15,1.25,1b031a96469e7f30,24,,11,False
0.15,1.25,1b031a96469e7f30,25,,11,False
0.15,1.25,1b031a96469e7f30,26,,11,False
0.15,1.25,1b031a96469e7f30,27,,11,False
0.15,1.25,1b031a96469e7f30,28,,11,False
0.15,1.25,1b031a96469e7f30,29,,11,False
0.15,1.25,1b031a96469e7f30,30,,12,False
0.15,1.25,1b031a96469e7f30,31,,12,False
0.15,1.25,1b031a96469e7f30,32,,12,False
0.15,1.25,1b031a96469e7f30,33,,12,False
0.15,1.25,1b031a96469e7f30,34,,12,False
0.15,1.25,1b031a96469e7f30,35,,12,False
0.15,1.25,1b031a96469e7f30,36,,12,False
0.15,1.25,1b031a96469e7f30,37,,12,False
0.15,1.25,1b031a96469e7f30,38,,13,False
0.15,1.25,1b031a96469e7f30,39,,13,False
0.15,1.25,1b031a96469e7f30,40,,13,False
0.15,1.25,1b031a96469e7f30,41,,13,False
0.15,1.25,1b031a96469e7f30,42,,13,False
0.15,1.25,1b031a96469e7f30,43,,13,False
0.15,1.25,1b031a96469e7f30,44,,13,False
0.15,1.25,1b031a96469e7f30,45,,13,False
0.15,1.25,1b031a96469e7f30,46,,14,False
0.15,1.25,1b031a96469e7f30,47,,14,False
0.15,1.25,1b031a96469e7f30,48,,14,False
0.15,1.25,1b031a96469e7f30,49,,14,False
0.15,1.25,1b031a96469e7f30,50,,14,False
0.15,1.25,1b031a96469e7f30,51,,14,False
0.15,1.25,1b031a96469e7f30,52,,14,False
0.15,1.25,1b031a96469e7f30,53,,14,False
0.15,1.25,1b031a96469e7f30,54,,15,False
0.15,1.25,1b031a96469e7f30,55,,15,False
0.15,1.25,1b031a96469e7f30,56,,15,False
0.15,1.25,1b031a96469e7f30,57,0,15,False
0.15,1.25,1b031a96469e7f30,58,0,15,False
0.15,1.25,1b031a96469e7f30,59,0,15,False
0.15,1.25,1b031a96469e7f30,60,0,15,False
0.15,1.25,1b031a96469e7f30,61,0,15,False
0.15,1.25,1b031a96469e7f30,62,0,15,False
0.15,1.25,1b031a96469e7f30,63,0,16,False
0.15,1.25,1b031a96469e7f30,64,0,16,False
0.15,1.25,1b031a96469e7f30,65,1,16,False
0.15,1.25,1b031a96469e7f30,66,1,16,False
0.15,1.25,1b031a96469e7f30,67,1,16,False
0.15,1.25,1b031a96469e7f30,68,1,16,False
0.15,1.25,1b031a96469e7f30,69,1,16,False
0.15,1.25,1b031a96469e7f30,70,1,16,False
0.15,1.25,1b031a96469e7f30,71,1,17,False
0.15,1.25,1b031a96469e7f30,72,1,17,False
0.15,1.25,1b031a96469e7f30,73,1,17,False
0.15,1.25,1b031a96469e7f30,74,2,17,False
0.15,1.25,1b031a96469e7f30,75,2,17,False
0.15,1.25,1b031a96469e7f30,76,2,17,False
0.15,1.25,1b031a96469e7f30,77,2,17,False
0.15,1.25,1b031a96469e7f30,78,2,17,False
0.15,1.25,1b031a96469e7f30,79,2,18,False
0.15,1.25,1b031a96469e7f30,80,2,18,False
0.15,1.25,1b031a96469e7f30,81,2,18,False
0.15,1.25,1b031a96469e7f30,82,3,18,False
0.15,1.25,1b031a96469e7f30,83,3,18,False
0.15,1.25,1b031a96469e7f30,84,3,18,False
0.15,1.25,1b031a96469e7f30,85,3,18,False
0.15,1.25,1b031a96469e7f30,86,3,18,False
0.15,1.25,1b031a96469e7f30,87,3,19,False
0.15,1.25,1b031a96469e7f30,88,3,19,False
0.15,1.25,1b031a96469e7f30,89,3,19,False
0.15,1.25,1b031a96469e7f30,90,4,19,False
0.15,1.25,1b031a96469e7f30,91,4,19,False
0.15,1.25,1b031a96469e7f30,92,4,19,False
0.15,1.25,1b031a96469e7f30,93,4,19,False
0.15,1.25,1b031a96469e7f30,94,4,19,False
0.15,1.25,1b031a96469e7f30,95,4,20,False
0.15,1.25,1b031a96469e7f30,96,4,20,False
0.15,1.25,1b031a96469e7f30,97,4,20,False
0.15,1.25,1b031a96469e7f30,98,5,20,False
0.15,1.25,1b031a96469e7f30,99,5,20,False
0.15,1.25,1b031a96469e7f30,100,5,20,False
0.15,1.25,1b031a96469e7f30,101,5,20,False
0.15,1.25,1b031a96469e7f30,102,5,20,False
0.15,1.25,1b031a96469e7f30,103,5,21,False
0.15,1.25,1b031a96469e7f30,104,5,21,False
0.15,1.25,1b031a96469e7f30,105,5,21,False
0.15,1.25,1b031a96469e7f30,106,6,21,False
0.15,1.25,1b031a96469e7f30,107,6,21,False
0.15,1.25,1b031a96469e7f30,108,6,21,False
0.15,1.25,1b031a96469e7f30,109,6,21,False
0.15,1.25,1b031a96469e7f30,110,6,21,False
0.15,1.25,1b031a96469e7f30,111,6,22,False
0.15,1.25,1b031a96469e7f30,112,6,22,False
0.15,1.25,1b031a96469e7f30,113,6,22,False
0.15,1.25,1b031a96469e7f30,114,7,22,False
0.15,1.25,1b031a96469e7f30,115,7,22,False
0.15,1.25,1b031a96469e7f30,116,7,22,False
0.15,1.25,1b031a96469e7f30,117,7,22,False
0.15,1.25,1b031a96469e7f30,118,7,22,False
0.15,1.25,1b031a96469e7f30,119,7,23,False
0.15,1.25,1b031a96469e7f30,120,7,23,False
0.15,1.25,1b031a96469e7f30,121,7,23,False
0.15,1.25,1b031a96469e7f30,122,8,23,False
0.15,1.25,1b031a96469e7f30,123,8,23,False
0.15,1.25,1b031a96469e7f30,124,8,23,False
0.15,1.25,1b031a96469e7f30,125,8,23,False
0.15,1.25,1b031a96469e7f30,126,8,23,False
0.15,1.25,1b031a96469e7f30,127,8,24,False
0.15,1.25,1b031a96469e7f30,128,8,24,False
0.15,1.25,1b031a96469e7f30,129,8,24,False
0.15,1.25,1b031a96469e7f30,130,9,24,False
0.15,1.25,1b031a96469e7f30,131,9,24,False
0.15,1.25,1b031a96469e7f30,132,9,24,False
0.15,1.25,1b031a96469e7f30,133,9,24,False
0.15,1.25,1b031a96469e7f30,134,9,24,False
0.15,1.25,1b031a96469e7f30,135,9,25,False
0.15,1.25,1b031a96469e7f30,136,9,25,False
0.15,1.25,1b031a96469e7f30,137,9,25,False
0.15,1.25,1b031a96469e7f30,138,10,25,False
0.15,1.25,1b031a96469e7f30,139,10,25,False
0.15,1.25,1b031a96469e7f30,140,10,25,False
0.15,1.25,1b031a96469e7f30,141,10,25,False
0.15,1.25,1b031a96469e7f30,142,10,25,False
0.15,1.25,1b031a96469e7f30,143,10,25,False
0.15,1.25,1b031a96469e7f30,144,10,26,False
0.15,1.25,1b031a96469e7f30,145,10,26,False
0.15,1.25,1b031a96469e7f30,146,11,26,False
0.15,1.25,1b031a96469e7f30,147,11,26,False
0.15,1.25,1b031a96469e7f30,148,11,26,False
0.15,1.25,1b031a96469e7f30,149,11,26,False
0.15,1.25,1b031a96469e7f30,150,11,26,False
0.15,1.25,1b031a96469e7f30,151,11,26,False
0.15,1.25,1b031a96469e7f30,152,11,27,False
0.15,1.25,1b031a96469e7f30,153,11,27,False
0.15,1.25,1b031a96469e7f30,154,11,27,False
0.15,1.25,1b031a96469e7f30,155,12,27,False
0.15,1.25,1b031a96469e7f30,156,12,27,False
0.15,1.25,1b031a96469e7f30,157,12,27,False
0.15,1.25,1b031a96469e7f30,158,12,27,False
0.15,1.25,1b031a96469e7f30,159,12,27,False
0.15,1.25,1b031a96469e7f30,160,12,28,False
0.15,1.25,1b031a96469e7f30,161,12,28,False
0.15,1.25,1b031a96469e7f30,162,12,28,False
0.15,1.25,1b031a96469e7f30,163,13,28,False
0.15,1.25,1b031a96469e7f30,164,13,28,False
0.15,1.25,1b031a96469e7f30,165,13,28,False
0.15,1.25,1b031a96469e7f30,166,13,28,False
0.15,1.25,1b031a96469e7f30,167,13,28,False
0.15,1.25,1b031a96469e7f30,168,13,29,False
0.15,1.25,1b031a96469e7f30,169,13,29,False
0.15,1.25,1b031a96469e7f30,170,13,29,False
0.15,1.25,1b031a96469e7f30,171,14,29,False
0.15,1.25,1b031a96469e7f30,172,14,29,False
0.15,1.25,1b031a96469e7f30,173,14,29,False
0.15,1.25,1b031a96469e7f30,174,14,29,False
0.15,1.25,1b031a96469e7f30,175,14,29,False
0.15,1.25,1b031a96469e7f30,176,14,30,False
0.15,1.25,1b031a96469e7f30,177,14,30,False
0.15,1.25,1b031a96469e7f30,178,14,30,False
0.15,1.25,1b031a96469e7f30,179,15,30,False
0.15,1.25,1b031a96469e7f30,180,15,30,False
0.15,1.25,1b031a96469e7f30,181,15,30,False
0.15,1.25,1b031a96469e7f30,182,15,30,False
0.15,1.25,1b031a96469e7f30,183,15,30,False
0.15,1.25,1b031a96469e7f30,184,15,31,False
0.15,1.25,1b031a96469e7f30,185,15,31,False
0.15,1.25,1b031a96469e7f30,186,15,31,False
0.15,1.25,1b031a96469e7f30,187,16,31,False
0.15,1.25,1b031a96469e7f30,188,16,31,False
0.15,1.25,1b031a96469e7f30,189,16,31,False
0.15,1.25,1b031a96469e7f30,190,16,31,False
0.15,1.25,1b031a96469e7f30,191,16,31,False
0.15,1.25,1b031a96469e7f30,192,16,32,False
0.15,1.25,1b031a96469e7f30,193,16,32,False
0.15,1.25,1b031a96469e7f30,194,16,32,False
0.15,1.25,1b031a96469e7f30,195,17,32,False
0.15,1.25,1b031a96469e7f30,196,17,32,False
0.15,1.25,1b031a96469e7f30,197,17,32,False
0.15,1.25,1b031a96469e7f30,198,17,32,False
0.15,1.25,1b031a96469e7f30,199,17,32,False
0.15,1.25,1b031a96469e7f30,200,17,33,False
0.15,1.25,1b031a96469e7f30,201,17,33,False
0.15,1.25,1b031a96469e7f30,202,17,33,False
0.15,1.25,1b031a96469e7f30,203,18,33,False
0.15,1.25,1b031a96469e7f30,204,18,33,False
0.15,1.25,1b031a96469e7f30,205,18,33,False
0.15,1.25,1b031a96469e7f30,206,18,33,False
0.15,1.25,1b031a96469e7f30,207,18,33,False
0.15,1.25,1b031a96469e7f30,208,18,34,False
0.15,1.25,1b031a96469e7f30,209,18,34,False
0.15,1.25,1b031a96469e7f30,210,18,34,False
0.15,1.25,1b031a96469e7f30,211,19,34,False
0.15,1.25,1b031a96469e7f30,212,19,34,False
0.15,1.25,1b031a96469e7f30,213,19,34,False
0.15,1.25,1b031a96469e7f30,214,19,34,False
0.15,1.25,1b031a96469e7f30,215,19,34,False
0.15,1.25,1b031a96469e7f30,216,19,35,False
0.15,1.25,1b031a96469e7f30,217,19,35,False
0.15,1.25,1b031a96469e7f30,218,19,35,False
0.15,1.25,1b031a96469e7f30,219,20,35,False
0.15,1.25,1b031a96469e7f30,220,20,35,False
0.15,1.25,1b031a96469e7f30,221,20,35,False
0.15,1.25,1b031a96469e7f30,222,20,35,False
0.15,1.25,1b031a96469e7f30,223,20,35,False
0.15,1.25,1b031a96469e7f30,224,20,36,False
0.15,1.25,1b031a96469e7f30,225,20,36,False
0.15,1.25,1b031a96469e7f30,226,20,36,False
0.15,1.25,1b031a96469e7f30,227,21,36,False
0.15,1.25,1b031a96469e7f30,228,21,36,False
0.15,1.25,1b031a96469e7f30,229,21,36,False
0.15,1.25,1b031a96469e7f30,230,21,36,False
0.15,1.25,1b031a96469e7f30,231,21,36,False
0.15,1.25,1b031a96469e7f30,232,21,36,False
0.15,1.25,1b031a96469e7f30,233,21,37,False
0.15,1.25,1b031a96469e7f30,234,21,37,False
0.15,1.25,1b031a96469e7f30,235,22,37,False
0.15,1.25,1b031a96469e7f30,236,22,37,False
0.15,1.25,1b031a96469e7f30,237,22,37,False
0.15,1.25,1b031a96469e7f30,238,22,37,False
0.15,1.25,1b031a96469e7f30,239,22,37,False
0.15,1.25,1b031a96469e7f30,240,22,37,False
0.15,1.25,1b031a96469e7f30,241,22,38,False
0.15,1.25,1b031a96469e7f30,242,22,38,False
0.15,1.25,1b031a96469e7f30,243,22,38,False
0.15,1.25,1b031a96469e7f30,244,23,38,False
0.15,1.25,1b031a96469e7f30,245,23,38,False
0.15,1.25,1b031a96469e7f30,246,23,38,False
0.15,1.25,1b031a96469e7f30,247,23,38,False
0.15,1.25,1b031a96469e7f30,248,23,38,False
0.15,1.25,1b031a96469e7f30,249,23,39,False
0.15,1.25,1b031a96469e7f30,250,23,39,False
0.15,1.25,1b031a96469e7f30,251,23,39,False
0.15,1.25,1b031a96469e7f30,252,24,39,False
0.15,1.25,1b031a96469e7f30,253,24,39,False
0.15,1.25,1b031a96469e7f30,254,24,39,False
0.15,1.25,1b031a96469e7f30,255,24,39,False
0.15,1.25,1b031a96469e7f30,256,24,39,False
0.15,1.25,1b031a96469e7f30,257,24,40,False
0.15,1.25,1b031a96469e7f30,258,24,40,False
0.15,1.25,1b031a96469e7f30,259,24,40,False
0.15,1.25,1b031a96469e7f30,260,25,40,False
0.15,1.25,1b031a96469e7f30,261,25,40,False
0.15,1.25,1b031a96469e7f30,262,25,40,False
0.15,1.25,1b031a96469e7f30,263,25,40,False
0.15,1.25,1b031a96469e7f30,264,25,40,False
0.15,1.25,1b031a96469e7f30,265,25,41,False
0.15,1.25,1b031a96469e7f30,266,25,41,False
0.15,1.25,1b031a96469e7f30,267,25,41,False
0.15,1.25,1b031a96469e7f30,268,26,41,False
0.15,1.25,1b031a96469e7f30,269,26,41,False
0.15,1.25,1b031a96469e7f30,270,26,41,False
0.15,1.25,1b031a96469e7f30,271,26,41,False
0.15,1.25,1b031a96469e7f30,272,26,41,False
0.15,1.25,1b031a96469e7f30,273,26,42,False
0.15,1.25,1b031a96469e7f30,274,26,42,False
0.15,1.25,1b031a96469e7f30,275,26,42,False
0.15,1.25,1b031a96469e7f30,276,27,42,False
0.15,1.25,1b031a96469e7f30,277,27,42,False
0.15,1.25,1b031a96469e7f30,278,27,42,False
0.15,1.25,1b031a96469e7f30,279,27,42,False
0.15,1.25,1b031a96469e7f30,280,27,42,False
0.15,1.25,1b031a96469e7f30,281,27,43,False
0.15,1.25,1b031a96469e7f30,282,27,43,False
0.15,1.25,1b031a96469e7f30,283,27,43,False
0.15,1.25,1b031a96469e7f30,284,28,43,False
0.15,1.25,1b031a96469e7f30,285,28,43,False
0.15,1.25,1b031a96469e7f30,286,28,43,False
0.15,1.25,1b031a96469e7f30,287,28,43,False
0.15,1.25,1b031a96469e7f30,288,28,43,False
0.15,1.25,1b031a96469e7f30,289,28,44,False
0.15,1.25,1b031a96469e7f30,290,28,44,False
0.15,1.25,1b031a96469e7f30,291,28,44,False
0.15,1.25,1b031a96469e7f30,292,29,44,False
0.15,1.25,1b031a96469e7f30,293,29,44,False
0.15,1.25,1b031a96469e7f30,294,29,44,False
0.15,1.25,1b031a96469e7f30,295,29,44,False
0.15,1.25,1b031a96469e7f30,296,29,44,False
0.15,1.25,1b031a96469e7f30,297,29,45,False
0.15,1.25,1b031a96469e7f30,298,29,45,False
0.15,1.25,1b031a96469e7f30,299,29,45,False
0.15,1.25,1b031a96469e7f30,300,30,45,False
0.15,1.25,1b031a96469e7f30,301,30,45,False
0.15,1.25,1b031a96469e7f30,302,30,45,False
0.15,1.25,1b031a96469e7f30,303,30,45,False
0.15,1.25,1b031a96469e7f30,304,30,45,False
0.15,1.25,1b031a96469e7f30,305,30,46,False
0.15,1.25,1b031a96469e7f30,306,30,46,False
0.15,1.25,1b031a96469e7f30,307,30,46,False
0.15,1.25,1b031a96469e7f30,308,31,46,False
0.15,1.25,1b031a96469e7f30,309,31,46,False
0.15,1.25,1b031a96469e7f30,310,31,46,False
0.15,1.25,1b031a96469e7f30,311,31,46,False
0.15,1.25,1b031a96469e7f30,312,31,46,False
0.15,1.25,1b031a96469e7f30,313,31,47,False
0.15,1.25,1b031a96469e7f30,314,31,47,False
0.15,1.25,1b031a96469e7f30,315,31,47,False
0.15,1.25,1b031a96469e7f30,316,32,47,False
0.15,1.25,1b031a96469e7f30,317,32,47,False
0.15,1.25,1b031a96469e7f30,318,32,47,False
0.15,1.25,1b031a96469e7f30,319,32,47,False
0.15,1.25,1b031a96469e7f30,320,32,47,False
0.15,1.25,1b031a96469e7f30,321,32,47,False
0.15,1.25,1b031a96469e7f30,322,32,48,False
0.15,1.25,1b031a96469e7f30,323,32,48,False
0.15,1.25,1b031a96469e7f30,324,33,48,False
0.15,1.25,1b031a96469e7f30,325,33,48,False
0.15,1.25,1b031a96469e7f30,326,33,48,False
0.15,1.25,1b031a96469e7f30,327,33,48,False
0.15,1.25,1b031a96469e7f30,328,33,48,False
0.15,1.25,1b031a96469e7f30,329,33,48,False
0.15,1.25,1b031a96469e7f30,330,33,49,False
0.15,1.25,1b031a96469e7f30,331,33,49,False
0.15,1.25,1b031a96469e7f30,332,33,49,False
0.15,1.25,1b031a96469e7f30,333,34,49,False
0.15,1.25,1b031a96469e7f30,334,34,49,False
0.15,1.25,1b031a96469e7f30,335,34,49,False
0.15,1.25,1b031a96469e7f30,336,34,49,False
0.15,1.25,1b031a96469e7f30,337,34,49,False
0.15,1.25,1b031a96469e7f30,338,34,50,False
0.15,1.25,1b031a96469e7f30,339,34,50,False
0.15,1.25,1b031a96469e7f30,340,34,50,False
0.15,1.25,1b031a96469e7f30,341,35,50,False
0.15,1.25,1b031a96469e7f30,342,35,50,False
0.15,1.25,1b031a96469e7f30,343,35,50,False
0.15,1.25,1b031a96469e7f30,344,35,50,False
0.15,1.25,1b031a96469e7f30,345,35,50,False
0.15,1.25,1b031a96469e7f30,346,35,51,False
0.15,1.25,1b031a96469e7f30,347,35,51,False
0.15,1.25,1b031a96469e7f30,348,35,51,False
0.15,1.25,1b031a96469e7f30,349,36,51,False
0.15,1.25,1b031a96469e7f30,350,36,51,False
0.15,1.25,1b031a96469e7f30,351,36,51,False
0.15,1.25,1b031a96469e7f30,352,36,51,False
0.15,1.25,1b031a96469e7f30,353,36,51,False
0.15,1.25,1b031a96469e7f30,354,36,52,False
0.15,1.25,1b031a96469e7f30,355,36,52,False
0.15,1.25,1b031a96469e7f30,356,36,52,False
0.15,1.25,1b031a96469e7f30,357,37,52,False
0.15,1.25,1b031a96469e7f30,358,37,52,False
0.15,1.25,1b031a96469e7f30,359,37,52,False
0.15,1.25,1b031a96469e7f30,360,37,52,False
0.15,1.25,1b031a96469e7f30,361,37,52,False
0.15,1.25,1b031a96469e7f30,362,37,53,False
0.15,1.25,1b031a96469e7f30,363,37,53,False
0.15,1.25,1b031a96469e7f30,364,37,53,False
0.15,1.25,1b031a96469e7f30,365,38,53,False
0.15,1.25,1b031a96469e7f30,366,38,53,False
0.15,1.25,1b031a96469e7f30,367,38,53,False
0.15,1.25,1b031a96469e7f30,368,38,53,False
0.15,1.25,1b031a96469e7f30,369,38,53,False
0.15,1.25,1b031a96469e7f30,370,38,54,False
0.15,1.25,1b031a96469e7f30,371,38,54,False
0.15,1.25,1b031a96469e7f30,372,38,54,False
0.15,1.25,1b031a96469e7f30,373,39,54,False
0.15,1.25,1b031a96469e7f30,374,39,54,False
0.15,1.25,1b031a96469e7f30,375,39,54,False
0.15,1.25,1b031a96469e7f30,376,39,54,False
0.15,1.25,1b031a96469e7f30,377,39,54,False
0.15,1.25,1b031a96469e7f30,378,39,55,False
0.15,1.25,1b031a96469e7f30,379,39,55,False
0.15,1.25,1b031a96469e7f30,380,39,55,False
0.15,1.25,1b031a96469e7f30,381,40,55,False
0.15,1.25,1b031a96469e7f30,382,40,55,False
0.15,1.25,1b031a96469e7f30,383,40,55,False
0.15,1.25,1b031a96469e7f30,384,40,55,False
0.15,1.25,1b031a96469e7f30,385,40,55,False
0.15,1.25,1b031a96469e7f30,386,40,56,False
0.15,1.25,1b031a96469e7f30,387,40,56,False
0.15,1.25,1b031a96469e7f30,388,40,56,False
0.15,1.25,1b031a96469e7f30,389,41,56,False
0.15,1.25,1b031a96469e7f30,390,41,56,False
0.15,1.25,1b031a96469e7f30,391,49,50,True
0.15,1.5,15e756fae026a614,1,,,False
0.15,1.5,15e756fae026a614,2,,,False
0.15,1.5,15e756fae026a614,3,,,False
0.15,1.5,15e756fae026a614,4,,,False
0.15,1.5,15e756fae026a614,5,,,False
0.15,1.5,15e756fae026a614,6,,,False
0.15,1.5,15e756fae026a614,7,,,False
0.15,1.5,15e756fae026a614,8,,,False
0.15,1.5,15e756fae026a614,9,,9,False
0.15,1.5,15e756fae026a614,10,,9,False
0.15,1.5,15e756fae026a614,11,,9,False
0.15,1.5,15e756fae026a614,12,,9,False
0.15,1.5,15e756fae026a614,13,,9,False
0.15,1.5,15e756fae026a614,14,,10,False
0.15,1.5,15e756fae026a614,15,,10,False
0.15,1.5,15e756fae026a614,16,,10,False
0.15,1.5,15e756fae026a614,17,,10,False
0.15,1.5,15e756fae026a614,18,,10,False
0.15,1.5,15e756fae026a614,19,,10,False
0.15,1.5,15e756fae026a614,20,,10,False
0.15,1.5,15e756fae026a614,21,,10,False
0.15,1.5,15e756fae026a614,22,,11,False
0.15,1.5,15e756fae026a614,23,,11,False
0.15,1.5,15e756fae026a614,24,,11,False
0.15,1.5,15e756fae026a614,25,,11,False
0.15,1.5,15e756fae026a614,26,,11,False
0.15,1.5,15e756fae026a614,27,,11,False
0.15,1.5,15e756fae026a614,28,,11,False
0.15,1.5,15e756fae026a614,29,,11,False
0.15,1.5,15e756fae026a614,30,,12,False
0.15,1.5,15e756fae026a614,31,,12,False
0.15,1.5,15e756fae026a614,32,,12,False
0.15,1.5,15e756fae026a614,33,,12,False
0.15,1.5,15e756fae026a614,34,,12,False
0.15,1.5,15e756fae026a614,35,,12,False
0.15,1.5,15e756fae026a614,36,,12,False
0.15,1.5,15e756fae026a614,37,,12,False
0.15,1.5,15e756fae026a614,38,,13,False
0.15,1.5,15e756fae026a614,39,,13,False
0.15,1.5,15e756fae026a614,40,0,13,False
0.15,1.5,15e756fae026a614,41,0,13,False
0.15,1.5,15e756fae026a614,42,0,13,False
0.15,1.5,15e756fae026a614,43,0,13,False
0.15,1.5,15e756fae026a614,44,0,13,False
0.15,1.5,15e756fae026a614,45,0,13,False
0.15,1.5,15e756fae026a614,46,0,14,False
0.15,1.5,15e756fae026a614,47,0,14,False
0.15,1.5,15e756fae026a614,48,1,14,False
0.15,1.5,15e756fae026a614,49,1,14,False
0.15,1.5,15e756fae026a614,50,1,14,False
0.15,1.5,15e756fae026a614,51,1,14,False
0.15,1.5,15e756fae026a614,52,1,14,False
0.15,1.5,15e756fae026a614,53,1,14,False
0.15,1.5,15e756fae026a614,54,1,15,False
0.15,1.5,15e756fae026a614,55,1,15,False
0.15,1.5,15e756fae026a614,56,2,15,False
0.15,1.5,15e756fae026a614,57,2,15,False
0.15,1.5,15e756fae026a614,58,2,15,False
0.15,1.5,15e756fae026a614,59,2,15,False
0.15,1.5,15e756fae026a614,60,2,15,False
0.15,1.5,15e756fae026a614,61,2,15,False
0.15,1.5,15e756fae026a614,62,2,15,False
0.15,1.5,15e756fae026a614,63,2,16,False
0.15,1.5,15e756fae026a614,64,3,16,False
0.15,1.5,15e756fae026a614,65,3,16,False
0.15,1.5,15e756fae026a614,66,3,16,False
0.15,1.5,15e756fae026a614,67,3,16,False
0.15,1.5,15e756fae026a614,68,3,16,False
0.15,1.5,15e756fae026a614,69,3,16,False
0.15,1.5,15e756fae026a614,70,3,16,False
0.15,1.5,15e756fae026a614,71,3,17,False
0.15,1.5,15e756fae026a614,72,4,17,False
0.15,1.5,15e756fae026a614,73,4,17,False
0.15,1.5,15e756fae026a614,74,4,17,False
0.15,1.5,15e756fae026a614,75,4,17,False
0.15,1.5,15e756fae026a614,76,4,17,False
0.15,1.5,15e756fae026a614,77,4,17,False
0.15,1.5,15e756fae026a614,78,4,17,False
0.15,1.5,15e756fae026a614,79,4,18,False
0.15,1.5,15e756fae026a614,80,5,18,False
0.15,1.5,15e756fae026a614,81,5,18,False
0.15,1.5,15e756fae026a614,82,5,18,False
0.15,1.5,15e756fae026a614,83,5,18,False
0.15,1.5,15e756fae026a614,84,5,18,False
0.15,1.5,15e756fae026a614,85,5,18,False
0.15,1.5,15e756fae026a614,86,5,18,False
0.15,1.5,15e756fae026a614,87,5,19,False
0.15,1.5,15e756fae026a614,88,6,19,False
0.15,1.5,15e756fae026a614,89,6,19,False
0.15,1.5,15e756fae026a614,90,6,19,False
0.15,1.5,15e756fae026a614,91,6,19,False
0.15,1.5,15e756fae026a614,92,6,19,False
0.15,1.5,15e756fae026a614,93,6,19,False
0.15,1.5,15e756fae026a614,94,6,19,False
0.15,1.5,15e756fae026a614,95,6,20,False
0.15,1.5,15e756fae026a614,96,6,20,False
0.15,1.5,15e756fae026a614,97,7,20,False
0.15,1.5,15e756fae026a614,98,7,20,False
0.15,1.5,15e756fae026a614,99,7,20,False
0.15,1.5,15e756fae026a614,100,7,20,False
0.15,1.5,15e756fae026a614,101,7,20,False
0.15,1.5,15e756fae026a614,102,7,20,False
0.15,1.5,15e756fae026a614,103,7,21,False
0.15,1.5,15e756fae026a614,104,7,21,False
0.15,1.5,15e756fae026a614,105,8,21,False
0.15,1.5,15e756fae026a614,106,8,21,False
0.15,1.5,15e756fae026a614,107,8,21,False
0.15,1.5,15e756fae026a614,108,8,21,False
0.15,1.5,15e756fae026a614,109,8,21,False
0.15,1.5,15e756fae026a614,110,8,21,False
0.15,1.5,15e756fae026a614,111,8,22,False
0.15,1.5,15e756fae026a614,112,8,22,False
0.15,1.5,15e756fae026a614,113,9,22,False
0.15,1.5,15e756fae026a614,114,9,22,False
0.15,1.5,15e756fae026a614,115,9,22,False
0.15,1.5,15e756fae026a614,116,9,22,False
0.15,1.5,15e756fae026a614,117,9,22,False
0.15,1.5,15e756fae026a614,118,9,22,False
0.15,1.5,15e756fae026a614,119,9,23,False
0.15,1.5,15e756fae026a614,120,9,23,False
0.15,1.5,15e756fae026a614,121,10,23,False
0.15,1.5,15e756fae026a614,122,10,23,False
0.15,1.5,15e756fae026a614,123,10,23,False
0.15,1.5,15e756fae026a614,124,10,23,False
0.15,1.5,15e756fae026a614,125,10,23,False
0.15,1.5,15e756fae026a614,126,10,23,False
0.15,1.5,15e756fae026a614,127,10,24,False
0.15,1.5,15e756fae026a614,128,10,24,False
0.15,1.5,15e756fae026a614,129,11,24,False
0.15,1.5,15e756fae026a614,130,11,24,False
0.15,1.5,15e756fae026a614,131,11,24,False
0.15,1.5,15e756fae026a614,132,11,24,False
0.15,1.5,15e756fae026a614,133,11,24,False
0.15,1.5,15e756fae026a614,134,11,24,False
0.15,1.5,15e756fae026a614,135,11,25,False
0.15,1.5,15e756fae026a614,136,11,25,False
0.15,1.5,15e756fae026a614,137,12,25,False
0.15,1.5,15e756fae026a614,138,12,25,False
0.15,1.5,15e756fae026a614,139,12,25,False
0.15,1.5,15e756fae026a614,140,12,25,False
0.15,1.5,15e756fae026a614,141,12,25,False
0.15,1.5,15e756fae026a614,142,12,25,False
0.15,1.5,15e756fae026a614,143,12,25,False
0.15,1.5,15e756fae026a614,144,12,26,False
0.15,1.5,15e756fae026a614,145,13,26,False
0.15,1.5,15e756fae026a614,146,13,26,False
0.15,1.5,15e756fae026a614,147,13,26,False
0.15,1.5,15e756fae026a614,148,13,26,False
0.15,1.5,15e756fae026a614,149,13,26,False
0.15,1.5,15e756fae026a614,150,13,26,False
0.15,1.5,15e756fae026a614,151,13,26,False
0.15,1.5,15e756fae026a614,152,13,27,False
0.15,1.5,15e756fae026a614,153,14,27,False
0.15,1.5,15e756fae026a614,154,14,27,False
0.15,1.5,15e756fae026a614,155,14,27,False
0.15,1.5,15e756fae026a614,156,14,27,False
0.15,1.5,15e756fae026a614,157,14,27,False
0.15,1.5,15e756fae026a614,158,14,27,False
0.15,1.5,15e756fae026a614,159,14,27,False
0.15,1.5,15e756fae026a614,160,14,28,False
0.15,1.5,15e756fae026a614,161,15,28,False
0.15,1.5,15e756fae026a614,162,15,28,False
0.15,1.5,15e756fae026a614,163,15,28,False
0.15,1.5,15e756fae026a614,164,15,28,False
0.15,1.5,15e756fae026a614,165,15,28,False
0.15,1.5,15e756fae026a614,166,15,28,False
0.15,1.5,15e756fae026a614,167,15,28,False
0.15,1.5,15e756fae026a614,168,15,29,False
0.15,1.5,15e756fae026a614,169,16,29,False
0.15,1.5,15e756fae026a614,170,16,29,False
0.15,1.5,15e756fae026a614,171,16,29,False
0.15,1.5,15e756fae026a614,172,16,29,False
0.15,1.5,15e756fae026a614,173,16,29,False
0.15,1.5,15e756fae026a614,174,16,29,False
0.15,1.5,15e756fae026a614,175,16,29,False
0.15,1.5,15e756fae026a614,176,16,30,False
0.15,1.5,15e756fae026a614,177,17,30,False
0.15,1.5,15e756fae026a614,178,17,30,False
0.15,1.5,15e756fae026a614,179,17,30,False
0.15,1.5,15e756fae026a614,180,17,30,False
0.15,1.5,15e756fae026a614,181,17,30,False
0.15,1.5,15e756fae026a614,182,17,30,False
0.15,1.5,15e756fae026a614,183,17,30,False
0.15,1.5,15e756fae026a614,184,17,31,False
0.15,1.5,15e756fae026a614,185,17,31,False
0.15,1.5,15e756fae026a614,186,18,31,False
0.15,1.5,15e756fae026a614,187,18,31,False
0.15,1.5,15e756fae026a614,188,18,31,False
0.15,1.5,15e756fae026a614,189,18,31,False
0.15,1.5,15e756fae026a614,190,18,31,False
0.15,1.5,15e756fae026a614,191,18,31,False
0.15,1.5,15e756fae026a614,192,18,32,False
0.15,1.5,15e756fae026a614,193,18,32,False
0.15,1.5,15e756fae026a614,194,19,32,False
0.15,1.5,15e756fae026a614,195,19,32,False
0.15,1.5,15e756fae026a614,196,19,32,False
0.15,1.5,15e756fae026a614,197,19,32,False
0.15,1.5,15e756fae026a614,198,19,32,False
0.15,1.5,15e756fae026a614,199,19,32,False
0.15,1.5,15e756fae026a614,200,19,33,False
0.15,1.5,15e756fae026a614,201,19,33,False
0.15,1.5,15e756fae026a614,202,20,33,False
0.15,1.5,15e756fae026a614,203,20,33,False
0.15,1.5,15e756fae026a614,204,20,33,False
0.15,1.5,15e756fae026a614,205,20,33,False
0.15,1.5,15e756fae026a614,206,20,33,False
0.15,1.5,15e756fae026a614,207,20,33,False
0.15,1.5,15e756fae026a614,208,20,34,False
0.15,1.5,15e756fae026a614,209,20,34,False
0.15,1.5,15e756fae026a614,210,21,34,False
0.15,1.5,15e756fae026a614,211,21,34,False
0.15,1.5,15e756fae026a614,212,21,34,False
0.15,1.5,15e756fae026a614,213,21,34,False
0.15,1.5,15e756fae026a614,214,21,34,False
0.15,1.5,15e756fae026a614,215,21,34,False
0.15,1.5,15e756fae026a614,216,21,35,False
0.15,1.5,15e756fae026a614,217,21,35,False
0.15,1.5,15e756fae026a614,218,22,35,False
0.15,1.5,15e756fae026a614,219,22,35,False
0.15,1.5,15e756fae026a614,220,22,35,False
0.15,1.5,15e756fae026a614,221,22,35,False
0.15,1.5,15e756fae026a614,222,22,35,False
0.15,1.5,15e756fae026a614,223,22,35,False
0.15,1.5,15e756fae026a614,224,22,36,False
0.15,1.5,15e756fae026a614,225,22,36,False
0.15,1.5,15e756fae026a614,226,23,36,False
0.15,1.5,15e756fae026a614,227,23,36,False
0.15,1.5,15e756fae026a614,228,23,36,False
0.15,1.5,15e756fae026a614,229,23,36,False
0.15,1.5,15e756fae026a614,230,23,36,False
0.15,1.5,15e756fae026a614,231,23,36,False
0.15,1.5,15e756fae026a614,232,23,36,False
0.15,1.5,15e756fae026a614,233,23,37,False
0.15,1.5,15e756fae026a614,234,24,37,False
0.15,1.5,15e756fae026a614,235,24,37,False
0.15,1.5,15e756fae026a614,236,24,37,False
0.15,1.5,15e756fae026a614,237,24,37,False
0.15,1.5,15e756fae026a614,238,24,37,False
0.15,1.5,15e756fae026a614,239,24,37,False
0.15,1.5,15e756fae026a614,240,24,37,False
0.15,1.5,15e756fae026a614,241,24,38,False
0.15,1.5,15e756fae026a614,242,25,38,False
0.15,1.5,15e756fae026a614,243,25,38,False
0.15,1.5,15e756fae026a614,244,25,38,False
0.15,1.5,15e756fae026a614,245,25,38,False
0.15,1.5,15e756fae026a614,246,25,38,False
0.15,1.5,15e756fae026a614,247,25,38,False
0.15,1.5,15e756fae026a614,248,25,38,False
0.15,1.5,15e756fae026a614,249,25,39,False
0.15,1.5,15e756fae026a614,250,26,39,False
0.15,1.5,15e756fae026a614,251,26,39,False
0.15,1.5,15e756fae026a614,252,26,39,False
0.15,1.5,15e756fae026a614,253,26,39,False
0.15,1.5,15e756fae026a614,254,26,39,False
0.15,1.5,15e756fae026a614,255,26,39,False
0.15,1.5,15e756fae026a614,256,26,39,False
0.15,1.5,15e756fae026a614,257,26,40,False
0.15,1.5,15e756fae026a614,258,27,40,False
0.15,1.5,15e756fae026a614,259,27,40,False
0.15,1.5,15e756fae026a614,260,27,40,False
0.15,1.5,15e756fae026a614,261,27,40,False
0.15,1.5,15e756fae026a614,262,27,40,False
0.15,1.5,15e756fae026a614,263,27,40,False
0.15,1.5,15e756fae026a614,264,27,40,False
0.15,1.5,15e756fae026a614,265,27,41,False
0.15,1.5,15e756fae026a614,266,27,41,False
0.15,1.5,15e756fae026a614,267,28,41,False
0.15,1.5,15e756fae026a614,268,28,41,False
0.15,1.5,15e756fae026a614,269,28,41,False
0.15,1.5,15e756fae026a614,270,28,41,False
0.15,1.5,15e756fae026a614,271,28,41,False
0.15,1.5,15e756fae026a614,272,28,41,False
0.15,1.5,15e756fae026a614,273,28,42,False
0.15,1.5,15e756fae026a614,274,28,42,False
0.15,1.5,15e756fae026a614,275,29,42,False
0.15,1.5,15e756fae026a614,276,29,42,False
0.15,1.5,15e756fae026a614,277,29,42,False
0.15,1.5,15e756fae026a614,278,29,42,False
0.15,1.5,15e756fae026a614,279,29,42,False
0.15,1.5,15e756fae026a614,280,29,42,False
0.15,1.5,15e756fae026a614,281,29,43,False
0.15,1.5,15e756fae026a614,282,29,43,False
0.15,1.5,15e756fae026a614,283,30,43,False
0.15,1.5,15e756fae026a614,284,30,43,False
0.15,1.5,15e756fae026a614,285,30,43,False
0.15,1.5,15e756fae026a614,286,30,43,False
0.15,1.5,15e756fae026a614,287,30,43,False
0.15,1.5,15e756fae026a614,288,30,43,False
0.15,1.5,15e756fae026a614,289,30,44,False
0.15,1.5,15e756fae026a614,290,30,44,False
0.15,1.5,15e756fae026a614,291,31,44,False
0.15,1.5,15e756fae026a614,292,31,44,False
0.15,1.5,15e756fae026a614,293,31,44,False
0.15,1.5,15e756fae026a614,294,31,44,False
0.15,1.5,15e756fae026a614,295,31,44,False
0.15,1.5,15e756fae026a614,296,31,44,False
0.15,1.5,15e756fae026a614,297,31,45,False
0.15,1.5,15e756fae026a614,298,31,45,False
0.15,1.5,15e756fae026a614,299,32,45,False
0.15,1.5,15e756fae026a614,300,32,45,False
0.15,1.5,15e756fae026a614,301,32,45,False
0.15,1.5,15e756fae026a614,302,32,45,False
0.15,1.5,15e756fae026a614,303,32,45,False
0.15,1.5,15e756fae026a614,304,32,45,False
0.15,1.5,15e756fae026a614,305,32,46,False
0.15,1.5,15e756fae026a614,306,32,46,False
0.15,1.5,15e756fae026a614,307,33,46,False
0.15,1.5,15e756fae026a614,308,33,46,False
0.15,1.5,15e756fae026a614,309,33,46,False
0.15,1.5,15e756fae026a614,310,33,46,False
0.15,1.5,15e756fae026a614,311,33,46,False
0.15,1.5,15e756fae026a614,312,33,46,False
0.15,1.5,15e756fae026a614,313,33,47,False
0.15,1.5,15e756fae026a614,314,33,47,False
0.15,1.5,15e756fae026a614,315,34,47,False
0.15,1.5,15e756fae026a614,316,34,47,False
0.15,1.5,15e756fae026a614,317,34,47,False
0.15,1.5,15e756fae026a614,318,34,47,False
0.15,1.5,15e756fae026a614,319,34,47,False
0.15,1.5,15e756fae026a614,320,34,47,False
0.15,1.5,15e756fae026a614,321,34,47,False
0.15,1.5,15e756fae026a614,322,34,48,False
0.15,1.5,15e756fae026a614,323,35,48,False
0.15,1.5,15e756fae026a614,324,35,48,False
0.15,1.5,15e756fae026a614,325,35,48,False
0.15,1.5,15e756fae026a614,326,35,48,False
0.15,1.5,15e756fae026a614,327,35,48,False
0.15,1.5,15e756fae026a614,328,35,48,False
0.15,1.5,15e756fae026a614,329,35,48,False
0.15,1.5,15e756fae026a614,330,35,49,False
0.15,1.5,15e756fae026a614,331,36,49,False
0.15,1.5,15e756fae026a614,332,36,49,False
0.15,1.5,15e756fae026a614,333,36,49,False
0.15,1.5,15e756fae026a614,334,36,49,False
0.15,1.5,15e756fae026a614,335,36,49,False
0.15,1.5,15e756fae026a614,336,36,49,False
0.15,1.5,15e756fae026a614,337,36,49,False
0.15,1.5,15e756fae026a614,338,36,50,False
0.15,1.5,15e756fae026a614,339,37,50,False
0.15,1.5,15e756fae026a614,340,37,50,False
0.15,1.5,15e756fae026a614,341,37,50,False
0.15,1.5,15e756fae026a614,342,37,50,False
0.15,1.5,15e756fae026a614,343,37,50,False
0.15,1.5,15e756fae026a614,344,37,50,False
0.15,1.5,15e756fae026a614,345,37,50,False
0.15,1.5,15e756fae026a614,346,37,51,False
0.15,1.5,15e756fae026a614,347,38,51,False
0.15,1.5,15e756fae026a614,348,38,51,False
0.15,1.5,15e756fae026a614,349,38,51,False
0.15,1.5,15e756fae026a614,350,38,51,False
0.15,1.5,15e756fae026a614,351,38,51,False
0.15,1.5,15e756fae026a614,352,38,51,False
0.15,1.5,15e756fae026a614,353,38,51,False
0.15,1.5,15e756fae026a614,354,38,52,False
0.15,1.5,15e756fae026a614,355,38,52,False
0.15,1.5,15e756fae026a614,356,39,52,False
0.15,1.5,15e756fae026a614,357,39,52,False
0.15,1.5,15e756fae026a614,358,39,52,False
0.15,1.5,15e756fae026a614,359,39,52,False
0.15,1.5,15e756fae026a614,360,39,52,False
0.15,1.5,15e756fae026a614,361,39,52,False
0.15,1.5,15e756fae026a614,362,39,53,False
0.15,1.5,15e756fae026a614,363,39,53,False
0.15,1.5,15e756fae026a614,364,40,53,False
0.15,1.5,15e756fae026a614,365,40,53,False
0.15,1.5,15e756fae026a614,366,40,53,False
0.15,1.5,15e756fae026a614,367,40,53,False
0.15,1.5,15e756fae026a614,368,40,53,False
0.15,1.5,15e756fae026a614,369,40,53,False
0.15,1.5,15e756fae026a614,370,40,54,False
0.15,1.5,15e756fae026a614,371,40,54,False
0.15,1.5,15e756fae026a614,372,41,54,False
0.15,1.5,15e756fae026a614,373,41,54,False
0.15,1.5,15e756fae026a614,374,41,54,False
0.15,1.5,15e756fae026a614,375,41,54,False
0.15,1.5,15e756fae026a614,376,41,54,False
0.15,1.5,15e756fae026a614,377,41,54,False
0.15,1.5,15e756fae026a614,378,41,55,False
0.15,1.5,15e756fae026a614,379,41,55,False
0.15,1.5,15e756fae026a614,380,42,55,False
0.15,1.5,15e756fae026a614,381,42,55,False
0.15,1.5,15e756fae026a614,382,42,55,False
0.15,1.5,15e756fae026a614,383,42,55,False
0.15,1.5,15e756fae026a614,384,42,55,False
0.15,1.5,15e756fae026a614,385,42,55,False
0.15,1.5,15e756fae026a614,386,42,56,False
0.15,1.5,15e756fae026a614,387,42,56,False
0.15,1.5,15e756fae026a614,388,43,56,False
0.15,1.5,15e756fae026a614,389,43,56,False
0.15,1.5,15e756fae026a614,390,43,56,False
0.15,1.5,15e756fae026a614,391,43,56,False
0.15,1.5,15e756fae026a614,392,43,56,False
0.15,1.5,15e756fae026a614,393,43,56,False
0.15,1.5,15e756fae026a614,394,43,57,False
0.15,1.5,15e756fae026a614,395,43,57,False
0.15,1.5,15e756fae026a614,396,44,57,False
0.15,1.5,15e756fae026a614,397,44,57,False
0.15,1.5,15e756fae026a614,398,44,57,False
0.15,1.5,15e756fae026a614,399,44,57,False
0.15,1.5,15e756fae026a614,400,44,57,False
0.15,1.5,15e756fae026a614,401,44,57,False
0.15,1.5,15e756fae026a614,402,44,57,False
0.15,1.5,15e756fae026a614,403,44,58,False
0.15,1.5,15e756fae026a614,404,45,58,False
0.15,1.5,15e756fae026a614,405,45,58,False
0.15,1.5,15e756fae026a614,406,45,58,False
0.15,1.5,15e756fae026a614,407,45,58,False
0.15,1.5,15e756fae026a614,408,45,58,False
0.15,1.5,15e756fae026a614,409,45,58,False
0.15,1.5,15e756fae026a614,410,45,58,False
0.15,1.5,15e756fae026a614,411,45,59,False
0.15,1.5,15e756fae026a614,412,46,59,False
0.15,1.5,15e756fae026a614,413,46,59,False
0.15,1.5,15e756fae026a614,414,46,59,False
0.15,1.5,15e756fae026a614,415,46,59,False
0.15,1.5,15e756fae026a614,416,46,59,False
0.15,1.5,15e756fae026a614,417,46,59,False
0.15,1.5,15e756fae026a614,418,46,59,False
0.15,1.5,15e756fae026a614,419,46,60,False
0.15,1.5,15e756fae026a614,420,47,60,False
0.15,1.5,15e756fae026a614,421,47,60,False
0.15,1.5,15e756fae026a614,422,47,60,False
0.15,1.5,15e756fae026a614,423,47,60,False
0.15,1.5,15e756fae026a614,424,47,60,False
0.15,1.5,15e756fae026a614,425,47,60,False
0.15,1.5,15e756fae026a614,426,47,60,False
0.15,1.5,15e756fae026a614,427,47,61,False
0.15,1.5,15e756fae026a614,428,48,61,False
0.15,1.5,15e756fae026a614,429,48,61,False
0.15,1.5,15e756fae026a614,430,48,61,False
0.15,1.5,15e756fae026a614,431,48,61,False
0.15,1.5,15e756fae026a614,432,48,61,False
0.15,1.5,15e756fae026a614,433,48,61,False
0.15,1.5,15e756fae026a614,434,48,61,False
0.15,1.5,15e756fae026a614,435,48,62,False
0.15,1.5,15e756fae026a614,436,49,62,False
0.15,1.5,15e756fae026a614,437,49,62,False
0.15,1.5,15e756fae026a614,438,49,62,False
0.15,1.5,15e756fae026a614,439,49,62,False
0.15,1.5,15e756fae026a614,440,49,62,False
0.15,1.5,15e756fae026a614,441,49,62,False
0.15,1.5,15e756fae026a614,442,49,62,False
0.15,1.5,15e756fae026a614,443,49,63,False
0.15,1.5,15e756fae026a614,444,49,63,False
0.15,1.5,15e756fae026a614,445,50,63,False
0.15,1.5,15e756fae026a614,446,50,63,False
0.15,1.5,15e756fae026a614,447,50,63,False
0.15,1.5,15e756fae026a614,448,50,63,False
0.15,1.5,15e756fae026a614,449,50,63,False
0.15,1.5,15e756fae026a614,450,50,63,False
0.15,1.5,15e756fae026a614,451,50,64,False
0.15,1.5,15e756fae026a614,452,50,64,False
0.15,1.5,15e756fae026a614,453,51,64,False
0.15,1.5,15e756fae026a614,454,51,64,False
0.15,1.5,15e756fae026a614,455,51,64,False
0.15,1.5,15e756fae026a614,456,51,64,False
0.15,1.5,15e756fae026a614,457,51,64,False
0.15,1.5,15e756fae026a614,458,51,64,False
0.15,1.5,15e756fae026a614,459,51,65,False
0.15,1.5,15e756fae026a614,460,51,65,False
0.15,1.5,15e756fae026a614,461,52,65,False
0.15,1.5,15e756fae026a614,462,52,65,False
0.15,1.5,15e756fae026a614,463,52,65,False
0.15,1.5,15e756fae026a614,464,52,65,False
0.15,1.5,15e756fae026a614,465,52,65,False
0.15,1.5,15e756fae026a614,466,52,65,False
0.15,1.5,15e756fae026a614,467,52,66,False
0.15,1.5,15e756fae026a614,468,52,66,False
0.15,1.5,15e756fae026a614,469,53,66,False
0.15,1.5,15e756fae026a614,470,53,66,False
0.15,1.5,15e756fae026a614,471,53,66,False
0.15,1.5,15e756fae026a614,472,53,66,False
0.15,1.5,15e756fae026a614,473,53,66,False
0.15,1.5,15e756fae026a614,474,53,66,False
0.15,1.5,15e756fae026a614,475,53,67,False
0.15,1.5,15e756fae026a614,476,53,67,False
0.15,1.5,15e756fae026a614,477,54,67,False
0.15,1.5,15e756fae026a614,478,54,67,False
0.15,1.5,15e756fae026a614,479,54,67,False
0.15,1.5,15e756fae026a614,480,54,67,False
0.15,1.5,15e756fae026a614,481,54,67,False
0.15,1.5,15e756fae026a614,482,54,67,False
0.15,1.5,15e756fae026a614,483,54,68,False
0.15,1.5,15e756fae026a614,484,54,68,False
0.15,1.5,15e756fae026a614,485,55,68,False
0.15,1.5,15e756fae026a614,486,55,68,False
0.15,1.5,15e756fae026a614,487,55,68,False
0.15,1.5,15e756fae026a614,488,55,68,False
0.15,1.5,15e756fae026a614,489,55,68,False
0.15,1.5,15e756fae026a614,490,55,68,False
0.15,1.5,15e756fae026a614,491,55,68,False
0.15,1.5,15e756fae026a614,492,55,69,False
0.15,1.5,15e756fae026a614,493,56,69,False
0.15,1.5,15e756fae026a614,494,56,69,False
0.15,1.5,15e756fae026a614,495,56,69,False
0.15,1.5,15e756fae026a614,496,56,69,False
0.15,1.5,15e756fae026a614,497,56,69,False
0.15,1.5,15e756fae026a614,498,56,69,False
0.15,1.5,15e756fae026a614,499,56,69,False
0.15,1.5,15e756fae026a614,500,56,70,False
0.15,1.5,15e756fae026a614,501,57,70,False
0.15,1.5,15e756fae026a614,502,57,70,False
0.15,1.5,15e756fae026a614,503,57,70,False
0.15,1.5,15e756fae026a614,504,57,70,False
0.15,1.5,15e756fae026a614,505,57,70,False
0.15,1.5,15e756fae026a614,506,57,70,False
0.15,1.5,15e756fae026a614,507,57,70,False
0.15,1.5,15e756fae026a614,508,57,71,False
0.15,1.5,15e756fae026a614,509,58,71,False
0.15,1.5,15e756fae026a614,510,58,71,False
0.15,1.5,15e756fae026a614,511,58,71,False
0.15,1.5,15e756fae026a614,512,58,71,False
0.15,1.5,15e756fae026a614,513,58,71,False
0.15,1.5,15e756fae026a614,514,58,71,False
0.15,1.5,15e756fae026a614,515,58,71,False
0.15,1.5,15e756fae026a614,516,58,72,False
0.15,1.5,15e756fae026a614,517,59,72,False
0.15,1.5,15e756fae026a614,518,59,72,False
0.15,1.5,15e756fae026a614,519,59,72,False
0.15,1.5,15e756fae026a614,520,59,72,False
0.15,1.5,15e756fae026a614,521,59,72,False
0.15,1.5,15e756fae026a614,522,59,72,False
0.15,1.5,15e756fae026a614,523,59,72,False
0.15,1.5,15e756fae026a614,524,59,73,False
0.15,1.5,15e756fae026a614,525,59,73,False
0.15,1.5,15e756fae026a614,526,60,73,False
0.15,1.5,15e756fae026a614,527,60,73,False
0.15,1.5,15e756fae026a614,528,60,73,False
0.15,1.5,15e756fae026a614,529,60,73,False
0.15,1.5,15e756fae026a614,530,60,73,False
0.15,1.5,15e756fae026a614,531,60,73,False
0.15,1.5,15e756fae026a614,532,60,74,False
0.15,1.5,15e756fae026a614,533,60,74,False
0.15,1.5,15e756fae026a614,534,61,74,False
0.15,1.5,15e756fae026a614,535,61,74,False
0.15,1.5,15e756fae026a614,536,61,74,False
0.15,1.5,15e756fae026a614,537,61,74,False
0.15,1.5,15e756fae026a614,538,61,74,False
0.15,1.5,15e756fae026a614,539,61,74,False
0.15,1.5,15e756fae026a614,540,61,75,False
0.15,1.5,15e756fae026a614,541,61,75,False
0.15,1.5,15e756fae026a614,542,62,75,False
0.15,1.5,15e756fae026a614,543,62,75,False
0.15,1.5,15e756fae026a614,544,62,75,False
0.15,1.5,15e756fae026a614,545,62,75,False
0.15,1.5,15e756fae026a614,546,62,75,False
0.15,1.5,15e756fae026a614,547,62,75,False
0.15,1.5,15e756fae026a614,548,62,76,False
0.15,1.5,15e756fae026a614,549,62,76,False
0.15,1.5,15e756fae026a614,550,63,76,False
0.15,1.5,15e756fae026a614,551,63,76,False
0.15,1.5,15e756fae026a614,552,66,67,True
0.15,2.0,2a9e74898f3fa159,1,,,False
0.15,2.0,2a9e74898f3fa159,2,,,False
0.15,2.0,2a9e74898f3fa159,3,,,False
0.15,2.0,2a9e74898f3fa159,4,,,False
0.15,2.0,2a9e74898f3fa159,5,,,False
0.15,2.0,2a9e74898f3fa159,6,,,False
0.15,2.0,2a9e74898f3fa159,7,,,False
0.15,2.0,2a9e74898f3fa159,8,,8,False
0.15,2.0,2a9e74898f3fa159,9,,8,False
0.15,2.0,2a9e74898f3fa159,10,,8,False
0.15,2.0,2a9e74898f3fa159,11,,8,False
0.15,2.0,2a9e74898f3fa159,12,,8,False
0.15,2.0,2a9e74898f3fa159,13,,8,False
0.15,2.0,2a9e74898f3fa159,14,,8,False
0.15,2.0,2a9e74898f3fa159,15,,9,False
0.15,2.0,2a9e74898f3fa159,16,,9,False
0.15,2.0,2a9e74898f3fa159,17,,9,False
0.15,2.0,2a9e74898f3fa159,18,,9,False
0.15,2.0,2a9e74898f3fa159,19,,9,False
0.15,2.0,2a9e74898f3fa159,20,,9,False
0.15,2.0,2a9e74898f3fa159,21,,9,False
0.15,2.0,2a9e74898f3fa159,22,,9,False
0.15,2.0,2a9e74898f3fa159,23,,10,False
0.15,2.0,2a9e74898f3fa159,24,,10,False
0.15,2.0,2a9e74898f3fa159,25,,10,False
0.15,2.0,2a9e74898f3fa159,26,,10,False
0.15,2.0,2a9e74898f3fa159,27,,10,False
0.15,2.0,2a9e74898f3fa159,28,,10,False
0.15,2.0,2a9e74898f3fa159,29,,10,False
0.15,2.0,2a9e74898f3fa159,30,,10,False
0.15,2.0,2a9e74898f3fa159,31,,11,False
0.15,2.0,2a9e74898f3fa159,32,,11,False
0.15,2.0,2a9e74898f3fa159,33,,11,False
0.15,2.0,2a9e74898f3fa159,34,,11,False
0.15,2.0,2a9e74898f3fa159,35,,11,False
0.15,2.0,2a9e74898f3fa159,36,,11,False
0.15,2.0,2a9e74898f3fa159,37,,11,False
0.15,2.0,2a9e74898f3fa159,38,,11,False
0.15,2.0,2a9e74898f3fa159,39,,12,False
0.15,2.0,2a9e74898f3fa159,40,0,12,False
0.15,2.0,2a9e74898f3fa159,41,0,12,False
0.15,2.0,2a9e74898f3fa159,42,0,12,False
0.15,2.0,2a9e74898f3fa159,43,0,12,False
0.15,2.0,2a9e74898f3fa159,44,0,12,False
0.15,2.0,2a9e74898f3fa159,45,0,12,False
0.15,2.0,2a9e74898f3fa159,46,0,12,False
0.15,2.0,2a9e74898f3fa159,47,0,13,False
0.15,2.0,2a9e74898f3fa159,48,1,13,False
0.15,2.0,2a9e74898f3fa159,49,1,13,False
0.15,2.0,2a9e74898f3fa159,50,1,13,False
0.15,2.0,2a9e74898f3fa159,51,1,13,False
0.15,2.0,2a9e74898f3fa159,52,1,13,False
0.15,2.0,2a9e74898f3fa159,53,1,13,False
0.15,2.0,2a9e74898f3fa159,54,1,13,False
0.15,2.0,2a9e74898f3fa159,55,1,14,False
0.15,2.0,2a9e74898f3fa159,56,2,14,False
0.15,2.0,2a9e74898f3fa159,57,2,14,False
0.15,2.0,2a9e74898f3fa159,58,2,14,False
0.15,2.0,2a9e74898f3fa159,59,2,14,False
0.15,2.0,2a9e74898f3fa159,60,2,14,False
0.15,2.0,2a9e74898f3fa159,61,2,14,False
0.15,2.0,2a9e74898f3fa159,62,2,14,False
0.15,2.0,2a9e74898f3fa159,63,2,15,False
0.15,2.0,2a9e74898f3fa159,64,3,15,False
0.15,2.0,2a9e74898f3fa159,65,3,15,False
0.15,2.0,2a9e74898f3fa159,66,3,15,False
0.15,2.0,2a9e74898f3fa159,67,3,15,False
0.15,2.0,2a9e74898f3fa159,68,3,15,False
0.15,2.0,2a9e74898f3fa159,69,3,15,False
0.15,2.0,2a9e74898f3fa159,70,3,15,False
0.15,2.0,2a9e74898f3fa159,71,3,16,False
0.15,2.0,2a9e74898f3fa159,72,4,16,False
0.15,2.0,2a9e74898f3fa159,73,4,16,False
0.15,2.0,2a9e74898f3fa159,74,4,16,False
0.15,2.0,2a9e74898f3fa159,75,4,16,False
0.15,2.0,2a9e74898f3fa159,76,4,16,False
0.15,2.0,2a9e74898f3fa159,77,4,16,False
0.15,2.0,2a9e74898f3fa159,78,4,16,False
0.15,2.0,2a9e74898f3fa159,79,4,17,False
0.15,2.0,2a9e74898f3fa159,80,5,17,False
0.15,2.0,2a9e74898f3fa159,81,5,17,False
0.15,2.0,2a9e74898f3fa159,82,5,17,False
0.15,2.0,2a9e74898f3fa159,83,5,17,False
0.15,2.0,2a9e74898f3fa159,84,5,17,False
0.15,2.0,2a9e74898f3fa159,85,5,17,False
0.15,2.0,2a9e74898f3fa159,86,5,17,False
0.15,2.0,2a9e74898f3fa159,87,5,17,False
0.15,2.0,2a9e74898f3fa159,88,6,18,False
0.15,2.0,2a9e74898f3fa159,89,6,18,False
0.15,2.0,2a9e74898f3fa159,90,6,18,False
0.15,2.0,2a9e74898f3fa159,91,6,18,False
0.15,2.0,2a9e74898f3fa159,92,6,18,False
0.15,2.0,2a9e74898f3fa159,93,6,18,False
0.15,2.0,2a9e74898f3fa159,94,6,18,False
0.15,2.0,2a9e74898f3fa159,95,6,18,False
0.15,2.0,2a9e74898f3fa159,96,6,19,False
0.15,2.0,2a9e74898f3fa159,97,7,19,False
0.15,2.0,2a9e74898f3fa159,98,7,19,False
0.15,2.0,2a9e74898f3fa159,99,7,19,False
0.15,2.0,2a9e74898f3fa159,100,7,19,False
0.15,2.0,2a9e74898f3fa159,101,7,19,False
0.15,2.0,2a9e74898f3fa159,102,7,19,False
0.15,2.0,2a9e74898f3fa159,103,7,19,False
0.15,2.0,2a9e74898f3fa159,104,7,20,False
0.15,2.0,2a9e74898f3fa159,105,8,20,False
0.15,2.0,2a9e74898f3fa159,106,8,20,False
0.15,2.0,2a9e74898f3fa159,107,8,20,False
0.15,2.0,2a9e74898f3fa159,108,8,20,False
0.15,2.0,2a9e74898f3fa159,109,8,20,False
0.15,2.0,2a9e74898f3fa159,110,8,20,False
0.15,2.0,2a9e74898f3fa159,111,8,20,False
0.15,2.0,2a9e74898f3fa159,112,8,21,False
0.15,2.0,2a9e74898f3fa159,113,9,21,False
0.15,2.0,2a9e74898f3fa159,114,9,21,False
0.15,2.0,2a9e74898f3fa159,115,9,21,False
0.15,2.0,2a9e74898f3fa159,116,9,21,False
0.15,2.0,2a9e74898f3fa159,117,9,21,False
0.15,2.0,2a9e74898f3fa159,118,9,21,False
0.15,2.0,2a9e74898f3fa159,119,9,21,False
0.15,2.0,2a9e74898f3fa159,120,9,22,False
0.15,2.0,2a9e74898f3fa159,121,10,22,False
0.15,2.0,2a9e74898f3fa159,122,10,22,False
0.15,2.0,2a9e74898f3fa159,123,10,22,False
0.15,2.0,2a9e74898f3fa159,124,10,22,False
0.15,2.0,2a9e74898f3fa159,125,10,22,False
0.15,2.0,2a9e74898f3fa159,126,10,22,False
0.15,2.0,2a9e74898f3fa159,127,10,22,False
0.15,2.0,2a9e74898f3fa159,128,10,23,False
0.15,2.0,2a9e74898f3fa159,129,11,23,False
0.15,2.0,2a9e74898f3fa159,130,11,23,False
0.15,2.0,2a9e74898f3fa159,131,11,23,False
0.15,2.0,2a9e74898f3fa159,132,11,23,False
0.15,2.0,2a9e74898f3fa159,133,11,23,False
0.15,2.0,2a9e74898f3fa159,134,11,23,False
0.15,2.0,2a9e74898f3fa159,135,11,23,False
0.15,2.0,2a9e74898f3fa159,136,11,24,False
0.15,2.0,2a9e74898f3fa159,137,12,24,False
0.15,2.0,2a9e74898f3fa159,138,12,24,False
0.15,2.0,2a9e74898f3fa159,139,12,24,False
0.15,2.0,2a9e74898f3fa159,140,12,24,False
0.15,2.0,2a9e74898f3fa159,141,12,24,False
0.15,2.0,2a9e74898f3fa159,142,12,24,False
0.15,2.0,2a9e74898f3fa159,143,12,24,False
0.15,2.0,2a9e74898f3fa159,144,12,25,False
0.15,2.0,2a9e74898f3fa159,145,13,25,False
0.15,2.0,2a9e74898f3fa159,146,13,25,False
0.15,2.0,2a9e74898f3fa159,147,13,25,False
0.15,2.0,2a9e74898f3fa159,148,13,25,False
0.15,2.0,2a9e74898f3fa159,149,13,25,False
0.15,2.0,2a9e74898f3fa159,150,13,25,False
0.15,2.0,2a9e74898f3fa159,151,13,25,False
0.15,2.0,2a9e74898f3fa159,152,13,26,False
0.15,2.0,2a9e74898f3fa159,153,14,26,False
0.15,2.0,2a9e74898f3fa159,154,14,26,False
0.15,2.0,2a9e74898f3fa159,155,14,26,False
0.15,2.0,2a9e74898f3fa159,156,14,26,False
0.15,2.0,2a9e74898f3fa159,157,14,26,False
0.15,2.0,2a9e74898f3fa159,158,14,26,False
0.15,2.0,2a9e74898f3fa159,159,14,26,False
0.15,2.0,2a9e74898f3fa159,160,14,27,False
0.15,2.0,2a9e74898f3fa159,161,15,27,False
0.15,2.0,2a9e74898f3fa159,162,15,27,False
0.15,2.0,2a9e74898f3fa159,163,15,27,False
0.15,2.0,2a9e74898f3fa159,164,15,27,False
0.15,2.0,2a9e74898f3fa159,165,15,27,False
0.15,2.0,2a9e74898f3fa159,166,15,27,False
0.15,2.0,2a9e74898f3fa159,167,15,27,False
0.15,2.0,2a9e74898f3fa159,168,15,28,False
0.15,2.0,2a9e74898f3fa159,169,16,28,False
0.15,2.0,2a9e74898f3fa159,170,16,28,False
0.15,2.0,2a9e74898f3fa159,171,16,28,False
0.15,2.0,2a9e74898f3fa159,172,16,28,False
0.15,2.0,2a9e74898f3fa159,173,16,28,False
0.15,2.0,2a9e74898f3fa159,174,16,28,False
0.15,2.0,2a9e74898f3fa159,175,16,28,False
0.15,2.0,2a9e74898f3fa159,176,16,28,False
0.15,2.0,2a9e74898f3fa159,177,17,29,False
0.15,2.0,2a9e74898f3fa159,178,17,29,False
0.15,2.0,2a9e74898f3fa159,179,17,29,False
0.15,2.0,2a9e74898f3fa159,180,17,29,False
0.15,2.0,2a9e74898f3fa159,181,17,29,False
0.15,2.0,2a9e74898f3fa159,182,17,29,False
0.15,2.0,2a9e74898f3fa159,183,17,29,False
0.15,2.0,2a9e74898f3fa159,184,17,29,False
0.15,2.0,2a9e74898f3fa159,185,17,30,False
0.15,2.0,2a9e74898f3fa159,186,18,30,False
0.15,2.0,2a9e74898f3fa159,187,18,30,False
0.15,2.0,2a9e74898f3fa159,188,18,30,False
0.15,2.0,2a9e74898f3fa159,189,18,30,False
0.15,2.0,2a9e74898f3fa159,190,18,30,False
0.15,2.0,2a9e74898f3fa159,191,18,30,False
0.15,2.0,2a9e74898f3fa159,192,18,30,False
0.15,2.0,2a9e74898f3fa159,193,18,31,False
0.15,2.0,2a9e74898f3fa159,194,19,31,False
0.15,2.0,2a9e74898f3fa159,195,19,31,False
0.15,2.0,2a9e74898f3fa159,196,19,31,False
0.15,2.0,2a9e74898f3fa159,197,19,31,False
0.15,2.0,2a9e74898f3fa159,198,19,31,False
0.15,2.0,2a9e74898f3fa159,199,19,31,False
0.15,2.0,2a9e74898f3fa159,200,19,31,False
0.15,2.0,2a9e74898f3fa159,201,19,32,False
0.15,2.0,2a9e74898f3fa159,202,20,32,False
0.15,2.0,2a9e74898f3fa159,203,20,32,False
0.15,2.0,2a9e74898f3fa159,204,20,32,False
0.15,2.0,2a9e74898f3fa159,205,20,32,False
0.15,2.0,2a9e74898f3fa159,206,20,32,False
0.15,2.0,2a9e74898f3fa159,207,20,32,False
0.15,2.0,2a9e74898f3fa159,208,20,32,False
0.15,2.0,2a9e74898f3fa159,209,20,33,False
0.15,2.0,2a9e74898f3fa159,210,21,33,False
0.15,2.0,2a9e74898f3fa159,211,21,33,False
0.15,2.0,2a9e74898f3fa159,212,21,33,False
0.15,2.0,2a9e74898f3fa159,213,21,33,False
0.15,2.0,2a9e74898f3fa159,214,21,33,False
0.15,2.0,2a9e74898f3fa159,215,21,33,False
0.15,2.0,2a9e74898f3fa159,216,21,33,False
0.15,2.0,2a9e74898f3fa159,217,21,34,False
0.15,2.0,2a9e74898f3fa159,218,22,34,False
0.15,2.0,2a9e74898f3fa159,219,22,34,False
0.15,2.0,2a9e74898f3fa159,220,22,34,False
0.15,2.0,2a9e74898f3fa159,221,22,34,False
0.15,2.0,2a9e74898f3fa159,222,22,34,False
0.15,2.0,2a9e74898f3fa159,223,22,34,False
0.15,2.0,2a9e74898f3fa159,224,22,34,False
0.15,2.0,2a9e74898f3fa159,225,22,35,False
0.15,2.0,2a9e74898f3fa159,226,23,35,False
0.15,2.0,2a9e74898f3fa159,227,23,35,False
0.15,2.0,2a9e74898f3fa159,228,23,35,False
0.15,2.0,2a9e74898f3fa159,229,23,35,False
0.15,2.0,2a9e74898f3fa159,230,23,35,False
0.15,2.0,2a9e74898f3fa159,231,23,35,False
0.15,2.0,2a9e74898f3fa159,232,23,35,False
0.15,2.0,2a9e74898f3fa159,233,23,36,False
0.15,2.0,2a9e74898f3fa159,234,24,36,False
0.15,2.0,2a9e74898f3fa159,235,24,36,False
0.15,2.0,2a9e74898f3fa159,236,24,36,False
0.15,2.0,2a9e74898f3fa159,237,24,36,False
0.15,2.0,2a9e74898f3fa159,238,24,36,False
0.15,2.0,2a9e74898f3fa159,239,24,36,False
0.15,2.0,2a9e74898f3fa159,240,24,36,False
0.15,2.0,2a9e74898f3fa159,241,24,37,False
0.15,2.0,2a9e74898f3fa159,242,25,37,False
0.15,2.0,2a9e74898f3fa159,243,25,37,False
0.15,2.0,2a9e74898f3fa159,244,25,37,False
0.15,2.0,2a9e74898f3fa159,245,25,37,False
0.15,2.0,2a9e74898f3fa159,246,25,37,False
0.15,2.0,2a9e74898f3fa159,247,25,37,False
0.15,2.0,2a9e74898f3fa159,248,25,37,False
0.15,2.0,2a9e74898f3fa159,249,25,38,False
0.15,2.0,2a9e74898f3fa159,250,26,38,False
0.15,2.0,2a9e74898f3fa159,251,26,38,False
0.15,2.0,2a9e74898f3fa159,252,26,38,False
0.15,2.0,2a9e74898f3fa159,253,26,38,False
0.15,2.0,2a9e74898f3fa159,254,26,38,False
0.15,2.0,2a9e74898f3fa159,255,26,38,False
0.15,2.0,2a9e74898f3fa159,256,26,38,False
0.15,2.0,2a9e74898f3fa159,257,26,39,False
0.15,2.0,2a9e74898f3fa159,258,27,39,False
0.15,2.0,2a9e74898f3fa159,259,27,39,False
0.15,2.0,2a9e74898f3fa159,260,27,39,False
0.15,2.0,2a9e74898f3fa159,261,27,39,False
0.15,2.0,2a9e74898f3fa159,262,27,39,False
0.15,2.0,2a9e74898f3fa159,263,27,39,False
0.15,2.0,2a9e74898f3fa159,264,27,39,False
0.15,2.0,2a9e74898f3fa159,265,27,39,False
0.15,2.0,2a9e74898f3fa159,266,27,40,False
0.15,2.0,2a9e74898f3fa159,267,28,40,False
0.15,2.0,2a9e74898f3fa159,268,28,40,False
0.15,2.0,2a9e74898f3fa159,269,28,40,False
0.15,2.0,2a9e74898f3fa159,270,28,40,False
0.15,2.0,2a9e74898f3fa159,271,28,40,False
0.15,2.0,2a9e74898f3fa159,272,28,40,False
0.15,2.0,2a9e74898f3fa159,273,28,40,False
0.15,2.0,2a9e74898f3fa159,274,28,41,False
0.15,2.0,2a9e74898f3fa159,275,29,41,False
0.15,2.0,2a9e74898f3fa159,276,29,41,False
0.15,2.0,2a9e74898f3fa159,277,29,41,False
0.15,2.0,2a9e74898f3fa159,278,29,41,False
0.15,2.0,2a9e74898f3fa159,279,29,41,False
0.15,2.0,2a9e74898f3fa159,280,29,41,False
0.15,2.0,2a9e74898f3fa159,281,29,41,False
0.15,2.0,2a9e74898f3fa159,282,29,42,False
0.15,2.0,2a9e74898f3fa159,283,30,42,False
0.15,2.0,2a9e74898f3fa159,284,30,42,False
0.15,2.0,2a9e74898f3fa159,285,30,42,False
0.15,2.0,2a9e74898f3fa159,286,30,42,False
0.15,2.0,2a9e74898f3fa159,287,30,42,False
0.15,2.0,2a9e74898f3fa159,288,30,42,False
0.15,2.0,2a9e74898f3fa159,289,30,42,False
0.15,2.0,2a9e74898f3fa159,290,30,43,False
0.15,2.0,2a9e74898f3fa159,291,31,43,False
0.15,2.0,2a9e74898f3fa159,292,31,43,False
0.15,2.0,2a9e74898f3fa159,293,31,43,False
0.15,2.0,2a9e74898f3fa159,294,31,43,False
0.15,2.0,2a9e74898f3fa159,295,31,43,False
0.15,2.0,2a9e74898f3fa159,296,31,43,False
0.15,2.0,2a9e74898f3fa159,297,31,43,False
0.15,2.0,2a9e74898f3fa159,298,31,44,False
0.15,2.0,2a9e74898f3fa159,299,32,44,False
0.15,2.0,2a9e74898f3fa159,300,32,44,False
0.15,2.0,2a9e74898f3fa159,301,32,44,False
0.15,2.0,2a9e74898f3fa159,302,32,44,False
0.15,2.0,2a9e74898f3fa159,303,32,44,False
0.15,2.0,2a9e74898f3fa159,304,32,44,False
0.15,2.0,2a9e74898f3fa159,305,32,44,False
0.15,2.0,2a9e74898f3fa159,306,32,45,False
0.15,2.0,2a9e74898f3fa159,307,33,45,False
0.15,2.0,2a9e74898f3fa159,308,33,45,False
0.15,2.0,2a9e74898f3fa159,309,33,45,False
0.15,2.0,2a9e74898f3fa159,310,33,45,False
0.15,2.0,2a9e74898f3fa159,311,33,45,False
0.15,2.0,2a9e74898f3fa159,312,33,45,False
0.15,2.0,2a9e74898f3fa159,313,33,45,False
0.15,2.0,2a9e74898f3fa159,314,33,46,False
0.15,2.0,2a9e74898f3fa159,315,34,46,False
0.15,2.0,2a9e74898f3fa159,316,34,46,False
0.15,2.0,2a9e74898f3fa159,317,34,46,False
0.15,2.0,2a9e74898f3fa159,318,34,46,False
0.15,2.0,2a9e74898f3fa159,319,34,46,False
0.15,2.0,2a9e74898f3fa159,320,34,46,False
0.15,2.0,2a9e74898f3fa159,321,34,46,False
0.15,2.0,2a9e74898f3fa159,322,34,47,False
0.15,2.0,2a9e74898f3fa159,323,35,47,False
0.15,2.0,2a9e74898f3fa159,324,35,47,False
0.15,2.0,2a9e74898f3fa159,325,35,47,False
0.15,2.0,2a9e74898f3fa159,326,35,47,False
0.15,2.0,2a9e74898f3fa159,327,35,47,False
0.15,2.0,2a9e74898f3fa159,328,35,47,False
0.15,2.0,2a9e74898f3fa159,329,35,47,False
0.15,2.0,2a9e74898f3fa159,330,35,48,False
0.15,2.0,2a9e74898f3fa159,331,36,48,False
0.15,2.0,2a9e74898f3fa159,332,36,48,False
0.15,2.0,2a9e74898f3fa159,333,36,48,False
0.15,2.0,2a9e74898f3fa159,334,36,48,False
0.15,2.0,2a9e74898f3fa159,335,36,48,False
0.15,2.0,2a9e74898f3fa159,336,36,48,False
0.15,2.0,2a9e74898f3fa159,337,36,48,False
0.15,2.0,2a9e74898f3fa159,338,36,49,False
0.15,2.0,2a9e74898f3fa159,339,37,49,False
0.15,2.0,2a9e74898f3fa159,340,37,49,False
0.15,2.0,2a9e74898f3fa159,341,37,49,False
0.15,2.0,2a9e74898f3fa159,342,37,49,False
0.15,2.0,2a9e74898f3fa159,343,37,49,False
0.15,2.0,2a9e74898f3fa159,344,37,49,False
0.15,2.0,2a9e74898f3fa159,345,37,49,False
0.15,2.0,2a9e74898f3fa159,346,37,49,False
0.15,2.0,2a9e74898f3fa159,347,38,50,False
0.15,2.0,2a9e74898f3fa159,348,38,50,False
0.15,2.0,2a9e74898f3fa159,349,38,50,False
0.15,2.0,2a9e74898f3fa159,350,38,50,False
0.15,2.0,2a9e74898f3fa159,351,38,50,False
0.15,2.0,2a9e74898f3fa159,352,38,50,False
0.15,2.0,2a9e74898f3fa159,353,38,50,False
0.15,2.0,2a9e74898f3fa159,354,38,50,False
0.15,2.0,2a9e74898f3fa159,355,38,51,False
0.15,2.0,2a9e74898f3fa159,356,39,51,False
0.15,2.0,2a9e74898f3fa159,357,39,51,False
0.15,2.0,2a9e74898f3fa159,358,39,51,False
0.15,2.0,2a9e74898f3fa159,359,39,51,False
0.15,2.0,2a9e74898f3fa159,360,39,51,False
0.15,2.0,2a9e74898f3fa159,361,39,51,False
0.15,2.0,2a9e74898f3fa159,362,39,51,False
0.15,2.0,2a9e74898f3fa159,363,39,52,False
0.15,2.0,2a9e74898f3fa159,364,40,52,False
0.15,2.0,2a9e74898f3fa159,365,40,52,False
0.15,2.0,2a9e74898f3fa159,366,40,52,False
0.15,2.0,2a9e74898f3fa159,367,40,52,False
0.15,2.0,2a9e74898f3fa159,368,40,52,False
0.15,2.0,2a9e74898f3fa159,369,40,52,False
0.15,2.0,2a9e74898f3fa159,370,40,52,False
0.15,2.0,2a9e74898f3fa159,371,40,53,False
0.15,2.0,2a9e74898f3fa159,372,41,53,False
0.15,2.0,2a9e74898f3fa159,373,41,53,False
0.15,2.0,2a9e74898f3fa159,374,41,53,False
0.15,2.0,2a9e74898f3fa159,375,41,53,False
0.15,2.0,2a9e74898f3fa159,376,41,53,False
0.15,2.0,2a9e74898f3fa159,377,41,53,False
0.15,2.0,2a9e74898f3fa159,378,41,53,False
0.15,2.0,2a9e74898f3fa159,379,41,54,False
0.15,2.0,2a9e74898f3fa159,380,42,54,False
0.15,2.0,2a9e74898f3fa159,381,42,54,False
0.15,2.0,2a9e74898f3fa159,382,42,54,False
0.15,2.0,2a9e74898f3fa159,383,42,54,False
0.15,2.0,2a9e74898f3fa159,384,42,54,False
0.15,2.0,2a9e74898f3fa159,385,42,54,False
0.15,2.0,2a9e74898f3fa159,386,42,54,False
0.15,2.0,2a9e74898f3fa159,387,42,55,False
0.15,2.0,2a9e74898f3fa159,388,43,55,False
0.15,2.0,2a9e74898f3fa159,389,43,55,False
0.15,2.0,2a9e74898f3fa159,390,43,55,False
0.15,2.0,2a9e74898f3fa159,391,43,55,False
0.15,2.0,2a9e74898f3fa159,392,43,55,False
0.15,2.0,2a9e74898f3fa159,393,43,55,False
0.15,2.0,2a9e74898f3fa159,394,43,55,False
0.15,2.0,2a9e74898f3fa159,395,43,56,False
0.15,2.0,2a9e74898f3fa159,396,44,56,False
0.15,2.0,2a9e74898f3fa159,397,44,56,False
0.15,2.0,2a9e74898f3fa159,398,44,56,False
0.15,2.0,2a9e74898f3fa159,399,44,56,False
0.15,2.0,2a9e74898f3fa159,400,44,56,False
0.15,2.0,2a9e74898f3fa159,401,44,56,False
0.15,2.0,2a9e74898f3fa159,402,44,56,False
0.15,2.0,2a9e74898f3fa159,403,44,57,False
0.15,2.0,2a9e74898f3fa159,404,45,57,False
0.15,2.0,2a9e74898f3fa159,405,45,57,False
0.15,2.0,2a9e74898f3fa159,406,45,57,False
0.15,2.0,2a9e74898f3fa159,407,45,57,False
0.15,2.0,2a9e74898f3fa159,408,45,57,False
0.15,2.0,2a9e74898f3fa159,409,45,57,False
0.15,2.0,2a9e74898f3fa159,410,45,57,False
0.15,2.0,2a9e74898f3fa159,411,45,58,False
0.15,2.0,2a9e74898f3fa159,412,46,58,False
0.15,2.0,2a9e74898f3fa159,413,46,58,False
0.15,2.0,2a9e74898f3fa159,414,46,58,False
0.15,2.0,2a9e74898f3fa159,415,46,58,False
0.15,2.0,2a9e74898f3fa159,416,46,58,False
0.15,2.0,2a9e74898f3fa159,417,46,58,False
0.15,2.0,2a9e74898f3fa159,418,46,58,False
0.15,2.0,2a9e74898f3fa159,419,46,59,False
0.15,2.0,2a9e74898f3fa159,420,47,59,False
0.15,2.0,2a9e74898f3fa159,421,47,59,False
0.15,2.0,2a9e74898f3fa159,422,47,59,False
0.15,2.0,2a9e74898f3fa159,423,47,59,False
0.15,2.0,2a9e74898f3fa159,424,47,59,False
0.15,2.0,2a9e74898f3fa159,425,47,59,False
0.15,2.0,2a9e74898f3fa159,426,47,59,False
0.15,2.0,2a9e74898f3fa159,427,47,60,False
0.15,2.0,2a9e74898f3fa159,428,48,60,False
0.15,2.0,2a9e74898f3fa159,429,48,60,False
0.15,2.0,2a9e74898f3fa159,430,48,60,False
0.15,2.0,2a9e74898f3fa159,431,48,60,False
0.15,2.0,2a9e74898f3fa159,432,48,60,False
0.15,2.0,2a9e74898f3fa159,433,48,60,False
0.15,2.0,2a9e74898f3fa159,434,48,60,False
0.15,2.0,2a9e74898f3fa159,435,48,60,False
0.15,2.0,2a9e74898f3fa159,436,49,61,False
0.15,2.0,2a9e74898f3fa159,437,49,61,False
0.15,2.0,2a9e74898f3fa159,438,49,61,False
0.15,2.0,2a9e74898f3fa159,439,49,61,False
0.15,2.0,2a9e74898f3fa159,440,49,61,False
0.15,2.0,2a9e74898f3fa159,441,49,61,False
0.15,2.0,2a9e74898f3fa159,442,49,61,False
0.15,2.0,2a9e74898f3fa159,443,49,61,False
0.15,2.0,2a9e74898f3fa159,444,49,62,False
0.15,2.0,2a9e74898f3fa159,445,50,62,False
0.15,2.0,2a9e74898f3fa159,446,50,62,False
0.15,2.0,2a9e74898f3fa159,447,50,62,False
0.15,2.0,2a9e74898f3fa159,448,50,62,False
0.15,2.0,2a9e74898f3fa159,449,50,62,False
0.15,2.0,2a9e74898f3fa159,450,50,62,False
0.15,2.0,2a9e74898f3fa159,451,50,62,False
0.15,2.0,2a9e74898f3fa159,452,50,63,False
0.15,2.0,2a9e74898f3fa159,453,51,63,False
0.15,2.0,2a9e74898f3fa159,454,51,63,False
0.15,2.0,2a9e74898f3fa159,455,51,63,False
0.15,2.0,2a9e74898f3fa159,456,51,63,False
0.15,2.0,2a9e74898f3fa159,457,51,63,False
0.15,2.0,2a9e74898f3fa159,458,51,63,False
0.15,2.0,2a9e74898f3fa159,459,51,63,False
0.15,2.0,2a9e74898f3fa159,460,51,64,False
0.15,2.0,2a9e74898f3fa159,461,52,64,False
0.15,2.0,2a9e74898f3fa159,462,52,64,False
0.15,2.0,2a9e74898f3fa159,463,52,64,False
0.15,2.0,2a9e74898f3fa159,464,52,64,False
0.15,2.0,2a9e74898f3fa159,465,52,64,False
0.15,2.0,2a9e74898f3fa159,466,52,64,False
0.15,2.0,2a9e74898f3fa159,467,52,64,False
0.15,2.0,2a9e74898f3fa159,468,52,65,False
0.15,2.0,2a9e74898f3fa159,469,53,65,False
0.15,2.0,2a9e74898f3fa159,470,53,65,False
0.15,2.0,2a9e74898f3fa159,471,53,65,False
0.15,2.0,2a9e74898f3fa159,472,53,65,False
0.15,2.0,2a9e74898f3fa159,473,53,65,False
0.15,2.0,2a9e74898f3fa159,474,53,65,False
0.15,2.0,2a9e74898f3fa159,475,53,65,False
0.15,2.0,2a9e74898f3fa159,476,53,66,False
0.15,2.0,2a9e74898f3fa159,477,54,66,False
0.15,2.0,2a9e74898f3fa159,478,54,66,False
0.15,2.0,2a9e74898f3fa159,479,54,66,False
0.15,2.0,2a9e74898f3fa159,480,54,66,False
0.15,2.0,2a9e74898f3fa159,481,54,66,False
0.15,2.0,2a9e74898f3fa159,482,54,66,False
0.15,2.0,2a9e74898f3fa159,483,54,66,False
0.15,2.0,2a9e74898f3fa159,484,54,67,False
0.15,2.0,2a9e74898f3fa159,485,55,67,False
0.15,2.0,2a9e74898f3fa159,486,55,67,False
0.15,2.0,2a9e74898f3fa159,487,55,67,False
0.15,2.0,2a9e74898f3fa159,488,55,67,False
0.15,2.0,2a9e74898f3fa159,489,55,67,False
0.15,2.0,2a9e74898f3fa159,490,55,67,False
0.15,2.0,2a9e74898f3fa159,491,55,67,False
0.15,2.0,2a9e74898f3fa159,492,55,68,False
0.15,2.0,2a9e74898f3fa159,493,56,68,False
0.15,2.0,2a9e74898f3fa159,494,56,68,False
0.15,2.0,2a9e74898f3fa159,495,56,68,False
0.15,2.0,2a9e74898f3fa159,496,56,68,False
0.15,2.0,2a9e74898f3fa159,497,56,68,False
0.15,2.0,2a9e74898f3fa159,498,56,68,False
0.15,2.0,2a9e74898f3fa159,499,56,68,False
0.15,2.0,2a9e74898f3fa159,500,56,69,False
0.15,2.0,2a9e74898f3fa159,501,57,69,False
0.15,2.0,2a9e74898f3fa159,502,57,69,False
0.15,2.0,2a9e74898f3fa159,503,57,69,False
0.15,2.0,2a9e74898f3fa159,504,57,69,False
0.15,2.0,2a9e74898f3fa159,505,57,69,False
0.15,2.0,2a9e74898f3fa159,506,57,69,False
0.15,2.0,2a9e74898f3fa159,507,57,69,False
0.15,2.0,2a9e74898f3fa159,508,57,70,False
0.15,2.0,2a9e74898f3fa159,509,58,70,False
0.15,2.0,2a9e74898f3fa159,510,58,70,False
0.15,2.0,2a9e74898f3fa159,511,58,70,False
0.15,2.0,2a9e74898f3fa159,512,58,70,False
0.15,2.0,2a9e74898f3fa159,513,58,70,False
0.15,2.0,2a9e74898f3fa159,514,58,70,False
0.15,2.0,2a9e74898f3fa159,515,58,70,False
0.15,2.0,2a9e74898f3fa159,516,58,71,False
0.15,2.0,2a9e74898f3fa159,517,59,71,False
0.15,2.0,2a9e74898f3fa159,518,59,71,False
0.15,2.0,2a9e74898f3fa159,519,59,71,False
0.15,2.0,2a9e74898f3fa159,520,59,71,False
0.15,2.0,2a9e74898f3fa159,521,59,71,False
0.15,2.0,2a9e74898f3fa159,522,59,71,False
0.15,2.0,2a9e74898f3fa159,523,59,71,False
0.15,2.0,2a9e74898f3fa159,524,59,71,False
0.15,2.0,2a9e74898f3fa159,525,59,72,False
0.15,2.0,2a9e74898f3fa159,526,60,72,False
0.15,2.0,2a9e74898f3fa159,527,60,72,False
0.15,2.0,2a9e74898f3fa159,528,60,72,False
0.15,2.0,2a9e74898f3fa159,529,60,72,False
0.15,2.0,2a9e74898f3fa159,530,60,72,False
0.15,2.0,2a9e74898f3fa159,531,60,72,False
0.15,2.0,2a9e74898f3fa159,532,60,72,False
0.15,2.0,2a9e74898f3fa159,533,60,73,False
0.15,2.0,2a9e74898f3fa159,534,61,73,False
0.15,2.0,2a9e74898f3fa159,535,61,73,False
0.15,2.0,2a9e74898f3fa159,536,61,73,False
0.15,2.0,2a9e74898f3fa159,537,61,73,False
0.15,2.0,2a9e74898f3fa159,538,61,73,False
0.15,2.0,2a9e74898f3fa159,539,61,73,False
0.15,2.0,2a9e74898f3fa159,540,61,73,False
0.15,2.0,2a9e74898f3fa159,541,61,74,False
0.15,2.0,2a9e74898f3fa159,542,62,74,False
0.15,2.0,2a9e74898f3fa159,543,62,74,False
0.15,2.0,2a9e74898f3fa159,544,62,74,False
0.15,2.0,2a9e74898f3fa159,545,62,74,False
0.15,2.0,2a9e74898f3fa159,546,62,74,False
0.15,2.0,2a9e74898f3fa159,547,62,74,False
0.15,2.0,2a9e74898f3fa159,548,62,74,False
0.15,2.0,2a9e74898f3fa159,549,62,75,False
0.15,2.0,2a9e74898f3fa159,550,63,75,False
0.15,2.0,2a9e74898f3fa159,551,63,75,False
0.15,2.0,2a9e74898f3fa159,552,63,75,False
0.15,2.0,2a9e74898f3fa159,553,63,75,False
0.15,2.0,2a9e74898f3fa159,554,63,75,False
0.15,2.0,2a9e74898f3fa159,555,63,75,False
0.15,2.0,2a9e74898f3fa159,556,63,75,False
0.15,2.0,2a9e74898f3fa159,557,63,76,False
0.15,2.0,2a9e74898f3fa159,558,64,76,False
0.15,2.0,2a9e74898f3fa159,559,64,76,False
0.15,2.0,2a9e74898f3fa159,560,64,76,False
0.15,2.0,2a9e74898f3fa159,561,64,76,False
0.15,2.0,2a9e74898f3fa159,562,64,76,False
0.15,2.0,2a9e74898f3fa159,563,64,76,False
0.15,2.0,2a9e74898f3fa159,564,64,76,False
0.15,2.0,2a9e74898f3fa159,565,64,77,False
0.15,2.0,2a9e74898f3fa159,566,65,77,False
0.15,2.0,2a9e74898f3fa159,567,65,77,False
0.15,2.0,2a9e74898f3fa159,568,65,77,False
0.15,2.0,2a9e74898f3fa159,569,65,77,False
0.15,2.0,2a9e74898f3fa159,570,65,77,False
0.15,2.0,2a9e74898f3fa159,571,65,77,False
0.15,2.0,2a9e74898f3fa159,572,65,77,False
0.15,2.0,2a9e74898f3fa159,573,65,78,False
0.15,2.0,2a9e74898f3fa159,574,66,78,False
0.15,2.0,2a9e74898f3fa159,575,66,78,False
0.15,2.0,2a9e74898f3fa159,576,66,78,False
0.15,2.0,2a9e74898f3fa159,577,66,78,False
0.15,2.0,2a9e74898f3fa159,578,66,78,False
0.15,2.0,2a9e74898f3fa159,579,66,78,False
0.15,2.0,2a9e74898f3fa159,580,66,78,False
0.15,2.0,2a9e74898f3fa159,581,66,79,False
0.15,2.0,2a9e74898f3fa159,582,67,79,False
0.15,2.0,2a9e74898f3fa159,583,67,79,False
0.15,2.0,2a9e74898f3fa159,584,67,79,False
0.15,2.0,2a9e74898f3fa159,585,67,79,False
0.15,2.0,2a9e74898f3fa159,586,67,79,False
0.15,2.0,2a9e74898f3fa159,587,67,79,False
0.15,2.0,2a9e74898f3fa159,588,67,79,False
0.15,2.0,2a9e74898f3fa159,589,67,80,False
0.15,2.0,2a9e74898f3fa159,590,68,80,False
0.15,2.0,2a9e74898f3fa159,591,68,80,False
0.15,2.0,2a9e74898f3fa159,592,68,80,False
0.15,2.0,2a9e74898f3fa159,593,68,80,False
0.15,2.0,2a9e74898f3fa159,594,68,80,False
0.15,2.0,2a9e74898f3fa159,595,68,80,False
0.15,2.0,2a9e74898f3fa159,596,68,80,False
0.15,2.0,2a9e74898f3fa159,597,68,81,False
0.15,2.0,2a9e74898f3fa159,598,69,81,False
0.15,2.0,2a9e74898f3fa159,599,69,81,False
0.15,2.0,2a9e74898f3fa159,600,69,81,False
0.15,2.0,2a9e74898f3fa159,601,69,81,False
0.15,2.0,2a9e74898f3fa159,602,69,81,False
0.15,2.0,2a9e74898f3fa159,603,69,81,False
0.15,2.0,2a9e74898f3fa159,604,69,81,False
0.15,2.0,2a9e74898f3fa159,605,69,81,False
0.15,2.0,2a9e74898f3fa159,606,70,82,False
0.15,2.0,2a9e74898f3fa159,607,70,82,False
0.15,2.0,2a9e74898f3fa159,608,70,82,False
0.15,2.0,2a9e74898f3fa159,609,70,82,False
0.15,2.0,2a9e74898f3fa159,610,70,82,False
0.15,2.0,2a9e74898f3fa159,611,70,82,False
0.15,2.0,2a9e74898f3fa159,612,70,82,False
0.15,2.0,2a9e74898f3fa159,613,70,82,False
0.15,2.0,2a9e74898f3fa159,614,70,83,False
0.15,2.0,2a9e74898f3fa159,615,71,83,False
0.15,2.0,2a9e74898f3fa159,616,71,83,False
0.15,2.0,2a9e74898f3fa159,617,71,83,False
0.15,2.0,2a9e74898f3fa159,618,71,83,False
0.15,2.0,2a9e74898f3fa159,619,71,83,False
0.15,2.0,2a9e74898f3fa159,620,71,83,False
0.15,2.0,2a9e74898f3fa159,621,71,83,False
0.15,2.0,2a9e74898f3fa159,622,71,84,False
0.15,2.0,2a9e74898f3fa159,623,72,84,False
0.15,2.0,2a9e74898f3fa159,624,72,84,False
0.15,2.0,2a9e74898f3fa159,625,72,84,False
0.15,2.0,2a9e74898f3fa159,626,76,77,True
0.2,1.0,4edf1bfab3f11d6e,1,,,False
0.2,1.0,4edf1bfab3f11d6e,2,,,False
0.2,1.0,4edf1bfab3f11d6e,3,,,False
0.2,1.0,4edf1bfab3f11d6e,4,,,False
0.2,1.0,4edf1bfab3f11d6e,5,,5,False
0.2,1.0,4edf1bfab3f11d6e,6,,6,False
0.2,1.0,4edf1bfab3f11d6e,7,,6,False
0.2,1.0,4edf1bfab3f11d6e,8,,6,False
0.2,1.0,4edf1bfab3f11d6e,9,,6,False
0.2,1.0,4edf1bfab3f11d6e,10,,6,False
0.2,1.0,4edf1bfab3f11d6e,11,,6,False
0.2,1.0,4edf1bfab3f11d6e,12,,6,False
0.2,1.0,4edf1bfab3f11d6e,13,,7,False
0.2,1.0,4edf1bfab3f11d6e,14,,7,False
0.2,1.0,4edf1bfab3f11d6e,15,,7,False
0.2,1.0,4edf1bfab3f11d6e,16,,7,False
0.2,1.0,4edf1bfab3f11d6e,17,,7,False
0.2,1.0,4edf1bfab3f11d6e,18,,7,False
0.2,1.0,4edf1bfab3f11d6e,19,,7,False
0.2,1.0,4edf1bfab3f11d6e,20,,8,False
0.2,1.0,4edf1bfab3f11d6e,21,,8,False
0.2,1.0,4edf1bfab3f11d6e,22,,8,False
0.2,1.0,4edf1bfab3f11d6e,23,,8,False
0.2,1.0,4edf1bfab3f11d6e,24,,8,False
0.2,1.0,4edf1bfab3f11d6e,25,,8,False
0.2,1.0,4edf1bfab3f11d6e,26,,8,False
0.2,1.0,4edf1bfab3f11d6e,27,,9,False
0.2,1.0,4edf1bfab3f11d6e,28,,9,False
0.2,1.0,4edf1bfab3f11d6e,29,,9,False
0.2,1.0,4edf1bfab3f11d6e,30,,9,False
0.2,1.0,4edf1bfab3f11d6e,31,,9,False
0.2,1.0,4edf1bfab3f11d6e,32,,9,False
0.2,1.0,4edf1bfab3f11d6e,33,,9,False
0.2,1.0,4edf1bfab3f11d6e,34,,10,False
0.2,1.0,4edf1bfab3f11d6e,35,,10,False
0.2,1.0,4edf1bfab3f11d6e,36,,10,False
0.2,1.0,4edf1bfab3f11d6e,37,0,10,False
0.2,1.0,4edf1bfab3f11d6e,38,0,10,False
0.2,1.0,4edf1bfab3f11d6e,39,0,10,False
0.2,1.0,4edf1bfab3f11d6e,40,0,10,False
0.2,1.0,4edf1bfab3f11d6e,41,0,11,False
0.2,1.0,4edf1bfab3f11d6e,42,0,11,False
0.2,1.0,4edf1bfab3f11d6e,43,1,11,False
0.2,1.0,4edf1bfab3f11d6e,44,1,11,False
0.2,1.0,4edf1bfab3f11d6e,45,1,11,False
0.2,1.0,4edf1bfab3f11d6e,46,1,11,False
0.2,1.0,4edf1bfab3f11d6e,47,1,12,False
0.2,1.0,4edf1bfab3f11d6e,48,1,12,False
0.2,1.0,4edf1bfab3f11d6e,49,1,12,False
0.2,1.0,4edf1bfab3f11d6e,50,2,12,False
0.2,1.0,4edf1bfab3f11d6e,51,2,12,False
0.2,1.0,4edf1bfab3f11d6e,52,2,12,False
0.2,1.0,4edf1bfab3f11d6e,53,2,12,False
0.2,1.0,4edf1bfab3f11d6e,54,2,13,False
0.2,1.0,4edf1bfab3f11d6e,55,2,13,False
0.2,1.0,4edf1bfab3f11d6e,56,2,13,False
0.2,1.0,4edf1bfab3f11d6e,57,3,13,False
0.2,1.0,4edf1bfab3f11d6e,58,3,13,False
0.2,1.0,4edf1bfab3f11d6e,59,3,13,False
0.2,1.0,4edf1bfab3f11d6e,60,3,13,False
0.2,1.0,4edf1bfab3f11d6e,61,3,14,False
0.2,1.0,4edf1bfab3f11d6e,62,3,14,False
0.2,1.0,4edf1bfab3f11d6e,63,3,14,False
0.2,1.0,4edf1bfab3f11d6e,64,4,14,False
0.2,1.0,4edf1bfab3f11d6e,65,4,14,False
0.2,1.0,4edf1bfab3f11d6e,66,4,14,False
0.2,1.0,4edf1bfab3f11d6e,67,4,14,False
0.2,1.0,4edf1bfab3f11d6e,68,4,15,False
0.2,1.0,4edf1bfab3f11d6e,69,4,15,False
0.2,1.0,4edf1bfab3f11d6e,70,4,15,False
0.2,1.0,4edf1bfab3f11d6e,71,5,15,False
0.2,1.0,4edf1bfab3f11d6e,72,5,15,False
0.2,1.0,4edf1bfab3f11d6e,73,5,15,False
0.2,1.0,4edf1bfab3f11d6e,74,5,15,False
0.2,1.0,4edf1bfab3f11d6e,75,5,16,False
0.2,1.0,4edf1bfab3f11d6e,76,5,16,False
0.2,1.0,4edf1bfab3f11d6e,77,5,16,False
0.2,1.0,4edf1bfab3f11d6e,78,6,16,False
0.2,1.0,4edf1bfab3f11d6e,79,6,16,False
0.2,1.0,4edf1bfab3f11d6e,80,6,16,False
0.2,1.0,4edf1bfab3f11d6e,81,6,16,False
0.2,1.0,4edf1bfab3f11d6e,82,6,17,False
0.2,1.0,4edf1bfab3f11d6e,83,6,17,False
0.2,1.0,4edf1bfab3f11d6e,84,6,17,False
0.2,1.0,4edf1bfab3f11d6e,85,7,17,False
0.2,1.0,4edf1bfab3f11d6e,86,7,17,False
0.2,1.0,4edf1bfab3f11d6e,87,7,17,False
0.2,1.0,4edf1bfab3f11d6e,88,7,17,False
0.2,1.0,4edf1bfab3f11d6e,89,7,18,False
0.2,1.0,4edf1bfab3f11d6e,90,7,18,False
0.2,1.0,4edf1bfab3f11d6e,91,7,18,False
0.2,1.0,4edf1bfab3f11d6e,92,8,18,False
0.2,1.0,4edf1bfab3f11d6e,93,8,18,False
0.2,1.0,4edf1bfab3f11d6e,94,8,18,False
0.2,1.0,4edf1bfab3f11d6e,95,8,18,False
0.2,1.0,4edf1bfab3f11d6e,96,8,19,False
0.2,1.0,4edf1bfab3f11d6e,97,8,19,False
0.2,1.0,4edf1bfab3f11d6e,98,8,19,False
0.2,1.0,4edf1bfab3f11d6e,99,9,19,False
0.2,1.0,4edf1bfab3f11d6e,100,9,19,False
0.2,1.0,4edf1bfab3f11d6e,101,9,19,False
0.2,1.0,4edf1bfab3f11d6e,102,9,19,False
0.2,1.0,4edf1bfab3f11d6e,103,9,20,False
0.2,1.0,4edf1bfab3f11d6e,104,9,20,False
0.2,1.0,4edf1bfab3f11d6e,105,10,20,False
0.2,1.0,4edf1bfab3f11d6e,106,10,20,False
0.2,1.0,4edf1bfab3f11d6e,107,10,20,False
0.2,1.0,4edf1bfab3f11d6e,108,10,20,False
0.2,1.0,4edf1bfab3f11d6e,109,16,17,True
0.2,1.25,be034fdeb3dceaca,1,,,False
0.2,1.25,be034fdeb3dceaca,2,,,False
0.2,1.25,be034fdeb3dceaca,3,,,False
0.2,1.25,be034fdeb3dceaca,4,,,False
0.2,1.25,be034fdeb3dceaca,5,,5,False
0.2,1.25,be034fdeb3dceaca,6,,6,False
0.2,1.25,be034fdeb3dceaca,7,,6,False
0.2,1.25,be034fdeb3dceaca,8,,6,False
0.2,1.25,be034fdeb3dceaca,9,,6,False
0.2,1.25,be034fdeb3dceaca,10,,6,False
0.2,1.25,be034fdeb3dceaca,11,,6,False
0.2,1.25,be034fdeb3dceaca,12,,6,False
0.2,1.25,be034fdeb3dceaca,13,,7,False
0.2,1.25,be034fdeb3dceaca,14,,7,False
0.2,1.25,be034fdeb3dceaca,15,,7,False
0.2,1.25,be034fdeb3dceaca,16,,7,False
0.2,1.25,be034fdeb3dceaca,17,,7,False
0.2,1.25,be034fdeb3dceaca,18,,7,False
0.2,1.25,be034fdeb3dceaca,19,,7,False
0.2,1.25,be034fdeb3dceaca,20,,8,False
0.2,1.25,be034fdeb3dceaca,21,,8,False
0.2,1.25,be034fdeb3dceaca,22,,8,False
0.2,1.25,be034fdeb3dceaca,23,,8,False
0.2,1.25,be034fdeb3dceaca,24,,8,False
0.2,1.25,be034fdeb3dceaca,25,,8,False
0.2,1.25,be034fdeb3dceaca,26,,8,False
0.2,1.25,be034fdeb3dceaca,27,,9,False
0.2,1.25,be034fdeb3dceaca,28,0,9,False
0.2,1.25,be034fdeb3dceaca,29,0,9,False
0.2,1.25,be034fdeb3dceaca,30,0,9,False
0.2,1.25,be034fdeb3dceaca,31,0,9,False
0.2,1.25,be034fdeb3dceaca,32,0,9,False
0.2,1.25,be034fdeb3dceaca,33,0,9,False
0.2,1.25,be034fdeb3dceaca,34,0,10,False
0.2,1.25,be034fdeb3dceaca,35,1,10,False
0.2,1.25,be034fdeb3dceaca,36,1,10,False
0.2,1.25,be034fdeb3dceaca,37,1,10,False
0.2,1.25,be034fdeb3dceaca,38,1,10,False
0.2,1.25,be034fdeb3dceaca,39,1,10,False
0.2,1.25,be034fdeb3dceaca,40,1,10,False
0.2,1.25,be034fdeb3dceaca,41,1,11,False
0.2,1.25,be034fdeb3dceaca,42,2,11,False
0.2,1.25,be034fdeb3dceaca,43,2,11,False
0.2,1.25,be034fdeb3dceaca,44,2,11,False
0.2,1.25,be034fdeb3dceaca,45,2,11,False
0.2,1.25,be034fdeb3dceaca,46,2,11,False
0.2,1.25,be034fdeb3dceaca,47,2,12,False
0.2,1.25,be034fdeb3dceaca,48,2,12,False
0.2,1.25,be034fdeb3dceaca,49,3,12,False
0.2,1.25,be034fdeb3dceaca,50,3,12,False
0.2,1.25,be034fdeb3dceaca,51,3,12,False
0.2,1.25,be034fdeb3dceaca,52,3,12,False
0.2,1.25,be034fdeb3dceaca,53,3,12,False
0.2,1.25,be034fdeb3dceaca,54,3,13,False
0.2,1.25,be034fdeb3dceaca,55,3,13,False
0.2,1.25,be034fdeb3dceaca,56,4,13,False
0.2,1.25,be034fdeb3dceaca,57,4,13,False
0.2,1.25,be034fdeb3dceaca,58,4,13,False
0.2,1.25,be034fdeb3dceaca,59,4,13,False
0.2,1.25,be034fdeb3dceaca,60,4,13,False
0.2,1.25,be034fdeb3dceaca,61,4,14,False
0.2,1.25,be034fdeb3dceaca,62,4,14,False
0.2,1.25,be034fdeb3dceaca,63,5,14,False
0.2,1.25,be034fdeb3dceaca,64,5,14,False
0.2,1.25,be034fdeb3dceaca,65,5,14,False
0.2,1.25,be034fdeb3dceaca,66,5,14,False
0.2,1.25,be034fdeb3dceaca,67,5,14,False
0.2,1.25,be034fdeb3dceaca,68,5,15,False
0.2,1.25,be034fdeb3dceaca,69,6,15,False
0.2,1.25,be034fdeb3dceaca,70,6,15,False
0.2,1.25,be034fdeb3dceaca,71,6,15,False
0.2,1.25,be034fdeb3dceaca,72,6,15,False
0.2,1.25,be034fdeb3dceaca,73,6,15,False
0.2,1.25,be034fdeb3dceaca,74,6,15,False
0.2,1.25,be034fdeb3dceaca,75,6,16,False
0.2,1.25,be034fdeb3dceaca,76,7,16,False
0.2,1.25,be034fdeb3dceaca,77,7,16,False
0.2,1.25,be034fdeb3dceaca,78,7,16,False
0.2,1.25,be034fdeb3dceaca,79,7,16,False
0.2,1.25,be034fdeb3dceaca,80,7,16,False
0.2,1.25,be034fdeb3dceaca,81,7,16,False
0.2,1.25,be034fdeb3dceaca,82,7,17,False
0.2,1.25,be034fdeb3dceaca,83,8,17,False
0.2,1.25,be034fdeb3dceaca,84,8,17,False
0.2,1.25,be034fdeb3dceaca,85,8,17,False
0.2,1.25,be034fdeb3dceaca,86,8,17,False
0.2,1.25,be034fdeb3dceaca,87,8,17,False
0.2,1.25,be034fdeb3dceaca,88,8,17,False
0.2,1.25,be034fdeb3dceaca,89,8,18,False
0.2,1.25,be034fdeb3dceaca,90,9,18,False
0.2,1.25,be034fdeb3dceaca,91,9,18,False
0.2,1.25,be034fdeb3dceaca,92,9,18,False
0.2,1.25,be034fdeb3dceaca,93,9,18,False
0.2,1.25,be034fdeb3dceaca,94,9,18,False
0.2,1.25,be034fdeb3dceaca,95,9,18,False
0.2,1.25,be034fdeb3dceaca,96,9,19,False
0.2,1.25,be034fdeb3dceaca,97,10,19,False
0.2,1.25,be034fdeb3dceaca,98,10,19,False
0.2,1.25,be034fdeb3dceaca,99,10,19,False
0.2,1.25,be034fdeb3dceaca,100,10,19,False
0.2,1.25,be034fdeb3dceaca,101,10,19,False
0.2,1.25,be034fdeb3dceaca,102,10,19,False
0.2,1.25,be034fdeb3dceaca,103,10,20,False
0.2,1.25,be034fdeb3dceaca,104,11,20,False
0.2,1.25,be034fdeb3dceaca,105,11,20,False
0.2,1.25,be034fdeb3dceaca,106,11,20,False
0.2,1.25,be034fdeb3dceaca,107,11,20,False
0.2,1.25,be034fdeb3dceaca,108,11,20,False
0.2,1.25,be034fdeb3dceaca,109,11,21,False
0.2,1.25,be034fdeb3dceaca,110,11,21,False
0.2,1.25,be034fdeb3dceaca,111,12,21,False
0.2,1.25,be034fdeb3dceaca,112,12,21,False
0.2,1.25,be034fdeb3dceaca,113,12,21,False
0.2,1.25,be034fdeb3dceaca,114,12,21,False
0.2,1.25,be034fdeb3dceaca,115,12,21,False
0.2,1.25,be034fdeb3dceaca,116,17,18,True
0.2,1.5,2cfcce58ef808afd,1,,,False
0.2,1.5,2cfcce58ef808afd,2,,,False
0.2,1.5,2cfcce58ef808afd,3,,,False
0.2,1.5,2cfcce58ef808afd,4,,,False
0.2,1.5,2cfcce58ef808afd,5,,5,False
0.2,1.5,2cfcce58ef808afd,6,,6,False
0.2,1.5,2cfcce58ef808afd,7,,6,False
0.2,1.5,2cfcce58ef808afd,8,,6,False
0.2,1.5,2cfcce58ef808afd,9,,6,False
0.2,1.5,2cfcce58ef808afd,10,,6,False
0.2,1.5,2cfcce58ef808afd,11,,6,False
0.2,1.5,2cfcce58ef808afd,12,,6,False
0.2,1.5,2cfcce58ef808afd,13,,7,False
0.2,1.5,2cfcce58ef808afd,14,,7,False
0.2,1.5,2cfcce58ef808afd,15,,7,False
0.2,1.5,2cfcce58ef808afd,16,,7,False
0.2,1.5,2cfcce58ef808afd,17,,7,False
0.2,1.5,2cfcce58ef808afd,18,,7,False
0.2,1.5,2cfcce58ef808afd,19,,7,False
0.2,1.5,2cfcce58ef808afd,20,0,8,False
0.2,1.5,2cfcce58ef808afd,21,0,8,False
0.2,1.5,2cfcce58ef808afd,22,0,8,False
0.2,1.5,2cfcce58ef808afd,23,0,8,False
0.2,1.5,2cfcce58ef808afd,24,0,8,False
0.2,1.5,2cfcce58ef808afd,25,0,8,False
0.2,1.5,2cfcce58ef808afd,26,1,8,False
0.2,1.5,2cfcce58ef808afd,27,1,9,False
0.2,1.5,2cfcce58ef808afd,28,1,9,False
0.2,1.5,2cfcce58ef808afd,29,1,9,False
0.2,1.5,2cfcce58ef808afd,30,1,9,False
0.2,1.5,2cfcce58ef808afd,31,1,9,False
0.2,1.5,2cfcce58ef808afd,32,1,9,False
0.2,1.5,2cfcce58ef808afd,33,2,9,False
0.2,1.5,2cfcce58ef808afd,34,2,10,False
0.2,1.5,2cfcce58ef808afd,35,2,10,False
0.2,1.5,2cfcce58ef808afd,36,2,10,False
0.2,1.5,2cfcce58ef808afd,37,2,10,False
0.2,1.5,2cfcce58ef808afd,38,2,10,False
0.2,1.5,2cfcce58ef808afd,39,2,10,False
0.2,1.5,2cfcce58ef808afd,40,3,10,False
0.2,1.5,2cfcce58ef808afd,41,3,11,False
0.2,1.5,2cfcce58ef808afd,42,3,11,False
0.2,1.5,2cfcce58ef808afd,43,3,11,False
0.2,1.5,2cfcce58ef808afd,44,3,11,False
0.2,1.5,2cfcce58ef808afd,45,3,11,False
0.2,1.5,2cfcce58ef808afd,46,3,11,False
0.2,1.5,2cfcce58ef808afd,47,4,12,False
0.2,1.5,2cfcce58ef808afd,48,4,12,False
0.2,1.5,2cfcce58ef808afd,49,4,12,False
0.2,1.5,2cfcce58ef808afd,50,4,12,False
0.2,1.5,2cfcce58ef808afd,51,4,12,False
0.2,1.5,2cfcce58ef808afd,52,4,12,False
0.2,1.5,2cfcce58ef808afd,53,4,12,False
0.2,1.5,2cfcce58ef808afd,54,5,13,False
0.2,1.5,2cfcce58ef808afd,55,5,13,False
0.2,1.5,2cfcce58ef808afd,56,5,13,False
0.2,1.5,2cfcce58ef808afd,57,5,13,False
0.2,1.5,2cfcce58ef808afd,58,5,13,False
0.2,1.5,2cfcce58ef808afd,59,5,13,False
0.2,1.5,2cfcce58ef808afd,60,5,13,False
0.2,1.5,2cfcce58ef808afd,61,6,14,False
0.2,1.5,2cfcce58ef808afd,62,6,14,False
0.2,1.5,2cfcce58ef808afd,63,6,14,False
0.2,1.5,2cfcce58ef808afd,64,6,14,False
0.2,1.5,2cfcce58ef808afd,65,6,14,False
0.2,1.5,2cfcce58ef808afd,66,6,14,False
0.2,1.5,2cfcce58ef808afd,67,6,14,False
0.2,1.5,2cfcce58ef808afd,68,7,15,False
0.2,1.5,2cfcce58ef808afd,69,7,15,False
0.2,1.5,2cfcce58ef808afd,70,7,15,False
0.2,1.5,2cfcce58ef808afd,71,7,15,False
0.2,1.5,2cfcce58ef808afd,72,7,15,False
0.2,1.5,2cfcce58ef808afd,73,7,15,False
0.2,1.5,2cfcce58ef808afd,74,7,15,False
0.2,1.5,2cfcce58ef808afd,75,8,16,False
0.2,1.5,2cfcce58ef808afd,76,8,16,False
0.2,1.5,2cfcce58ef808afd,77,8,16,False
0.2,1.5,2cfcce58ef808afd,78,8,16,False
0.2,1.5,2cfcce58ef808afd,79,8,16,False
0.2,1.5,2cfcce58ef808afd,80,8,16,False
0.2,1.5,2cfcce58ef808afd,81,8,16,False
0.2,1.5,2cfcce58ef808afd,82,9,17,False
0.2,1.5,2cfcce58ef808afd,83,9,17,False
0.2,1.5,2cfcce58ef808afd,84,9,17,False
0.2,1.5,2cfcce58ef808afd,85,9,17,False
0.2,1.5,2cfcce58ef808afd,86,9,17,False
0.2,1.5,2cfcce58ef808afd,87,9,17,False
0.2,1.5,2cfcce58ef808afd,88,10,17,False
0.2,1.5,2cfcce58ef808afd,89,10,18,False
0.2,1.5,2cfcce58ef808afd,90,10,18,False
0.2,1.5,2cfcce58ef808afd,91,10,18,False
0.2,1.5,2cfcce58ef808afd,92,10,18,False
0.2,1.5,2cfcce58ef808afd,93,10,18,False
0.2,1.5,2cfcce58ef808afd,94,10,18,False
0.2,1.5,2cfcce58ef808afd,95,11,18,False
0.2,1.5,2cfcce58ef808afd,96,11,19,False
0.2,1.5,2cfcce58ef808afd,97,11,19,False
0.2,1.5,2cfcce58ef808afd,98,11,19,False
0.2,1.5,2cfcce58ef808afd,99,11,19,False
0.2,1.5,2cfcce58ef808afd,100,11,19,False
0.2,1.5,2cfcce58ef808afd,101,11,19,False
0.2,1.5,2cfcce58ef808afd,102,12,19,False
0.2,1.5,2cfcce58ef808afd,103,12,20,False
0.2,1.5,2cfcce58ef808afd,104,12,20,False
0.2,1.5,2cfcce58ef808afd,105,12,20,False
0.2,1.5,2cfcce58ef808afd,106,12,20,False
0.2,1.5,2cfcce58ef808afd,107,12,20,False
0.2,1.5,2cfcce58ef808afd,108,12,20,False
0.2,1.5,2cfcce58ef808afd,109,13,21,False
0.2,1.5,2cfcce58ef808afd,110,13,21,False
0.2,1.5,2cfcce58ef808afd,111,13,21,False
0.2,1.5,2cfcce58ef808afd,112,13,21,False
0.2,1.5,2cfcce58ef808afd,113,13,21,False
0.2,1.5,2cfcce58ef808afd,114,13,21,False
0.2,1.5,2cfcce58ef808afd,115,13,21,False
0.2,1.5,2cfcce58ef808afd,116,14,22,False
0.2,1.5,2cfcce58ef808afd,117,14,22,False
0.2,1.5,2cfcce58ef808afd,118,14,22,False
0.2,1.5,2cfcce58ef808afd,119,14,22,False
0.2,1.5,2cfcce58ef808afd,120,14,22,False
0.2,1.5,2cfcce58ef808afd,121,14,22,False
0.2,1.5,2cfcce58ef808afd,122,14,22,False
0.2,1.5,2cfcce58ef808afd,123,15,23,False
0.2,1.5,2cfcce58ef808afd,124,15,23,False
0.2,1.5,2cfcce58ef808afd,125,15,23,False
0.2,1.5,2cfcce58ef808afd,126,15,23,False
0.2,1.5,2cfcce58ef808afd,127,15,23,False
0.2,1.5,2cfcce58ef808afd,128,15,23,False
0.2,1.5,2cfcce58ef808afd,129,15,23,False
0.2,1.5,2cfcce58ef808afd,130,16,24,False
0.2,1.5,2cfcce58ef808afd,131,16,24,False
0.2,1.5,2cfcce58ef808afd,132,16,24,False
0.2,1.5,2cfcce58ef808afd,133,16,24,False
0.2,1.5,2cfcce58ef808afd,134,16,24,False
0.2,1.5,2cfcce58ef808afd,135,16,24,False
0.2,1.5,2cfcce58ef808afd,136,16,24,False
0.2,1.5,2cfcce58ef808afd,137,17,25,False
0.2,1.5,2cfcce58ef808afd,138,17,25,False
0.2,1.5,2cfcce58ef808afd,139,17,25,False
0.2,1.5,2cfcce58ef808afd,140,17,25,False
0.2,1.5,2cfcce58ef808afd,141,17,25,False
0.2,1.5,2cfcce58ef808afd,142,17,25,False
0.2,1.5,2cfcce58ef808afd,143,17,25,False
0.2,1.5,2cfcce58ef808afd,144,18,26,False
0.2,1.5,2cfcce58ef808afd,145,18,26,False
0.2,1.5,2cfcce58ef808afd,146,18,26,False
0.2,1.5,2cfcce58ef808afd,147,18,26,False
0.2,1.5,2cfcce58ef808afd,148,18,26,False
0.2,1.5,2cfcce58ef808afd,149,18,26,False
0.2,1.5,2cfcce58ef808afd,150,19,26,False
0.2,1.5,2cfcce58ef808afd,151,19,27,False
0.2,1.5,2cfcce58ef808afd,152,19,27,False
0.2,1.5,2cfcce58ef808afd,153,19,27,False
0.2,1.5,2cfcce58ef808afd,154,19,27,False
0.2,1.5,2cfcce58ef808afd,155,19,27,False
0.2,1.5,2cfcce58ef808afd,156,19,27,False
0.2,1.5,2cfcce58ef808afd,157,20,27,False
0.2,1.5,2cfcce58ef808afd,158,20,28,False
0.2,1.5,2cfcce58ef808afd,159,20,28,False
0.2,1.5,2cfcce58ef808afd,160,20,28,False
0.2,1.5,2cfcce58ef808afd,161,20,28,False
0.2,1.5,2cfcce58ef808afd,162,20,28,False
0.2,1.5,2cfcce58ef808afd,163,22,23,True
0.2,2.0,54a86236f097b65a,1,,,False
0.2,2.0,54a86236f097b65a,2,,,False
0.2,2.0,54a86236f097b65a,3,,,False
0.2,2.0,54a86236f097b65a,4,,,False
0.2,2.0,54a86236f097b65a,5,,5,False
0.2,2.0,54a86236f097b65a,6,,5,False
0.2,2.0,54a86236f097b65a,7,,5,False
0.2,2.0,54a86236f097b65a,8,,5,False
0.2,2.0,54a86236f097b65a,9,,5,False
0.2,2.0,54a86236f097b65a,10,,6,False
0.2,2.0,54a86236f097b65a,11,,6,False
0.2,2.0,54a86236f097b65a,12,,6,False
0.2,2.0,54a86236f097b65a,13,,6,False
0.2,2.0,54a86236f097b65a,14,,6,False
0.2,2.0,54a86236f097b65a,15,,6,False
0.2,2.0,54a86236f097b65a,16,,6,False
0.2,2.0,54a86236f097b65a,17,,7,False
0.2,2.0,54a86236f097b65a,18,,7,False
0.2,2.0,54a86236f097b65a,19,,7,False
0.2,2.0,54a86236f097b65a,20,0,7,False
0.2,2.0,54a86236f097b65a,21,0,7,False
0.2,2.0,54a86236f097b65a,22,0,7,False
0.2,2.0,54a86236f097b65a,23,0,7,False
0.2,2.0,54a86236f097b65a,24,0,8,False
0.2,2.0,54a86236f097b65a,25,0,8,False
0.2,2.0,54a86236f097b65a,26,1,8,False
0.2,2.0,54a86236f097b65a,27,1,8,False
0.2,2.0,54a86236f097b65a,28,1,8,False
0.2,2.0,54a86236f097b65a,29,1,8,False
0.2,2.0,54a86236f097b65a,30,1,8,False
0.2,2.0,54a86236f097b65a,31,1,9,False
0.2,2.0,54a86236f097b65a,32,1,9,False
0.2,2.0,54a86236f097b65a,33,2,9,False
0.2,2.0,54a86236f097b65a,34,2,9,False
0.2,2.0,54a86236f097b65a,35,2,9,False
0.2,2.0,54a86236f097b65a,36,2,9,False
0.2,2.0,54a86236f097b65a,37,2,9,False
0.2,2.0,54a86236f097b65a,38,2,10,False
0.2,2.0,54a86236f097b65a,39,2,10,False
0.2,2.0,54a86236f097b65a,40,3,10,False
0.2,2.0,54a86236f097b65a,41,3,10,False
0.2,2.0,54a86236f097b65a,42,3,10,False
0.2,2.0,54a86236f097b65a,43,3,10,False
0.2,2.0,54a86236f097b65a,44,3,10,False
0.2,2.0,54a86236f097b65a,45,3,11,False
0.2,2.0,54a86236f097b65a,46,3,11,False
0.2,2.0,54a86236f097b65a,47,4,11,False
0.2,2.0,54a86236f097b65a,48,4,11,False
0.2,2.0,54a86236f097b65a,49,4,11,False
0.2,2.0,54a86236f097b65a,50,4,11,False
0.2,2.0,54a86236f097b65a,51,4,11,False
0.2,2.0,54a86236f097b65a,52,4,12,False
0.2,2.0,54a86236f097b65a,53,4,12,False
0.2,2.0,54a86236f097b65a,54,5,12,False
0.2,2.0,54a86236f097b65a,55,5,12,False
0.2,2.0,54a86236f097b65a,56,5,12,False
0.2,2.0,54a86236f097b65a,57,5,12,False
0.2,2.0,54a86236f097b65a,58,5,12,False
0.2,2.0,54a86236f097b65a,59,5,13,False
0.2,2.0,54a86236f097b65a,60,5,13,False
0.2,2.0,54a86236f097b65a,61,6,13,False
0.2,2.0,54a86236f097b65a,62,6,13,False
0.2,2.0,54a86236f097b65a,63,6,13,False
0.2,2.0,54a86236f097b65a,64,6,13,False
0.2,2.0,54a86236f097b65a,65,6,14,False
0.2,2.0,54a86236f097b65a,66,6,14,False
0.2,2.0,54a86236f097b65a,67,6,14,False
0.2,2.0,54a86236f097b65a,68,7,14,False
0.2,2.0,54a86236f097b65a,69,7,14,False
0.2,2.0,54a86236f097b65a,70,7,14,False
0.2,2.0,54a86236f097b65a,71,7,14,False
0.2,2.0,54a86236f097b65a,72,7,15,False
0.2,2.0,54a86236f097b65a,73,7,15,False
0.2,2.0,54a86236f097b65a,74,7,15,False
0.2,2.0,54a86236f097b65a,75,8,15,False
0.2,2.0,54a86236f097b65a,76,8,15,False
0.2,2.0,54a86236f097b65a,77,8,15,False
0.2,2.0,54a86236f097b65a,78,8,15,False
0.2,2.0,54a86236f097b65a,79,8,16,False
0.2,2.0,54a86236f097b65a,80,8,16,False
0.2,2.0,54a86236f097b65a,81,8,16,False
0.2,2.0,54a86236f097b65a,82,9,16,False
0.2,2.0,54a86236f097b65a,83,9,16,False
0.2,2.0,54a86236f097b65a,84,9,16,False
0.2,2.0,54a86236f097b65a,85,9,16,False
0.2,2.0,54a86236f097b65a,86,9,17,False
0.2,2.0,54a86236f097b65a,87,9,17,False
0.2,2.0,54a86236f097b65a,88,10,17,False
0.2,2.0,54a86236f097b65a,89,10,17,False
0.2,2.0,54a86236f097b65a,90,10,17,False
0.2,2.0,54a86236f097b65a,91,10,17,False
0.2,2.0,54a86236f097b65a,92,10,17,False
0.2,2.0,54a86236f097b65a,93,10,18,False
0.2,2.0,54a86236f097b65a,94,10,18,False
0.2,2.0,54a86236f097b65a,95,11,18,False
0.2,2.0,54a86236f097b65a,96,11,18,False
0.2,2.0,54a86236f097b65a,97,11,18,False
0.2,2.0,54a86236f097b65a,98,11,18,False
0.2,2.0,54a86236f097b65a,99,11,18,False
0.2,2.0,54a86236f097b65a,100,11,19,False
0.2,2.0,54a86236f097b65a,101,11,19,False
0.2,2.0,54a86236f097b65a,102,12,19,False
0.2,2.0,54a86236f097b65a,103,12,19,False
0.2,2.0,54a86236f097b65a,104,12,19,False
0.2,2.0,54a86236f097b65a,105,12,19,False
0.2,2.0,54a86236f097b65a,106,12,19,False
0.2,2.0,54a86236f097b65a,107,12,20,False
0.2,2.0,54a86236f097b65a,108,12,20,False
0.2,2.0,54a86236f097b65a,109,13,20,False
0.2,2.0,54a86236f097b65a,110,13,20,False
0.2,2.0,54a86236f097b65a,111,13,20,False
0.2,2.0,54a86236f097b65a,112,13,20,False
0.2,2.0,54a86236f097b65a,113,13,20,False
0.2,2.0,54a86236f097b65a,114,13,21,False
0.2,2.0,54a86236f097b65a,115,13,21,False
0.2,2.0,54a86236f097b65a,116,14,21,False
0.2,2.0,54a86236f097b65a,117,14,21,False
0.2,2.0,54a86236f097b65a,118,14,21,False
0.2,2.0,54a86236f097b65a,119,14,21,False
0.2,2.0,54a86236f097b65a,120,14,21,False
0.2,2.0,54a86236f097b65a,121,14,22,False
0.2,2.0,54a86236f097b65a,122,14,22,False
0.2,2.0,54a86236f097b65a,123,15,22,False
0.2,2.0,54a86236f097b65a,124,15,22,False
0.2,2.0,54a86236f097b65a,125,15,22,False
0.2,2.0,54a86236f097b65a,126,15,22,False
0.2,2.0,54a86236f097b65a,127,15,23,False
0.2,2.0,54a86236f097b65a,128,15,23,False
0.2,2.0,54a86236f097b65a,129,15,23,False
0.2,2.0,54a86236f097b65a,130,16,23,False
0.2,2.0,54a86236f097b65a,131,16,23,False
0.2,2.0,54a86236f097b65a,132,16,23,False
0.2,2.0,54a86236f097b65a,133,16,23,False
0.2,2.0,54a86236f097b65a,134,16,24,False
0.2,2.0,54a86236f097b65a,135,16,24,False
0.2,2.0,54a86236f097b65a,136,16,24,False
0.2,2.0,54a86236f097b65a,137,17,24,False
0.2,2.0,54a86236f097b65a,138,17,24,False
0.2,2.0,54a86236f097b65a,139,17,24,False
0.2,2.0,54a86236f097b65a,140,17,24,False
0.2,2.0,54a86236f097b65a,141,17,25,False
0.2,2.0,54a86236f097b65a,142,17,25,False
0.2,2.0,54a86236f097b65a,143,17,25,False
0.2,2.0,54a86236f097b65a,144,18,25,False
0.2,2.0,54a86236f097b65a,145,18,25,False
0.2,2.0,54a86236f097b65a,146,18,25,False
0.2,2.0,54a86236f097b65a,147,18,25,False
0.2,2.0,54a86236f097b65a,148,18,26,False
0.2,2.0,54a86236f097b65a,149,18,26,False
0.2,2.0,54a86236f097b65a,150,19,26,False
0.2,2.0,54a86236f097b65a,151,19,26,False
0.2,2.0,54a86236f097b65a,152,19,26,False
0.2,2.0,54a86236f097b65a,153,19,26,False
0.2,2.0,54a86236f097b65a,154,19,26,False
0.2,2.0,54a86236f097b65a,155,19,27,False
0.2,2.0,54a86236f097b65a,156,19,27,False
0.2,2.0,54a86236f097b65a,157,20,27,False
0.2,2.0,54a86236f097b65a,158,20,27,False
0.2,2.0,54a86236f097b65a,159,20,27,False
0.2,2.0,54a86236f097b65a,160,20,27,False
0.2,2.0,54a86236f097b65a,161,20,27,False
0.2,2.0,54a86236f097b65a,162,20,28,False
0.2,2.0,54a86236f097b65a,163,20,28,False
0.2,2.0,54a86236f097b65a,164,21,28,False
0.2,2.0,54a86236f097b65a,165,21,28,False
0.2,2.0,54a86236f097b65a,166,21,28,False
0.2,2.0,54a86236f097b65a,167,21,28,False
0.2,2.0,54a86236f097b65a,168,21,28,False
0.2,2.0,54a86236f097b65a,169,21,29,False
0.2,2.0,54a86236f097b65a,170,21,29,False
0.2,2.0,54a86236f097b65a,171,22,29,False
0.2,2.0,54a86236f097b65a,172,22,29,False
0.2,2.0,54a86236f097b65a,173,22,29,False
0.2,2.0,54a86236f097b65a,174,22,29,False
0.2,2.0,54a86236f097b65a,175,22,29,False
0.2,2.0,54a86236f097b65a,176,22,30,False
0.2,2.0,54a86236f097b65a,177,22,30,False
0.2,2.0,54a86236f097b65a,178,23,30,False
0.2,2.0,54a86236f097b65a,179,23,30,False
0.2,2.0,54a86236f097b65a,180,23,30,False
0.2,2.0,54a86236f097b65a,181,23,30,False
0.2,2.0,54a86236f097b65a,182,23,30,False
0.2,2.0,54a86236f097b65a,183,23,31,False
0.2,2.0,54a86236f097b65a,184,23,31,False
0.2,2.0,54a86236f097b65a,185,25,26,True
