case,x1,x2,y,z,n_states,row_sum_error,status,condition_number,linear_residual,cost_purchase_1,cost_purchase_2,cost_inspection_1,cost_inspection_2,cost_assembly,cost_product_inspection,cost_disassembly,cost_replacement_loss,expected_inspections_1,expected_inspections_2,expected_product_inspections,expected_assemblies,expected_disassemblies,expected_replacements,expected_total_cost,expected_profit,success_probability,factory_defect_rate,exchange_rate,domain,prior,batch,mc_status,posterior_mean_profit,posterior_profit_sd,mc_standard_error,posterior_profit_p05,posterior_profit_p95,posterior_optimal_frequency,negative_profit_probability,mean_regret_to_sample_best,near_optimal_explore,explore_draws,explore_batches,explore_gap_to_second,explore_paired_mc_se,explore_stop_reason,confirm_posterior_mean_profit,confirm_mc_standard_error,confirm_optimal_frequency,near_optimal_confirm,confirm_draws,confirm_batches,confirm_gap_to_second,confirm_paired_mc_se,confirm_stop_reason,strategy_bits,strategy_code
1,0,0,0,0,17,0.0,SUCCESS_EXACT,24.310136167821987,5.560635901907096e-17,5.486968449931414,24.691358024691358,0.0,0.0,8.230452674897121,0.0,0.0,2.230452674897119,0.0,0.0,0.0,1.3717421124828535,0.0,0.37174211248285327,40.63923182441701,15.36076817558299,1.0,0.271,0.37174211248285327,q2,uniform,explore,SUCCESS_MC_TOL,13.978490678614547,2.8674736245759265,0.04055220089622412,8.764820464264245,18.24954130217239,0.0238,0.0,2.8641368715144084,False,5000,10,1.0187366946079361,0.014517675521969343,gap_exceeds_3_paired_se,13.9240960730796,0.06651742812005255,0.028,False,2000,4,1.0254076123756146,0.023450844953399105,gap_exceeds_3_paired_se,0000,q2:0000
1,0,0,0,1,17,0.0,NON_ABSORBING,,,,,,,,,,,,,,,,,,,,,,q2,uniform,explore,SUCCESS_MC_TOL,,,,,,,,,False,5000,10,1.0187366946079361,0.014517675521969343,gap_exceeds_3_paired_se,,,,False,2000,4,1.0254076123756146,0.023450844953399105,gap_exceeds_3_paired_se,0001,q2:0001
1,0,0,1,0,17,0.0,SUCCESS_EXACT,24.310136167821987,6.505134606881982e-17,5.486968449931414,24.691358024691358,0.0,0.0,8.230452674897121,4.1152263374485605,0.0,0.0,0.0,0.0,1.3717421124828535,1.3717421124828535,0.0,0.0,42.52400548696845,13.475994513031551,1.0,0.0,0.0,q2,uniform,explore,SUCCESS_MC_TOL,12.215682677560322,2.6144612459368743,0.03697406552302788,7.462042188005635,16.109875893157177,0.0,0.0,4.626944872568633,False,5000,10,1.0187366946079361,0.014517675521969343,gap_exceeds_3_paired_se,12.166087596043166,0.06064824328593026,0.0,False,2000,4,1.0254076123756146,0.023450844953399105,gap_exceeds_3_paired_se,0010,q2:0010
1,0,0,1,1,17,0.0,NON_ABSORBING,,,,,,,,,,,,,,,,,,,,,,q2,uniform,explore,SUCCESS_MC_TOL,,,,,,,,,False,5000,10,1.0187366946079361,0.014517675521969343,gap_exceeds_3_paired_se,,,,False,2000,4,1.0254076123756146,0.023450844953399105,gap_exceeds_3_paired_se,0011,q2:0011
1,0,1,0,0,15,0.0,SUCCESS_EXACT,19.25696010481656,5.00375978166819e-17,4.938271604938272,24.691358024691358,0.0,4.1152263374485605,7.407407407407407,0.0,0.0,1.4074074074074074,0.0,1.3717421124828533,0.0,1.2345679012345678,0.0,0.2345679012345679,42.559670781893004,13.440329218106996,1.0,0.19,0.2345679012345679,q2,uniform,explore,SUCCESS_MC_TOL,12.197876999598419,2.6554764938521442,0.03755410872168657,7.351282143464392,16.18792388084276,0.0,0.0,4.644750550530537,False,5000,10,1.0187366946079361,0.014517675521969343,gap_exceeds_3_paired_se,12.148967367505465,0.061098262841103416,0.0,False,2000,4,1.0254076123756146,0.023450844953399105,gap_exceeds_3_paired_se,0100,q2:0100
1,0,1,0,1,15,0.0,NON_ABSORBING,,,,,,,,,,,,,,,,,,,,,,q2,uniform,explore,SUCCESS_MC_TOL,,,,,,,,,False,5000,10,1.0187366946079361,0.014517675521969343,gap_exceeds_3_paired_se,,,,False,2000,4,1.0254076123756146,0.023450844953399105,gap_exceeds_3_paired_se,0101,q2:0101
1,0,1,1,0,15,0.0,SUCCESS_EXACT,19.25696010481656,4.6563577617321257e-17,4.938271604938272,24.691358024691358,0.0,4.1152263374485605,7.407407407407407,3.7037037037037037,0.0,0.0,0.0,1.3717421124828533,1.2345679012345678,1.2345679012345678,0.0,0.0,44.855967078189295,11.144032921810705,1.0,0.0,0.0,q2,uniform,explore,SUCCESS_MC_TOL,9.974460563557384,2.4830314501921786,0.035115367526607134,5.434173008319805,13.703530463457993,0.0,0.0004,6.86816698657157,False,5000,10,1.0187366946079361,0.014517675521969343,gap_exceeds_3_paired_se,9.92842211220851,0.05720217074376604,0.0,False,2000,4,1.0254076123756146,0.023450844953399105,gap_exceeds_3_paired_se,0110,q2:0110
1,0,1,1,1,15,0.0,NON_ABSORBING,,,,,,,,,,,,,,,,,,,,,,q2,uniform,explore,SUCCESS_MC_TOL,,,,,,,,,False,5000,10,1.0187366946079361,0.014517675521969343,gap_exceeds_3_paired_se,,,,False,2000,4,1.0254076123756146,0.023450844953399105,gap_exceeds_3_paired_se,0111,q2:0111
1,1,0,0,0,13,0.0,SUCCESS_EXACT,17.586003816669635,4.098976496612541e-17,5.486968449931413,22.22222222222222,2.7434842249657065,0.0,7.407407407407408,0.0,0.0,1.4074074074074074,1.3717421124828533,0.0,0.0,1.2345679012345678,0.0,0.23456790123456792,39.26748971193416,16.73251028806584,1.0,0.19000000000000003,0.23456790123456792,q2,uniform,explore,SUCCESS_MC_TOL,15.75939859664465,2.2691748474579985,0.03209097844671,11.657372612305293,19.06877514710014,0.1424,0.0,1.0832289534843047,False,5000,10,1.0187366946079361,0.014517675521969343,gap_exceeds_3_paired_se,15.743012898540686,0.051887808647729745,0.148,False,2000,4,1.0254076123756146,0.023450844953399105,gap_exceeds_3_paired_se,1000,q2:1000
1,1,0,0,1,13,0.0,NON_ABSORBING,,,,,,,,,,,,,,,,,,,,,,q2,uniform,explore,SUCCESS_MC_TOL,,,,,,,,,False,5000,10,1.0187366946079361,0.014517675521969343,gap_exceeds_3_paired_se,,,,False,2000,4,1.0254076123756146,0.023450844953399105,gap_exceeds_3_paired_se,1001,q2:1001
1,1,0,1,0,13,0.0,SUCCESS_EXACT,17.586003816669635,4.206322768441579e-17,5.486968449931413,22.22222222222222,2.7434842249657065,0.0,7.407407407407408,3.703703703703704,0.0,0.0,1.3717421124828533,0.0,1.2345679012345678,1.2345679012345678,0.0,0.0,41.56378600823045,14.436213991769549,1.0,0.0,0.0,q2,uniform,explore,SUCCESS_MC_TOL,13.536020337191031,2.086912527212253,0.029513399994698788,9.76545495153747,16.575770965946585,0.0,0.0,3.3066072129379247,False,5000,10,1.0187366946079361,0.014517675521969343,gap_exceeds_3_paired_se,13.520313304093907,0.047741475070497176,0.0,False,2000,4,1.0254076123756146,0.023450844953399105,gap_exceeds_3_paired_se,1010,q2:1010
1,1,0,1,1,13,0.0,NON_ABSORBING,,,,,,,,,,,,,,,,,,,,,,q2,uniform,explore,SUCCESS_MC_TOL,,,,,,,,,False,5000,10,1.0187366946079361,0.014517675521969343,gap_exceeds_3_paired_se,,,,False,2000,4,1.0254076123756146,0.023450844953399105,gap_exceeds_3_paired_se,1011,q2:1011
1,1,1,0,0,12,0.0,SUCCESS_EXACT,15.426749931999442,1.262161692870906e-17,4.938271604938272,22.22222222222222,2.71604938271605,3.703703703703704,6.666666666666666,0.0,0.0,0.6666666666666665,1.358024691358025,1.234567901234568,0.0,1.1111111111111112,0.0,0.11111111111111109,40.91358024691358,15.086419753086417,1.0,0.09999999999999998,0.11111111111111109,q2,uniform,explore,SUCCESS_MC_TOL,14.272576512816485,1.9588863048860221,0.0277028357951673,10.730704785585617,17.106776626368593,0.0,0.0,2.5700510373124708,False,5000,10,1.0187366946079361,0.014517675521969343,gap_exceeds_3_paired_se,14.263297627979318,0.04425990530514597,0.0,False,2000,4,1.0254076123756146,0.023450844953399105,gap_exceeds_3_paired_se,1100,q2:1100
1,1,1,0,1,12,0.0,SUCCESS_EXACT,16.39347863746666,1.0426255384012064e-17,4.444444444444445,20.0,2.666666666666667,3.6666666666666665,6.666666666666666,0.0,0.5555555555555554,0.6666666666666665,1.3333333333333335,1.2222222222222223,0.0,1.1111111111111112,0.11111111111111109,0.11111111111111109,38.666666666666664,17.333333333333336,1.0,0.09999999999999998,0.11111111111111109,q2,uniform,explore,SUCCESS_MC_TOL,16.778135291252585,1.2489710491438537,0.01766311796710591,14.537960998738214,18.64104451057749,0.8338,0.0,0.06449225887637071,True,5000,10,1.0187366946079361,0.014517675521969343,gap_exceeds_3_paired_se,16.7684205109163,0.028578454137595882,0.824,True,2000,4,1.0254076123756146,0.023450844953399105,gap_exceeds_3_paired_se,1101,q2:1101
1,1,1,1,0,12,0.0,SUCCESS_EXACT,15.426749931999442,1.463924075301839e-17,4.938271604938272,22.22222222222222,2.71604938271605,3.703703703703704,6.666666666666666,3.333333333333333,0.0,0.0,1.358024691358025,1.234567901234568,1.1111111111111112,1.1111111111111112,0.0,0.0,43.58024691358025,12.419753086419753,1.0,0.0,0.0,q2,uniform,explore,SUCCESS_MC_TOL,11.638623417339485,1.8580838588153437,0.026277273931631942,8.270990607599803,14.339976724594743,0.0,0.0,5.2040041327894695,False,5000,10,1.0187366946079361,0.014517675521969343,gap_exceeds_3_paired_se,11.628844559991292,0.042068794597064245,0.0,False,2000,4,1.0254076123756146,0.023450844953399105,gap_exceeds_3_paired_se,1110,q2:1110
1,1,1,1,1,12,0.0,SUCCESS_EXACT,16.39347863746666,1.3018901917428544e-17,4.444444444444445,20.0,2.666666666666667,3.6666666666666665,6.666666666666666,3.333333333333333,0.5555555555555554,0.0,1.3333333333333335,1.2222222222222223,1.1111111111111112,1.1111111111111112,0.11111111111111109,0.0,41.333333333333336,14.666666666666664,1.0,0.0,0.0,q2,uniform,explore,SUCCESS_MC_TOL,14.144182195775583,1.1698981692567627,0.016544858575583684,12.062411151349181,15.886321318664786,0.0,0.0,2.6984453543533693,False,5000,10,1.0187366946079361,0.014517675521969343,gap_exceeds_3_paired_se,14.133967442928276,0.02685143579592691,0.0,False,2000,4,1.0254076123756146,0.023450844953399105,gap_exceeds_3_paired_se,1111,q2:1111
1,0,0,0,0,17,0.0,SUCCESS_EXACT,24.310136167821987,5.560635901907096e-17,5.486968449931414,24.691358024691358,0.0,0.0,8.230452674897121,0.0,0.0,2.230452674897119,0.0,0.0,0.0,1.3717421124828535,0.0,0.37174211248285327,40.63923182441701,15.36076817558299,1.0,0.271,0.37174211248285327,q2,jeffreys,explore,SUCCESS_MC_TOL,14.615493163722533,2.7827028162163265,0.03935336062746935,9.607392854864113,18.75963016733265,0.0412,0.0,2.516844573978256,False,5000,10,0.8244129545458527,0.01404902431964893,gap_exceeds_3_paired_se,14.564239038023327,0.06441737770083819,0.042,False,2000,4,0.8309861024987057,0.022664992722722495,gap_exceeds_3_paired_se,0000,q2:0000
1,0,0,0,1,17,0.0,NON_ABSORBING,,,,,,,,,,,,,,,,,,,,,,q2,jeffreys,explore,SUCCESS_MC_TOL,,,,,,,,,False,5000,10,0.8244129545458527,0.01404902431964893,gap_exceeds_3_paired_se,,,,False,2000,4,0.8309861024987057,0.022664992722722495,gap_exceeds_3_paired_se,0001,q2:0001
1,0,0,1,0,17,0.0,SUCCESS_EXACT,24.310136167821987,6.505134606881982e-17,5.486968449931414,24.691358024691358,0.0,0.0,8.230452674897121,4.1152263374485605,0.0,0.0,0.0,0.0,1.3717421124828535,1.3717421124828535,0.0,0.0,42.52400548696845,13.475994513031551,1.0,0.0,0.0,q2,jeffreys,explore,SUCCESS_MC_TOL,12.796479061041135,2.537170214785474,0.03588100527798676,8.230269955905518,16.574956917273884,0.0,0.0,4.335858676659656,False,5000,10,0.8244129545458527,0.01404902431964893,gap_exceeds_3_paired_se,12.74974735819774,0.05873349143311718,0.0,False,2000,4,0.8309861024987057,0.022664992722722495,gap_exceeds_3_paired_se,0010,q2:0010
1,0,0,1,1,17,0.0,NON_ABSORBING,,,,,,,,,,,,,,,,,,,,,,q2,jeffreys,explore,SUCCESS_MC_TOL,,,,,,,,,False,5000,10,0.8244129545458527,0.01404902431964893,gap_exceeds_3_paired_se,,,,False,2000,4,0.8309861024987057,0.022664992722722495,gap_exceeds_3_paired_se,0011,q2:0011
1,0,1,0,0,15,0.0,SUCCESS_EXACT,19.25696010481656,5.00375978166819e-17,4.938271604938272,24.691358024691358,0.0,4.1152263374485605,7.407407407407407,0.0,0.0,1.4074074074074074,0.0,1.3717421124828533,0.0,1.2345679012345678,0.0,0.2345679012345679,42.559670781893004,13.440329218106996,1.0,0.19,0.2345679012345679,q2,jeffreys,explore,SUCCESS_MC_TOL,12.765677557092992,2.5831008324450115,0.03653056230220967,8.075795649858371,16.63015243911896,0.0,0.0,4.3666601806077985,False,5000,10,0.8244129545458527,0.01404902431964893,gap_exceeds_3_paired_se,12.722409847413973,0.05930388618774769,0.0,False,2000,4,0.8309861024987057,0.022664992722722495,gap_exceeds_3_paired_se,0100,q2:0100
1,0,1,0,1,15,0.0,NON_ABSORBING,,,,,,,,,,,,,,,,,,,,,,q2,jeffreys,explore,SUCCESS_MC_TOL,,,,,,,,,False,5000,10,0.8244129545458527,0.01404902431964893,gap_exceeds_3_paired_se,,,,False,2000,4,0.8309861024987057,0.022664992722722495,gap_exceeds_3_paired_se,0101,q2:0101
1,0,1,1,0,15,0.0,SUCCESS_EXACT,19.25696010481656,4.6563577617321257e-17,4.938271604938272,24.691358024691358,0.0,4.1152263374485605,7.407407407407407,3.7037037037037037,0.0,0.0,0.0,1.3717421124828533,1.2345679012345678,1.2345679012345678,0.0,0.0,44.855967078189295,11.144032921810705,1.0,0.0,0.0,q2,jeffreys,explore,SUCCESS_MC_TOL,10.509569024907393,2.4145248459361173,0.034146537838096645,6.146422434750101,14.12504301535513,0.0,0.0,6.6227687127933965,False,5000,10,0.8244129545458527,0.01404902431964893,gap_exceeds_3_paired_se,10.468478330794936,0.05550353509093139,0.0,False,2000,4,0.8309861024987057,0.022664992722722495,gap_exceeds_3_paired_se,0110,q2:0110
1,0,1,1,1,15,0.0,NON_ABSORBING,,,,,,,,,,,,,,,,,,,,,,q2,jeffreys,explore,SUCCESS_MC_TOL,,,,,,,,,False,5000,10,0.8244129545458527,0.01404902431964893,gap_exceeds_3_paired_se,,,,False,2000,4,0.8309861024987057,0.022664992722722495,gap_exceeds_3_paired_se,0111,q2:0111
1,1,0,0,0,13,0.0,SUCCESS_EXACT,17.586003816669635,4.098976496612541e-17,5.486968449931413,22.22222222222222,2.7434842249657065,0.0,7.407407407407408,0.0,0.0,1.4074074074074074,1.3717421124828533,0.0,0.0,1.2345679012345678,0.0,0.23456790123456792,39.26748971193416,16.73251028806584,1.0,0.19000000000000003,0.23456790123456792,q2,jeffreys,explore,SUCCESS_MC_TOL,16.20962057855802,2.2097093487346693,0.031250009298831885,12.176572042003313,19.428652525704905,0.1868,0.0,0.9227171591427715,False,5000,10,0.8244129545458527,0.01404902431964893,gap_exceeds_3_paired_se,16.192885857738137,0.050465861320118176,0.186,False,2000,4,0.8309861024987057,0.022664992722722495,gap_exceeds_3_paired_se,1000,q2:1000
1,1,0,0,1,13,0.0,NON_ABSORBING,,,,,,,,,,,,,,,,,,,,,,q2,jeffreys,explore,SUCCESS_MC_TOL,,,,,,,,,False,5000,10,0.8244129545458527,0.01404902431964893,gap_exceeds_3_paired_se,,,,False,2000,4,0.8309861024987057,0.022664992722722495,gap_exceeds_3_paired_se,1001,q2:1001
1,1,0,1,0,13,0.0,SUCCESS_EXACT,17.586003816669635,4.206322768441579e-17,5.486968449931413,22.22222222222222,2.7434842249657065,0.0,7.407407407407408,3.703703703703704,0.0,0.0,1.3717421124828533,0.0,1.2345679012345678,1.2345679012345678,0.0,0.0,41.56378600823045,14.436213991769549,1.0,0.0,0.0,q2,jeffreys,explore,SUCCESS_MC_TOL,13.952461341238497,2.0319954057084164,0.02873675461432662,10.248822780592809,16.91311110999284,0.0,0.0,3.179876396462294,False,5000,10,0.8244129545458527,0.01404902431964893,gap_exceeds_3_paired_se,13.936495607929443,0.04642816973233261,0.0,False,2000,4,0.8309861024987057,0.022664992722722495,gap_exceeds_3_paired_se,1010,q2:1010
1,1,0,1,1,13,0.0,NON_ABSORBING,,,,,,,,,,,,,,,,,,,,,,q2,jeffreys,explore,SUCCESS_MC_TOL,,,,,,,,,False,5000,10,0.8244129545458527,0.01404902431964893,gap_exceeds_3_paired_se,,,,False,2000,4,0.8309861024987057,0.022664992722722495,gap_exceeds_3_paired_se,1011,q2:1011
1,1,1,0,0,12,0.0,SUCCESS_EXACT,15.426749931999442,1.262161692870906e-17,4.938271604938272,22.22222222222222,2.71604938271605,3.703703703703704,6.666666666666666,0.0,0.0,0.6666666666666665,1.358024691358025,1.234567901234568,0.0,1.1111111111111112,0.0,0.11111111111111109,40.91358024691358,15.086419753086417,1.0,0.09999999999999998,0.11111111111111109,q2,jeffreys,explore,SUCCESS_MC_TOL,14.645498367675382,1.908404014694572,0.02698890840068327,11.203371152221823,17.40193398372157,0.0,0.0,2.4868393700254092,False,5000,10,0.8244129545458527,0.01404902431964893,gap_exceeds_3_paired_se,14.637988644498979,0.04314361203232621,0.0,False,2000,4,0.8309861024987057,0.022664992722722495,gap_exceeds_3_paired_se,1100,q2:1100
1,1,1,0,1,12,0.0,SUCCESS_EXACT,16.39347863746666,1.0426255384012064e-17,4.444444444444445,20.0,2.666666666666667,3.6666666666666665,6.666666666666666,0.0,0.5555555555555554,0.6666666666666665,1.3333333333333335,1.2222222222222223,0.0,1.1111111111111112,0.11111111111111109,0.11111111111111109,38.666666666666664,17.333333333333336,1.0,0.09999999999999998,0.11111111111111109,q2,jeffreys,explore,SUCCESS_MC_TOL,17.034033533103873,1.2226120032733223,0.017290344765492714,14.824678402533376,18.853327751026477,0.772,0.0,0.0983042045969161,True,5000,10,0.8244129545458527,0.01404902431964893,gap_exceeds_3_paired_se,17.023871960236843,0.027941250441475808,0.772,True,2000,4,0.8309861024987057,0.022664992722722495,gap_exceeds_3_paired_se,1101,q2:1101
1,1,1,1,0,12,0.0,SUCCESS_EXACT,15.426749931999442,1.463924075301839e-17,4.938271604938272,22.22222222222222,2.71604938271605,3.703703703703704,6.666666666666666,3.333333333333333,0.0,0.0,1.358024691358025,1.234567901234568,1.1111111111111112,1.1111111111111112,0.0,0.0,43.58024691358025,12.419753086419753,1.0,0.0,0.0,q2,jeffreys,explore,SUCCESS_MC_TOL,11.996980222519028,1.8101225691734157,0.025598998868826755,8.727105849104131,14.623178130939614,0.0,0.0,5.135357515181764,False,5000,10,0.8244129545458527,0.01404902431964893,gap_exceeds_3_paired_se,11.988648535680708,0.04099460766360946,0.0,False,2000,4,0.8309861024987057,0.022664992722722495,gap_exceeds_3_paired_se,1110,q2:1110
1,1,1,1,1,12,0.0,SUCCESS_EXACT,16.39347863746666,1.3018901917428544e-17,4.444444444444445,20.0,2.666666666666667,3.6666666666666665,6.666666666666666,3.333333333333333,0.5555555555555554,0.0,1.3333333333333335,1.2222222222222223,1.1111111111111112,1.1111111111111112,0.11111111111111109,0.0,41.333333333333336,14.666666666666664,1.0,0.0,0.0,q2,jeffreys,explore,SUCCESS_MC_TOL,14.38551538794752,1.1454786052607646,0.016199513789679904,12.316243492941346,16.092762009070526,0.0,0.0,2.7468223497532707,False,5000,10,0.8244129545458527,0.01404902431964893,gap_exceeds_3_paired_se,14.374531851418572,0.02624945903865839,0.0,False,2000,4,0.8309861024987057,0.022664992722722495,gap_exceeds_3_paired_se,1111,q2:1111
2,0,0,0,0,17,2.220446049250313e-16,SUCCESS_EXACT,31.085738306325254,2.6104614154937195e-17,7.8125,35.15625,0.0,0.0,11.718750000000004,0.0,0.0,5.718750000000002,0.0,0.0,0.0,1.9531250000000007,0.0,0.9531250000000002,60.40625000000001,-4.406250000000007,1.0000000000000004,0.48800000000000004,0.9531250000000002,q2,uniform,explore,SUCCESS_MC_TOL,-6.437604043160571,6.054181710523618,0.08561905884093644,-17.304104639852742,2.4522591393302013,0.0,0.863,16.02540620415154,False,5000,10,2.2091729723987283,0.002713953734063686,gap_exceeds_3_paired_se,-6.523208519471816,0.13813379150175645,0.0,False,2000,4,2.212682611639896,0.004393773710737838,gap_exceeds_3_paired_se,0000,q2:0000
2,0,0,0,1,17,2.220446049250313e-16,NON_ABSORBING,,,,,,,,,,,,,,,,,,,,,,q2,uniform,explore,SUCCESS_MC_TOL,,,,,,,,,False,5000,10,2.2091729723987283,0.002713953734063686,gap_exceeds_3_paired_se,,,,False,2000,4,2.212682611639896,0.004393773710737838,gap_exceeds_3_paired_se,0001,q2:0001
2,0,0,1,0,17,2.220446049250313e-16,SUCCESS_EXACT,31.085738306325254,2.5390128131502593e-17,7.8125,35.15625,0.0,0.0,11.718750000000004,5.859375000000002,0.0,0.0,0.0,0.0,1.9531250000000007,1.9531250000000007,0.0,0.0,60.54687500000001,-4.546875000000007,1.0000000000000004,0.0,0.0,q2,uniform,explore,SUCCESS_MC_TOL,-6.398991921705228,5.519989206653888,0.0780644360020303,-16.30668364221869,1.7064715682128297,0.0,0.8892,15.986794082696198,False,5000,10,2.2091729723987283,0.002713953734063686,gap_exceeds_3_paired_se,-6.4770430618713615,0.12594551578101323,0.0,False,2000,4,2.212682611639896,0.004393773710737838,gap_exceeds_3_paired_se,0010,q2:0010
2,0,0,1,1,17,2.220446049250313e-16,NON_ABSORBING,,,,,,,,,,,,,,,,,,,,,,q2,uniform,explore,SUCCESS_MC_TOL,,,,,,,,,False,5000,10,2.2091729723987283,0.002713953734063686,gap_exceeds_3_paired_se,,,,False,2000,4,2.212682611639896,0.004393773710737838,gap_exceeds_3_paired_se,0011,q2:0011
2,0,1,0,0,15,2.220446049250313e-16,SUCCESS_EXACT,22.893597097992007,2.48737322466456e-17,6.25,35.15625,0.0,5.859375000000002,9.375000000000004,0.0,0.0,3.375000000000001,0.0,1.9531250000000004,0.0,1.5625000000000004,0.0,0.5625000000000001,60.015625,-4.015625,1.0000000000000002,0.3600000000000001,0.5625000000000001,q2,uniform,explore,SUCCESS_MC_TOL,-5.771762357013722,5.345219331261109,0.07559281672128305,-15.307411882575895,2.174407432690056,0.0,0.8654,15.35956451800469,False,5000,10,2.2091729723987283,0.002713953734063686,gap_exceeds_3_paired_se,-5.8300458032874625,0.12200689904883842,0.0,False,2000,4,2.212682611639896,0.004393773710737838,gap_exceeds_3_paired_se,0100,q2:0100
2,0,1,0,1,15,2.220446049250313e-16,NON_ABSORBING,,,,,,,,,,,,,,,,,,,,,,q2,uniform,explore,SUCCESS_MC_TOL,,,,,,,,,False,5000,10,2.2091729723987283,0.002713953734063686,gap_exceeds_3_paired_se,,,,False,2000,4,2.212682611639896,0.004393773710737838,gap_exceeds_3_paired_se,0101,q2:0101
2,0,1,1,0,15,2.220446049250313e-16,SUCCESS_EXACT,22.893597097992007,2.6965592677713934e-17,6.25,35.15625,0.0,5.859375000000002,9.375000000000004,4.687500000000002,0.0,0.0,0.0,1.9531250000000004,1.5625000000000004,1.5625000000000004,0.0,0.0,61.32812500000001,-5.328125000000007,1.0000000000000002,0.0,0.0,q2,uniform,explore,SUCCESS_MC_TOL,-6.990235324483789,5.032578884136642,0.07117141311658495,-15.95423799969876,0.5159631394419303,0.0,0.9334,16.57803748547476,False,5000,10,2.2091729723987283,0.002713953734063686,gap_exceeds_3_paired_se,-7.047504378271659,0.11486018425046957,0.0,False,2000,4,2.212682611639896,0.004393773710737838,gap_exceeds_3_paired_se,0110,q2:0110
2,0,1,1,1,15,2.220446049250313e-16,NON_ABSORBING,,,,,,,,,,,,,,,,,,,,,,q2,uniform,explore,SUCCESS_MC_TOL,,,,,,,,,False,5000,10,2.2091729723987283,0.002713953734063686,gap_exceeds_3_paired_se,,,,False,2000,4,2.212682611639896,0.004393773710737838,gap_exceeds_3_paired_se,0111,q2:0111
2,1,0,0,0,13,2.220446049250313e-16,SUCCESS_EXACT,20.851835377750398,3.174690363316681e-17,7.8125,28.125,3.906250000000001,0.0,9.375000000000004,0.0,0.0,3.375,1.9531250000000004,0.0,0.0,1.5625000000000004,0.0,0.5625,52.59375,3.40625,1.0000000000000002,0.36,0.5625,q2,uniform,explore,SUCCESS_MC_TOL,2.0516184982383057,4.332742091739254,0.06127422628402426,-5.477316063366415,8.467546040916256,0.0,0.2936,7.536183662752663,False,5000,10,2.2091729723987283,0.002713953734063686,gap_exceeds_3_paired_se,2.027155090368502,0.1002788746688518,0.0,False,2000,4,2.212682611639896,0.004393773710737838,gap_exceeds_3_paired_se,1000,q2:1000
2,1,0,0,1,13,2.220446049250313e-16,NON_ABSORBING,,,,,,,,,,,,,,,,,,,,,,q2,uniform,explore,SUCCESS_MC_TOL,,,,,,,,,False,5000,10,2.2091729723987283,0.002713953734063686,gap_exceeds_3_paired_se,,,,False,2000,4,2.212682611639896,0.004393773710737838,gap_exceeds_3_paired_se,1001,q2:1001
2,1,0,1,0,13,2.220446049250313e-16,SUCCESS_EXACT,20.851835377750398,3.5533058964499094e-17,7.8125,28.125,3.906250000000001,0.0,9.375000000000004,4.687500000000002,0.0,0.0,1.9531250000000004,0.0,1.5625000000000004,1.5625000000000004,0.0,0.0,53.90625000000001,2.093749999999993,1.0000000000000002,0.0,0.0,q2,uniform,explore,SUCCESS_MC_TOL,0.8387342241234059,3.994987532248215,0.056497655496168475,-6.125790660287811,6.74570273102207,0.0,0.3808,8.749067936867563,False,5000,10,2.2091729723987283,0.002713953734063686,gap_exceeds_3_paired_se,0.815206489811561,0.09243794412324717,0.0,False,2000,4,2.212682611639896,0.004393773710737838,gap_exceeds_3_paired_se,1010,q2:1010
2,1,0,1,1,13,2.220446049250313e-16,NON_ABSORBING,,,,,,,,,,,,,,,,,,,,,,q2,uniform,explore,SUCCESS_MC_TOL,,,,,,,,,False,5000,10,2.2091729723987283,0.002713953734063686,gap_exceeds_3_paired_se,,,,False,2000,4,2.212682611639896,0.004393773710737838,gap_exceeds_3_paired_se,1011,q2:1011
2,1,1,0,0,12,2.220446049250313e-16,SUCCESS_EXACT,17.32776463338473,1.8327491200161314e-17,6.25,28.125,3.750000000000001,4.687500000000002,7.500000000000002,0.0,0.0,1.4999999999999998,1.8750000000000004,1.5625000000000004,0.0,1.2500000000000002,0.0,0.25,51.8125,4.1875,1.0000000000000002,0.2,0.25,q2,uniform,explore,SUCCESS_MC_TOL,3.099635277816788,3.547457642567411,0.0501686271006292,-3.1039662648378616,8.344301535963508,0.0,0.1822,6.488166883174181,False,5000,10,2.2091729723987283,0.002713953734063686,gap_exceeds_3_paired_se,3.1021317930379317,0.08206392458122101,0.0,False,2000,4,2.212682611639896,0.004393773710737838,gap_exceeds_3_paired_se,1100,q2:1100
2,1,1,0,1,12,2.220446049250313e-16,SUCCESS_EXACT,17.889434494195793,7.894601352940223e-18,5.0,22.5,3.500000000000001,4.500000000000001,7.500000000000001,0.0,1.25,1.4999999999999998,1.7500000000000004,1.5000000000000004,0.0,1.2500000000000002,0.25,0.25,45.75,10.25,1.0000000000000002,0.2,0.25,q2,uniform,explore,SUCCESS_MC_TOL,9.587802160990968,2.069426884317062,0.029266115661406866,5.997018704605654,12.720068752091583,1.0,0.0,0.0,True,5000,10,2.2091729723987283,0.002713953734063686,gap_exceeds_3_paired_se,9.574258630208439,0.047738895456818115,1.0,True,2000,4,2.212682611639896,0.004393773710737838,gap_exceeds_3_paired_se,1101,q2:1101
2,1,1,1,0,12,2.220446049250313e-16,SUCCESS_EXACT,17.32776463338473,1.8955027249697796e-17,6.25,28.125,3.750000000000001,4.687500000000002,7.500000000000002,3.750000000000001,0.0,0.0,1.8750000000000004,1.5625000000000004,1.2500000000000002,1.2500000000000002,0.0,0.0,54.0625,1.9375,1.0000000000000002,0.0,0.0,q2,uniform,explore,SUCCESS_MC_TOL,0.8904623054180604,3.387607054368455,0.047907998402786395,-5.089251457313457,5.899682048481671,0.0,0.3668,8.697339855572908,False,5000,10,2.2091729723987283,0.002713953734063686,gap_exceeds_3_paired_se,0.8894491813980353,0.0783782182250954,0.0,False,2000,4,2.212682611639896,0.004393773710737838,gap_exceeds_3_paired_se,1110,q2:1110
2,1,1,1,1,12,2.220446049250313e-16,SUCCESS_EXACT,17.889434494195793,8.51520973615668e-18,5.0,22.5,3.500000000000001,4.500000000000001,7.500000000000001,3.7500000000000004,1.25,0.0,1.7500000000000004,1.5000000000000004,1.2500000000000002,1.2500000000000002,0.25,0.0,48.0,8.0,1.0000000000000002,0.0,0.0,q2,uniform,explore,SUCCESS_MC_TOL,7.37862918859224,1.944003199428017,0.0274923568992779,3.996171544857508,10.321442115036255,0.0,0.0008,2.209172972398727,False,5000,10,2.2091729723987283,0.002713953734063686,gap_exceeds_3_paired_se,7.361576018568543,0.04480838330392284,0.0,False,2000,4,2.212682611639896,0.004393773710737838,gap_exceeds_3_paired_se,1111,q2:1111
2,0,0,0,0,17,2.220446049250313e-16,SUCCESS_EXACT,31.085738306325254,2.6104614154937195e-17,7.8125,35.15625,0.0,0.0,11.718750000000004,0.0,0.0,5.718750000000002,0.0,0.0,0.0,1.9531250000000007,0.0,0.9531250000000002,60.40625000000001,-4.406250000000007,1.0000000000000004,0.48800000000000004,0.9531250000000002,q2,jeffreys,explore,SUCCESS_MC_TOL,-5.619446163939637,5.947646459059622,0.08411242286602433,-16.22900360080516,3.097213249862547,0.0,0.8296,15.464422589371377,False,5000,10,2.2243847136384707,0.0026897983565595026,gap_exceeds_3_paired_se,-5.770081357633586,0.1361164773342943,0.0,False,2000,4,2.2265998073674345,0.0043606620673080606,gap_exceeds_3_paired_se,0000,q2:0000
2,0,0,0,1,17,2.220446049250313e-16,NON_ABSORBING,,,,,,,,,,,,,,,,,,,,,,q2,jeffreys,explore,SUCCESS_MC_TOL,,,,,,,,,False,5000,10,2.2243847136384707,0.0026897983565595026,gap_exceeds_3_paired_se,,,,False,2000,4,2.2265998073674345,0.0043606620673080606,gap_exceeds_3_paired_se,0001,q2:0001
2,0,0,1,0,17,2.220446049250313e-16,SUCCESS_EXACT,31.085738306325254,2.5390128131502593e-17,7.8125,35.15625,0.0,0.0,11.718750000000004,5.859375000000002,0.0,0.0,0.0,0.0,1.9531250000000007,1.9531250000000007,0.0,0.0,60.54687500000001,-4.546875000000007,1.0000000000000004,0.0,0.0,q2,jeffreys,explore,SUCCESS_MC_TOL,-5.653024443592022,5.422854124436713,0.07669073849549275,-15.32644445955765,2.2945179631099695,0.0,0.8584,15.498000869023763,False,5000,10,2.2243847136384707,0.0026897983565595026,gap_exceeds_3_paired_se,-5.7903682966659185,0.12410619992244477,0.0,False,2000,4,2.2265998073674345,0.0043606620673080606,gap_exceeds_3_paired_se,0010,q2:0010
2,0,0,1,1,17,2.220446049250313e-16,NON_ABSORBING,,,,,,,,,,,,,,,,,,,,,,q2,jeffreys,explore,SUCCESS_MC_TOL,,,,,,,,,False,5000,10,2.2243847136384707,0.0026897983565595026,gap_exceeds_3_paired_se,,,,False,2000,4,2.2265998073674345,0.0043606620673080606,gap_exceeds_3_paired_se,0011,q2:0011
2,0,1,0,0,15,2.220446049250313e-16,SUCCESS_EXACT,22.893597097992007,2.48737322466456e-17,6.25,35.15625,0.0,5.859375000000002,9.375000000000004,0.0,0.0,3.375000000000001,0.0,1.9531250000000004,0.0,1.5625000000000004,0.0,0.5625000000000001,60.015625,-4.015625,1.0000000000000002,0.3600000000000001,0.5625000000000001,q2,jeffreys,explore,SUCCESS_MC_TOL,-5.062359906818506,5.260104050152928,0.07438910487219917,-14.376204222072493,2.7569394094535618,0.0,0.8352,14.907336332250246,False,5000,10,2.2243847136384707,0.0026897983565595026,gap_exceeds_3_paired_se,-5.17765741125605,0.12036252844568458,0.0,False,2000,4,2.2265998073674345,0.0043606620673080606,gap_exceeds_3_paired_se,0100,q2:0100
2,0,1,0,1,15,2.220446049250313e-16,NON_ABSORBING,,,,,,,,,,,,,,,,,,,,,,q2,jeffreys,explore,SUCCESS_MC_TOL,,,,,,,,,False,5000,10,2.2243847136384707,0.0026897983565595026,gap_exceeds_3_paired_se,,,,False,2000,4,2.2265998073674345,0.0043606620673080606,gap_exceeds_3_paired_se,0101,q2:0101
2,0,1,1,0,15,2.220446049250313e-16,SUCCESS_EXACT,22.893597097992007,2.6965592677713934e-17,6.25,35.15625,0.0,5.859375000000002,9.375000000000004,4.687500000000002,0.0,0.0,0.0,1.9531250000000004,1.5625000000000004,1.5625000000000004,0.0,0.0,61.32812500000001,-5.328125000000007,1.0000000000000002,0.0,0.0,q2,jeffreys,explore,SUCCESS_MC_TOL,-6.319095932246281,4.9511544140845425,0.07001989721801775,-15.118661247020428,1.0393765390378575,0.0,0.9164,16.16407235767802,False,5000,10,2.2243847136384707,0.0026897983565595026,gap_exceeds_3_paired_se,-6.430220039165606,0.11329306241890588,0.0,False,2000,4,2.2265998073674345,0.0043606620673080606,gap_exceeds_3_paired_se,0110,q2:0110
2,0,1,1,1,15,2.220446049250313e-16,NON_ABSORBING,,,,,,,,,,,,,,,,,,,,,,q2,jeffreys,explore,SUCCESS_MC_TOL,,,,,,,,,False,5000,10,2.2243847136384707,0.0026897983565595026,gap_exceeds_3_paired_se,,,,False,2000,4,2.2265998073674345,0.0043606620673080606,gap_exceeds_3_paired_se,0111,q2:0111
2,1,0,0,0,13,2.220446049250313e-16,SUCCESS_EXACT,20.851835377750398,3.174690363316681e-17,7.8125,28.125,3.906250000000001,0.0,9.375000000000004,0.0,0.0,3.375,1.9531250000000004,0.0,0.0,1.5625000000000004,0.0,0.5625,52.59375,3.40625,1.0000000000000002,0.36,0.5625,q2,jeffreys,explore,SUCCESS_MC_TOL,2.5772446468227166,4.27471527929722,0.06045360323265621,-4.893931229918016,8.886553566730885,0.0,0.2514,7.267731778609024,False,5000,10,2.2243847136384707,0.0026897983565595026,gap_exceeds_3_paired_se,2.5114718979628536,0.09909161043400601,0.0,False,2000,4,2.2265998073674345,0.0043606620673080606,gap_exceeds_3_paired_se,1000,q2:1000
2,1,0,0,1,13,2.220446049250313e-16,NON_ABSORBING,,,,,,,,,,,,,,,,,,,,,,q2,jeffreys,explore,SUCCESS_MC_TOL,,,,,,,,,False,5000,10,2.2243847136384707,0.0026897983565595026,gap_exceeds_3_paired_se,,,,False,2000,4,2.2265998073674345,0.0043606620673080606,gap_exceeds_3_paired_se,1001,q2:1001
2,1,0,1,0,13,2.220446049250313e-16,SUCCESS_EXACT,20.851835377750398,3.5533058964499094e-17,7.8125,28.125,3.906250000000001,0.0,9.375000000000004,4.687500000000002,0.0,0.0,1.9531250000000004,0.0,1.5625000000000004,1.5625000000000004,0.0,0.0,53.90625000000001,2.093749999999993,1.0000000000000002,0.0,0.0,q2,jeffreys,explore,SUCCESS_MC_TOL,1.3262358380709218,3.941029889643763,0.055734579196519515,-5.592668341185671,7.130473532190269,0.0,0.3372,8.518740587360819,False,5000,10,2.2243847136384707,0.0026897983565595026,gap_exceeds_3_paired_se,1.2643820959730345,0.09133705152623446,0.0,False,2000,4,2.2265998073674345,0.0043606620673080606,gap_exceeds_3_paired_se,1010,q2:1010
2,1,0,1,1,13,2.220446049250313e-16,NON_ABSORBING,,,,,,,,,,,,,,,,,,,,,,q2,jeffreys,explore,SUCCESS_MC_TOL,,,,,,,,,False,5000,10,2.2243847136384707,0.0026897983565595026,gap_exceeds_3_paired_se,,,,False,2000,4,2.2265998073674345,0.0043606620673080606,gap_exceeds_3_paired_se,1011,q2:1011
2,1,1,0,0,12,2.220446049250313e-16,SUCCESS_EXACT,17.32776463338473,1.8327491200161314e-17,6.25,28.125,3.750000000000001,4.687500000000002,7.500000000000002,0.0,0.0,1.4999999999999998,1.8750000000000004,1.5625000000000004,0.0,1.2500000000000002,0.0,0.25,51.8125,4.1875,1.0000000000000002,0.2,0.25,q2,jeffreys,explore,SUCCESS_MC_TOL,3.5191552967475475,3.5051966867317788,0.04957096693161318,-2.6135428227506186,8.68469563386474,0.0,0.1558,6.325821128684193,False,5000,10,2.2243847136384707,0.0026897983565595026,gap_exceeds_3_paired_se,3.488146428965844,0.0811987646496301,0.0,False,2000,4,2.2265998073674345,0.0043606620673080606,gap_exceeds_3_paired_se,1100,q2:1100
2,1,1,0,1,12,2.220446049250313e-16,SUCCESS_EXACT,17.889434494195793,7.894601352940223e-18,5.0,22.5,3.500000000000001,4.500000000000001,7.500000000000001,0.0,1.25,1.4999999999999998,1.7500000000000004,1.5000000000000004,0.0,1.2500000000000002,0.25,0.25,45.75,10.25,1.0000000000000002,0.2,0.25,q2,jeffreys,explore,SUCCESS_MC_TOL,9.84497642543174,2.05079826382074,0.029002667183864867,6.258815070032136,12.944273567339973,1.0,0.0,0.0,True,5000,10,2.2243847136384707,0.0026897983565595026,gap_exceeds_3_paired_se,9.81112594026477,0.047385652647467184,1.0,True,2000,4,2.2265998073674345,0.0043606620673080606,gap_exceeds_3_paired_se,1101,q2:1101
2,1,1,1,0,12,2.220446049250313e-16,SUCCESS_EXACT,17.32776463338473,1.8955027249697796e-17,6.25,28.125,3.750000000000001,4.687500000000002,7.500000000000002,3.750000000000001,0.0,0.0,1.8750000000000004,1.5625000000000004,1.2500000000000002,1.2500000000000002,0.0,0.0,54.0625,1.9375,1.0000000000000002,0.0,0.0,q2,jeffreys,explore,SUCCESS_MC_TOL,1.2947705831090754,3.3466312270512364,0.047328512695571714,-4.634027014846076,6.223059491256756,0.0,0.3226,8.550205842322663,False,5000,10,2.2243847136384707,0.0026897983565595026,gap_exceeds_3_paired_se,1.2615466215984095,0.07754030210667148,0.0,False,2000,4,2.2265998073674345,0.0043606620673080606,gap_exceeds_3_paired_se,1110,q2:1110
2,1,1,1,1,12,2.220446049250313e-16,SUCCESS_EXACT,17.889434494195793,8.51520973615668e-18,5.0,22.5,3.500000000000001,4.500000000000001,7.500000000000001,3.7500000000000004,1.25,0.0,1.7500000000000004,1.5000000000000004,1.2500000000000002,1.2500000000000002,0.25,0.0,48.0,8.0,1.0000000000000002,0.0,0.0,q2,jeffreys,explore,SUCCESS_MC_TOL,7.62059171179327,1.9263147884139764,0.027242204991749043,4.2521878633810735,10.527660430154913,0.0,0.0002,2.2243847136384716,False,5000,10,2.2243847136384707,0.0026897983565595026,gap_exceeds_3_paired_se,7.584526132897335,0.04447746078859844,0.0,False,2000,4,2.2265998073674345,0.0043606620673080606,gap_exceeds_3_paired_se,1111,q2:1111
3,0,0,0,0,17,0.0,SUCCESS_EXACT,24.310136167821987,3.4788256007676746e-17,5.486968449931414,24.691358024691358,0.0,0.0,8.230452674897121,0.0,0.0,11.152263374485598,0.0,0.0,0.0,1.3717421124828535,0.0,0.37174211248285327,49.56104252400549,6.438957475994513,1.0,0.271,0.37174211248285327,q2,uniform,explore,SUCCESS_MC_TOL,4.080954687048344,4.891572653688345,0.06917728388179409,-4.812953325666872,11.366864574294079,0.0,0.1948,10.373379491290791,False,5000,10,0.2944221407070078,0.015137334701971351,gap_exceeds_3_paired_se,3.988163889371083,0.1134709067930308,0.0,False,2000,4,0.2899223881077635,0.02343679432080824,gap_exceeds_3_paired_se,0000,q2:0000
3,0,0,0,1,17,0.0,NON_ABSORBING,,,,,,,,,,,,,,,,,,,,,,q2,uniform,explore,SUCCESS_MC_TOL,,,,,,,,,False,5000,10,0.2944221407070078,0.015137334701971351,gap_exceeds_3_paired_se,,,,False,2000,4,0.2899223881077635,0.02343679432080824,gap_exceeds_3_paired_se,0001,q2:0001
3,0,0,1,0,17,0.0,SUCCESS_EXACT,24.310136167821987,6.505134606881982e-17,5.486968449931414,24.691358024691358,0.0,0.0,8.230452674897121,4.1152263374485605,0.0,0.0,0.0,0.0,1.3717421124828535,1.3717421124828535,0.0,0.0,42.52400548696845,13.475994513031551,1.0,0.0,0.0,q2,uniform,explore,SUCCESS_MC_TOL,12.215682677560322,2.6144612459368743,0.03697406552302788,7.462042188005635,16.109875893157177,0.0422,0.0,2.238651500778813,False,5000,10,0.2944221407070078,0.015137334701971351,gap_exceeds_3_paired_se,12.166087596043166,0.06064824328593026,0.0465,False,2000,4,0.2899223881077635,0.02343679432080824,gap_exceeds_3_paired_se,0010,q2:0010
3,0,0,1,1,17,0.0,NON_ABSORBING,,,,,,,,,,,,,,,,,,,,,,q2,uniform,explore,SUCCESS_MC_TOL,,,,,,,,,False,5000,10,0.2944221407070078,0.015137334701971351,gap_exceeds_3_paired_se,,,,False,2000,4,0.2899223881077635,0.02343679432080824,gap_exceeds_3_paired_se,0011,q2:0011
3,0,1,0,0,15,0.0,SUCCESS_EXACT,19.25696010481656,3.3110943017812286e-17,4.938271604938272,24.691358024691358,0.0,4.1152263374485605,7.407407407407407,0.0,0.0,7.037037037037036,0.0,1.3717421124828533,0.0,1.2345679012345678,0.0,0.2345679012345679,48.18930041152263,7.81069958847737,1.0,0.19,0.2345679012345679,q2,uniform,explore,SUCCESS_MC_TOL,5.985208487926686,4.082568852922647,0.057736242411251776,-1.5897423618304334,12.02927403777272,0.0,0.0812,8.469125690412449,False,5000,10,0.2944221407070078,0.015137334701971351,gap_exceeds_3_paired_se,5.913329409881089,0.09331266434685376,0.0,False,2000,4,0.2899223881077635,0.02343679432080824,gap_exceeds_3_paired_se,0100,q2:0100
3,0,1,0,1,15,0.0,NON_ABSORBING,,,,,,,,,,,,,,,,,,,,,,q2,uniform,explore,SUCCESS_MC_TOL,,,,,,,,,False,5000,10,0.2944221407070078,0.015137334701971351,gap_exceeds_3_paired_se,,,,False,2000,4,0.2899223881077635,0.02343679432080824,gap_exceeds_3_paired_se,0101,q2:0101
3,0,1,1,0,15,0.0,SUCCESS_EXACT,19.25696010481656,4.6563577617321257e-17,4.938271604938272,24.691358024691358,0.0,4.1152263374485605,7.407407407407407,3.7037037037037037,0.0,0.0,0.0,1.3717421124828533,1.2345679012345678,1.2345679012345678,0.0,0.0,44.855967078189295,11.144032921810705,1.0,0.0,0.0,q2,uniform,explore,SUCCESS_MC_TOL,9.974460563557384,2.4830314501921786,0.035115367526607134,5.434173008319805,13.703530463457993,0.0,0.0004,4.47987361478175,False,5000,10,0.2944221407070078,0.015137334701971351,gap_exceeds_3_paired_se,9.92842211220851,0.05720217074376604,0.0,False,2000,4,0.2899223881077635,0.02343679432080824,gap_exceeds_3_paired_se,0110,q2:0110
3,0,1,1,1,15,0.0,NON_ABSORBING,,,,,,,,,,,,,,,,,,,,,,q2,uniform,explore,SUCCESS_MC_TOL,,,,,,,,,False,5000,10,0.2944221407070078,0.015137334701971351,gap_exceeds_3_paired_se,,,,False,2000,4,0.2899223881077635,0.02343679432080824,gap_exceeds_3_paired_se,0111,q2:0111
3,1,0,0,0,13,0.0,SUCCESS_EXACT,17.586003816669635,3.0610374136537104e-17,5.486968449931413,22.22222222222222,2.7434842249657065,0.0,7.407407407407408,0.0,0.0,7.037037037037037,1.3717421124828533,0.0,0.0,1.2345679012345678,0.0,0.23456790123456792,44.89711934156379,11.102880658436213,1.0,0.19000000000000003,0.23456790123456792,q2,uniform,explore,SUCCESS_MC_TOL,9.546424672273611,3.7333482579662283,0.05279751739477808,2.7755902887512227,14.969241794330049,0.0002,0.011,4.907909506065525,False,5000,10,0.2944221407070078,0.015137334701971351,gap_exceeds_3_paired_se,9.524609654114938,0.08519530682456392,0.0,False,2000,4,0.2899223881077635,0.02343679432080824,gap_exceeds_3_paired_se,1000,q2:1000
3,1,0,0,1,13,0.0,NON_ABSORBING,,,,,,,,,,,,,,,,,,,,,,q2,uniform,explore,SUCCESS_MC_TOL,,,,,,,,,False,5000,10,0.2944221407070078,0.015137334701971351,gap_exceeds_3_paired_se,,,,False,2000,4,0.2899223881077635,0.02343679432080824,gap_exceeds_3_paired_se,1001,q2:1001
3,1,0,1,0,13,0.0,SUCCESS_EXACT,17.586003816669635,4.206322768441579e-17,5.486968449931413,22.22222222222222,2.7434842249657065,0.0,7.407407407407408,3.703703703703704,0.0,0.0,1.3717421124828533,0.0,1.2345679012345678,1.2345679012345678,0.0,0.0,41.56378600823045,14.436213991769549,1.0,0.0,0.0,q2,uniform,explore,SUCCESS_MC_TOL,13.536020337191031,2.086912527212253,0.029513399994698788,9.76545495153747,16.575770965946585,0.0732,0.0,0.918313841148105,False,5000,10,0.2944221407070078,0.015137334701971351,gap_exceeds_3_paired_se,13.520313304093907,0.047741475070497176,0.0785,False,2000,4,0.2899223881077635,0.02343679432080824,gap_exceeds_3_paired_se,1010,q2:1010
3,1,0,1,1,13,0.0,NON_ABSORBING,,,,,,,,,,,,,,,,,,,,,,q2,uniform,explore,SUCCESS_MC_TOL,,,,,,,,,False,5000,10,0.2944221407070078,0.015137334701971351,gap_exceeds_3_paired_se,,,,False,2000,4,0.2899223881077635,0.02343679432080824,gap_exceeds_3_paired_se,1011,q2:1011
3,1,1,0,0,12,0.0,SUCCESS_EXACT,15.426749931999442,1.2898861839873088e-17,4.938271604938272,22.22222222222222,2.71604938271605,3.703703703703704,6.666666666666666,0.0,0.0,3.3333333333333326,1.358024691358025,1.234567901234568,0.0,1.1111111111111112,0.0,0.11111111111111109,43.58024691358025,12.419753086419753,1.0,0.09999999999999998,0.11111111111111109,q2,uniform,explore,SUCCESS_MC_TOL,11.344201276632475,2.816684239948393,0.039833930530575705,6.152918522797931,15.373349417108084,0.0,0.0006,3.1101329017066592,False,5000,10,0.2944221407070078,0.015137334701971351,gap_exceeds_3_paired_se,11.338922171883526,0.06293200278814859,0.0,False,2000,4,0.2899223881077635,0.02343679432080824,gap_exceeds_3_paired_se,1100,q2:1100
3,1,1,0,1,12,0.0,SUCCESS_EXACT,16.39347863746666,1.331579474782858e-17,4.444444444444445,20.0,2.666666666666667,3.6666666666666665,6.666666666666666,0.0,0.5555555555555554,3.3333333333333326,1.3333333333333335,1.2222222222222223,0.0,1.1111111111111112,0.11111111111111109,0.11111111111111109,41.33333333333333,14.666666666666671,1.0,0.09999999999999998,0.11111111111111109,q2,uniform,explore,SUCCESS_MC_TOL,13.849760055068575,2.026933507152457,0.028665168558434675,10.179177735450757,16.77860039840736,0.3624,0.0,0.6045741232705594,False,5000,10,0.2944221407070078,0.015137334701971351,gap_exceeds_3_paired_se,13.844045054820512,0.04550612465122422,0.3615,False,2000,4,0.2899223881077635,0.02343679432080824,gap_exceeds_3_paired_se,1101,q2:1101
3,1,1,1,0,12,0.0,SUCCESS_EXACT,15.426749931999442,1.463924075301839e-17,4.938271604938272,22.22222222222222,2.71604938271605,3.703703703703704,6.666666666666666,3.333333333333333,0.0,0.0,1.358024691358025,1.234567901234568,1.1111111111111112,1.1111111111111112,0.0,0.0,43.58024691358025,12.419753086419753,1.0,0.0,0.0,q2,uniform,explore,SUCCESS_MC_TOL,11.638623417339485,1.8580838588153437,0.026277273931631942,8.270990607599803,14.339976724594743,0.0,0.0,2.8157107609996497,False,5000,10,0.2944221407070078,0.015137334701971351,gap_exceeds_3_paired_se,11.628844559991292,0.042068794597064245,0.0,False,2000,4,0.2899223881077635,0.02343679432080824,gap_exceeds_3_paired_se,1110,q2:1110
3,1,1,1,1,12,0.0,SUCCESS_EXACT,16.39347863746666,1.3018901917428544e-17,4.444444444444445,20.0,2.666666666666667,3.6666666666666665,6.666666666666666,3.333333333333333,0.5555555555555554,0.0,1.3333333333333335,1.2222222222222223,1.1111111111111112,1.1111111111111112,0.11111111111111109,0.0,41.333333333333336,14.666666666666664,1.0,0.0,0.0,q2,uniform,explore,SUCCESS_MC_TOL,14.144182195775583,1.1698981692567627,0.016544858575583684,12.062411151349181,15.886321318664786,0.522,0.0,0.31015198256354987,True,5000,10,0.2944221407070078,0.015137334701971351,gap_exceeds_3_paired_se,14.133967442928276,0.02685143579592691,0.5135,True,2000,4,0.2899223881077635,0.02343679432080824,gap_exceeds_3_paired_se,1111,q2:1111
3,0,0,0,0,17,0.0,SUCCESS_EXACT,24.310136167821987,3.4788256007676746e-17,5.486968449931414,24.691358024691358,0.0,0.0,8.230452674897121,0.0,0.0,11.152263374485598,0.0,0.0,0.0,1.3717421124828535,0.0,0.37174211248285327,49.56104252400549,6.438957475994513,1.0,0.271,0.37174211248285327,q2,jeffreys,explore,SUCCESS_MC_TOL,5.1676059851737355,4.7469636276631455,0.06713220342333007,-3.3756239534670986,12.23701616780274,0.0,0.1394,9.595206001487725,False,5000,10,0.16333669359280556,0.014759484981128734,gap_exceeds_3_paired_se,5.080172476628028,0.10988846784260634,0.0,False,2000,4,0.15593902063556442,0.022981386213742405,gap_exceeds_3_paired_se,0000,q2:0000
3,0,0,0,1,17,0.0,NON_ABSORBING,,,,,,,,,,,,,,,,,,,,,,q2,jeffreys,explore,SUCCESS_MC_TOL,,,,,,,,,False,5000,10,0.16333669359280556,0.014759484981128734,gap_exceeds_3_paired_se,,,,False,2000,4,0.15593902063556442,0.022981386213742405,gap_exceeds_3_paired_se,0001,q2:0001
3,0,0,1,0,17,0.0,SUCCESS_EXACT,24.310136167821987,6.505134606881982e-17,5.486968449931414,24.691358024691358,0.0,0.0,8.230452674897121,4.1152263374485605,0.0,0.0,0.0,0.0,1.3717421124828535,1.3717421124828535,0.0,0.0,42.52400548696845,13.475994513031551,1.0,0.0,0.0,q2,jeffreys,explore,SUCCESS_MC_TOL,12.796479061041135,2.537170214785474,0.03588100527798676,8.230269955905518,16.574956917273884,0.0656,0.0,1.966332925620326,False,5000,10,0.16333669359280556,0.014759484981128734,gap_exceeds_3_paired_se,12.74974735819774,0.05873349143311718,0.0645,False,2000,4,0.15593902063556442,0.022981386213742405,gap_exceeds_3_paired_se,0010,q2:0010
3,0,0,1,1,17,0.0,NON_ABSORBING,,,,,,,,,,,,,,,,,,,,,,q2,jeffreys,explore,SUCCESS_MC_TOL,,,,,,,,,False,5000,10,0.16333669359280556,0.014759484981128734,gap_exceeds_3_paired_se,,,,False,2000,4,0.15593902063556442,0.022981386213742405,gap_exceeds_3_paired_se,0011,q2:0011
3,0,1,0,0,15,0.0,SUCCESS_EXACT,19.25696010481656,3.3110943017812286e-17,4.938271604938272,24.691358024691358,0.0,4.1152263374485605,7.407407407407407,0.0,0.0,7.037037037037036,0.0,1.3717421124828533,0.0,1.2345679012345678,0.0,0.2345679012345679,48.18930041152263,7.81069958847737,1.0,0.19,0.2345679012345679,q2,jeffreys,explore,SUCCESS_MC_TOL,6.814545814577781,3.978212822985208,0.056260425282722376,-0.5907030001486495,12.668760685139336,0.0,0.0606,7.94826617208368,False,5000,10,0.16333669359280556,0.014759484981128734,gap_exceeds_3_paired_se,6.753861980366264,0.09072992351153018,0.0,False,2000,4,0.15593902063556442,0.022981386213742405,gap_exceeds_3_paired_se,0100,q2:0100
3,0,1,0,1,15,0.0,NON_ABSORBING,,,,,,,,,,,,,,,,,,,,,,q2,jeffreys,explore,SUCCESS_MC_TOL,,,,,,,,,False,5000,10,0.16333669359280556,0.014759484981128734,gap_exceeds_3_paired_se,,,,False,2000,4,0.15593902063556442,0.022981386213742405,gap_exceeds_3_paired_se,0101,q2:0101
3,0,1,1,0,15,0.0,SUCCESS_EXACT,19.25696010481656,4.6563577617321257e-17,4.938271604938272,24.691358024691358,0.0,4.1152263374485605,7.407407407407407,3.7037037037037037,0.0,0.0,0.0,1.3717421124828533,1.2345679012345678,1.2345679012345678,0.0,0.0,44.855967078189295,11.144032921810705,1.0,0.0,0.0,q2,jeffreys,explore,SUCCESS_MC_TOL,10.509569024907393,2.4145248459361173,0.034146537838096645,6.146422434750101,14.12504301535513,0.0,0.0,4.253242961754066,False,5000,10,0.16333669359280556,0.014759484981128734,gap_exceeds_3_paired_se,10.468478330794936,0.05550353509093139,0.0,False,2000,4,0.15593902063556442,0.022981386213742405,gap_exceeds_3_paired_se,0110,q2:0110
3,0,1,1,1,15,0.0,NON_ABSORBING,,,,,,,,,,,,,,,,,,,,,,q2,jeffreys,explore,SUCCESS_MC_TOL,,,,,,,,,False,5000,10,0.16333669359280556,0.014759484981128734,gap_exceeds_3_paired_se,,,,False,2000,4,0.15593902063556442,0.022981386213742405,gap_exceeds_3_paired_se,0111,q2:0111
3,1,0,0,0,13,0.0,SUCCESS_EXACT,17.586003816669635,3.0610374136537104e-17,5.486968449931413,22.22222222222222,2.7434842249657065,0.0,7.407407407407408,0.0,0.0,7.037037037037037,1.3717421124828533,0.0,0.0,1.2345679012345678,0.0,0.23456790123456792,44.89711934156379,11.102880658436213,1.0,0.19000000000000003,0.23456790123456792,q2,jeffreys,explore,SUCCESS_MC_TOL,10.266894477114194,3.637367226578989,0.05144014063159417,3.614740322926227,15.536045768047892,0.0002,0.007,4.495917509547266,False,5000,10,0.16333669359280556,0.014759484981128734,gap_exceeds_3_paired_se,10.244007856207707,0.0828998978231224,0.0015,False,2000,4,0.15593902063556442,0.022981386213742405,gap_exceeds_3_paired_se,1000,q2:1000
3,1,0,0,1,13,0.0,NON_ABSORBING,,,,,,,,,,,,,,,,,,,,,,q2,jeffreys,explore,SUCCESS_MC_TOL,,,,,,,,,False,5000,10,0.16333669359280556,0.014759484981128734,gap_exceeds_3_paired_se,,,,False,2000,4,0.15593902063556442,0.022981386213742405,gap_exceeds_3_paired_se,1001,q2:1001
3,1,0,1,0,13,0.0,SUCCESS_EXACT,17.586003816669635,4.206322768441579e-17,5.486968449931413,22.22222222222222,2.7434842249657065,0.0,7.407407407407408,3.703703703703704,0.0,0.0,1.3717421124828533,0.0,1.2345679012345678,1.2345679012345678,0.0,0.0,41.56378600823045,14.436213991769549,1.0,0.0,0.0,q2,jeffreys,explore,SUCCESS_MC_TOL,13.952461341238497,2.0319954057084164,0.02873675461432662,10.248822780592809,16.91311110999284,0.0978,0.0,0.8103506454229632,False,5000,10,0.16333669359280556,0.014759484981128734,gap_exceeds_3_paired_se,13.936495607929443,0.04642816973233261,0.0955,False,2000,4,0.15593902063556442,0.022981386213742405,gap_exceeds_3_paired_se,1010,q2:1010
3,1,0,1,1,13,0.0,NON_ABSORBING,,,,,,,,,,,,,,,,,,,,,,q2,jeffreys,explore,SUCCESS_MC_TOL,,,,,,,,,False,5000,10,0.16333669359280556,0.014759484981128734,gap_exceeds_3_paired_se,,,,False,2000,4,0.15593902063556442,0.022981386213742405,gap_exceeds_3_paired_se,1011,q2:1011
3,1,1,0,0,12,0.0,SUCCESS_EXACT,15.426749931999442,1.2898861839873088e-17,4.938271604938272,22.22222222222222,2.71604938271605,3.703703703703704,6.666666666666666,0.0,0.0,3.3333333333333326,1.358024691358025,1.234567901234568,0.0,1.1111111111111112,0.0,0.11111111111111109,43.58024691358025,12.419753086419753,1.0,0.09999999999999998,0.11111111111111109,q2,jeffreys,explore,SUCCESS_MC_TOL,11.83364352892622,2.744793554527636,0.03881724270727238,6.772453283328957,15.73585628020469,0.0,0.0006,2.9291684577352397,False,5000,10,0.16333669359280556,0.014759484981128734,gap_exceeds_3_paired_se,11.83270951504514,0.06146006757218028,0.0,False,2000,4,0.15593902063556442,0.022981386213742405,gap_exceeds_3_paired_se,1100,q2:1100
3,1,1,0,1,12,0.0,SUCCESS_EXACT,16.39347863746666,1.331579474782858e-17,4.444444444444445,20.0,2.666666666666667,3.6666666666666665,6.666666666666666,0.0,0.5555555555555554,3.3333333333333326,1.3333333333333335,1.2222222222222223,0.0,1.1111111111111112,0.11111111111111109,0.11111111111111109,41.33333333333333,14.666666666666671,1.0,0.09999999999999998,0.11111111111111109,q2,jeffreys,explore,SUCCESS_MC_TOL,14.222178694354714,1.9809693447284435,0.028015137139603078,10.627552534240824,17.080430529316455,0.3872,0.0,0.5406332923067461,False,5000,10,0.16333669359280556,0.014759484981128734,gap_exceeds_3_paired_se,14.218592830783008,0.044537735917780825,0.388,False,2000,4,0.15593902063556442,0.022981386213742405,gap_exceeds_3_paired_se,1101,q2:1101
3,1,1,1,0,12,0.0,SUCCESS_EXACT,15.426749931999442,1.463924075301839e-17,4.938271604938272,22.22222222222222,2.71604938271605,3.703703703703704,6.666666666666666,3.333333333333333,0.0,0.0,1.358024691358025,1.234567901234568,1.1111111111111112,1.1111111111111112,0.0,0.0,43.58024691358025,12.419753086419753,1.0,0.0,0.0,q2,jeffreys,explore,SUCCESS_MC_TOL,11.996980222519028,1.8101225691734157,0.025598998868826755,8.727105849104131,14.623178130939614,0.0,0.0,2.765831764142434,False,5000,10,0.16333669359280556,0.014759484981128734,gap_exceeds_3_paired_se,11.988648535680708,0.04099460766360946,0.0,False,2000,4,0.15593902063556442,0.022981386213742405,gap_exceeds_3_paired_se,1110,q2:1110
3,1,1,1,1,12,0.0,SUCCESS_EXACT,16.39347863746666,1.3018901917428544e-17,4.444444444444445,20.0,2.666666666666667,3.6666666666666665,6.666666666666666,3.333333333333333,0.5555555555555554,0.0,1.3333333333333335,1.2222222222222223,1.1111111111111112,1.1111111111111112,0.11111111111111109,0.0,41.333333333333336,14.666666666666664,1.0,0.0,0.0,q2,jeffreys,explore,SUCCESS_MC_TOL,14.38551538794752,1.1454786052607646,0.016199513789679904,12.316243492941346,16.092762009070526,0.4492,0.0,0.3772965987139409,True,5000,10,0.16333669359280556,0.014759484981128734,gap_exceeds_3_paired_se,14.374531851418572,0.02624945903865839,0.4505,True,2000,4,0.15593902063556442,0.022981386213742405,gap_exceeds_3_paired_se,1111,q2:1111
4,0,0,0,0,17,2.220446049250313e-16,SUCCESS_EXACT,31.085738306325254,2.5409525661121912e-17,7.8125,35.15625,0.0,0.0,11.718750000000004,0.0,0.0,28.593750000000007,0.0,0.0,0.0,1.9531250000000007,0.0,0.9531250000000002,83.28125000000001,-27.281250000000014,1.0000000000000004,0.48800000000000004,0.9531250000000002,q2,uniform,explore,SUCCESS_MC_TOL,-30.746501014803325,10.327721741481467,0.14605604155218568,-49.28347262092527,-15.581440291730836,0.0,1.0,44.229353612090335,False,5000,10,5.381052257611875,0.025330234851261072,gap_exceeds_3_paired_se,-30.892532180275456,0.2356399972677022,0.0,False,2000,4,5.348295624694298,0.04100855463355315,gap_exceeds_3_paired_se,0000,q2:0000
4,0,0,0,1,17,2.220446049250313e-16,NON_ABSORBING,,,,,,,,,,,,,,,,,,,,,,q2,uniform,explore,SUCCESS_MC_TOL,,,,,,,,,False,5000,10,5.381052257611875,0.025330234851261072,gap_exceeds_3_paired_se,,,,False,2000,4,5.348295624694298,0.04100855463355315,gap_exceeds_3_paired_se,0001,q2:0001
4,0,0,1,0,17,2.220446049250313e-16,SUCCESS_EXACT,31.085738306325254,2.1021974430772194e-17,7.8125,35.15625,0.0,0.0,11.718750000000004,3.9062500000000013,0.0,0.0,0.0,0.0,1.9531250000000007,1.9531250000000007,0.0,0.0,58.59375000000001,-2.593750000000007,1.0000000000000004,0.0,0.0,q2,uniform,explore,SUCCESS_MC_TOL,-4.386121214553446,5.341925038697311,0.07554622838906157,-13.974209976340651,3.457875711173706,0.0,0.7904,17.868973811840448,False,5000,10,5.381052257611875,0.025330234851261072,gap_exceeds_3_paired_se,-4.461654576004544,0.12188275720743216,0.0,False,2000,4,5.348295624694298,0.04100855463355315,gap_exceeds_3_paired_se,0010,q2:0010
4,0,0,1,1,17,2.220446049250313e-16,NON_ABSORBING,,,,,,,,,,,,,,,,,,,,,,q2,uniform,explore,SUCCESS_MC_TOL,,,,,,,,,False,5000,10,5.381052257611875,0.025330234851261072,gap_exceeds_3_paired_se,,,,False,2000,4,5.348295624694298,0.04100855463355315,gap_exceeds_3_paired_se,0011,q2:0011
4,0,1,0,0,15,2.220446049250313e-16,SUCCESS_EXACT,22.893597097992007,2.219932259548094e-17,6.25,35.15625,0.0,1.9531250000000004,9.375000000000004,0.0,0.0,16.875,0.0,1.9531250000000004,0.0,1.5625000000000004,0.0,0.5625000000000001,69.609375,-13.609375,1.0000000000000002,0.3600000000000001,0.5625000000000001,q2,uniform,explore,SUCCESS_MC_TOL,-15.998237202949626,7.600849359324407,0.10749224249511426,-29.502816561884735,-4.6089730614317945,0.0,0.9952,29.48108980023663,False,5000,10,5.381052257611875,0.025330234851261072,gap_exceeds_3_paired_se,-16.059600231680246,0.17361726317392906,0.0,False,2000,4,5.348295624694298,0.04100855463355315,gap_exceeds_3_paired_se,0100,q2:0100
4,0,1,0,1,15,2.220446049250313e-16,NON_ABSORBING,,,,,,,,,,,,,,,,,,,,,,q2,uniform,explore,SUCCESS_MC_TOL,,,,,,,,,False,5000,10,5.381052257611875,0.025330234851261072,gap_exceeds_3_paired_se,,,,False,2000,4,5.348295624694298,0.04100855463355315,gap_exceeds_3_paired_se,0101,q2:0101
4,0,1,1,0,15,2.220446049250313e-16,SUCCESS_EXACT,22.893597097992007,2.388857225228487e-17,6.25,35.15625,0.0,1.9531250000000004,9.375000000000004,3.125000000000001,0.0,0.0,0.0,1.9531250000000004,1.5625000000000004,1.5625000000000004,0.0,0.0,55.859375,0.140625,1.0000000000000002,0.0,0.0,q2,uniform,explore,SUCCESS_MC_TOL,-1.3706515660035818,4.577957076955564,0.06474208986192449,-9.501479347254149,5.45967597016633,0.0,0.5852,14.853504163290584,False,5000,10,5.381052257611875,0.025330234851261072,gap_exceeds_3_paired_se,-1.4225469315327555,0.10448504390501856,0.0,False,2000,4,5.348295624694298,0.04100855463355315,gap_exceeds_3_paired_se,0110,q2:0110
4,0,1,1,1,15,2.220446049250313e-16,NON_ABSORBING,,,,,,,,,,,,,,,,,,,,,,q2,uniform,explore,SUCCESS_MC_TOL,,,,,,,,,False,5000,10,5.381052257611875,0.025330234851261072,gap_exceeds_3_paired_se,,,,False,2000,4,5.348295624694298,0.04100855463355315,gap_exceeds_3_paired_se,0111,q2:0111
4,1,0,0,0,13,2.220446049250313e-16,SUCCESS_EXACT,20.851835377750398,2.045080404559349e-17,7.8125,28.125,1.9531250000000004,0.0,9.375000000000004,0.0,0.0,16.875,1.9531250000000004,0.0,0.0,1.5625000000000004,0.0,0.5625,64.140625,-8.140625,1.0000000000000002,0.36,0.5625,q2,uniform,explore,SUCCESS_MC_TOL,-10.232436601690718,6.894338391585267,0.09750066856969394,-22.23117963627728,-0.11479704476764871,0.0,0.9522,23.715289198977718,False,5000,10,5.381052257611875,0.025330234851261072,gap_exceeds_3_paired_se,-10.26186761930915,0.15977110319542862,0.0,False,2000,4,5.348295624694298,0.04100855463355315,gap_exceeds_3_paired_se,1000,q2:1000
4,1,0,0,1,13,2.220446049250313e-16,NON_ABSORBING,,,,,,,,,,,,,,,,,,,,,,q2,uniform,explore,SUCCESS_MC_TOL,,,,,,,,,False,5000,10,5.381052257611875,0.025330234851261072,gap_exceeds_3_paired_se,,,,False,2000,4,5.348295624694298,0.04100855463355315,gap_exceeds_3_paired_se,1001,q2:1001
4,1,0,1,0,13,2.220446049250313e-16,SUCCESS_EXACT,20.851835377750398,3.574415487115129e-17,7.8125,28.125,1.9531250000000004,0.0,9.375000000000004,3.125000000000001,0.0,0.0,1.9531250000000004,0.0,1.5625000000000004,1.5625000000000004,0.0,0.0,50.390625,5.609375,1.0000000000000002,0.0,0.0,q2,uniform,explore,SUCCESS_MC_TOL,4.447310173236887,3.7233361710861725,0.05265592510424376,-1.9991012071867824,9.965803808142658,0.0,0.122,9.035542424050114,False,5000,10,5.381052257611875,0.025330234851261072,gap_exceeds_3_paired_se,4.426612108826065,0.08618227889664422,0.0,False,2000,4,5.348295624694298,0.04100855463355315,gap_exceeds_3_paired_se,1010,q2:1010
4,1,0,1,1,13,2.220446049250313e-16,NON_ABSORBING,,,,,,,,,,,,,,,,,,,,,,q2,uniform,explore,SUCCESS_MC_TOL,,,,,,,,,False,5000,10,5.381052257611875,0.025330234851261072,gap_exceeds_3_paired_se,,,,False,2000,4,5.348295624694298,0.04100855463355315,gap_exceeds_3_paired_se,1011,q2:1011
4,1,1,0,0,12,2.220446049250313e-16,SUCCESS_EXACT,17.32776463338473,1.6122050522609535e-17,6.25,28.125,1.8750000000000004,1.5625000000000004,7.500000000000002,0.0,0.0,7.5,1.8750000000000004,1.5625000000000004,0.0,1.2500000000000002,0.0,0.25,52.8125,3.1875,1.0000000000000002,0.2,0.25,q2,uniform,explore,SUCCESS_MC_TOL,1.8903681178679281,4.5732010184234175,0.06467482903712847,-6.242998892740338,8.589347520166259,0.0,0.3126,11.592484479419072,False,5000,10,5.381052257611875,0.025330234851261072,gap_exceeds_3_paired_se,1.9233854311520635,0.10556668943134487,0.0,False,2000,4,5.348295624694298,0.04100855463355315,gap_exceeds_3_paired_se,1100,q2:1100
4,1,1,0,1,12,2.220446049250313e-16,SUCCESS_EXACT,17.889434494195793,8.710294390518973e-18,5.0,22.5,1.7500000000000004,1.5000000000000004,7.500000000000001,0.0,1.25,7.499999999999999,1.7500000000000004,1.5000000000000004,0.0,1.2500000000000002,0.25,0.25,47.0,9.0,1.0000000000000002,0.2,0.25,q2,uniform,explore,SUCCESS_MC_TOL,8.101800339675124,3.0491153330234773,0.04312100257201558,2.7643107928587516,12.645849190099126,0.0,0.011,5.381052257611876,False,5000,10,5.381052257611875,0.025330234851261072,gap_exceeds_3_paired_se,8.118247748433769,0.07035801501490896,0.0,False,2000,4,5.348295624694298,0.04100855463355315,gap_exceeds_3_paired_se,1101,q2:1101
4,1,1,1,0,12,2.220446049250313e-16,SUCCESS_EXACT,17.32776463338473,1.237879330592509e-17,6.25,28.125,1.8750000000000004,1.5625000000000004,7.500000000000002,2.5000000000000004,0.0,0.0,1.8750000000000004,1.5625000000000004,1.2500000000000002,1.2500000000000002,0.0,0.0,47.8125,8.1875,1.0000000000000002,0.0,0.0,q2,uniform,explore,SUCCESS_MC_TOL,7.271420375479805,2.9768180187333377,0.042098564148092925,2.021243415884944,11.679581203340602,0.0,0.0148,6.211432221807196,False,5000,10,5.381052257611875,0.025330234851261072,gap_exceeds_3_paired_se,7.271681055846361,0.06887590444323301,0.0,False,2000,4,5.348295624694298,0.04100855463355315,gap_exceeds_3_paired_se,1110,q2:1110
4,1,1,1,1,12,2.220446049250313e-16,SUCCESS_EXACT,17.889434494195793,8.74142929758131e-18,5.0,22.5,1.7500000000000004,1.5000000000000004,7.500000000000001,2.5000000000000004,1.25,0.0,1.7500000000000004,1.5000000000000004,1.2500000000000002,1.2500000000000002,0.25,0.0,42.0,14.0,1.0000000000000002,0.0,0.0,q2,uniform,explore,SUCCESS_MC_TOL,13.482852597287,1.6282479129273684,0.023026902813675705,10.620130597313349,15.95710900659552,1.0,0.0,0.0,True,5000,10,5.381052257611875,0.025330234851261072,gap_exceeds_3_paired_se,13.466543373128067,0.037514334730954654,1.0,True,2000,4,5.348295624694298,0.04100855463355315,gap_exceeds_3_paired_se,1111,q2:1111
4,0,0,0,0,17,2.220446049250313e-16,SUCCESS_EXACT,31.085738306325254,2.5409525661121912e-17,7.8125,35.15625,0.0,0.0,11.718750000000004,0.0,0.0,28.593750000000007,0.0,0.0,0.0,1.9531250000000007,0.0,0.9531250000000002,83.28125000000001,-27.281250000000014,1.0000000000000004,0.48800000000000004,0.9531250000000002,q2,jeffreys,explore,SUCCESS_MC_TOL,-29.350819926720554,10.145985136042885,0.1434858978302768,-47.44947673078527,-14.481224456116827,0.0,1.0,43.03525885443768,False,5000,10,5.239076006040932,0.025104784661222023,gap_exceeds_3_paired_se,-29.60778584537494,0.23219869662909023,0.0,False,2000,4,5.218401797903942,0.04069951262820856,gap_exceeds_3_paired_se,0000,q2:0000
4,0,0,0,1,17,2.220446049250313e-16,NON_ABSORBING,,,,,,,,,,,,,,,,,,,,,,q2,jeffreys,explore,SUCCESS_MC_TOL,,,,,,,,,False,5000,10,5.239076006040932,0.025104784661222023,gap_exceeds_3_paired_se,,,,False,2000,4,5.218401797903942,0.04069951262820856,gap_exceeds_3_paired_se,0001,q2:0001
4,0,0,1,0,17,2.220446049250313e-16,SUCCESS_EXACT,31.085738306325254,2.1021974430772194e-17,7.8125,35.15625,0.0,0.0,11.718750000000004,3.9062500000000013,0.0,0.0,0.0,0.0,1.9531250000000007,1.9531250000000007,0.0,0.0,58.59375000000001,-2.593750000000007,1.0000000000000004,0.0,0.0,q2,jeffreys,explore,SUCCESS_MC_TOL,-3.6642172034761504,5.247923346229078,0.07421684370531559,-13.025591412475135,4.026952867525774,0.0,0.7438,17.34865613119327,False,5000,10,5.239076006040932,0.025104784661222023,gap_exceeds_3_paired_se,-3.7971306096766937,0.12010277411849496,0.0,False,2000,4,5.218401797903942,0.04069951262820856,gap_exceeds_3_paired_se,0010,q2:0010
4,0,0,1,1,17,2.220446049250313e-16,NON_ABSORBING,,,,,,,,,,,,,,,,,,,,,,q2,jeffreys,explore,SUCCESS_MC_TOL,,,,,,,,,False,5000,10,5.239076006040932,0.025104784661222023,gap_exceeds_3_paired_se,,,,False,2000,4,5.218401797903942,0.04069951262820856,gap_exceeds_3_paired_se,0011,q2:0011
4,0,1,0,0,15,2.220446049250313e-16,SUCCESS_EXACT,22.893597097992007,2.219932259548094e-17,6.25,35.15625,0.0,1.9531250000000004,9.375000000000004,0.0,0.0,16.875,0.0,1.9531250000000004,0.0,1.5625000000000004,0.0,0.5625000000000001,69.609375,-13.609375,1.0000000000000002,0.3600000000000001,0.5625000000000001,q2,jeffreys,explore,SUCCESS_MC_TOL,-15.030857223164563,7.4914636554558545,0.10594529503570792,-28.327903138980872,-3.8530479610991994,0.0,0.992,28.715296150881688,False,5000,10,5.239076006040932,0.025104784661222023,gap_exceeds_3_paired_se,-15.170681014001147,0.1714439602609883,0.0,False,2000,4,5.218401797903942,0.04069951262820856,gap_exceeds_3_paired_se,0100,q2:0100
4,0,1,0,1,15,2.220446049250313e-16,NON_ABSORBING,,,,,,,,,,,,,,,,,,,,,,q2,jeffreys,explore,SUCCESS_MC_TOL,,,,,,,,,False,5000,10,5.239076006040932,0.025104784661222023,gap_exceeds_3_paired_se,,,,False,2000,4,5.218401797903942,0.04069951262820856,gap_exceeds_3_paired_se,0101,q2:0101
4,0,1,1,0,15,2.220446049250313e-16,SUCCESS_EXACT,22.893597097992007,2.388857225228487e-17,6.25,35.15625,0.0,1.9531250000000004,9.375000000000004,3.125000000000001,0.0,0.0,0.0,1.9531250000000004,1.5625000000000004,1.5625000000000004,0.0,0.0,55.859375,0.140625,1.0000000000000002,0.0,0.0,q2,jeffreys,explore,SUCCESS_MC_TOL,-0.7603934604904624,4.503995466388556,0.0636961147343363,-8.774863178418643,5.934568063207425,0.0,0.5276,14.444832388207583,False,5000,10,5.239076006040932,0.025104784661222023,gap_exceeds_3_paired_se,-0.8612655411570117,0.1030610755043686,0.0,False,2000,4,5.218401797903942,0.04069951262820856,gap_exceeds_3_paired_se,0110,q2:0110
4,0,1,1,1,15,2.220446049250313e-16,NON_ABSORBING,,,,,,,,,,,,,,,,,,,,,,q2,jeffreys,explore,SUCCESS_MC_TOL,,,,,,,,,False,5000,10,5.239076006040932,0.025104784661222023,gap_exceeds_3_paired_se,,,,False,2000,4,5.218401797903942,0.04069951262820856,gap_exceeds_3_paired_se,0111,q2:0111
4,1,0,0,0,13,2.220446049250313e-16,SUCCESS_EXACT,20.851835377750398,2.045080404559349e-17,7.8125,28.125,1.9531250000000004,0.0,9.375000000000004,0.0,0.0,16.875,1.9531250000000004,0.0,0.0,1.5625000000000004,0.0,0.5625,64.140625,-8.140625,1.0000000000000002,0.36,0.5625,q2,jeffreys,explore,SUCCESS_MC_TOL,-9.425877643047055,6.806308988660267,0.09625574481465253,-21.33675521748227,0.5431876163530722,0.0,0.935,23.110316570764176,False,5000,10,5.239076006040932,0.025104784661222023,gap_exceeds_3_paired_se,-9.51857199912937,0.15794016183039483,0.0,False,2000,4,5.218401797903942,0.04069951262820856,gap_exceeds_3_paired_se,1000,q2:1000
4,1,0,0,1,13,2.220446049250313e-16,NON_ABSORBING,,,,,,,,,,,,,,,,,,,,,,q2,jeffreys,explore,SUCCESS_MC_TOL,,,,,,,,,False,5000,10,5.239076006040932,0.025104784661222023,gap_exceeds_3_paired_se,,,,False,2000,4,5.218401797903942,0.04069951262820856,gap_exceeds_3_paired_se,1001,q2:1001
4,1,0,1,0,13,2.220446049250313e-16,SUCCESS_EXACT,20.851835377750398,3.574415487115129e-17,7.8125,28.125,1.9531250000000004,0.0,9.375000000000004,3.125000000000001,0.0,0.0,1.9531250000000004,0.0,1.5625000000000004,1.5625000000000004,0.0,0.0,50.390625,5.609375,1.0000000000000002,0.0,0.0,q2,jeffreys,explore,SUCCESS_MC_TOL,4.898040141936195,3.673621784593348,0.05195285750801165,-1.505733425192814,10.324449017246343,0.0,0.1002,8.786398785780927,False,5000,10,5.239076006040932,0.025104784661222023,gap_exceeds_3_paired_se,4.841923182298984,0.08516405550922966,0.0,False,2000,4,5.218401797903942,0.04069951262820856,gap_exceeds_3_paired_se,1010,q2:1010
4,1,0,1,1,13,2.220446049250313e-16,NON_ABSORBING,,,,,,,,,,,,,,,,,,,,,,q2,jeffreys,explore,SUCCESS_MC_TOL,,,,,,,,,False,5000,10,5.239076006040932,0.025104784661222023,gap_exceeds_3_paired_se,,,,False,2000,4,5.218401797903942,0.04069951262820856,gap_exceeds_3_paired_se,1011,q2:1011
4,1,1,0,0,12,2.220446049250313e-16,SUCCESS_EXACT,17.32776463338473,1.6122050522609535e-17,6.25,28.125,1.8750000000000004,1.5625000000000004,7.500000000000002,0.0,0.0,7.5,1.8750000000000004,1.5625000000000004,0.0,1.2500000000000002,0.0,0.25,52.8125,3.1875,1.0000000000000002,0.2,0.25,q2,jeffreys,explore,SUCCESS_MC_TOL,2.385773759840424,4.524265063182261,0.06398277012123121,-5.685194839297703,8.984467248092411,0.0,0.2764,11.298665167876699,False,5000,10,5.239076006040932,0.025104784661222023,gap_exceeds_3_paired_se,2.378534145734797,0.10456568280175883,0.0,False,2000,4,5.218401797903942,0.04069951262820856,gap_exceeds_3_paired_se,1100,q2:1100
4,1,1,0,1,12,2.220446049250313e-16,SUCCESS_EXACT,17.889434494195793,8.710294390518973e-18,5.0,22.5,1.7500000000000004,1.5000000000000004,7.500000000000001,0.0,1.25,7.499999999999999,1.7500000000000004,1.5000000000000004,0.0,1.2500000000000002,0.25,0.25,47.0,9.0,1.0000000000000002,0.2,0.25,q2,jeffreys,explore,SUCCESS_MC_TOL,8.44536292167619,3.0226001302464427,0.042746020978252024,3.1182894009994,12.931301969624789,0.0,0.008,5.239076006040932,False,5000,10,5.239076006040932,0.025104784661222023,gap_exceeds_3_paired_se,8.43394192103269,0.06983191227960091,0.0,False,2000,4,5.218401797903942,0.04069951262820856,gap_exceeds_3_paired_se,1101,q2:1101
4,1,1,1,0,12,2.220446049250313e-16,SUCCESS_EXACT,17.32776463338473,1.237879330592509e-17,6.25,28.125,1.8750000000000004,1.5625000000000004,7.500000000000002,2.5000000000000004,0.0,0.0,1.8750000000000004,1.5625000000000004,1.2500000000000002,1.2500000000000002,0.0,0.0,47.8125,8.1875,1.0000000000000002,0.0,0.0,q2,jeffreys,explore,SUCCESS_MC_TOL,7.624849765881355,2.9410412875338263,0.04159260476329567,2.4362844973505573,11.957600911503143,0.0,0.0126,6.059589161835767,False,5000,10,5.239076006040932,0.025104784661222023,gap_exceeds_3_paired_se,7.596935943638739,0.0681433264630559,0.0,False,2000,4,5.218401797903942,0.04069951262820856,gap_exceeds_3_paired_se,1110,q2:1110
4,1,1,1,1,12,2.220446049250313e-16,SUCCESS_EXACT,17.889434494195793,8.74142929758131e-18,5.0,22.5,1.7500000000000004,1.5000000000000004,7.500000000000001,2.5000000000000004,1.25,0.0,1.7500000000000004,1.5000000000000004,1.2500000000000002,1.2500000000000002,0.25,0.0,42.0,14.0,1.0000000000000002,0.0,0.0,q2,jeffreys,explore,SUCCESS_MC_TOL,13.684438927717123,1.6133788438665597,0.02281662242241913,10.840949141469213,16.124725112223157,1.0,0.0,0.0,True,5000,10,5.239076006040932,0.025104784661222023,gap_exceeds_3_paired_se,13.652343718936631,0.03723754783570204,1.0,True,2000,4,5.218401797903942,0.04069951262820856,gap_exceeds_3_paired_se,1111,q2:1111
5,0,0,0,0,17,0.0,SUCCESS_EXACT,25.934739703533936,4.9509257375851894e-17,6.17283950617284,27.77777777777778,0.0,0.0,9.259259259259261,0.0,0.0,5.4320987654321,0.0,0.0,0.0,1.5432098765432103,0.0,0.54320987654321,48.64197530864198,7.358024691358018,1.0000000000000002,0.35200000000000004,0.54320987654321,q2,uniform,explore,SUCCESS_MC_TOL,5.585908741738225,4.299426163119497,0.060803067903053114,-2.113488856972625,11.951172445502548,0.0,0.1024,5.2427673391524285,False,5000,10,0.08254570448566056,0.007073885625719679,gap_exceeds_3_paired_se,5.492488217369534,0.09859797134932488,0.0,False,2000,4,0.08404106023119873,0.011170903706209455,gap_exceeds_3_paired_se,0000,q2:0000
5,0,0,0,1,17,0.0,NON_ABSORBING,,,,,,,,,,,,,,,,,,,,,,q2,uniform,explore,SUCCESS_MC_TOL,,,,,,,,,False,5000,10,0.08254570448566056,0.007073885625719679,gap_exceeds_3_paired_se,,,,False,2000,4,0.08404106023119873,0.011170903706209455,gap_exceeds_3_paired_se,0001,q2:0001
5,0,0,1,0,17,0.0,SUCCESS_EXACT,25.934739703533936,5.599118539963603e-17,6.17283950617284,27.77777777777778,0.0,0.0,9.259259259259261,3.0864197530864206,0.0,0.0,0.0,0.0,1.5432098765432103,1.5432098765432103,0.0,0.0,46.296296296296305,9.703703703703695,1.0000000000000002,0.0,0.0,q2,uniform,explore,SUCCESS_MC_TOL,8.304664796109124,3.3942838129890767,0.04800242202872614,2.226193007653186,13.329872983291484,0.0,0.0168,2.524011284781529,False,5000,10,0.08254570448566056,0.007073885625719679,gap_exceeds_3_paired_se,8.230911750554895,0.07784050369683543,0.0,False,2000,4,0.08404106023119873,0.011170903706209455,gap_exceeds_3_paired_se,0010,q2:0010
5,0,0,1,1,17,0.0,NON_ABSORBING,,,,,,,,,,,,,,,,,,,,,,q2,uniform,explore,SUCCESS_MC_TOL,,,,,,,,,False,5000,10,0.08254570448566056,0.007073885625719679,gap_exceeds_3_paired_se,,,,False,2000,4,0.08404106023119873,0.011170903706209455,gap_exceeds_3_paired_se,0011,q2:0011
5,0,1,0,0,15,0.0,SUCCESS_EXACT,19.48450117561042,3.5486685984710444e-17,4.938271604938271,27.777777777777782,0.0,1.54320987654321,7.407407407407408,0.0,0.0,2.3456790123456788,0.0,1.54320987654321,0.0,1.2345679012345683,0.0,0.23456790123456794,44.01234567901235,11.987654320987652,1.0000000000000002,0.19,0.23456790123456794,q2,uniform,explore,SUCCESS_MC_TOL,10.586590109654962,3.1564234187078997,0.04463856807328762,5.042034186529377,15.22111303075494,0.4668,0.0036,0.2420859712356938,False,5000,10,0.08254570448566056,0.007073885625719679,gap_exceeds_3_paired_se,10.536141458106767,0.07176206571582756,0.468,False,2000,4,0.08404106023119873,0.011170903706209455,gap_exceeds_3_paired_se,0100,q2:0100
5,0,1,0,1,15,0.0,NON_ABSORBING,,,,,,,,,,,,,,,,,,,,,,q2,uniform,explore,SUCCESS_MC_TOL,,,,,,,,,False,5000,10,0.08254570448566056,0.007073885625719679,gap_exceeds_3_paired_se,,,,False,2000,4,0.08404106023119873,0.011170903706209455,gap_exceeds_3_paired_se,0101,q2:0101
5,0,1,1,0,15,0.0,SUCCESS_EXACT,19.48450117561042,4.114131833532794e-17,4.938271604938271,27.777777777777782,0.0,1.54320987654321,7.407407407407408,2.4691358024691366,0.0,0.0,0.0,1.54320987654321,1.2345679012345683,1.2345679012345683,0.0,0.0,44.135802469135804,11.864197530864196,1.0000000000000002,0.0,0.0,q2,uniform,explore,SUCCESS_MC_TOL,10.669135814140622,2.7296543514278535,0.03860314204380005,5.879626340907047,14.678081787807571,0.5284,0.0012,0.15954026675003316,True,5000,10,0.08254570448566056,0.007073885625719679,gap_exceeds_3_paired_se,10.620182518337966,0.06224828356253509,0.5265,True,2000,4,0.08404106023119873,0.011170903706209455,gap_exceeds_3_paired_se,0110,q2:0110
5,0,1,1,1,15,0.0,NON_ABSORBING,,,,,,,,,,,,,,,,,,,,,,q2,uniform,explore,SUCCESS_MC_TOL,,,,,,,,,False,5000,10,0.08254570448566056,0.007073885625719679,gap_exceeds_3_paired_se,,,,False,2000,4,0.08404106023119873,0.011170903706209455,gap_exceeds_3_paired_se,0111,q2:0111
5,1,0,0,0,13,0.0,SUCCESS_EXACT,18.659969960976603,2.7877404105108247e-17,6.17283950617284,25.0,12.34567901234568,0.0,8.333333333333334,0.0,0.0,3.8888888888888893,1.54320987654321,0.0,0.0,1.388888888888889,0.0,0.3888888888888889,55.74074074074074,0.2592592592592595,1.0000000000000002,0.28,0.3888888888888889,q2,uniform,explore,SUCCESS_MC_TOL,-1.2403808267285814,4.22849806731507,0.05979999315265393,-8.919903970719853,4.974288679399729,0.0,0.5878,12.069056907619238,False,5000,10,0.08254570448566056,0.007073885625719679,gap_exceeds_3_paired_se,-1.3145255025974745,0.09638186221239153,0.0,False,2000,4,0.08404106023119873,0.011170903706209455,gap_exceeds_3_paired_se,1000,q2:1000
5,1,0,0,1,13,0.0,NON_ABSORBING,,,,,,,,,,,,,,,,,,,,,,q2,uniform,explore,SUCCESS_MC_TOL,,,,,,,,,False,5000,10,0.08254570448566056,0.007073885625719679,gap_exceeds_3_paired_se,,,,False,2000,4,0.08404106023119873,0.011170903706209455,gap_exceeds_3_paired_se,1001,q2:1001
5,1,0,1,0,13,0.0,SUCCESS_EXACT,18.659969960976603,3.084098728529438e-17,6.17283950617284,25.0,12.34567901234568,0.0,8.333333333333334,2.777777777777778,0.0,0.0,1.54320987654321,0.0,1.388888888888889,1.388888888888889,0.0,0.0,54.62962962962963,1.3703703703703667,1.0000000000000002,0.0,0.0,q2,uniform,explore,SUCCESS_MC_TOL,0.09191252507664953,3.53512386629914,0.049994201163890556,-6.349196981232191,5.282290875002959,0.0,0.4532,10.736763555814006,False,5000,10,0.08254570448566056,0.007073885625719679,gap_exceeds_3_paired_se,0.028272192183568485,0.08063057874991605,0.0,False,2000,4,0.08404106023119873,0.011170903706209455,gap_exceeds_3_paired_se,1010,q2:1010
5,1,0,1,1,13,0.0,NON_ABSORBING,,,,,,,,,,,,,,,,,,,,,,q2,uniform,explore,SUCCESS_MC_TOL,,,,,,,,,False,5000,10,0.08254570448566056,0.007073885625719679,gap_exceeds_3_paired_se,,,,False,2000,4,0.08404106023119873,0.011170903706209455,gap_exceeds_3_paired_se,1011,q2:1011
5,1,1,0,0,12,0.0,SUCCESS_EXACT,15.669538279044536,2.29635353639025e-17,4.938271604938271,25.0,12.098765432098768,1.388888888888889,6.666666666666668,0.0,0.0,1.1111111111111112,1.512345679012346,1.388888888888889,0.0,1.1111111111111114,0.0,0.1111111111111111,51.20370370370371,4.7962962962962905,1.0,0.09999999999999999,0.1111111111111111,q2,uniform,explore,SUCCESS_MC_TOL,3.6463109500991653,2.9964280643765178,0.042375892073166326,-1.7478925330870956,8.02157487475905,0.0,0.1126,7.18236513079149,False,5000,10,0.08254570448566056,0.007073885625719679,gap_exceeds_3_paired_se,3.612394552569047,0.06771783153182984,0.0,False,2000,4,0.08404106023119873,0.011170903706209455,gap_exceeds_3_paired_se,1100,q2:1100
5,1,1,0,1,12,0.0,SUCCESS_EXACT,16.498951042222657,2.042700983731507e-17,4.444444444444445,22.5,11.777777777777779,1.3611111111111112,6.666666666666667,0.0,0.5555555555555555,1.1111111111111112,1.4722222222222223,1.3611111111111112,0.0,1.1111111111111114,0.1111111111111111,0.1111111111111111,48.416666666666664,7.583333333333336,1.0,0.09999999999999999,0.1111111111111111,q2,uniform,explore,SUCCESS_MC_TOL,6.7853176917428994,2.1563975954799846,0.030496067253965253,2.910539533791533,9.998807061580765,0.0046,0.0038,4.043358389147755,False,5000,10,0.08254570448566056,0.007073885625719679,gap_exceeds_3_paired_se,6.7465136504928065,0.04909542175928258,0.005,False,2000,4,0.08404106023119873,0.011170903706209455,gap_exceeds_3_paired_se,1101,q2:1101
5,1,1,1,0,12,0.0,SUCCESS_EXACT,15.669538279044536,2.4826576021709624e-17,4.938271604938271,25.0,12.098765432098768,1.388888888888889,6.666666666666668,2.2222222222222228,0.0,0.0,1.512345679012346,1.388888888888889,1.1111111111111114,1.1111111111111114,0.0,0.0,52.314814814814824,3.6851851851851762,1.0,0.0,0.0,q2,uniform,explore,SUCCESS_MC_TOL,2.629691380928854,2.769693124255002,0.03916937579932934,-2.3558733018111058,6.679385422670421,0.0,0.165,8.1989846999618,False,5000,10,0.08254570448566056,0.007073885625719679,gap_exceeds_3_paired_se,2.59199618976718,0.06279541393608871,0.0,False,2000,4,0.08404106023119873,0.011170903706209455,gap_exceeds_3_paired_se,1110,q2:1110
5,1,1,1,1,12,0.0,SUCCESS_EXACT,16.498951042222657,1.9849549751388568e-17,4.444444444444445,22.5,11.777777777777779,1.3611111111111112,6.666666666666667,2.2222222222222228,0.5555555555555555,0.0,1.4722222222222223,1.3611111111111112,1.1111111111111114,1.1111111111111114,0.1111111111111111,0.0,49.52777777777777,6.4722222222222285,1.0,0.0,0.0,q2,uniform,explore,SUCCESS_MC_TOL,5.768698122572589,1.995762191842179,0.02822433958974664,2.182762201857667,8.748286050746447,0.0002,0.0062,5.059977958318067,False,5000,10,0.08254570448566056,0.007073885625719679,gap_exceeds_3_paired_se,5.72611528769094,0.045614081483923416,0.0005,False,2000,4,0.08404106023119873,0.011170903706209455,gap_exceeds_3_paired_se,1111,q2:1111
5,0,0,0,0,17,0.0,SUCCESS_EXACT,25.934739703533936,4.9509257375851894e-17,6.17283950617284,27.77777777777778,0.0,0.0,9.259259259259261,0.0,0.0,5.4320987654321,0.0,0.0,0.0,1.5432098765432103,0.0,0.54320987654321,48.64197530864198,7.358024691358018,1.0000000000000002,0.35200000000000004,0.54320987654321,q2,jeffreys,explore,MC_NOT_CONVERGED,6.320045687966331,4.237810282954967,0.042378102829549666,-1.2795357930410318,12.548805370213929,0.0,0.076,5.050177871482712,False,10000,20,0.006690173214533246,0.004936474744872149,B_max_reached_without_gap_tolerance,6.241606063365301,0.06024004084882725,0.0,False,5000,10,0.0007915331509043,0.006890333255700142,B_max_reached_without_gap_tolerance,0000,q2:0000
5,0,0,0,1,17,0.0,NON_ABSORBING,,,,,,,,,,,,,,,,,,,,,,q2,jeffreys,explore,MC_NOT_CONVERGED,,,,,,,,,False,10000,20,0.006690173214533246,0.004936474744872149,B_max_reached_without_gap_tolerance,,,,False,5000,10,0.0007915331509043,0.006890333255700142,B_max_reached_without_gap_tolerance,0001,q2:0001
5,0,0,1,0,17,0.0,SUCCESS_EXACT,25.934739703533936,5.599118539963603e-17,6.17283950617284,27.77777777777778,0.0,0.0,9.259259259259261,3.0864197530864206,0.0,0.0,0.0,0.0,1.5432098765432103,1.5432098765432103,0.0,0.0,46.296296296296305,9.703703703703695,1.0000000000000002,0.0,0.0,q2,jeffreys,explore,MC_NOT_CONVERGED,8.884246595762892,3.3456396970697106,0.033456396970697105,2.884577005493914,13.801688450168886,0.0,0.011,2.48597696368615,False,10000,20,0.006690173214533246,0.004936474744872149,B_max_reached_without_gap_tolerance,8.822320576341028,0.04755792698591625,0.0,False,5000,10,0.0007915331509043,0.006890333255700142,B_max_reached_without_gap_tolerance,0010,q2:0010
5,0,0,1,1,17,0.0,NON_ABSORBING,,,,,,,,,,,,,,,,,,,,,,q2,jeffreys,explore,MC_NOT_CONVERGED,,,,,,,,,False,10000,20,0.006690173214533246,0.004936474744872149,B_max_reached_without_gap_tolerance,,,,False,5000,10,0.0007915331509043,0.006890333255700142,B_max_reached_without_gap_tolerance,0011,q2:0011
5,0,1,0,0,15,0.0,SUCCESS_EXACT,19.48450117561042,3.5486685984710444e-17,4.938271604938271,27.777777777777782,0.0,1.54320987654321,7.407407407407408,0.0,0.0,2.3456790123456788,0.0,1.54320987654321,0.0,1.2345679012345683,0.0,0.23456790123456794,44.01234567901235,11.987654320987652,1.0000000000000002,0.19,0.23456790123456794,q2,jeffreys,explore,MC_NOT_CONVERGED,11.176748277019497,3.108150006488799,0.03108150006488799,5.751861338168238,15.801705685948239,0.5387,0.0023,0.1934752824295455,True,10000,20,0.006690173214533246,0.004936474744872149,B_max_reached_without_gap_tolerance,11.122781864559908,0.043778179258908256,0.5416,True,5000,10,0.0007915331509043,0.006890333255700142,B_max_reached_without_gap_tolerance,0100,q2:0100
5,0,1,0,1,15,0.0,NON_ABSORBING,,,,,,,,,,,,,,,,,,,,,,q2,jeffreys,explore,MC_NOT_CONVERGED,,,,,,,,,False,10000,20,0.006690173214533246,0.004936474744872149,B_max_reached_without_gap_tolerance,,,,False,5000,10,0.0007915331509043,0.006890333255700142,B_max_reached_without_gap_tolerance,0101,q2:0101
5,0,1,1,0,15,0.0,SUCCESS_EXACT,19.48450117561042,4.114131833532794e-17,4.938271604938271,27.777777777777782,0.0,1.54320987654321,7.407407407407408,2.4691358024691366,0.0,0.0,0.0,1.54320987654321,1.2345679012345683,1.2345679012345683,0.0,0.0,44.135802469135804,11.864197530864196,1.0000000000000002,0.0,0.0,q2,jeffreys,explore,MC_NOT_CONVERGED,11.170058103804964,2.6882577505760623,0.026882577505760622,6.447673342668635,15.156716725095874,0.458,0.0009,0.20016545564407826,True,10000,20,0.006690173214533246,0.004936474744872149,B_max_reached_without_gap_tolerance,11.121990331409004,0.0379682578099126,0.4558,True,5000,10,0.0007915331509043,0.006890333255700142,B_max_reached_without_gap_tolerance,0110,q2:0110
5,0,1,1,1,15,0.0,NON_ABSORBING,,,,,,,,,,,,,,,,,,,,,,q2,jeffreys,explore,MC_NOT_CONVERGED,,,,,,,,,False,10000,20,0.006690173214533246,0.004936474744872149,B_max_reached_without_gap_tolerance,,,,False,5000,10,0.0007915331509043,0.006890333255700142,B_max_reached_without_gap_tolerance,0111,q2:0111
5,1,0,0,0,13,0.0,SUCCESS_EXACT,18.659969960976603,2.7877404105108247e-17,6.17283950617284,25.0,12.34567901234568,0.0,8.333333333333334,0.0,0.0,3.8888888888888893,1.54320987654321,0.0,0.0,1.388888888888889,0.0,0.3888888888888889,55.74074074074074,0.2592592592592595,1.0000000000000002,0.28,0.3888888888888889,q2,jeffreys,explore,MC_NOT_CONVERGED,-0.6356931102728364,4.182980029417071,0.04182980029417071,-8.10885143262057,5.525249839024212,0.0,0.5258,12.005916669721879,False,10000,20,0.006690173214533246,0.004936474744872149,B_max_reached_without_gap_tolerance,-0.6934197530484928,0.059651842007298124,0.0,False,5000,10,0.0007915331509043,0.006890333255700142,B_max_reached_without_gap_tolerance,1000,q2:1000
5,1,0,0,1,13,0.0,NON_ABSORBING,,,,,,,,,,,,,,,,,,,,,,q2,jeffreys,explore,MC_NOT_CONVERGED,,,,,,,,,False,10000,20,0.006690173214533246,0.004936474744872149,B_max_reached_without_gap_tolerance,,,,False,5000,10,0.0007915331509043,0.006890333255700142,B_max_reached_without_gap_tolerance,1001,q2:1001
5,1,0,1,0,13,0.0,SUCCESS_EXACT,18.659969960976603,3.084098728529438e-17,6.17283950617284,25.0,12.34567901234568,0.0,8.333333333333334,2.777777777777778,0.0,0.0,1.54320987654321,0.0,1.388888888888889,1.388888888888889,0.0,0.0,54.62962962962963,1.3703703703703667,1.0000000000000002,0.0,0.0,q2,jeffreys,explore,MC_NOT_CONVERGED,0.6088696540984564,3.4959792306486865,0.03495979230648687,-5.671375559092453,5.764606385743767,0.0,0.3958,10.761353905350587,False,10000,20,0.006690173214533246,0.004936474744872149,B_max_reached_without_gap_tolerance,0.5588974195597198,0.04984045989598681,0.0,False,5000,10,0.0007915331509043,0.006890333255700142,B_max_reached_without_gap_tolerance,1010,q2:1010
5,1,0,1,1,13,0.0,NON_ABSORBING,,,,,,,,,,,,,,,,,,,,,,q2,jeffreys,explore,MC_NOT_CONVERGED,,,,,,,,,False,10000,20,0.006690173214533246,0.004936474744872149,B_max_reached_without_gap_tolerance,,,,False,5000,10,0.0007915331509043,0.006890333255700142,B_max_reached_without_gap_tolerance,1011,q2:1011
5,1,1,0,0,12,0.0,SUCCESS_EXACT,15.669538279044536,2.29635353639025e-17,4.938271604938271,25.0,12.098765432098768,1.388888888888889,6.666666666666668,0.0,0.0,1.1111111111111112,1.512345679012346,1.388888888888889,0.0,1.1111111111111114,0.0,0.1111111111111111,51.20370370370371,4.7962962962962905,1.0,0.09999999999999999,0.1111111111111111,q2,jeffreys,explore,MC_NOT_CONVERGED,4.116048848440076,2.9606455107147474,0.029606455107147475,-1.1887985513122235,8.459790379278362,0.0,0.0901,7.254174711008966,False,10000,20,0.006690173214533246,0.004936474744872149,B_max_reached_without_gap_tolerance,4.081220526324198,0.041935578531492754,0.0,False,5000,10,0.0007915331509043,0.006890333255700142,B_max_reached_without_gap_tolerance,1100,q2:1100
5,1,1,0,1,12,0.0,SUCCESS_EXACT,16.498951042222657,2.042700983731507e-17,4.444444444444445,22.5,11.777777777777779,1.3611111111111112,6.666666666666667,0.0,0.5555555555555555,1.1111111111111112,1.4722222222222223,1.3611111111111112,0.0,1.1111111111111114,0.1111111111111111,0.1111111111111111,48.416666666666664,7.583333333333336,1.0,0.09999999999999999,0.1111111111111111,q2,jeffreys,explore,MC_NOT_CONVERGED,7.107364722190765,2.1451328863802464,0.021451328863802462,3.316234850852263,10.321588794118322,0.0029,0.0026,4.262858837258279,False,10000,20,0.006690173214533246,0.004936474744872149,B_max_reached_without_gap_tolerance,7.075030247595742,0.030527510059771716,0.0024,False,5000,10,0.0007915331509043,0.006890333255700142,B_max_reached_without_gap_tolerance,1101,q2:1101
5,1,1,1,0,12,0.0,SUCCESS_EXACT,15.669538279044536,2.4826576021709624e-17,4.938271604938271,25.0,12.098765432098768,1.388888888888889,6.666666666666668,2.2222222222222228,0.0,0.0,1.512345679012346,1.388888888888889,1.1111111111111114,1.1111111111111114,0.0,0.0,52.314814814814824,3.6851851851851762,1.0,0.0,0.0,q2,jeffreys,explore,MC_NOT_CONVERGED,3.0596359300686866,2.7378525422244575,0.027378525422244573,-1.840508203492145,7.080043138129697,0.0,0.1338,8.310587629380356,False,10000,20,0.006690173214533246,0.004936474744872149,B_max_reached_without_gap_tolerance,3.0246168421736366,0.03885406062851016,0.0,False,5000,10,0.0007915331509043,0.006890333255700142,B_max_reached_without_gap_tolerance,1110,q2:1110
5,1,1,1,1,12,0.0,SUCCESS_EXACT,16.498951042222657,1.9849549751388568e-17,4.444444444444445,22.5,11.777777777777779,1.3611111111111112,6.666666666666667,2.2222222222222228,0.5555555555555555,0.0,1.4722222222222223,1.3611111111111112,1.1111111111111114,1.1111111111111114,0.1111111111111111,0.0,49.52777777777777,6.4722222222222285,1.0,0.0,0.0,q2,jeffreys,explore,MC_NOT_CONVERGED,6.050951803819375,1.988328461437156,0.019883284614371558,2.5311454726438396,9.010437821521542,0.0004,0.0042,5.319271755629669,False,10000,20,0.006690173214533246,0.004936474744872149,B_max_reached_without_gap_tolerance,6.018426563445181,0.02839096628311501,0.0002,False,5000,10,0.0007915331509043,0.006890333255700142,B_max_reached_without_gap_tolerance,1111,q2:1111
6,0,0,0,0,17,1.1102230246251565e-16,SUCCESS_EXACT,22.014824588091468,4.2275508614432535e-17,4.665403119988335,20.994314039947515,0.0,0.0,6.998104679982505,0.0,0.0,1.6635077999708416,0.0,0.0,0.0,1.1663507799970843,0.0,0.1663507799970842,34.3213296398892,21.6786703601108,1.0,0.14262500000000006,0.1663507799970842,q2,uniform,explore,MC_NOT_CONVERGED,20.3137520188229,1.9843765137093692,0.020359273454520217,16.75043757730353,23.197918197647553,0.5514736842105263,0.0,0.392603633931305,False,9500,19,0.030587737895569234,0.009930862422722385,gap_exceeds_3_paired_se,20.312417891506822,0.028600874861380843,0.5418,True,5000,10,0.039545311092410884,0.013816169730427142,B_max_reached_without_gap_tolerance,0000,q2:0000
6,0,0,0,1,17,1.1102230246251565e-16,NON_ABSORBING,,,,,,,,,,,,,,,,,,,,,,q2,uniform,explore,MC_NOT_CONVERGED,,,,,,,,,False,9500,19,0.030587737895569234,0.009930862422722385,gap_exceeds_3_paired_se,,,,False,5000,10,0.039545311092410884,0.013816169730427142,B_max_reached_without_gap_tolerance,0001,q2:0001
6,0,0,1,0,17,1.1102230246251565e-16,SUCCESS_EXACT,22.014824588091468,4.8749761734697147e-17,4.665403119988335,20.994314039947515,0.0,0.0,6.998104679982505,3.4990523399912523,0.0,0.0,0.0,0.0,1.1663507799970843,1.1663507799970843,0.0,0.0,36.15687417990961,19.843125820090393,1.0,0.0,0.0,q2,uniform,explore,MC_NOT_CONVERGED,18.72963980482921,1.6188334717102748,0.016608880976055965,15.82272539201078,21.082512213870373,0.0,0.0,1.9767158479249973,False,9500,19,0.030587737895569234,0.009930862422722385,gap_exceeds_3_paired_se,18.728551437808196,0.02333229265007385,0.0,False,5000,10,0.039545311092410884,0.013816169730427142,B_max_reached_without_gap_tolerance,0010,q2:0010
6,0,0,1,1,17,1.1102230246251565e-16,NON_ABSORBING,,,,,,,,,,,,,,,,,,,,,,q2,uniform,explore,MC_NOT_CONVERGED,,,,,,,,,False,9500,19,0.030587737895569234,0.009930862422722385,gap_exceeds_3_paired_se,,,,False,5000,10,0.039545311092410884,0.013816169730427142,B_max_reached_without_gap_tolerance,0011,q2:0011
6,0,1,0,0,15,1.1102230246251565e-16,SUCCESS_EXACT,18.06248782777564,3.7004801471027506e-17,4.432132963988919,20.994314039947515,0.0,3.4990523399912528,6.648199445983379,0.0,0.0,1.0803324099722995,0.0,1.1663507799970843,0.0,1.10803324099723,0.0,0.10803324099722997,36.65403119988336,19.345968800116637,1.0,0.09750000000000004,0.10803324099722997,q2,uniform,explore,MC_NOT_CONVERGED,18.142045633730913,1.8070917182107247,0.01854036983116569,14.945292546703616,20.75187792976022,0.0012631578947368421,0.0,2.56431001902329,False,9500,19,0.030587737895569234,0.009930862422722385,gap_exceeds_3_paired_se,18.12909569478421,0.026199038896298307,0.0004,False,5000,10,0.039545311092410884,0.013816169730427142,B_max_reached_without_gap_tolerance,0100,q2:0100
6,0,1,0,1,15,1.1102230246251565e-16,NON_ABSORBING,,,,,,,,,,,,,,,,,,,,,,q2,uniform,explore,MC_NOT_CONVERGED,,,,,,,,,False,9500,19,0.030587737895569234,0.009930862422722385,gap_exceeds_3_paired_se,,,,False,5000,10,0.039545311092410884,0.013816169730427142,B_max_reached_without_gap_tolerance,0101,q2:0101
6,0,1,1,0,15,1.1102230246251565e-16,SUCCESS_EXACT,18.06248782777564,4.203656440700061e-17,4.432132963988919,20.994314039947515,0.0,3.4990523399912528,6.648199445983379,3.3240997229916895,0.0,0.0,0.0,1.1663507799970843,1.10803324099723,1.10803324099723,0.0,0.0,38.89779851290275,17.102201487097247,1.0,0.0,0.0,q2,uniform,explore,MC_NOT_CONVERGED,16.055647486618476,1.5485309117404928,0.01588759192980432,13.322688850330515,18.29766334743965,0.0,0.0,4.650708166135734,False,9500,19,0.030587737895569234,0.009930862422722385,gap_exceeds_3_paired_se,16.046971977993294,0.022424287179727987,0.0,False,5000,10,0.039545311092410884,0.013816169730427142,B_max_reached_without_gap_tolerance,0110,q2:0110
6,0,1,1,1,15,1.1102230246251565e-16,NON_ABSORBING,,,,,,,,,,,,,,,,,,,,,,q2,uniform,explore,MC_NOT_CONVERGED,,,,,,,,,False,9500,19,0.030587737895569234,0.009930862422722385,gap_exceeds_3_paired_se,,,,False,5000,10,0.039545311092410884,0.013816169730427142,B_max_reached_without_gap_tolerance,0111,q2:0111
6,1,0,0,0,13,1.1102230246251565e-16,SUCCESS_EXACT,16.481003766732023,3.5226301173337057e-17,4.665403119988337,19.944598337950143,2.3327015599941685,0.0,6.648199445983379,0.0,0.0,1.0803324099722997,1.1663507799970843,0.0,0.0,1.10803324099723,0.0,0.10803324099722997,34.67123487388833,21.32876512611167,1.0,0.09750000000000004,0.10803324099722997,q2,uniform,explore,MC_NOT_CONVERGED,20.34433975671847,1.6245735450470593,0.016667772885885185,17.425217345378343,22.66591429371211,0.44642105263157894,0.0,0.3620158960357357,True,9500,19,0.030587737895569234,0.009930862422722385,gap_exceeds_3_paired_se,20.351963202599233,0.02331625536762194,0.4568,True,5000,10,0.039545311092410884,0.013816169730427142,B_max_reached_without_gap_tolerance,1000,q2:1000
6,1,0,0,1,13,1.1102230246251565e-16,NON_ABSORBING,,,,,,,,,,,,,,,,,,,,,,q2,uniform,explore,MC_NOT_CONVERGED,,,,,,,,,False,9500,19,0.030587737895569234,0.009930862422722385,gap_exceeds_3_paired_se,,,,False,5000,10,0.039545311092410884,0.013816169730427142,B_max_reached_without_gap_tolerance,1001,q2:1001
6,1,0,1,0,13,1.1102230246251565e-16,SUCCESS_EXACT,16.481003766732023,3.8886524994995354e-17,4.665403119988337,19.944598337950143,2.3327015599941685,0.0,6.648199445983379,3.3240997229916895,0.0,0.0,1.1663507799970843,0.0,1.10803324099723,1.10803324099723,0.0,0.0,36.91500218690772,19.08499781309228,1.0,0.0,0.0,q2,uniform,explore,MC_NOT_CONVERGED,18.258877844569437,1.346894295248157,0.013818843894715991,15.82682535592915,20.180929400264798,0.0,0.0,2.4474778081847695,False,9500,19,0.030587737895569234,0.009930862422722385,gap_exceeds_3_paired_se,18.264888388010913,0.019337128931589634,0.0,False,5000,10,0.039545311092410884,0.013816169730427142,B_max_reached_without_gap_tolerance,1010,q2:1010
6,1,0,1,1,13,1.1102230246251565e-16,NON_ABSORBING,,,,,,,,,,,,,,,,,,,,,,q2,uniform,explore,MC_NOT_CONVERGED,,,,,,,,,False,9500,19,0.030587737895569234,0.009930862422722385,gap_exceeds_3_paired_se,,,,False,5000,10,0.039545311092410884,0.013816169730427142,B_max_reached_without_gap_tolerance,1011,q2:1011
6,1,1,0,0,12,1.1102230246251565e-16,SUCCESS_EXACT,14.80546552618712,5.713061761366367e-17,4.432132963988919,19.94459833795014,2.326869806094183,3.3240997229916895,6.315789473684211,0.0,0.0,0.5263157894736847,1.1634349030470914,1.10803324099723,0.0,1.0526315789473684,0.0,0.052631578947368474,36.86980609418283,19.130193905817173,1.0,0.050000000000000044,0.052631578947368474,q2,uniform,explore,MC_NOT_CONVERGED,18.327593858177245,1.3636021083862888,0.013990262440620063,15.853179212974146,20.27255967589587,0.0008421052631578948,0.0,2.378761794576962,False,9500,19,0.030587737895569234,0.009930862422722385,gap_exceeds_3_paired_se,18.32462743909593,0.019740993129681597,0.001,False,5000,10,0.039545311092410884,0.013816169730427142,B_max_reached_without_gap_tolerance,1100,q2:1100
6,1,1,0,1,12,1.1102230246251565e-16,SUCCESS_EXACT,15.842832037887357,4.6549269502782705e-17,4.2105263157894735,18.94736842105263,2.3157894736842106,3.3157894736842106,6.315789473684211,0.0,2.1052631578947385,0.5263157894736847,1.1578947368421053,1.1052631578947367,0.0,1.0526315789473684,0.05263157894736847,0.052631578947368474,37.73684210526316,18.263157894736842,1.0,0.050000000000000044,0.052631578947368474,q2,uniform,explore,MC_NOT_CONVERGED,17.306474778834588,1.733543560242409,0.017785781652053377,14.112703102599681,19.781722513216746,0.0,0.0,3.399880873919618,False,9500,19,0.030587737895569234,0.009930862422722385,gap_exceeds_3_paired_se,17.297632341133074,0.025171637222589197,0.0,False,5000,10,0.039545311092410884,0.013816169730427142,B_max_reached_without_gap_tolerance,1101,q2:1101
6,1,1,1,0,12,1.1102230246251565e-16,SUCCESS_EXACT,14.80546552618712,5.982702536407238e-17,4.432132963988919,19.94459833795014,2.326869806094183,3.3240997229916895,6.315789473684211,3.1578947368421053,0.0,0.0,1.1634349030470914,1.10803324099723,1.0526315789473684,1.0526315789473684,0.0,0.0,39.501385041551245,16.498614958448755,1.0,0.0,0.0,q2,uniform,explore,MC_NOT_CONVERGED,15.769797847810223,1.206311134680198,0.01237649110061162,13.58592493560329,17.49417538664944,0.0,0.0,4.936557804943981,False,9500,19,0.030587737895569234,0.009930862422722385,gap_exceeds_3_paired_se,15.769132507853458,0.017432871502860475,0.0,False,5000,10,0.039545311092410884,0.013816169730427142,B_max_reached_without_gap_tolerance,1110,q2:1110
6,1,1,1,1,12,1.1102230246251565e-16,SUCCESS_EXACT,15.842832037887357,4.3821834210889086e-17,4.2105263157894735,18.94736842105263,2.3157894736842106,3.3157894736842106,6.315789473684211,3.1578947368421053,2.1052631578947385,0.0,1.1578947368421053,1.1052631578947367,1.0526315789473684,1.0526315789473684,0.05263157894736847,0.0,40.368421052631575,15.631578947368425,1.0,0.0,0.0,q2,uniform,explore,MC_NOT_CONVERGED,14.748678768467569,1.5624210267955017,0.01603010150334843,11.887859248276882,16.982776016630883,0.0,0.0,5.957676884286638,False,9500,19,0.030587737895569234,0.009930862422722385,gap_exceeds_3_paired_se,14.742137409890601,0.022671554758350046,0.0,False,5000,10,0.039545311092410884,0.013816169730427142,B_max_reached_without_gap_tolerance,1111,q2:1111
6,0,0,0,0,17,1.1102230246251565e-16,SUCCESS_EXACT,22.014824588091468,4.2275508614432535e-17,4.665403119988335,20.994314039947515,0.0,0.0,6.998104679982505,0.0,0.0,1.6635077999708416,0.0,0.0,0.0,1.1663507799970843,0.0,0.1663507799970842,34.3213296398892,21.6786703601108,1.0,0.14262500000000006,0.1663507799970842,q2,jeffreys,explore,SUCCESS_MC_TOL,20.98139215399911,1.8704742758882973,0.02645250089031224,17.561984311970164,23.70824366827126,0.6296,0.0,0.2901124769616279,True,5000,10,0.16338792147929126,0.012859350384955316,gap_exceeds_3_paired_se,20.97671621626916,0.04349393418105794,0.6165,True,2000,4,0.14138042113983573,0.02082144014807029,gap_exceeds_3_paired_se,0000,q2:0000
6,0,0,0,1,17,1.1102230246251565e-16,NON_ABSORBING,,,,,,,,,,,,,,,,,,,,,,q2,jeffreys,explore,SUCCESS_MC_TOL,,,,,,,,,False,5000,10,0.16338792147929126,0.012859350384955316,gap_exceeds_3_paired_se,,,,False,2000,4,0.14138042113983573,0.02082144014807029,gap_exceeds_3_paired_se,0001,q2:0001
6,0,0,1,0,17,1.1102230246251565e-16,SUCCESS_EXACT,22.014824588091468,4.8749761734697147e-17,4.665403119988335,20.994314039947515,0.0,0.0,6.998104679982505,3.4990523399912523,0.0,0.0,0.0,0.0,1.1663507799970843,1.1663507799970843,0.0,0.0,36.15687417990961,19.843125820090393,1.0,0.0,0.0,q2,jeffreys,explore,SUCCESS_MC_TOL,19.27429359931506,1.525913225066769,0.02157967177893894,16.484776675554613,21.49883036095813,0.0,0.0,1.997211031645675,False,5000,10,0.16338792147929126,0.012859350384955316,gap_exceeds_3_paired_se,19.27047901853537,0.03548189367402095,0.0,False,2000,4,0.14138042113983573,0.02082144014807029,gap_exceeds_3_paired_se,0010,q2:0010
6,0,0,1,1,17,1.1102230246251565e-16,NON_ABSORBING,,,,,,,,,,,,,,,,,,,,,,q2,jeffreys,explore,SUCCESS_MC_TOL,,,,,,,,,False,5000,10,0.16338792147929126,0.012859350384955316,gap_exceeds_3_paired_se,,,,False,2000,4,0.14138042113983573,0.02082144014807029,gap_exceeds_3_paired_se,0011,q2:0011
6,0,1,0,0,15,1.1102230246251565e-16,SUCCESS_EXACT,18.06248782777564,3.7004801471027506e-17,4.432132963988919,20.994314039947515,0.0,3.4990523399912528,6.648199445983379,0.0,0.0,1.0803324099722995,0.0,1.1663507799970843,0.0,1.10803324099723,0.0,0.10803324099722997,36.65403119988336,19.345968800116637,1.0,0.09750000000000004,0.10803324099722997,q2,jeffreys,explore,SUCCESS_MC_TOL,18.73793202393535,1.6981935152847867,0.02401608300849787,15.588083442903311,21.147346173191927,0.0008,0.0,2.5335726070253894,False,5000,10,0.16338792147929126,0.012859350384955316,gap_exceeds_3_paired_se,18.718204629206202,0.039690890337701776,0.0005,False,2000,4,0.14138042113983573,0.02082144014807029,gap_exceeds_3_paired_se,0100,q2:0100
6,0,1,0,1,15,1.1102230246251565e-16,NON_ABSORBING,,,,,,,,,,,,,,,,,,,,,,q2,jeffreys,explore,SUCCESS_MC_TOL,,,,,,,,,False,5000,10,0.16338792147929126,0.012859350384955316,gap_exceeds_3_paired_se,,,,False,2000,4,0.14138042113983573,0.02082144014807029,gap_exceeds_3_paired_se,0101,q2:0101
6,0,1,1,0,15,1.1102230246251565e-16,SUCCESS_EXACT,18.06248782777564,4.203656440700061e-17,4.432132963988919,20.994314039947515,0.0,3.4990523399912528,6.648199445983379,3.3240997229916895,0.0,0.0,0.0,1.1663507799970843,1.10803324099723,1.10803324099723,0.0,0.0,38.89779851290275,17.102201487097247,1.0,0.0,0.0,q2,jeffreys,explore,SUCCESS_MC_TOL,16.57210929797623,1.4562009745281908,0.020593791677186852,13.898959132459385,18.65464412933911,0.0,0.0,4.699395332984513,False,5000,10,0.16338792147929126,0.012859350384955316,gap_exceeds_3_paired_se,16.558382066604516,0.0340019353961889,0.0,False,2000,4,0.14138042113983573,0.02082144014807029,gap_exceeds_3_paired_se,0110,q2:0110
6,0,1,1,1,15,1.1102230246251565e-16,NON_ABSORBING,,,,,,,,,,,,,,,,,,,,,,q2,jeffreys,explore,SUCCESS_MC_TOL,,,,,,,,,False,5000,10,0.16338792147929126,0.012859350384955316,gap_exceeds_3_paired_se,,,,False,2000,4,0.14138042113983573,0.02082144014807029,gap_exceeds_3_paired_se,0111,q2:0111
6,1,0,0,0,13,1.1102230246251565e-16,SUCCESS_EXACT,16.481003766732023,3.5226301173337057e-17,4.665403119988337,19.944598337950143,2.3327015599941685,0.0,6.648199445983379,0.0,0.0,1.0803324099722997,1.1663507799970843,0.0,0.0,1.10803324099723,0.0,0.10803324099722997,34.67123487388833,21.32876512611167,1.0,0.09750000000000004,0.10803324099722997,q2,jeffreys,explore,SUCCESS_MC_TOL,20.81800423251982,1.5395719592837662,0.021772835450684206,18.037427182745766,23.028895980312864,0.3696,0.0,0.45350039844092155,False,5000,10,0.16338792147929126,0.012859350384955316,gap_exceeds_3_paired_se,20.835335795129325,0.035537773535321726,0.383,False,2000,4,0.14138042113983573,0.02082144014807029,gap_exceeds_3_paired_se,1000,q2:1000
6,1,0,0,1,13,1.1102230246251565e-16,NON_ABSORBING,,,,,,,,,,,,,,,,,,,,,,q2,jeffreys,explore,SUCCESS_MC_TOL,,,,,,,,,False,5000,10,0.16338792147929126,0.012859350384955316,gap_exceeds_3_paired_se,,,,False,2000,4,0.14138042113983573,0.02082144014807029,gap_exceeds_3_paired_se,1001,q2:1001
6,1,0,1,0,13,1.1102230246251565e-16,SUCCESS_EXACT,16.481003766732023,3.8886524994995354e-17,4.665403119988337,19.944598337950143,2.3327015599941685,0.0,6.648199445983379,3.3240997229916895,0.0,0.0,1.1663507799970843,0.0,1.10803324099723,1.10803324099723,0.0,0.0,36.91500218690772,19.08499781309228,1.0,0.0,0.0,q2,jeffreys,explore,SUCCESS_MC_TOL,18.656726635474687,1.2761715433888883,0.018047791045751705,16.35021097075135,20.490278398266796,0.0,0.0,2.6147779954860524,False,5000,10,0.16338792147929126,0.012859350384955316,gap_exceeds_3_paired_se,18.67033793102631,0.029473367820416093,0.0,False,2000,4,0.14138042113983573,0.02082144014807029,gap_exceeds_3_paired_se,1010,q2:1010
6,1,0,1,1,13,1.1102230246251565e-16,NON_ABSORBING,,,,,,,,,,,,,,,,,,,,,,q2,jeffreys,explore,SUCCESS_MC_TOL,,,,,,,,,False,5000,10,0.16338792147929126,0.012859350384955316,gap_exceeds_3_paired_se,,,,False,2000,4,0.14138042113983573,0.02082144014807029,gap_exceeds_3_paired_se,1011,q2:1011
6,1,1,0,0,12,1.1102230246251565e-16,SUCCESS_EXACT,14.80546552618712,5.713061761366367e-17,4.432132963988919,19.94459833795014,2.326869806094183,3.3240997229916895,6.315789473684211,0.0,0.0,0.5263157894736847,1.1634349030470914,1.10803324099723,0.0,1.0526315789473684,0.0,0.052631578947368474,36.86980609418283,19.130193905817173,1.0,0.050000000000000044,0.052631578947368474,q2,jeffreys,explore,SUCCESS_MC_TOL,18.718834614631987,1.2872666921362395,0.018204700144102214,16.34907010422272,20.537981842132897,0.0,0.0,2.5526700163287503,False,5000,10,0.16338792147929126,0.012859350384955316,gap_exceeds_3_paired_se,18.723125369193944,0.02986702601981913,0.0,False,2000,4,0.14138042113983573,0.02082144014807029,gap_exceeds_3_paired_se,1100,q2:1100
6,1,1,0,1,12,1.1102230246251565e-16,SUCCESS_EXACT,15.842832037887357,4.6549269502782705e-17,4.2105263157894735,18.94736842105263,2.3157894736842106,3.3157894736842106,6.315789473684211,0.0,2.1052631578947385,0.5263157894736847,1.1578947368421053,1.1052631578947367,0.0,1.0526315789473684,0.05263157894736847,0.052631578947368474,37.73684210526316,18.263157894736842,1.0,0.050000000000000044,0.052631578947368474,q2,jeffreys,explore,SUCCESS_MC_TOL,17.774844721436413,1.6380370876050017,0.02316534264961119,14.726773028666468,20.06465459180834,0.0,0.0,3.496659909524329,False,5000,10,0.16338792147929126,0.012859350384955316,gap_exceeds_3_paired_se,17.77542502885129,0.038030285984924424,0.0,False,2000,4,0.14138042113983573,0.02082144014807029,gap_exceeds_3_paired_se,1101,q2:1101
6,1,1,1,0,12,1.1102230246251565e-16,SUCCESS_EXACT,14.80546552618712,5.982702536407238e-17,4.432132963988919,19.94459833795014,2.326869806094183,3.3240997229916895,6.315789473684211,3.1578947368421053,0.0,0.0,1.1634349030470914,1.10803324099723,1.0526315789473684,1.0526315789473684,0.0,0.0,39.501385041551245,16.498614958448755,1.0,0.0,0.0,q2,jeffreys,explore,SUCCESS_MC_TOL,16.12401167072976,1.1399050579567054,0.016120691927800617,14.038170081724756,17.752301146273602,0.0,0.0,5.147492960230977,False,5000,10,0.16338792147929126,0.012859350384955316,gap_exceeds_3_paired_se,16.129697416738363,0.02643139046451208,0.0,False,2000,4,0.14138042113983573,0.02082144014807029,gap_exceeds_3_paired_se,1110,q2:1110
6,1,1,1,1,12,1.1102230246251565e-16,SUCCESS_EXACT,15.842832037887357,4.3821834210889086e-17,4.2105263157894735,18.94736842105263,2.3157894736842106,3.3157894736842106,6.315789473684211,3.1578947368421053,2.1052631578947385,0.0,1.1578947368421053,1.1052631578947367,1.0526315789473684,1.0526315789473684,0.05263157894736847,0.0,40.368421052631575,15.631578947368425,1.0,0.0,0.0,q2,jeffreys,explore,SUCCESS_MC_TOL,15.180021777534183,1.4774491352651218,0.020894286048083365,12.426893966079904,17.270683222526998,0.0,0.0,6.091482853426556,False,5000,10,0.16338792147929126,0.012859350384955316,gap_exceeds_3_paired_se,15.181997076395714,0.034300458549772574,0.0,False,2000,4,0.14138042113983573,0.02082144014807029,gap_exceeds_3_paired_se,1111,q2:1111
