case,prior,bad_counts,good_counts,h_remaining,stop_value,value,action,action_values,terminal_policy,terminal_status,bellman_residual
1,uniform,"[4, 0, 0]","[0, 0, 0]",0,16.744444444444444,16.744444444444444,STOP,"{""STOP"": 16.744444444444444}",1101,VALUE_INTEGRATION_CONVERGED,0.0
1,uniform,"[3, 0, 0]","[1, 0, 0]",0,16.821367521367524,16.821367521367524,STOP,"{""STOP"": 16.821367521367524}",1101,VALUE_INTEGRATION_CONVERGED,0.0
1,uniform,"[3, 1, 0]","[0, 0, 0]",0,16.577777777777783,16.577777777777783,STOP,"{""STOP"": 16.577777777777783}",1101,VALUE_INTEGRATION_CONVERGED,0.0
1,uniform,"[3, 0, 0]","[0, 1, 0]",0,16.83931623931624,16.83931623931624,STOP,"{""STOP"": 16.83931623931624}",1101,VALUE_INTEGRATION_CONVERGED,0.0
1,uniform,"[3, 0, 1]","[0, 0, 0]",0,16.56666666666667,16.56666666666667,STOP,"{""STOP"": 16.56666666666667}",1101,VALUE_INTEGRATION_CONVERGED,0.0
1,uniform,"[3, 0, 0]","[0, 0, 1]",0,16.84065934065934,16.84065934065934,STOP,"{""STOP"": 16.84065934065934}",1101,VALUE_INTEGRATION_CONVERGED,0.0
1,uniform,"[3, 0, 0]","[0, 0, 0]",1,16.81111111111111,16.81111111111111,STOP,"{""STOP"": 16.81111111111111, ""p1"": 14.811111111111114, ""p2"": 13.811111111111112, ""pf"": -14.188888888888892}",1101,VALUE_INTEGRATION_CONVERGED,0.0
1,uniform,"[2, 0, 0]","[2, 0, 0]",0,16.89661835748791,16.89661835748791,STOP,"{""STOP"": 16.89661835748791}",1101,VALUE_INTEGRATION_CONVERGED,0.0
1,uniform,"[2, 1, 0]","[1, 0, 0]",0,16.65396825396825,16.65396825396825,STOP,"{""STOP"": 16.65396825396825}",1101,VALUE_INTEGRATION_CONVERGED,0.0
1,uniform,"[2, 0, 0]","[1, 1, 0]",0,16.91550671550672,16.91550671550672,STOP,"{""STOP"": 16.91550671550672}",1101,VALUE_INTEGRATION_CONVERGED,0.0
1,uniform,"[2, 0, 1]","[1, 0, 0]",0,16.642857142857146,16.642857142857146,STOP,"{""STOP"": 16.642857142857146}",1101,VALUE_INTEGRATION_CONVERGED,0.0
1,uniform,"[2, 0, 0]","[1, 0, 1]",0,16.916849816849812,16.916849816849812,STOP,"{""STOP"": 16.916849816849812}",1101,VALUE_INTEGRATION_CONVERGED,0.0
1,uniform,"[2, 0, 0]","[1, 0, 0]",1,16.887301587301582,16.887301587301582,STOP,"{""STOP"": 16.887301587301582, ""p1"": 14.887301587301577, ""p2"": 13.88730158730159, ""pf"": -14.112698412698418}",1101,VALUE_INTEGRATION_CONVERGED,0.0
1,uniform,"[2, 2, 0]","[0, 0, 0]",0,16.411111111111104,16.411111111111104,STOP,"{""STOP"": 16.411111111111104}",1101,VALUE_INTEGRATION_CONVERGED,0.0
1,uniform,"[2, 1, 0]","[0, 1, 0]",0,16.675213675213676,16.675213675213676,STOP,"{""STOP"": 16.675213675213676}",1101,VALUE_INTEGRATION_CONVERGED,0.0
1,uniform,"[2, 1, 1]","[0, 0, 0]",0,16.400000000000016,16.400000000000016,STOP,"{""STOP"": 16.400000000000016}",1101,VALUE_INTEGRATION_CONVERGED,0.0
1,uniform,"[2, 1, 0]","[0, 0, 1]",0,16.67399267399267,16.67399267399267,STOP,"{""STOP"": 16.67399267399267}",1101,VALUE_INTEGRATION_CONVERGED,0.0
1,uniform,"[2, 1, 0]","[0, 0, 0]",1,16.644444444444446,16.644444444444446,STOP,"{""STOP"": 16.644444444444446, ""p1"": 14.644444444444442, ""p2"": 13.644444444444446, ""pf"": -14.355555555555558}",1101,VALUE_INTEGRATION_CONVERGED,0.0
1,uniform,"[2, 0, 0]","[0, 2, 0]",0,16.933574879227052,16.933574879227052,STOP,"{""STOP"": 16.933574879227052}",1101,VALUE_INTEGRATION_CONVERGED,0.0
1,uniform,"[2, 0, 1]","[0, 1, 0]",0,16.661538461538463,16.661538461538463,STOP,"{""STOP"": 16.661538461538463}",1101,VALUE_INTEGRATION_CONVERGED,0.0
1,uniform,"[2, 0, 0]","[0, 1, 1]",0,16.935531135531136,16.935531135531136,STOP,"{""STOP"": 16.935531135531136}",1101,VALUE_INTEGRATION_CONVERGED,0.0
1,uniform,"[2, 0, 0]","[0, 1, 0]",1,16.905982905982903,16.905982905982903,STOP,"{""STOP"": 16.905982905982903, ""p1"": 14.90598290598291, ""p2"": 13.905982905982906, ""pf"": -14.094017094017095}",1101,VALUE_INTEGRATION_CONVERGED,0.0
1,uniform,"[2, 0, 2]","[0, 0, 0]",0,16.38888888888889,16.38888888888889,STOP,"{""STOP"": 16.38888888888889}",1101,VALUE_INTEGRATION_CONVERGED,0.0
1,uniform,"[2, 0, 1]","[0, 0, 1]",0,16.665567765567754,16.665567765567754,STOP,"{""STOP"": 16.665567765567754}",1101,VALUE_INTEGRATION_CONVERGED,0.0
1,uniform,"[2, 0, 1]","[0, 0, 0]",1,16.633333333333333,16.633333333333333,STOP,"{""STOP"": 16.633333333333333, ""p1"": 14.633333333333336, ""p2"": 13.633333333333336, ""pf"": -14.366666666666674}",1101,VALUE_INTEGRATION_CONVERGED,0.0
1,uniform,"[2, 0, 0]","[0, 0, 2]",0,16.936231884057968,16.936231884057968,STOP,"{""STOP"": 16.936231884057968}",1101,VALUE_INTEGRATION_CONVERGED,0.0
1,uniform,"[2, 0, 0]","[0, 0, 1]",1,16.907326007326002,16.907326007326002,STOP,"{""STOP"": 16.907326007326002, ""p1"": 14.907326007326004, ""p2"": 13.907326007326006, ""pf"": -14.092673992673994}",1101,VALUE_INTEGRATION_CONVERGED,0.0
1,uniform,"[2, 0, 0]","[0, 0, 0]",2,16.877777777777776,16.877777777777776,STOP,"{""STOP"": 16.877777777777776, ""p1"": 14.877777777777773, ""p2"": 13.877777777777773, ""pf"": -14.122222222222225}",1101,VALUE_INTEGRATION_CONVERGED,0.0
1,uniform,"[1, 0, 0]","[3, 0, 0]",0,16.970250896057337,16.970250896057337,STOP,"{""STOP"": 16.970250896057337}",1101,VALUE_INTEGRATION_CONVERGED,0.0
1,uniform,"[1, 1, 0]","[2, 0, 0]",0,16.728502415458948,16.728502415458948,STOP,"{""STOP"": 16.728502415458948}",1101,VALUE_INTEGRATION_CONVERGED,0.0
1,uniform,"[1, 0, 0]","[2, 1, 0]",0,16.990040876997398,16.990040876997398,STOP,"{""STOP"": 16.990040876997398}",1101,VALUE_INTEGRATION_CONVERGED,0.0
1,uniform,"[1, 0, 1]","[2, 0, 0]",0,16.717391304347828,16.717391304347828,STOP,"{""STOP"": 16.717391304347828}",1101,VALUE_INTEGRATION_CONVERGED,0.0
1,uniform,"[1, 0, 0]","[2, 0, 1]",0,16.991383978340494,16.991383978340494,STOP,"{""STOP"": 16.991383978340494}",1101,VALUE_INTEGRATION_CONVERGED,0.0
1,uniform,"[1, 0, 0]","[2, 0, 0]",1,16.961835748792264,16.961835748792264,STOP,"{""STOP"": 16.961835748792264, ""p1"": 14.961835748792259, ""p2"": 13.96183574879227, ""pf"": -14.038164251207737}",1101,VALUE_INTEGRATION_CONVERGED,0.0
1,uniform,"[1, 2, 0]","[1, 0, 0]",0,16.48656898656899,16.48656898656899,STOP,"{""STOP"": 16.48656898656899}",1101,VALUE_INTEGRATION_CONVERGED,0.0
1,uniform,"[1, 1, 0]","[1, 1, 0]",0,16.750671550671527,16.750671550671527,STOP,"{""STOP"": 16.750671550671527}",1101,VALUE_INTEGRATION_CONVERGED,0.0
1,uniform,"[1, 1, 1]","[1, 0, 0]",0,16.475457875457888,16.475457875457888,STOP,"{""STOP"": 16.475457875457888}",1101,VALUE_INTEGRATION_CONVERGED,0.0
1,uniform,"[1, 1, 0]","[1, 0, 1]",0,16.749450549450547,16.749450549450547,STOP,"{""STOP"": 16.749450549450547}",1101,VALUE_INTEGRATION_CONVERGED,0.0
1,uniform,"[1, 1, 0]","[1, 0, 0]",1,16.71990231990231,16.71990231990231,STOP,"{""STOP"": 16.71990231990231, ""p1"": 14.71990231990233, ""p2"": 13.7199023199023, ""pf"": -14.28009768009768}",1101,VALUE_INTEGRATION_CONVERGED,0.0
1,uniform,"[1, 0, 0]","[1, 2, 0]",0,17.00903275468492,17.00903275468492,STOP,"{""STOP"": 17.00903275468492}",1101,VALUE_INTEGRATION_CONVERGED,0.0
1,uniform,"[1, 0, 1]","[1, 1, 0]",0,16.736996336996334,16.736996336996334,STOP,"{""STOP"": 16.736996336996334}",1101,VALUE_INTEGRATION_CONVERGED,0.0
1,uniform,"[1, 0, 0]","[1, 1, 1]",0,17.01098901098901,17.01098901098901,STOP,"{""STOP"": 17.01098901098901}",1101,VALUE_INTEGRATION_CONVERGED,0.0
1,uniform,"[1, 0, 0]","[1, 1, 0]",1,16.98144078144078,16.98144078144078,STOP,"{""STOP"": 16.98144078144078, ""p1"": 14.981440781440782, ""p2"": 13.98144078144077, ""pf"": -14.018559218559218}",1101,VALUE_INTEGRATION_CONVERGED,0.0
1,uniform,"[1, 0, 2]","[1, 0, 0]",0,16.464346764346757,16.464346764346757,STOP,"{""STOP"": 16.464346764346757}",1101,VALUE_INTEGRATION_CONVERGED,0.0
1,uniform,"[1, 0, 1]","[1, 0, 1]",0,16.741025641025637,16.741025641025637,STOP,"{""STOP"": 16.741025641025637}",1101,VALUE_INTEGRATION_CONVERGED,0.0
1,uniform,"[1, 0, 1]","[1, 0, 0]",1,16.70879120879121,16.70879120879121,STOP,"{""STOP"": 16.70879120879121, ""p1"": 14.708791208791212, ""p2"": 13.708791208791206, ""pf"": -14.291208791208794}",1101,VALUE_INTEGRATION_CONVERGED,0.0
1,uniform,"[1, 0, 0]","[1, 0, 2]",0,17.011689759515836,17.011689759515836,STOP,"{""STOP"": 17.011689759515836}",1101,VALUE_INTEGRATION_CONVERGED,0.0
1,uniform,"[1, 0, 0]","[1, 0, 1]",1,16.98278388278387,16.98278388278387,STOP,"{""STOP"": 16.98278388278387, ""p1"": 14.982783882783876, ""p2"": 13.982783882783881, ""pf"": -14.017216117216126}",1101,VALUE_INTEGRATION_CONVERGED,0.0
1,uniform,"[1, 0, 0]","[1, 0, 0]",2,16.95323565323565,16.95323565323565,STOP,"{""STOP"": 16.95323565323565, ""p1"": 14.953235653235646, ""p2"": 13.953235653235652, ""pf"": -14.046764346764359}",1101,VALUE_INTEGRATION_CONVERGED,0.0
1,uniform,"[1, 3, 0]","[0, 0, 0]",0,16.244444444444454,16.244444444444454,STOP,"{""STOP"": 16.244444444444454}",1101,VALUE_INTEGRATION_CONVERGED,0.0
1,uniform,"[1, 2, 0]","[0, 1, 0]",0,16.51111111111109,16.51111111111109,STOP,"{""STOP"": 16.51111111111109}",1101,VALUE_INTEGRATION_CONVERGED,0.0
1,uniform,"[1, 2, 1]","[0, 0, 0]",0,16.23333333333335,16.23333333333335,STOP,"{""STOP"": 16.23333333333335}",1101,VALUE_INTEGRATION_CONVERGED,0.0
1,uniform,"[1, 2, 0]","[0, 0, 1]",0,16.50732600732601,16.50732600732601,STOP,"{""STOP"": 16.50732600732601}",1101,VALUE_INTEGRATION_CONVERGED,0.0
1,uniform,"[1, 2, 0]","[0, 0, 0]",1,16.47777777777777,16.47777777777777,STOP,"{""STOP"": 16.47777777777777, ""p1"": 14.477777777777781, ""p2"": 13.477777777777762, ""pf"": -14.522222222222219}",1101,VALUE_INTEGRATION_CONVERGED,0.0
1,uniform,"[1, 1, 0]","[0, 2, 0]",0,16.771980676328496,16.771980676328496,STOP,"{""STOP"": 16.771980676328496}",1101,VALUE_INTEGRATION_CONVERGED,0.0
1,uniform,"[1, 1, 1]","[0, 1, 0]",0,16.497435897435903,16.497435897435903,STOP,"{""STOP"": 16.497435897435903}",1101,VALUE_INTEGRATION_CONVERGED,0.0
1,uniform,"[1, 1, 0]","[0, 1, 1]",0,16.771428571428572,16.771428571428572,STOP,"{""STOP"": 16.771428571428572}",1101,VALUE_INTEGRATION_CONVERGED,0.0
1,uniform,"[1, 1, 0]","[0, 1, 0]",1,16.741880341880336,16.741880341880336,STOP,"{""STOP"": 16.741880341880336, ""p1"": 14.741880341880321, ""p2"": 13.741880341880334, ""pf"": -14.258119658119659}",1101,VALUE_INTEGRATION_CONVERGED,0.0
1,uniform,"[1, 1, 2]","[0, 0, 0]",0,16.222222222222236,16.222222222222236,STOP,"{""STOP"": 16.222222222222236}",1101,VALUE_INTEGRATION_CONVERGED,0.0
1,uniform,"[1, 1, 1]","[0, 0, 1]",0,16.498901098901094,16.498901098901094,STOP,"{""STOP"": 16.498901098901094}",1101,VALUE_INTEGRATION_CONVERGED,0.0
1,uniform,"[1, 1, 1]","[0, 0, 0]",1,16.466666666666683,16.466666666666683,STOP,"{""STOP"": 16.466666666666683, ""p1"": 14.46666666666668, ""p2"": 13.466666666666674, ""pf"": -14.533333333333335}",1101,VALUE_INTEGRATION_CONVERGED,0.0
1,uniform,"[1, 1, 0]","[0, 0, 2]",0,16.76956521739131,16.76956521739131,STOP,"{""STOP"": 16.76956521739131}",1101,VALUE_INTEGRATION_CONVERGED,0.0
1,uniform,"[1, 1, 0]","[0, 0, 1]",1,16.74065934065935,16.74065934065935,STOP,"{""STOP"": 16.74065934065935, ""p1"": 14.740659340659338, ""p2"": 13.740659340659343, ""pf"": -14.259340659340653}",1101,VALUE_INTEGRATION_CONVERGED,0.0
1,uniform,"[1, 1, 0]","[0, 0, 0]",2,16.711111111111116,16.711111111111116,STOP,"{""STOP"": 16.711111111111116, ""p1"": 14.711111111111103, ""p2"": 13.711111111111105, ""pf"": -14.28888888888888}",1101,VALUE_INTEGRATION_CONVERGED,0.0
1,uniform,"[1, 0, 0]","[0, 3, 0]",0,17.027240143369177,17.027240143369177,STOP,"{""STOP"": 17.027240143369177}",1101,VALUE_INTEGRATION_CONVERGED,0.0
1,uniform,"[1, 0, 1]","[0, 2, 0]",0,16.755797101449268,16.755797101449268,STOP,"{""STOP"": 16.755797101449268}",1101,VALUE_INTEGRATION_CONVERGED,0.0
1,uniform,"[1, 0, 0]","[0, 2, 1]",0,17.029789775441944,17.029789775441944,STOP,"{""STOP"": 17.029789775441944}",1101,VALUE_INTEGRATION_CONVERGED,0.0
1,uniform,"[1, 0, 0]","[0, 2, 0]",1,17.00024154589373,17.00024154589373,STOP,"{""STOP"": 17.00024154589373, ""p1"": 15.000241545893713, ""p2"": 14.000241545893722, ""pf"": -13.999758454106287}",1101,VALUE_INTEGRATION_CONVERGED,0.0
1,uniform,"[1, 0, 2]","[0, 1, 0]",0,16.48376068376067,16.48376068376067,STOP,"{""STOP"": 16.48376068376067}",1101,VALUE_INTEGRATION_CONVERGED,0.0
1,uniform,"[1, 0, 1]","[0, 1, 1]",0,16.760439560439558,16.760439560439558,STOP,"{""STOP"": 16.760439560439558}",1101,VALUE_INTEGRATION_CONVERGED,0.0
1,uniform,"[1, 0, 1]","[0, 1, 0]",1,16.72820512820514,16.72820512820514,STOP,"{""STOP"": 16.72820512820514, ""p1"": 14.728205128205126, ""p2"": 13.728205128205122, ""pf"": -14.271794871794873}",1101,VALUE_INTEGRATION_CONVERGED,0.0
1,uniform,"[1, 0, 0]","[0, 1, 2]",0,17.031103678929778,17.031103678929778,STOP,"{""STOP"": 17.031103678929778}",1101,VALUE_INTEGRATION_CONVERGED,0.0
1,uniform,"[1, 0, 0]","[0, 1, 1]",1,17.002197802197806,17.002197802197806,STOP,"{""STOP"": 17.002197802197806, ""p1"": 15.002197802197802, ""p2"": 14.002197802197799, ""pf"": -13.997802197802187}",1101,VALUE_INTEGRATION_CONVERGED,0.0
1,uniform,"[1, 0, 0]","[0, 1, 0]",2,16.97264957264958,16.97264957264958,STOP,"{""STOP"": 16.97264957264958, ""p1"": 14.972649572649573, ""p2"": 13.97264957264958, ""pf"": -14.027350427350424}",1101,VALUE_INTEGRATION_CONVERGED,0.0
1,uniform,"[1, 0, 3]","[0, 0, 0]",0,16.211111111111116,16.211111111111116,STOP,"{""STOP"": 16.211111111111116}",1101,VALUE_INTEGRATION_CONVERGED,0.0
1,uniform,"[1, 0, 2]","[0, 0, 1]",0,16.4904761904762,16.4904761904762,STOP,"{""STOP"": 16.4904761904762}",1101,VALUE_INTEGRATION_CONVERGED,0.0
1,uniform,"[1, 0, 2]","[0, 0, 0]",1,16.455555555555552,16.455555555555552,STOP,"{""STOP"": 16.455555555555552, ""p1"": 14.45555555555555, ""p2"": 13.455555555555545, ""pf"": -14.544444444444435}",1101,VALUE_INTEGRATION_CONVERGED,0.0
1,uniform,"[1, 0, 1]","[0, 0, 2]",0,16.76376811594203,16.76376811594203,STOP,"{""STOP"": 16.76376811594203}",1101,VALUE_INTEGRATION_CONVERGED,0.0
1,uniform,"[1, 0, 1]","[0, 0, 1]",1,16.73223443223442,16.73223443223442,STOP,"{""STOP"": 16.73223443223442, ""p1"": 14.732234432234428, ""p2"": 13.732234432234428, ""pf"": -14.267765567765565}",1101,VALUE_INTEGRATION_CONVERGED,0.0
1,uniform,"[1, 0, 1]","[0, 0, 0]",2,16.700000000000006,16.700000000000006,STOP,"{""STOP"": 16.700000000000006, ""p1"": 14.700000000000005, ""p2"": 13.700000000000012, ""pf"": -14.300000000000008}",1101,VALUE_INTEGRATION_CONVERGED,0.0
1,uniform,"[1, 0, 0]","[0, 0, 3]",0,17.03118279569891,17.03118279569891,STOP,"{""STOP"": 17.03118279569891}",1101,VALUE_INTEGRATION_CONVERGED,0.0
1,uniform,"[1, 0, 0]","[0, 0, 2]",1,17.002898550724638,17.002898550724638,STOP,"{""STOP"": 17.002898550724638, ""p1"": 15.00289855072463, ""p2"": 14.002898550724648, ""pf"": -13.997101449275373}",1101,VALUE_INTEGRATION_CONVERGED,0.0
1,uniform,"[1, 0, 0]","[0, 0, 1]",2,16.97399267399267,16.97399267399267,STOP,"{""STOP"": 16.97399267399267, ""p1"": 14.973992673992663, ""p2"": 13.973992673992678, ""pf"": -14.026007326007328}",1101,VALUE_INTEGRATION_CONVERGED,0.0
1,uniform,"[1, 0, 0]","[0, 0, 0]",3,16.94444444444445,16.94444444444445,STOP,"{""STOP"": 16.94444444444445, ""p1"": 14.944444444444443, ""p2"": 13.944444444444452, ""pf"": -14.05555555555556}",1101,VALUE_INTEGRATION_CONVERGED,0.0
1,uniform,"[0, 0, 0]","[4, 0, 0]",0,17.042316784869982,17.042316784869982,STOP,"{""STOP"": 17.042316784869982}",1101,VALUE_INTEGRATION_CONVERGED,0.0
1,uniform,"[0, 1, 0]","[3, 0, 0]",0,16.801433691756266,16.801433691756266,STOP,"{""STOP"": 16.801433691756266}",1101,VALUE_INTEGRATION_CONVERGED,0.0
1,uniform,"[0, 0, 0]","[3, 1, 0]",0,17.062972153294737,17.062972153294737,STOP,"{""STOP"": 17.062972153294737}",1101,VALUE_INTEGRATION_CONVERGED,0.0
1,uniform,"[0, 0, 1]","[3, 0, 0]",0,16.790322580645153,16.790322580645153,STOP,"{""STOP"": 16.790322580645153}",1101,VALUE_INTEGRATION_CONVERGED,0.0
1,uniform,"[0, 0, 0]","[3, 0, 1]",0,17.064315254637833,17.064315254637833,STOP,"{""STOP"": 17.064315254637833}",1101,VALUE_INTEGRATION_CONVERGED,0.0
1,uniform,"[0, 0, 0]","[3, 0, 0]",1,17.0347670250896,17.0347670250896,STOP,"{""STOP"": 17.0347670250896, ""p1"": 15.03476702508961, ""p2"": 14.034767025089607, ""pf"": -13.9652329749104}",1101,VALUE_INTEGRATION_CONVERGED,0.0
1,uniform,"[0, 2, 0]","[2, 0, 0]",0,16.560386473429936,16.560386473429936,STOP,"{""STOP"": 16.560386473429936}",1101,VALUE_INTEGRATION_CONVERGED,0.0
1,uniform,"[0, 1, 0]","[2, 1, 0]",0,16.82448903753251,16.82448903753251,STOP,"{""STOP"": 16.82448903753251}",1101,VALUE_INTEGRATION_CONVERGED,0.0
1,uniform,"[0, 1, 1]","[2, 0, 0]",0,16.54927536231886,16.54927536231886,STOP,"{""STOP"": 16.54927536231886}",1101,VALUE_INTEGRATION_CONVERGED,0.0
1,uniform,"[0, 1, 0]","[2, 0, 1]",0,16.82326803631151,16.82326803631151,STOP,"{""STOP"": 16.82326803631151}",1101,VALUE_INTEGRATION_CONVERGED,0.0
1,uniform,"[0, 1, 0]","[2, 0, 0]",1,16.793719806763274,16.793719806763274,STOP,"{""STOP"": 16.793719806763274, ""p1"": 14.793719806763281, ""p2"": 13.793719806763278, ""pf"": -14.206280193236715}",1101,VALUE_INTEGRATION_CONVERGED,0.0
1,uniform,"[0, 0, 0]","[2, 2, 0]",0,17.082850241545902,17.082850241545902,STOP,"{""STOP"": 17.082850241545902}",1101,VALUE_INTEGRATION_CONVERGED,0.0
1,uniform,"[0, 0, 1]","[2, 1, 0]",0,16.81081382385731,16.81081382385731,STOP,"{""STOP"": 16.81081382385731}",1101,VALUE_INTEGRATION_CONVERGED,0.0
1,uniform,"[0, 0, 0]","[2, 1, 1]",0,17.084806497849968,17.084806497849968,STOP,"{""STOP"": 17.084806497849968}",1101,VALUE_INTEGRATION_CONVERGED,0.0
1,uniform,"[0, 0, 0]","[2, 1, 0]",1,17.055258268301742,17.055258268301742,STOP,"{""STOP"": 17.055258268301742, ""p1"": 15.05525826830175, ""p2"": 14.055258268301754, ""pf"": -13.94474173169826}",1101,VALUE_INTEGRATION_CONVERGED,0.0
1,uniform,"[0, 0, 2]","[2, 0, 0]",0,16.538164251207718,16.538164251207718,STOP,"{""STOP"": 16.538164251207718}",1101,VALUE_INTEGRATION_CONVERGED,0.0
1,uniform,"[0, 0, 1]","[2, 0, 1]",0,16.814843127886597,16.814843127886597,STOP,"{""STOP"": 16.814843127886597}",1101,VALUE_INTEGRATION_CONVERGED,0.0
1,uniform,"[0, 0, 1]","[2, 0, 0]",1,16.78260869565218,16.78260869565218,STOP,"{""STOP"": 16.78260869565218, ""p1"": 14.782608695652167, ""p2"": 13.782608695652181, ""pf"": -14.217391304347833}",1101,VALUE_INTEGRATION_CONVERGED,0.0
1,uniform,"[0, 0, 0]","[2, 0, 2]",0,17.085507246376803,17.085507246376803,STOP,"{""STOP"": 17.085507246376803}",1101,VALUE_INTEGRATION_CONVERGED,0.0
1,uniform,"[0, 0, 0]","[2, 0, 1]",1,17.05660136964485,17.05660136964485,STOP,"{""STOP"": 17.05660136964485, ""p1"": 15.056601369644845, ""p2"": 14.05660136964484, ""pf"": -13.94339863035516}",1101,VALUE_INTEGRATION_CONVERGED,0.0
1,uniform,"[0, 0, 0]","[2, 0, 0]",2,17.027053140096605,17.027053140096605,STOP,"{""STOP"": 17.027053140096605, ""p1"": 15.027053140096612, ""p2"": 14.027053140096612, ""pf"": -13.97294685990338}",1101,VALUE_INTEGRATION_CONVERGED,0.0
1,uniform,"[0, 3, 0]","[1, 0, 0]",0,16.319169719169707,16.319169719169707,STOP,"{""STOP"": 16.319169719169707}",1101,VALUE_INTEGRATION_CONVERGED,0.0
1,uniform,"[0, 2, 0]","[1, 1, 0]",0,16.585836385836373,16.585836385836373,STOP,"{""STOP"": 16.585836385836373}",1101,VALUE_INTEGRATION_CONVERGED,0.0
1,uniform,"[0, 2, 1]","[1, 0, 0]",0,16.308058608058623,16.308058608058623,STOP,"{""STOP"": 16.308058608058623}",1101,VALUE_INTEGRATION_CONVERGED,0.0
1,uniform,"[0, 2, 0]","[1, 0, 1]",0,16.582051282051278,16.582051282051278,STOP,"{""STOP"": 16.582051282051278}",1101,VALUE_INTEGRATION_CONVERGED,0.0
1,uniform,"[0, 2, 0]","[1, 0, 0]",1,16.552503052503056,16.552503052503056,STOP,"{""STOP"": 16.552503052503056, ""p1"": 14.55250305250304, ""p2"": 13.55250305250304, ""pf"": -14.44749694749695}",1101,VALUE_INTEGRATION_CONVERGED,0.0
1,uniform,"[0, 1, 0]","[1, 2, 0]",0,16.846705951053767,16.846705951053767,STOP,"{""STOP"": 16.846705951053767}",1101,VALUE_INTEGRATION_CONVERGED,0.0
1,uniform,"[0, 1, 1]","[1, 1, 0]",0,16.572161172161167,16.572161172161167,STOP,"{""STOP"": 16.572161172161167}",1101,VALUE_INTEGRATION_CONVERGED,0.0
1,uniform,"[0, 1, 0]","[1, 1, 1]",0,16.84615384615384,16.84615384615384,STOP,"{""STOP"": 16.84615384615384}",1101,VALUE_INTEGRATION_CONVERGED,0.0
1,uniform,"[0, 1, 0]","[1, 1, 0]",1,16.816605616605614,16.816605616605614,STOP,"{""STOP"": 16.816605616605614, ""p1"": 14.816605616605607, ""p2"": 13.816605616605607, ""pf"": -14.183394383394392}",1101,VALUE_INTEGRATION_CONVERGED,0.0
1,uniform,"[0, 1, 2]","[1, 0, 0]",0,16.296947496947503,16.296947496947503,STOP,"{""STOP"": 16.296947496947503}",1101,VALUE_INTEGRATION_CONVERGED,0.0
1,uniform,"[0, 1, 1]","[1, 0, 1]",0,16.573626373626375,16.573626373626375,STOP,"{""STOP"": 16.573626373626375}",1101,VALUE_INTEGRATION_CONVERGED,0.0
1,uniform,"[0, 1, 1]","[1, 0, 0]",1,16.541391941391943,16.541391941391943,STOP,"{""STOP"": 16.541391941391943, ""p1"": 14.541391941391959, ""p2"": 13.54139194139194, ""pf"": -14.458608058608057}",1101,VALUE_INTEGRATION_CONVERGED,0.0
1,uniform,"[0, 1, 0]","[1, 0, 2]",0,16.844290492116578,16.844290492116578,STOP,"{""STOP"": 16.844290492116578}",1101,VALUE_INTEGRATION_CONVERGED,0.0
1,uniform,"[0, 1, 0]","[1, 0, 1]",1,16.815384615384623,16.815384615384623,STOP,"{""STOP"": 16.815384615384623, ""p1"": 14.815384615384612, ""p2"": 13.815384615384609, ""pf"": -14.184615384615386}",1101,VALUE_INTEGRATION_CONVERGED,0.0
1,uniform,"[0, 1, 0]","[1, 0, 0]",2,16.785836385836387,16.785836385836387,STOP,"{""STOP"": 16.785836385836387, ""p1"": 14.785836385836376, ""p2"": 13.785836385836385, ""pf"": -14.21416361416361}",1101,VALUE_INTEGRATION_CONVERGED,0.0
1,uniform,"[0, 0, 0]","[1, 3, 0]",0,17.101965418094434,17.101965418094434,STOP,"{""STOP"": 17.101965418094434}",1101,VALUE_INTEGRATION_CONVERGED,0.0
1,uniform,"[0, 0, 1]","[1, 2, 0]",0,16.830522376174564,16.830522376174564,STOP,"{""STOP"": 16.830522376174564}",1101,VALUE_INTEGRATION_CONVERGED,0.0
1,uniform,"[0, 0, 0]","[1, 2, 1]",0,17.104515050167226,17.104515050167226,STOP,"{""STOP"": 17.104515050167226}",1101,VALUE_INTEGRATION_CONVERGED,0.0
1,uniform,"[0, 0, 0]","[1, 2, 0]",1,17.074966820618997,17.074966820618997,STOP,"{""STOP"": 17.074966820618997, ""p1"": 15.074966820619002, ""p2"": 14.074966820618979, ""pf"": -13.925033179381002}",1101,VALUE_INTEGRATION_CONVERGED,0.0
1,uniform,"[0, 0, 2]","[1, 1, 0]",0,16.55848595848596,16.55848595848596,STOP,"{""STOP"": 16.55848595848596}",1101,VALUE_INTEGRATION_CONVERGED,0.0
1,uniform,"[0, 0, 1]","[1, 1, 1]",0,16.83516483516484,16.83516483516484,STOP,"{""STOP"": 16.83516483516484}",1101,VALUE_INTEGRATION_CONVERGED,0.0
1,uniform,"[0, 0, 1]","[1, 1, 0]",1,16.80293040293041,16.80293040293041,STOP,"{""STOP"": 16.80293040293041, ""p1"": 14.802930402930409, ""p2"": 13.802930402930414, ""pf"": -14.197069597069591}",1101,VALUE_INTEGRATION_CONVERGED,0.0
1,uniform,"[0, 0, 0]","[1, 1, 2]",0,17.10582895365505,17.10582895365505,STOP,"{""STOP"": 17.10582895365505}",1101,VALUE_INTEGRATION_CONVERGED,0.0
1,uniform,"[0, 0, 0]","[1, 1, 1]",1,17.076923076923087,17.076923076923087,STOP,"{""STOP"": 17.076923076923087, ""p1"": 15.07692307692307, ""p2"": 14.076923076923078, ""pf"": -13.923076923076916}",1101,VALUE_INTEGRATION_CONVERGED,0.0
1,uniform,"[0, 0, 0]","[1, 1, 0]",2,17.04737484737485,17.04737484737485,STOP,"{""STOP"": 17.04737484737485, ""p1"": 15.047374847374844, ""p2"": 14.047374847374849, ""pf"": -13.952625152625144}",1101,VALUE_INTEGRATION_CONVERGED,0.0
1,uniform,"[0, 0, 3]","[1, 0, 0]",0,16.285836385836383,16.285836385836383,STOP,"{""STOP"": 16.285836385836383}",1101,VALUE_INTEGRATION_CONVERGED,0.0
1,uniform,"[0, 0, 2]","[1, 0, 1]",0,16.56520146520145,16.56520146520145,STOP,"{""STOP"": 16.56520146520145}",1101,VALUE_INTEGRATION_CONVERGED,0.0
1,uniform,"[0, 0, 2]","[1, 0, 0]",1,16.530280830280827,16.530280830280827,STOP,"{""STOP"": 16.530280830280827, ""p1"": 14.53028083028082, ""p2"": 13.53028083028083, ""pf"": -14.469719169719184}",1101,VALUE_INTEGRATION_CONVERGED,0.0
1,uniform,"[0, 0, 1]","[1, 0, 2]",0,16.838493390667303,16.838493390667303,STOP,"{""STOP"": 16.838493390667303}",1101,VALUE_INTEGRATION_CONVERGED,0.0
1,uniform,"[0, 0, 1]","[1, 0, 1]",1,16.806959706959695,16.806959706959695,STOP,"{""STOP"": 16.806959706959695, ""p1"": 14.8069597069597, ""p2"": 13.806959706959711, ""pf"": -14.193040293040298}",1101,VALUE_INTEGRATION_CONVERGED,0.0
1,uniform,"[0, 0, 1]","[1, 0, 0]",2,16.77472527472529,16.77472527472529,STOP,"{""STOP"": 16.77472527472529, ""p1"": 14.77472527472528, ""p2"": 13.77472527472528, ""pf"": -14.225274725274735}",1101,VALUE_INTEGRATION_CONVERGED,0.0
1,uniform,"[0, 0, 0]","[1, 0, 3]",0,17.105908070424192,17.105908070424192,STOP,"{""STOP"": 17.105908070424192}",1101,VALUE_INTEGRATION_CONVERGED,0.0
1,uniform,"[0, 0, 0]","[1, 0, 2]",1,17.077623825449905,17.077623825449905,STOP,"{""STOP"": 17.077623825449905, ""p1"": 15.077623825449903, ""p2"": 14.077623825449919, ""pf"": -13.922376174550093}",1101,VALUE_INTEGRATION_CONVERGED,0.0
1,uniform,"[0, 0, 0]","[1, 0, 1]",2,17.048717948717943,17.048717948717943,STOP,"{""STOP"": 17.048717948717943, ""p1"": 15.04871794871795, ""p2"": 14.048717948717957, ""pf"": -13.951282051282059}",1101,VALUE_INTEGRATION_CONVERGED,0.0
1,uniform,"[0, 0, 0]","[1, 0, 0]",3,17.019169719169707,17.019169719169707,STOP,"{""STOP"": 17.019169719169707, ""p1"": 15.019169719169708, ""p2"": 14.01916971916972, ""pf"": -13.980830280830283}",1101,VALUE_INTEGRATION_CONVERGED,0.0
1,uniform,"[0, 4, 0]","[0, 0, 0]",0,16.07777777777777,16.07777777777777,STOP,"{""STOP"": 16.07777777777777}",1101,VALUE_INTEGRATION_CONVERGED,0.0
1,uniform,"[0, 3, 0]","[0, 1, 0]",0,16.347008547008535,16.347008547008535,STOP,"{""STOP"": 16.347008547008535}",1101,VALUE_INTEGRATION_CONVERGED,0.0
1,uniform,"[0, 3, 1]","[0, 0, 0]",0,16.06666666666667,16.06666666666667,STOP,"{""STOP"": 16.06666666666667}",1101,VALUE_INTEGRATION_CONVERGED,0.0
1,uniform,"[0, 3, 0]","[0, 0, 1]",0,16.340659340659343,16.340659340659343,STOP,"{""STOP"": 16.340659340659343}",1101,VALUE_INTEGRATION_CONVERGED,0.0
1,uniform,"[0, 3, 0]","[0, 0, 0]",1,16.31111111111111,16.31111111111111,STOP,"{""STOP"": 16.31111111111111, ""p1"": 14.311111111111101, ""p2"": 13.3111111111111, ""pf"": -14.688888888888888}",1101,VALUE_INTEGRATION_CONVERGED,0.0
1,uniform,"[0, 2, 0]","[0, 2, 0]",0,16.61038647342993,16.61038647342993,STOP,"{""STOP"": 16.61038647342993}",1101,VALUE_INTEGRATION_CONVERGED,0.0
1,uniform,"[0, 2, 1]","[0, 1, 0]",0,16.33333333333335,16.33333333333335,STOP,"{""STOP"": 16.33333333333335}",1101,VALUE_INTEGRATION_CONVERGED,0.0
1,uniform,"[0, 2, 0]","[0, 1, 1]",0,16.60732600732601,16.60732600732601,STOP,"{""STOP"": 16.60732600732601}",1101,VALUE_INTEGRATION_CONVERGED,0.0
1,uniform,"[0, 2, 0]","[0, 1, 0]",1,16.57777777777778,16.57777777777778,STOP,"{""STOP"": 16.57777777777778, ""p1"": 14.577777777777763, ""p2"": 13.577777777777758, ""pf"": -14.422222222222219}",1101,VALUE_INTEGRATION_CONVERGED,0.0
1,uniform,"[0, 2, 2]","[0, 0, 0]",0,16.05555555555556,16.05555555555556,STOP,"{""STOP"": 16.05555555555556}",1101,VALUE_INTEGRATION_CONVERGED,0.0
1,uniform,"[0, 2, 1]","[0, 0, 1]",0,16.33223443223442,16.33223443223442,STOP,"{""STOP"": 16.33223443223442}",1101,VALUE_INTEGRATION_CONVERGED,0.0
1,uniform,"[0, 2, 1]","[0, 0, 0]",1,16.299999999999997,16.299999999999997,STOP,"{""STOP"": 16.299999999999997, ""p1"": 14.300000000000015, ""p2"": 13.300000000000015, ""pf"": -14.700000000000012}",1101,VALUE_INTEGRATION_CONVERGED,0.0
1,uniform,"[0, 2, 0]","[0, 0, 2]",0,16.602898550724642,16.602898550724642,STOP,"{""STOP"": 16.602898550724642}",1101,VALUE_INTEGRATION_CONVERGED,0.0
1,uniform,"[0, 2, 0]","[0, 0, 1]",1,16.573992673992684,16.573992673992684,STOP,"{""STOP"": 16.573992673992684, ""p1"": 14.57399267399267, ""p2"": 13.573992673992676, ""pf"": -14.426007326007323}",1101,VALUE_INTEGRATION_CONVERGED,0.0
1,uniform,"[0, 2, 0]","[0, 0, 0]",2,16.544444444444444,16.544444444444444,STOP,"{""STOP"": 16.544444444444444, ""p1"": 14.544444444444444, ""p2"": 13.544444444444444, ""pf"": -14.455555555555547}",1101,VALUE_INTEGRATION_CONVERGED,0.0
1,uniform,"[0, 1, 0]","[0, 3, 0]",0,16.86810035842292,16.86810035842292,STOP,"{""STOP"": 16.86810035842292}",1101,VALUE_INTEGRATION_CONVERGED,0.0
1,uniform,"[0, 1, 1]","[0, 2, 0]",0,16.594202898550726,16.594202898550726,STOP,"{""STOP"": 16.594202898550726}",1101,VALUE_INTEGRATION_CONVERGED,0.0
1,uniform,"[0, 1, 0]","[0, 2, 1]",0,16.868195572543392,16.868195572543392,STOP,"{""STOP"": 16.868195572543392}",1101,VALUE_INTEGRATION_CONVERGED,0.0
1,uniform,"[0, 1, 0]","[0, 2, 0]",1,16.838647342995166,16.838647342995166,STOP,"{""STOP"": 16.838647342995166, ""p1"": 14.83864734299516, ""p2"": 13.83864734299515, ""pf"": -14.161352657004835}",1101,VALUE_INTEGRATION_CONVERGED,0.0
1,uniform,"[0, 1, 2]","[0, 1, 0]",0,16.319658119658122,16.319658119658122,STOP,"{""STOP"": 16.319658119658122}",1101,VALUE_INTEGRATION_CONVERGED,0.0
1,uniform,"[0, 1, 1]","[0, 1, 1]",0,16.59633699633698,16.59633699633698,STOP,"{""STOP"": 16.59633699633698}",1101,VALUE_INTEGRATION_CONVERGED,0.0
1,uniform,"[0, 1, 1]","[0, 1, 0]",1,16.56410256410257,16.56410256410257,STOP,"{""STOP"": 16.56410256410257, ""p1"": 14.564102564102559, ""p2"": 13.564102564102567, ""pf"": -14.43589743589745}",1101,VALUE_INTEGRATION_CONVERGED,0.0
1,uniform,"[0, 1, 0]","[0, 1, 2]",0,16.867001114827204,16.867001114827204,STOP,"{""STOP"": 16.867001114827204}",1101,VALUE_INTEGRATION_CONVERGED,0.0
1,uniform,"[0, 1, 0]","[0, 1, 1]",1,16.83809523809522,16.83809523809522,STOP,"{""STOP"": 16.83809523809522, ""p1"": 14.838095238095232, ""p2"": 13.838095238095233, ""pf"": -14.161904761904763}",1101,VALUE_INTEGRATION_CONVERGED,0.0
1,uniform,"[0, 1, 0]","[0, 1, 0]",2,16.80854700854699,16.80854700854699,STOP,"{""STOP"": 16.80854700854699, ""p1"": 14.808547008547004, ""p2"": 13.808547008547006, ""pf"": -14.191452991453007}",1101,VALUE_INTEGRATION_CONVERGED,0.0
1,uniform,"[0, 1, 3]","[0, 0, 0]",0,16.044444444444444,16.044444444444444,STOP,"{""STOP"": 16.044444444444444}",1101,VALUE_INTEGRATION_CONVERGED,0.0
1,uniform,"[0, 1, 2]","[0, 0, 1]",0,16.323809523809537,16.323809523809537,STOP,"{""STOP"": 16.323809523809537}",1101,VALUE_INTEGRATION_CONVERGED,0.0
1,uniform,"[0, 1, 2]","[0, 0, 0]",1,16.28888888888889,16.28888888888889,STOP,"{""STOP"": 16.28888888888889, ""p1"": 14.288888888888895, ""p2"": 13.288888888888893, ""pf"": -14.711111111111098}",1101,VALUE_INTEGRATION_CONVERGED,0.0
1,uniform,"[0, 1, 1]","[0, 0, 2]",0,16.597101449275364,16.597101449275364,STOP,"{""STOP"": 16.597101449275364}",1101,VALUE_INTEGRATION_CONVERGED,0.0
1,uniform,"[0, 1, 1]","[0, 0, 1]",1,16.565567765567764,16.565567765567764,STOP,"{""STOP"": 16.565567765567764, ""p1"": 14.565567765567765, ""p2"": 13.565567765567751, ""pf"": -14.434432234432233}",1101,VALUE_INTEGRATION_CONVERGED,0.0
1,uniform,"[0, 1, 1]","[0, 0, 0]",2,16.53333333333334,16.53333333333334,STOP,"{""STOP"": 16.53333333333334, ""p1"": 14.533333333333337, ""p2"": 13.533333333333339, ""pf"": -14.466666666666665}",1101,VALUE_INTEGRATION_CONVERGED,0.0
1,uniform,"[0, 1, 0]","[0, 0, 3]",0,16.864516129032246,16.864516129032246,STOP,"{""STOP"": 16.864516129032246}",1101,VALUE_INTEGRATION_CONVERGED,0.0
1,uniform,"[0, 1, 0]","[0, 0, 2]",1,16.836231884057973,16.836231884057973,STOP,"{""STOP"": 16.836231884057973, ""p1"": 14.83623188405797, ""p2"": 13.836231884057975, ""pf"": -14.163768115942037}",1101,VALUE_INTEGRATION_CONVERGED,0.0
1,uniform,"[0, 1, 0]","[0, 0, 1]",2,16.80732600732601,16.80732600732601,STOP,"{""STOP"": 16.80732600732601, ""p1"": 14.807326007326013, ""p2"": 13.807326007325994, ""pf"": -14.192673992673988}",1101,VALUE_INTEGRATION_CONVERGED,0.0
1,uniform,"[0, 1, 0]","[0, 0, 0]",3,16.777777777777775,16.777777777777775,STOP,"{""STOP"": 16.777777777777775, ""p1"": 14.777777777777779, ""p2"": 13.777777777777764, ""pf"": -14.222222222222218}",1101,VALUE_INTEGRATION_CONVERGED,0.0
1,uniform,"[0, 0, 0]","[0, 4, 0]",0,17.120330969267144,17.120330969267144,STOP,"{""STOP"": 17.120330969267144}",1101,VALUE_INTEGRATION_CONVERGED,0.0
1,uniform,"[0, 0, 1]","[0, 3, 0]",0,16.8494623655914,16.8494623655914,STOP,"{""STOP"": 16.8494623655914}",1101,VALUE_INTEGRATION_CONVERGED,0.0
1,uniform,"[0, 0, 0]","[0, 3, 1]",0,17.123455039584066,17.123455039584066,STOP,"{""STOP"": 17.123455039584066}",1101,VALUE_INTEGRATION_CONVERGED,0.0
1,uniform,"[0, 0, 0]","[0, 3, 0]",1,17.09390681003584,17.09390681003584,STOP,"{""STOP"": 17.09390681003584, ""p1"": 15.093906810035827, ""p2"": 14.093906810035845, ""pf"": -13.906093189964162}",1101,VALUE_INTEGRATION_CONVERGED,0.0
1,uniform,"[0, 0, 2]","[0, 2, 0]",0,16.578019323671512,16.578019323671512,STOP,"{""STOP"": 16.578019323671512}",1101,VALUE_INTEGRATION_CONVERGED,0.0
1,uniform,"[0, 0, 1]","[0, 2, 1]",0,16.85469820035037,16.85469820035037,STOP,"{""STOP"": 16.85469820035037}",1101,VALUE_INTEGRATION_CONVERGED,0.0
1,uniform,"[0, 0, 1]","[0, 2, 0]",1,16.822463768115945,16.822463768115945,STOP,"{""STOP"": 16.822463768115945, ""p1"": 14.822463768115952, ""p2"": 13.822463768115945, ""pf"": -14.177536231884059}",1101,VALUE_INTEGRATION_CONVERGED,0.0
1,uniform,"[0, 0, 0]","[0, 2, 2]",0,17.125362318840576,17.125362318840576,STOP,"{""STOP"": 17.125362318840576}",1101,VALUE_INTEGRATION_CONVERGED,0.0
1,uniform,"[0, 0, 0]","[0, 2, 1]",1,17.09645644210861,17.09645644210861,STOP,"{""STOP"": 17.09645644210861, ""p1"": 15.096456442108616, ""p2"": 14.096456442108611, ""pf"": -13.903543557891387}",1101,VALUE_INTEGRATION_CONVERGED,0.0
1,uniform,"[0, 0, 0]","[0, 2, 0]",2,17.06690821256038,17.06690821256038,STOP,"{""STOP"": 17.06690821256038, ""p1"": 15.066908212560389, ""p2"": 14.066908212560385, ""pf"": -13.933091787439619}",1101,VALUE_INTEGRATION_CONVERGED,0.0
1,uniform,"[0, 0, 3]","[0, 1, 0]",0,16.30598290598291,16.30598290598291,STOP,"{""STOP"": 16.30598290598291}",1101,VALUE_INTEGRATION_CONVERGED,0.0
1,uniform,"[0, 0, 2]","[0, 1, 1]",0,16.585347985347994,16.585347985347994,STOP,"{""STOP"": 16.585347985347994}",1101,VALUE_INTEGRATION_CONVERGED,0.0
1,uniform,"[0, 0, 2]","[0, 1, 0]",1,16.55042735042735,16.55042735042735,STOP,"{""STOP"": 16.55042735042735, ""p1"": 14.550427350427348, ""p2"": 13.550427350427364, ""pf"": -14.44957264957264}",1101,VALUE_INTEGRATION_CONVERGED,0.0
1,uniform,"[0, 0, 1]","[0, 1, 2]",0,16.85863991081382,16.85863991081382,STOP,"{""STOP"": 16.85863991081382}",1101,VALUE_INTEGRATION_CONVERGED,0.0
1,uniform,"[0, 0, 1]","[0, 1, 1]",1,16.82710622710622,16.82710622710622,STOP,"{""STOP"": 16.82710622710622, ""p1"": 14.827106227106231, ""p2"": 13.827106227106222, ""pf"": -14.172893772893776}",1101,VALUE_INTEGRATION_CONVERGED,0.0
1,uniform,"[0, 0, 1]","[0, 1, 0]",2,16.794871794871806,16.794871794871806,STOP,"{""STOP"": 16.794871794871806, ""p1"": 14.794871794871801, ""p2"": 13.7948717948718, ""pf"": -14.20512820512821}",1101,VALUE_INTEGRATION_CONVERGED,0.0
1,uniform,"[0, 0, 0]","[0, 1, 3]",0,17.126054590570707,17.126054590570707,STOP,"{""STOP"": 17.126054590570707}",1101,VALUE_INTEGRATION_CONVERGED,0.0
1,uniform,"[0, 0, 0]","[0, 1, 2]",1,17.097770345596423,17.097770345596423,STOP,"{""STOP"": 17.097770345596423, ""p1"": 15.097770345596441, ""p2"": 14.09777034559643, ""pf"": -13.902229654403579}",1101,VALUE_INTEGRATION_CONVERGED,0.0
1,uniform,"[0, 0, 0]","[0, 1, 1]",2,17.06886446886447,17.06886446886447,STOP,"{""STOP"": 17.06886446886447, ""p1"": 15.068864468864478, ""p2"": 14.068864468864463, ""pf"": -13.931135531135538}",1101,VALUE_INTEGRATION_CONVERGED,0.0
1,uniform,"[0, 0, 0]","[0, 1, 0]",3,17.039316239316232,17.039316239316232,STOP,"{""STOP"": 17.039316239316232, ""p1"": 15.039316239316243, ""p2"": 14.039316239316234, ""pf"": -13.960683760683759}",1101,VALUE_INTEGRATION_CONVERGED,0.0
1,uniform,"[0, 0, 4]","[0, 0, 0]",0,16.033333333333317,16.033333333333317,STOP,"{""STOP"": 16.033333333333317}",1101,VALUE_INTEGRATION_CONVERGED,0.0
1,uniform,"[0, 0, 3]","[0, 0, 1]",0,16.315384615384616,16.315384615384616,STOP,"{""STOP"": 16.315384615384616}",1101,VALUE_INTEGRATION_CONVERGED,0.0
1,uniform,"[0, 0, 3]","[0, 0, 0]",1,16.27777777777778,16.27777777777778,STOP,"{""STOP"": 16.27777777777778, ""p1"": 14.277777777777775, ""p2"": 13.277777777777779, ""pf"": -14.722222222222225}",1101,VALUE_INTEGRATION_CONVERGED,0.0
1,uniform,"[0, 0, 2]","[0, 0, 2]",0,16.591304347826096,16.591304347826096,STOP,"{""STOP"": 16.591304347826096}",1101,VALUE_INTEGRATION_CONVERGED,0.0
1,uniform,"[0, 0, 2]","[0, 0, 1]",1,16.55714285714285,16.55714285714285,STOP,"{""STOP"": 16.55714285714285, ""p1"": 14.557142857142845, ""p2"": 13.557142857142864, ""pf"": -14.442857142857136}",1101,VALUE_INTEGRATION_CONVERGED,0.0
1,uniform,"[0, 0, 2]","[0, 0, 0]",2,16.52222222222221,16.52222222222221,STOP,"{""STOP"": 16.52222222222221, ""p1"": 14.522222222222217, ""p2"": 13.52222222222222, ""pf"": -14.477777777777785}",1101,VALUE_INTEGRATION_CONVERGED,0.0
1,uniform,"[0, 0, 1]","[0, 0, 3]",0,16.861290322580636,16.861290322580636,STOP,"{""STOP"": 16.861290322580636}",1101,VALUE_INTEGRATION_CONVERGED,0.0
1,uniform,"[0, 0, 1]","[0, 0, 2]",1,16.830434782608698,16.830434782608698,STOP,"{""STOP"": 16.830434782608698, ""p1"": 14.830434782608695, ""p2"": 13.830434782608693, ""pf"": -14.16956521739131}",1101,VALUE_INTEGRATION_CONVERGED,0.0
1,uniform,"[0, 0, 1]","[0, 0, 1]",2,16.798901098901098,16.798901098901098,STOP,"{""STOP"": 16.798901098901098, ""p1"": 14.798901098901087, ""p2"": 13.79890109890109, ""pf"": -14.2010989010989}",1101,VALUE_INTEGRATION_CONVERGED,0.0
1,uniform,"[0, 0, 1]","[0, 0, 0]",3,16.766666666666666,16.766666666666666,STOP,"{""STOP"": 16.766666666666666, ""p1"": 14.76666666666668, ""p2"": 13.766666666666676, ""pf"": -14.233333333333336}",1101,VALUE_INTEGRATION_CONVERGED,0.0
1,uniform,"[0, 0, 0]","[0, 0, 4]",0,17.12553191489362,17.12553191489362,STOP,"{""STOP"": 17.12553191489362}",1101,VALUE_INTEGRATION_CONVERGED,0.0
1,uniform,"[0, 0, 0]","[0, 0, 3]",1,17.097849462365595,17.097849462365595,STOP,"{""STOP"": 17.097849462365595, ""p1"": 15.097849462365582, ""p2"": 14.097849462365577, ""pf"": -13.902150537634403}",1101,VALUE_INTEGRATION_CONVERGED,0.0
1,uniform,"[0, 0, 0]","[0, 0, 2]",2,17.069565217391297,17.069565217391297,STOP,"{""STOP"": 17.069565217391297, ""p1"": 15.069565217391295, ""p2"": 14.069565217391295, ""pf"": -13.93043478260869}",1101,VALUE_INTEGRATION_CONVERGED,0.0
1,uniform,"[0, 0, 0]","[0, 0, 1]",3,17.040659340659335,17.040659340659335,STOP,"{""STOP"": 17.040659340659335, ""p1"": 15.040659340659335, ""p2"": 14.04065934065934, ""pf"": -13.959340659340665}",1101,VALUE_INTEGRATION_CONVERGED,0.0
1,uniform,"[0, 0, 0]","[0, 0, 0]",4,17.011111111111095,17.011111111111095,STOP,"{""STOP"": 17.011111111111095, ""p1"": 15.011111111111099, ""p2"": 14.011111111111104, ""pf"": -13.988888888888892}",1101,VALUE_INTEGRATION_CONVERGED,0.0
1,jeffreys,"[4, 0, 0]","[0, 0, 0]",0,16.983240223463685,16.983240223463685,STOP,"{""STOP"": 16.983240223463685}",1101,VALUE_INTEGRATION_CONVERGED,0.0
1,jeffreys,"[3, 0, 0]","[1, 0, 0]",0,17.06027963826044,17.06027963826044,STOP,"{""STOP"": 17.06027963826044}",1101,VALUE_INTEGRATION_CONVERGED,0.0
1,jeffreys,"[3, 1, 0]","[0, 0, 0]",0,16.81564245810055,16.81564245810055,STOP,"{""STOP"": 16.81564245810055}",1101,VALUE_INTEGRATION_CONVERGED,0.0
1,jeffreys,"[3, 0, 0]","[0, 1, 0]",0,17.077502392049148,17.077502392049148,STOP,"{""STOP"": 17.077502392049148}",1101,VALUE_INTEGRATION_CONVERGED,0.0
1,jeffreys,"[3, 0, 1]","[0, 0, 0]",0,16.804469273743013,16.804469273743013,STOP,"{""STOP"": 16.804469273743013}",1101,VALUE_INTEGRATION_CONVERGED,0.0
1,jeffreys,"[3, 0, 0]","[0, 0, 1]",0,17.078798728355814,17.078798728355814,STOP,"{""STOP"": 17.078798728355814}",1101,VALUE_INTEGRATION_CONVERGED,0.0
1,jeffreys,"[3, 0, 0]","[0, 0, 0]",1,17.050279329608934,17.050279329608934,STOP,"{""STOP"": 17.050279329608934, ""p1"": 15.050279329608937, ""p2"": 14.050279329608948, ""pf"": -13.949720670391063}",1101,VALUE_INTEGRATION_CONVERGED,0.0
1,jeffreys,"[2, 0, 0]","[2, 0, 0]",0,17.135635131422283,17.135635131422283,STOP,"{""STOP"": 17.135635131422283}",1101,VALUE_INTEGRATION_CONVERGED,0.0
1,jeffreys,"[2, 1, 0]","[1, 0, 0]",0,16.891941109293498,16.891941109293498,STOP,"{""STOP"": 16.891941109293498}",1101,VALUE_INTEGRATION_CONVERGED,0.0
1,jeffreys,"[2, 0, 0]","[1, 1, 0]",0,17.15380104324207,17.15380104324207,STOP,"{""STOP"": 17.15380104324207}",1101,VALUE_INTEGRATION_CONVERGED,0.0
1,jeffreys,"[2, 0, 1]","[1, 0, 0]",0,16.88076792493596,16.88076792493596,STOP,"{""STOP"": 16.88076792493596}",1101,VALUE_INTEGRATION_CONVERGED,0.0
1,jeffreys,"[2, 0, 0]","[1, 0, 1]",0,17.155097379548753,17.155097379548753,STOP,"{""STOP"": 17.155097379548753}",1101,VALUE_INTEGRATION_CONVERGED,0.0
1,jeffreys,"[2, 0, 0]","[1, 0, 0]",1,17.126577980801876,17.126577980801876,STOP,"{""STOP"": 17.126577980801876, ""p1"": 15.12657798080187, ""p2"": 14.126577980801871, ""pf"": -13.873422019198122}",1101,VALUE_INTEGRATION_CONVERGED,0.0
1,jeffreys,"[2, 2, 0]","[0, 0, 0]",0,16.648044692737436,16.648044692737436,STOP,"{""STOP"": 16.648044692737436}",1101,VALUE_INTEGRATION_CONVERGED,0.0
1,jeffreys,"[2, 1, 0]","[0, 1, 0]",0,16.91249729929936,16.91249729929936,STOP,"{""STOP"": 16.91249729929936}",1101,VALUE_INTEGRATION_CONVERGED,0.0
1,jeffreys,"[2, 1, 1]","[0, 0, 0]",0,16.636871508379887,16.636871508379887,STOP,"{""STOP"": 16.636871508379887}",1101,VALUE_INTEGRATION_CONVERGED,0.0
1,jeffreys,"[2, 1, 0]","[0, 0, 1]",0,16.91120096299268,16.91120096299268,STOP,"{""STOP"": 16.91120096299268}",1101,VALUE_INTEGRATION_CONVERGED,0.0
1,jeffreys,"[2, 1, 0]","[0, 0, 0]",1,16.882681564245814,16.882681564245814,STOP,"{""STOP"": 16.882681564245814, ""p1"": 14.88268156424581, ""p2"": 13.88268156424581, ""pf"": -14.117318435754193}",1101,VALUE_INTEGRATION_CONVERGED,0.0
1,jeffreys,"[2, 0, 0]","[0, 2, 0]",0,17.17116952101841,17.17116952101841,STOP,"{""STOP"": 17.17116952101841}",1101,VALUE_INTEGRATION_CONVERGED,0.0
1,jeffreys,"[2, 0, 1]","[0, 1, 0]",0,16.89873144232847,16.89873144232847,STOP,"{""STOP"": 16.89873144232847}",1101,VALUE_INTEGRATION_CONVERGED,0.0
1,jeffreys,"[2, 0, 0]","[0, 1, 1]",0,17.173060896941273,17.173060896941273,STOP,"{""STOP"": 17.173060896941273}",1101,VALUE_INTEGRATION_CONVERGED,0.0
1,jeffreys,"[2, 0, 0]","[0, 1, 0]",1,17.144541498194393,17.144541498194393,STOP,"{""STOP"": 17.144541498194393, ""p1"": 15.144541498194386, ""p2"": 14.144541498194389, ""pf"": -13.8554585018056}",1101,VALUE_INTEGRATION_CONVERGED,0.0
1,jeffreys,"[2, 0, 2]","[0, 0, 0]",0,16.625698324022352,16.625698324022352,STOP,"{""STOP"": 16.625698324022352}",1101,VALUE_INTEGRATION_CONVERGED,0.0
1,jeffreys,"[2, 0, 1]","[0, 0, 1]",0,16.902743911849143,16.902743911849143,STOP,"{""STOP"": 16.902743911849143}",1101,VALUE_INTEGRATION_CONVERGED,0.0
1,jeffreys,"[2, 0, 1]","[0, 0, 0]",1,16.87150837988827,16.87150837988827,STOP,"{""STOP"": 16.87150837988827, ""p1"": 14.871508379888272, ""p2"": 13.871508379888269, ""pf"": -14.128491620111722}",1101,VALUE_INTEGRATION_CONVERGED,0.0
1,jeffreys,"[2, 0, 0]","[0, 0, 2]",0,17.173733858411957,17.173733858411957,STOP,"{""STOP"": 17.173733858411957}",1101,VALUE_INTEGRATION_CONVERGED,0.0
1,jeffreys,"[2, 0, 0]","[0, 0, 1]",1,17.145837834501066,17.145837834501066,STOP,"{""STOP"": 17.145837834501066, ""p1"": 15.145837834501066, ""p2"": 14.145837834501073, ""pf"": -13.85416216549892}",1101,VALUE_INTEGRATION_CONVERGED,0.0
1,jeffreys,"[2, 0, 0]","[0, 0, 0]",2,17.117318435754193,17.117318435754193,STOP,"{""STOP"": 17.117318435754193, ""p1"": 15.117318435754191, ""p2"": 14.117318435754195, ""pf"": -13.882681564245807}",1101,VALUE_INTEGRATION_CONVERGED,0.0
1,jeffreys,"[1, 0, 0]","[3, 0, 0]",0,17.209361316623884,17.209361316623884,STOP,"{""STOP"": 17.209361316623884}",1101,VALUE_INTEGRATION_CONVERGED,0.0
1,jeffreys,"[1, 1, 0]","[2, 0, 0]",0,16.966572030405718,16.966572030405718,STOP,"{""STOP"": 16.966572030405718}",1101,VALUE_INTEGRATION_CONVERGED,0.0
1,jeffreys,"[1, 0, 0]","[2, 1, 0]",0,17.228431964354293,17.228431964354293,STOP,"{""STOP"": 17.228431964354293}",1101,VALUE_INTEGRATION_CONVERGED,0.0
1,jeffreys,"[1, 0, 1]","[2, 0, 0]",0,16.955398846048162,16.955398846048162,STOP,"{""STOP"": 16.955398846048162}",1101,VALUE_INTEGRATION_CONVERGED,0.0
1,jeffreys,"[1, 0, 0]","[2, 0, 1]",0,17.22972830066096,17.22972830066096,STOP,"{""STOP"": 17.22972830066096}",1101,VALUE_INTEGRATION_CONVERGED,0.0
1,jeffreys,"[1, 0, 0]","[2, 0, 0]",1,17.2012089019141,17.2012089019141,STOP,"{""STOP"": 17.2012089019141, ""p1"": 15.20120890191409, ""p2"": 14.201208901914095, ""pf"": -13.798791098085914}",1101,VALUE_INTEGRATION_CONVERGED,0.0
1,jeffreys,"[1, 2, 0]","[1, 0, 0]",0,16.723602580326553,16.723602580326553,STOP,"{""STOP"": 16.723602580326553}",1101,VALUE_INTEGRATION_CONVERGED,0.0
1,jeffreys,"[1, 1, 0]","[1, 1, 0]",0,16.98805518688849,16.98805518688849,STOP,"{""STOP"": 16.98805518688849}",1101,VALUE_INTEGRATION_CONVERGED,0.0
1,jeffreys,"[1, 1, 1]","[1, 0, 0]",0,16.712429395969007,16.712429395969007,STOP,"{""STOP"": 16.712429395969007}",1101,VALUE_INTEGRATION_CONVERGED,0.0
1,jeffreys,"[1, 1, 0]","[1, 0, 1]",0,16.986758850581808,16.986758850581808,STOP,"{""STOP"": 16.986758850581808}",1101,VALUE_INTEGRATION_CONVERGED,0.0
1,jeffreys,"[1, 1, 0]","[1, 0, 0]",1,16.958239451834924,16.958239451834924,STOP,"{""STOP"": 16.958239451834924, ""p1"": 14.958239451834936, ""p2"": 13.958239451834938, ""pf"": -14.041760548165069}",1101,VALUE_INTEGRATION_CONVERGED,0.0
1,jeffreys,"[1, 0, 0]","[1, 2, 0]",0,17.246727408607534,17.246727408607534,STOP,"{""STOP"": 17.246727408607534}",1101,VALUE_INTEGRATION_CONVERGED,0.0
1,jeffreys,"[1, 0, 1]","[1, 1, 0]",0,16.97428932991759,16.97428932991759,STOP,"{""STOP"": 16.97428932991759}",1101,VALUE_INTEGRATION_CONVERGED,0.0
1,jeffreys,"[1, 0, 0]","[1, 1, 1]",0,17.248618784530393,17.248618784530393,STOP,"{""STOP"": 17.248618784530393}",1101,VALUE_INTEGRATION_CONVERGED,0.0
1,jeffreys,"[1, 0, 0]","[1, 1, 0]",1,17.220099385783513,17.220099385783513,STOP,"{""STOP"": 17.220099385783513, ""p1"": 15.220099385783513, ""p2"": 14.220099385783515, ""pf"": -13.779900614216483}",1101,VALUE_INTEGRATION_CONVERGED,0.0
1,jeffreys,"[1, 0, 2]","[1, 0, 0]",0,16.701256211611472,16.701256211611472,STOP,"{""STOP"": 16.701256211611472}",1101,VALUE_INTEGRATION_CONVERGED,0.0
1,jeffreys,"[1, 0, 1]","[1, 0, 1]",0,16.97830179943825,16.97830179943825,STOP,"{""STOP"": 16.97830179943825}",1101,VALUE_INTEGRATION_CONVERGED,0.0
1,jeffreys,"[1, 0, 1]","[1, 0, 0]",1,16.947066267477396,16.947066267477396,STOP,"{""STOP"": 16.947066267477396, ""p1"": 14.947066267477382, ""p2"": 13.94706626747739, ""pf"": -14.052933732522614}",1101,VALUE_INTEGRATION_CONVERGED,0.0
1,jeffreys,"[1, 0, 0]","[1, 0, 2]",0,17.24929174600107,17.24929174600107,STOP,"{""STOP"": 17.24929174600107}",1101,VALUE_INTEGRATION_CONVERGED,0.0
1,jeffreys,"[1, 0, 0]","[1, 0, 1]",1,17.22139572209018,17.22139572209018,STOP,"{""STOP"": 17.22139572209018, ""p1"": 15.221395722090179, ""p2"": 14.221395722090193, ""pf"": -13.778604277909807}",1101,VALUE_INTEGRATION_CONVERGED,0.0
1,jeffreys,"[1, 0, 0]","[1, 0, 0]",2,17.1928763233433,17.1928763233433,STOP,"{""STOP"": 17.1928763233433, ""p1"": 15.19287632334332, ""p2"": 14.192876323343313, ""pf"": -13.807123676656692}",1101,VALUE_INTEGRATION_CONVERGED,0.0
1,jeffreys,"[1, 3, 0]","[0, 0, 0]",0,16.480446927374285,16.480446927374285,STOP,"{""STOP"": 16.480446927374285}",1101,VALUE_INTEGRATION_CONVERGED,0.0
1,jeffreys,"[1, 2, 0]","[0, 1, 0]",0,16.74749220654958,16.74749220654958,STOP,"{""STOP"": 16.74749220654958}",1101,VALUE_INTEGRATION_CONVERGED,0.0
1,jeffreys,"[1, 2, 1]","[0, 0, 0]",0,16.469273743016757,16.469273743016757,STOP,"{""STOP"": 16.469273743016757}",1101,VALUE_INTEGRATION_CONVERGED,0.0
1,jeffreys,"[1, 2, 0]","[0, 0, 1]",0,16.74360319762956,16.74360319762956,STOP,"{""STOP"": 16.74360319762956}",1101,VALUE_INTEGRATION_CONVERGED,0.0
1,jeffreys,"[1, 2, 0]","[0, 0, 0]",1,16.715083798882688,16.715083798882688,STOP,"{""STOP"": 16.715083798882688, ""p1"": 14.71508379888268, ""p2"": 13.715083798882675, ""pf"": -14.284916201117316}",1101,VALUE_INTEGRATION_CONVERGED,0.0
1,jeffreys,"[1, 1, 0]","[0, 2, 0]",0,17.008700430442342,17.008700430442342,STOP,"{""STOP"": 17.008700430442342}",1101,VALUE_INTEGRATION_CONVERGED,0.0
1,jeffreys,"[1, 1, 1]","[0, 1, 0]",0,16.733726349578674,16.733726349578674,STOP,"{""STOP"": 16.733726349578674}",1101,VALUE_INTEGRATION_CONVERGED,0.0
1,jeffreys,"[1, 1, 0]","[0, 1, 1]",0,17.008055804191493,17.008055804191493,STOP,"{""STOP"": 17.008055804191493}",1101,VALUE_INTEGRATION_CONVERGED,0.0
1,jeffreys,"[1, 1, 0]","[0, 1, 0]",1,16.979536405444605,16.979536405444605,STOP,"{""STOP"": 16.979536405444605, ""p1"": 14.979536405444618, ""p2"": 13.979536405444607, ""pf"": -14.020463594555382}",1101,VALUE_INTEGRATION_CONVERGED,0.0
1,jeffreys,"[1, 1, 2]","[0, 0, 0]",0,16.45810055865921,16.45810055865921,STOP,"{""STOP"": 16.45810055865921}",1101,VALUE_INTEGRATION_CONVERGED,0.0
1,jeffreys,"[1, 1, 1]","[0, 0, 1]",0,16.735146146486006,16.735146146486006,STOP,"{""STOP"": 16.735146146486006}",1101,VALUE_INTEGRATION_CONVERGED,0.0
1,jeffreys,"[1, 1, 1]","[0, 0, 0]",1,16.703910614525142,16.703910614525142,STOP,"{""STOP"": 16.703910614525142, ""p1"": 14.703910614525135, ""p2"": 13.703910614525125, ""pf"": -14.296089385474861}",1101,VALUE_INTEGRATION_CONVERGED,0.0
1,jeffreys,"[1, 1, 0]","[0, 0, 2]",0,17.006136093048816,17.006136093048816,STOP,"{""STOP"": 17.006136093048816}",1101,VALUE_INTEGRATION_CONVERGED,0.0
1,jeffreys,"[1, 1, 0]","[0, 0, 1]",1,16.978240069137932,16.978240069137932,STOP,"{""STOP"": 16.978240069137932, ""p1"": 14.978240069137936, ""p2"": 13.978240069137941, ""pf"": -14.02175993086206}",1101,VALUE_INTEGRATION_CONVERGED,0.0
1,jeffreys,"[1, 1, 0]","[0, 0, 0]",2,16.949720670391045,16.949720670391045,STOP,"{""STOP"": 16.949720670391045, ""p1"": 14.949720670391052, ""p2"": 13.949720670391056, ""pf"": -14.050279329608943}",1101,VALUE_INTEGRATION_CONVERGED,0.0
1,jeffreys,"[1, 0, 0]","[0, 3, 0]",0,17.264260908953638,17.264260908953638,STOP,"{""STOP"": 17.264260908953638}",1101,VALUE_INTEGRATION_CONVERGED,0.0
1,jeffreys,"[1, 0, 1]","[0, 2, 0]",0,16.992398571297727,16.992398571297727,STOP,"{""STOP"": 16.992398571297727}",1101,VALUE_INTEGRATION_CONVERGED,0.0
1,jeffreys,"[1, 0, 0]","[0, 2, 1]",0,17.26672802591054,17.26672802591054,STOP,"{""STOP"": 17.26672802591054}",1101,VALUE_INTEGRATION_CONVERGED,0.0
1,jeffreys,"[1, 0, 0]","[0, 2, 0]",1,17.23820862716367,17.23820862716367,STOP,"{""STOP"": 17.23820862716367, ""p1"": 15.238208627163662, ""p2"": 14.238208627163653, ""pf"": -13.761791372836337}",1101,VALUE_INTEGRATION_CONVERGED,0.0
1,jeffreys,"[1, 0, 2]","[0, 1, 0]",0,16.71996049260781,16.71996049260781,STOP,"{""STOP"": 16.71996049260781}",1101,VALUE_INTEGRATION_CONVERGED,0.0
1,jeffreys,"[1, 0, 1]","[0, 1, 1]",0,16.997006080434574,16.997006080434574,STOP,"{""STOP"": 16.997006080434574}",1101,VALUE_INTEGRATION_CONVERGED,0.0
1,jeffreys,"[1, 0, 1]","[0, 1, 0]",1,16.965770548473714,16.965770548473714,STOP,"{""STOP"": 16.965770548473714, ""p1"": 14.965770548473717, ""p2"": 13.965770548473706, ""pf"": -14.034229451526288}",1101,VALUE_INTEGRATION_CONVERGED,0.0
1,jeffreys,"[1, 0, 0]","[0, 1, 2]",0,17.2679960269974,17.2679960269974,STOP,"{""STOP"": 17.2679960269974}",1101,VALUE_INTEGRATION_CONVERGED,0.0
1,jeffreys,"[1, 0, 0]","[0, 1, 1]",1,17.240100003086503,17.240100003086503,STOP,"{""STOP"": 17.240100003086503, ""p1"": 15.240100003086521, ""p2"": 14.24010000308652, ""pf"": -13.759899996913477}",1101,VALUE_INTEGRATION_CONVERGED,0.0
1,jeffreys,"[1, 0, 0]","[0, 1, 0]",2,17.21158060433964,17.21158060433964,STOP,"{""STOP"": 17.21158060433964, ""p1"": 15.21158060433964, ""p2"": 14.211580604339648, ""pf"": -13.78841939566037}",1101,VALUE_INTEGRATION_CONVERGED,0.0
1,jeffreys,"[1, 0, 3]","[0, 0, 0]",0,16.446927374301666,16.446927374301666,STOP,"{""STOP"": 16.446927374301666}",1101,VALUE_INTEGRATION_CONVERGED,0.0
1,jeffreys,"[1, 0, 2]","[0, 0, 1]",0,16.726689095342444,16.726689095342444,STOP,"{""STOP"": 16.726689095342444}",1101,VALUE_INTEGRATION_CONVERGED,0.0
1,jeffreys,"[1, 0, 2]","[0, 0, 0]",1,16.692737430167597,16.692737430167597,STOP,"{""STOP"": 16.692737430167597, ""p1"": 14.692737430167599, ""p2"": 13.692737430167611, ""pf"": -14.307262569832409}",1101,VALUE_INTEGRATION_CONVERGED,0.0
1,jeffreys,"[1, 0, 1]","[0, 0, 2]",0,17.000335806087264,17.000335806087264,STOP,"{""STOP"": 17.000335806087264}",1101,VALUE_INTEGRATION_CONVERGED,0.0
1,jeffreys,"[1, 0, 1]","[0, 0, 1]",1,16.96978301799438,16.96978301799438,STOP,"{""STOP"": 16.96978301799438, ""p1"": 14.969783017994377, ""p2"": 13.969783017994375, ""pf"": -14.030216982005603}",1101,VALUE_INTEGRATION_CONVERGED,0.0
1,jeffreys,"[1, 0, 1]","[0, 0, 0]",2,16.938547486033517,16.938547486033517,STOP,"{""STOP"": 16.938547486033517, ""p1"": 14.938547486033523, ""p2"": 13.938547486033515, ""pf"": -14.061452513966483}",1101,VALUE_INTEGRATION_CONVERGED,0.0
1,jeffreys,"[1, 0, 0]","[0, 0, 3]",0,17.26806583119432,17.26806583119432,STOP,"{""STOP"": 17.26806583119432}",1101,VALUE_INTEGRATION_CONVERGED,0.0
1,jeffreys,"[1, 0, 0]","[0, 0, 2]",1,17.24077296455718,17.24077296455718,STOP,"{""STOP"": 17.24077296455718, ""p1"": 15.240772964557198, ""p2"": 14.240772964557202, ""pf"": -13.759227035442807}",1101,VALUE_INTEGRATION_CONVERGED,0.0
1,jeffreys,"[1, 0, 0]","[0, 0, 1]",2,17.212876940646307,17.212876940646307,STOP,"{""STOP"": 17.212876940646307, ""p1"": 15.212876940646307, ""p2"": 14.212876940646305, ""pf"": -13.787123059353695}",1101,VALUE_INTEGRATION_CONVERGED,0.0
1,jeffreys,"[1, 0, 0]","[0, 0, 0]",3,17.184357541899438,17.184357541899438,STOP,"{""STOP"": 17.184357541899438, ""p1"": 15.184357541899429, ""p2"": 14.184357541899441, ""pf"": -13.815642458100566}",1101,VALUE_INTEGRATION_CONVERGED,0.0
1,jeffreys,"[0, 0, 0]","[4, 0, 0]",0,17.281510471125983,17.281510471125983,STOP,"{""STOP"": 17.281510471125983}",1101,VALUE_INTEGRATION_CONVERGED,0.0
1,jeffreys,"[0, 1, 0]","[3, 0, 0]",0,17.03958930998038,17.03958930998038,STOP,"{""STOP"": 17.03958930998038}",1101,VALUE_INTEGRATION_CONVERGED,0.0
1,jeffreys,"[0, 0, 0]","[3, 1, 0]",0,17.301449243928946,17.301449243928946,STOP,"{""STOP"": 17.301449243928946}",1101,VALUE_INTEGRATION_CONVERGED,0.0
1,jeffreys,"[0, 0, 1]","[3, 0, 0]",0,17.02841612562283,17.02841612562283,STOP,"{""STOP"": 17.02841612562283}",1101,VALUE_INTEGRATION_CONVERGED,0.0
1,jeffreys,"[0, 0, 0]","[3, 0, 1]",0,17.30274558023563,17.30274558023563,STOP,"{""STOP"": 17.30274558023563}",1101,VALUE_INTEGRATION_CONVERGED,0.0
1,jeffreys,"[0, 0, 0]","[3, 0, 0]",1,17.274226181488743,17.274226181488743,STOP,"{""STOP"": 17.274226181488743, ""p1"": 15.274226181488752, ""p2"": 14.27422618148875, ""pf"": -13.725773818511245}",1101,VALUE_INTEGRATION_CONVERGED,0.0
1,jeffreys,"[0, 2, 0]","[2, 0, 0]",0,16.79750892938914,16.79750892938914,STOP,"{""STOP"": 16.79750892938914}",1101,VALUE_INTEGRATION_CONVERGED,0.0
1,jeffreys,"[0, 1, 0]","[2, 1, 0]",0,17.06196153595107,17.06196153595107,STOP,"{""STOP"": 17.06196153595107}",1101,VALUE_INTEGRATION_CONVERGED,0.0
1,jeffreys,"[0, 1, 1]","[2, 0, 0]",0,16.786335745031593,16.786335745031593,STOP,"{""STOP"": 16.786335745031593}",1101,VALUE_INTEGRATION_CONVERGED,0.0
1,jeffreys,"[0, 1, 0]","[2, 0, 1]",0,17.06066519964439,17.06066519964439,STOP,"{""STOP"": 17.06066519964439}",1101,VALUE_INTEGRATION_CONVERGED,0.0
1,jeffreys,"[0, 1, 0]","[2, 0, 0]",1,17.032145800897517,17.032145800897517,STOP,"{""STOP"": 17.032145800897517, ""p1"": 15.032145800897524, ""p2"": 14.032145800897519, ""pf"": -13.967854199102485}",1101,VALUE_INTEGRATION_CONVERGED,0.0
1,jeffreys,"[0, 0, 0]","[2, 2, 0]",0,17.32063375767012,17.32063375767012,STOP,"{""STOP"": 17.32063375767012}",1101,VALUE_INTEGRATION_CONVERGED,0.0
1,jeffreys,"[0, 0, 1]","[2, 1, 0]",0,17.048195678980168,17.048195678980168,STOP,"{""STOP"": 17.048195678980168}",1101,VALUE_INTEGRATION_CONVERGED,0.0
1,jeffreys,"[0, 0, 0]","[2, 1, 1]",0,17.32252513359297,17.32252513359297,STOP,"{""STOP"": 17.32252513359297}",1101,VALUE_INTEGRATION_CONVERGED,0.0
1,jeffreys,"[0, 0, 0]","[2, 1, 0]",1,17.29400573484611,17.29400573484611,STOP,"{""STOP"": 17.29400573484611, ""p1"": 15.294005734846094, ""p2"": 14.2940057348461, ""pf"": -13.705994265153908}",1101,VALUE_INTEGRATION_CONVERGED,0.0
1,jeffreys,"[0, 0, 2]","[2, 0, 0]",0,16.77516256067406,16.77516256067406,STOP,"{""STOP"": 16.77516256067406}",1101,VALUE_INTEGRATION_CONVERGED,0.0
1,jeffreys,"[0, 0, 1]","[2, 0, 1]",0,17.05220814850083,17.05220814850083,STOP,"{""STOP"": 17.05220814850083}",1101,VALUE_INTEGRATION_CONVERGED,0.0
1,jeffreys,"[0, 0, 1]","[2, 0, 0]",1,17.02097261653998,17.02097261653998,STOP,"{""STOP"": 17.02097261653998, ""p1"": 15.020972616539975, ""p2"": 14.02097261653997, ""pf"": -13.97902738346003}",1101,VALUE_INTEGRATION_CONVERGED,0.0
1,jeffreys,"[0, 0, 0]","[2, 0, 2]",0,17.32319809506365,17.32319809506365,STOP,"{""STOP"": 17.32319809506365}",1101,VALUE_INTEGRATION_CONVERGED,0.0
1,jeffreys,"[0, 0, 0]","[2, 0, 1]",1,17.29530207115276,17.29530207115276,STOP,"{""STOP"": 17.29530207115276, ""p1"": 15.295302071152777, ""p2"": 14.29530207115277, ""pf"": -13.70469792884723}",1101,VALUE_INTEGRATION_CONVERGED,0.0
1,jeffreys,"[0, 0, 0]","[2, 0, 0]",2,17.266782672405895,17.266782672405895,STOP,"{""STOP"": 17.266782672405895, ""p1"": 15.266782672405892, ""p2"": 14.26678267240591, ""pf"": -13.733217327594112}",1101,VALUE_INTEGRATION_CONVERGED,0.0
1,jeffreys,"[0, 3, 0]","[1, 0, 0]",0,16.555264051359615,16.555264051359615,STOP,"{""STOP"": 16.555264051359615}",1101,VALUE_INTEGRATION_CONVERGED,0.0
1,jeffreys,"[0, 2, 0]","[1, 1, 0]",0,16.82230933053489,16.82230933053489,STOP,"{""STOP"": 16.82230933053489}",1101,VALUE_INTEGRATION_CONVERGED,0.0
1,jeffreys,"[0, 2, 1]","[1, 0, 0]",0,16.544090867002076,16.544090867002076,STOP,"{""STOP"": 16.544090867002076}",1101,VALUE_INTEGRATION_CONVERGED,0.0
1,jeffreys,"[0, 2, 0]","[1, 0, 1]",0,16.81842032161488,16.81842032161488,STOP,"{""STOP"": 16.81842032161488}",1101,VALUE_INTEGRATION_CONVERGED,0.0
1,jeffreys,"[0, 2, 0]","[1, 0, 0]",1,16.789900922868,16.789900922868,STOP,"{""STOP"": 16.789900922868, ""p1"": 14.78990092286799, ""p2"": 13.78990092286799, ""pf"": -14.210099077131996}",1101,VALUE_INTEGRATION_CONVERGED,0.0
1,jeffreys,"[0, 1, 0]","[1, 2, 0]",0,17.08351755442765,17.08351755442765,STOP,"{""STOP"": 17.08351755442765}",1101,VALUE_INTEGRATION_CONVERGED,0.0
1,jeffreys,"[0, 1, 1]","[1, 1, 0]",0,16.808543473564,16.808543473564,STOP,"{""STOP"": 16.808543473564}",1101,VALUE_INTEGRATION_CONVERGED,0.0
1,jeffreys,"[0, 1, 0]","[1, 1, 1]",0,17.082872928176794,17.082872928176794,STOP,"{""STOP"": 17.082872928176794}",1101,VALUE_INTEGRATION_CONVERGED,0.0
1,jeffreys,"[0, 1, 0]","[1, 1, 0]",1,17.05435352942992,17.05435352942992,STOP,"{""STOP"": 17.05435352942992, ""p1"": 15.054353529429923, ""p2"": 14.054353529429916, ""pf"": -13.94564647057008}",1101,VALUE_INTEGRATION_CONVERGED,0.0
1,jeffreys,"[0, 1, 2]","[1, 0, 0]",0,16.53291768264452,16.53291768264452,STOP,"{""STOP"": 16.53291768264452}",1101,VALUE_INTEGRATION_CONVERGED,0.0
1,jeffreys,"[0, 1, 1]","[1, 0, 1]",0,16.8099632704713,16.8099632704713,STOP,"{""STOP"": 16.8099632704713}",1101,VALUE_INTEGRATION_CONVERGED,0.0
1,jeffreys,"[0, 1, 1]","[1, 0, 0]",1,16.77872773851044,16.77872773851044,STOP,"{""STOP"": 16.77872773851044, ""p1"": 14.778727738510446, ""p2"": 13.77872773851045, ""pf"": -14.221272261489563}",1101,VALUE_INTEGRATION_CONVERGED,0.0
1,jeffreys,"[0, 1, 0]","[1, 0, 2]",0,17.08095321703413,17.08095321703413,STOP,"{""STOP"": 17.08095321703413}",1101,VALUE_INTEGRATION_CONVERGED,0.0
1,jeffreys,"[0, 1, 0]","[1, 0, 1]",1,17.053057193123237,17.053057193123237,STOP,"{""STOP"": 17.053057193123237, ""p1"": 15.053057193123243, ""p2"": 14.053057193123244, ""pf"": -13.946942806876752}",1101,VALUE_INTEGRATION_CONVERGED,0.0
1,jeffreys,"[0, 1, 0]","[1, 0, 0]",2,17.024537794376357,17.024537794376357,STOP,"{""STOP"": 17.024537794376357, ""p1"": 15.02453779437637, ""p2"": 14.024537794376371, ""pf"": -13.975462205623638}",1101,VALUE_INTEGRATION_CONVERGED,0.0
1,jeffreys,"[0, 0, 0]","[1, 3, 0]",0,17.339078032938968,17.339078032938968,STOP,"{""STOP"": 17.339078032938968}",1101,VALUE_INTEGRATION_CONVERGED,0.0
1,jeffreys,"[0, 0, 1]","[1, 2, 0]",0,17.067215695283053,17.067215695283053,STOP,"{""STOP"": 17.067215695283053}",1101,VALUE_INTEGRATION_CONVERGED,0.0
1,jeffreys,"[0, 0, 0]","[1, 2, 1]",0,17.341545149895843,17.341545149895843,STOP,"{""STOP"": 17.341545149895843}",1101,VALUE_INTEGRATION_CONVERGED,0.0
1,jeffreys,"[0, 0, 0]","[1, 2, 0]",1,17.313025751148963,17.313025751148963,STOP,"{""STOP"": 17.313025751148963, ""p1"": 15.313025751148972, ""p2"": 14.31302575114898, ""pf"": -13.686974248851032}",1101,VALUE_INTEGRATION_CONVERGED,0.0
1,jeffreys,"[0, 0, 2]","[1, 1, 0]",0,16.79477761659311,16.79477761659311,STOP,"{""STOP"": 16.79477761659311}",1101,VALUE_INTEGRATION_CONVERGED,0.0
1,jeffreys,"[0, 0, 1]","[1, 1, 1]",0,17.07182320441989,17.07182320441989,STOP,"{""STOP"": 17.07182320441989}",1101,VALUE_INTEGRATION_CONVERGED,0.0
1,jeffreys,"[0, 0, 1]","[1, 1, 0]",1,17.04058767245901,17.04058767245901,STOP,"{""STOP"": 17.04058767245901, ""p1"": 15.04058767245902, ""p2"": 14.040587672459033, ""pf"": -13.959412327540972}",1101,VALUE_INTEGRATION_CONVERGED,0.0
1,jeffreys,"[0, 0, 0]","[1, 1, 2]",0,17.342813150982714,17.342813150982714,STOP,"{""STOP"": 17.342813150982714}",1101,VALUE_INTEGRATION_CONVERGED,0.0
1,jeffreys,"[0, 0, 0]","[1, 1, 1]",1,17.314917127071837,17.314917127071837,STOP,"{""STOP"": 17.314917127071837, ""p1"": 15.314917127071823, ""p2"": 14.314917127071823, ""pf"": -13.685082872928165}",1101,VALUE_INTEGRATION_CONVERGED,0.0
1,jeffreys,"[0, 0, 0]","[1, 1, 0]",2,17.286397728324943,17.286397728324943,STOP,"{""STOP"": 17.286397728324943, ""p1"": 15.28639772832496, ""p2"": 14.286397728324946, ""pf"": -13.713602271675041}",1101,VALUE_INTEGRATION_CONVERGED,0.0
1,jeffreys,"[0, 0, 3]","[1, 0, 0]",0,16.52174449828698,16.52174449828698,STOP,"{""STOP"": 16.52174449828698}",1101,VALUE_INTEGRATION_CONVERGED,0.0
1,jeffreys,"[0, 0, 2]","[1, 0, 1]",0,16.80150621932775,16.80150621932775,STOP,"{""STOP"": 16.80150621932775}",1101,VALUE_INTEGRATION_CONVERGED,0.0
1,jeffreys,"[0, 0, 2]","[1, 0, 0]",1,16.767554554152916,16.767554554152916,STOP,"{""STOP"": 16.767554554152916, ""p1"": 14.767554554152914, ""p2"": 13.767554554152909, ""pf"": -14.2324454458471}",1101,VALUE_INTEGRATION_CONVERGED,0.0
1,jeffreys,"[0, 0, 1]","[1, 0, 2]",0,17.075152930072566,17.075152930072566,STOP,"{""STOP"": 17.075152930072566}",1101,VALUE_INTEGRATION_CONVERGED,0.0
1,jeffreys,"[0, 0, 1]","[1, 0, 1]",1,17.044600141979686,17.044600141979686,STOP,"{""STOP"": 17.044600141979686, ""p1"": 15.044600141979684, ""p2"": 14.04460014197969, ""pf"": -13.9553998580203}",1101,VALUE_INTEGRATION_CONVERGED,0.0
1,jeffreys,"[0, 0, 1]","[1, 0, 0]",2,17.013364610018833,17.013364610018833,STOP,"{""STOP"": 17.013364610018833, ""p1"": 15.013364610018831, ""p2"": 14.013364610018815, ""pf"": -13.986635389981178}",1101,VALUE_INTEGRATION_CONVERGED,0.0
1,jeffreys,"[0, 0, 0]","[1, 0, 3]",0,17.34288295517964,17.34288295517964,STOP,"{""STOP"": 17.34288295517964}",1101,VALUE_INTEGRATION_CONVERGED,0.0
1,jeffreys,"[0, 0, 0]","[1, 0, 2]",1,17.31559008854251,17.31559008854251,STOP,"{""STOP"": 17.31559008854251, ""p1"": 15.315590088542502, ""p2"": 14.315590088542516, ""pf"": -13.684409911457488}",1101,VALUE_INTEGRATION_CONVERGED,0.0
1,jeffreys,"[0, 0, 0]","[1, 0, 1]",2,17.287694064631623,17.287694064631623,STOP,"{""STOP"": 17.287694064631623, ""p1"": 15.287694064631612, ""p2"": 14.287694064631637, ""pf"": -13.712305935368367}",1101,VALUE_INTEGRATION_CONVERGED,0.0
1,jeffreys,"[0, 0, 0]","[1, 0, 0]",3,17.259174665884757,17.259174665884757,STOP,"{""STOP"": 17.259174665884757, ""p1"": 15.259174665884746, ""p2"": 14.259174665884743, ""pf"": -13.74082533411525}",1101,VALUE_INTEGRATION_CONVERGED,0.0
1,jeffreys,"[0, 4, 0]","[0, 0, 0]",0,16.31284916201116,16.31284916201116,STOP,"{""STOP"": 16.31284916201116}",1101,VALUE_INTEGRATION_CONVERGED,0.0
1,jeffreys,"[0, 3, 0]","[0, 1, 0]",0,16.5824871137998,16.5824871137998,STOP,"{""STOP"": 16.5824871137998}",1101,VALUE_INTEGRATION_CONVERGED,0.0
1,jeffreys,"[0, 3, 1]","[0, 0, 0]",0,16.301675977653627,16.301675977653627,STOP,"{""STOP"": 16.301675977653627}",1101,VALUE_INTEGRATION_CONVERGED,0.0
1,jeffreys,"[0, 3, 0]","[0, 0, 1]",0,16.576005432266427,16.576005432266427,STOP,"{""STOP"": 16.576005432266427}",1101,VALUE_INTEGRATION_CONVERGED,0.0
1,jeffreys,"[0, 3, 0]","[0, 0, 0]",1,16.547486033519554,16.547486033519554,STOP,"{""STOP"": 16.547486033519554, ""p1"": 14.547486033519556, ""p2"": 13.547486033519544, ""pf"": -14.45251396648045}",1101,VALUE_INTEGRATION_CONVERGED,0.0
1,jeffreys,"[0, 2, 0]","[0, 2, 0]",0,16.84623133986627,16.84623133986627,STOP,"{""STOP"": 16.84623133986627}",1101,VALUE_INTEGRATION_CONVERGED,0.0
1,jeffreys,"[0, 2, 1]","[0, 1, 0]",0,16.56872125682891,16.56872125682891,STOP,"{""STOP"": 16.56872125682891}",1101,VALUE_INTEGRATION_CONVERGED,0.0
1,jeffreys,"[0, 2, 0]","[0, 1, 1]",0,16.843050711441713,16.843050711441713,STOP,"{""STOP"": 16.843050711441713}",1101,VALUE_INTEGRATION_CONVERGED,0.0
1,jeffreys,"[0, 2, 0]","[0, 1, 0]",1,16.814531312694825,16.814531312694825,STOP,"{""STOP"": 16.814531312694825, ""p1"": 14.814531312694832, ""p2"": 13.81453131269482, ""pf"": -14.185468687305162}",1101,VALUE_INTEGRATION_CONVERGED,0.0
1,jeffreys,"[0, 2, 2]","[0, 0, 0]",0,16.2905027932961,16.2905027932961,STOP,"{""STOP"": 16.2905027932961}",1101,VALUE_INTEGRATION_CONVERGED,0.0
1,jeffreys,"[0, 2, 1]","[0, 0, 1]",0,16.567548381122872,16.567548381122872,STOP,"{""STOP"": 16.567548381122872}",1101,VALUE_INTEGRATION_CONVERGED,0.0
1,jeffreys,"[0, 2, 1]","[0, 0, 0]",1,16.536312849162016,16.536312849162016,STOP,"{""STOP"": 16.536312849162016, ""p1"": 14.536312849162018, ""p2"": 13.536312849162005, ""pf"": -14.46368715083799}",1101,VALUE_INTEGRATION_CONVERGED,0.0
1,jeffreys,"[0, 2, 0]","[0, 0, 2]",0,16.838538327685697,16.838538327685697,STOP,"{""STOP"": 16.838538327685697}",1101,VALUE_INTEGRATION_CONVERGED,0.0
1,jeffreys,"[0, 2, 0]","[0, 0, 1]",1,16.810642303774806,16.810642303774806,STOP,"{""STOP"": 16.810642303774806, ""p1"": 14.810642303774824, ""p2"": 13.81064230377481, ""pf"": -14.189357696225182}",1101,VALUE_INTEGRATION_CONVERGED,0.0
1,jeffreys,"[0, 2, 0]","[0, 0, 0]",2,16.78212290502794,16.78212290502794,STOP,"{""STOP"": 16.78212290502794, ""p1"": 14.782122905027943, ""p2"": 13.782122905027924, ""pf"": -14.217877094972067}",1101,VALUE_INTEGRATION_CONVERGED,0.0
1,jeffreys,"[0, 1, 0]","[0, 3, 0]",0,17.104272988071862,17.104272988071862,STOP,"{""STOP"": 17.104272988071862}",1101,VALUE_INTEGRATION_CONVERGED,0.0
1,jeffreys,"[0, 1, 1]","[0, 2, 0]",0,16.829929480721688,16.829929480721688,STOP,"{""STOP"": 16.829929480721688}",1101,VALUE_INTEGRATION_CONVERGED,0.0
1,jeffreys,"[0, 1, 0]","[0, 2, 1]",0,17.104258935334485,17.104258935334485,STOP,"{""STOP"": 17.104258935334485}",1101,VALUE_INTEGRATION_CONVERGED,0.0
1,jeffreys,"[0, 1, 0]","[0, 2, 0]",1,17.075739536587598,17.075739536587598,STOP,"{""STOP"": 17.075739536587598, ""p1"": 15.075739536587594, ""p2"": 14.075739536587589, ""pf"": -13.92426046341239}",1101,VALUE_INTEGRATION_CONVERGED,0.0
1,jeffreys,"[0, 1, 2]","[0, 1, 0]",0,16.554955399858017,16.554955399858017,STOP,"{""STOP"": 16.554955399858017}",1101,VALUE_INTEGRATION_CONVERGED,0.0
1,jeffreys,"[0, 1, 1]","[0, 1, 1]",0,16.832000987684808,16.832000987684808,STOP,"{""STOP"": 16.832000987684808}",1101,VALUE_INTEGRATION_CONVERGED,0.0
1,jeffreys,"[0, 1, 1]","[0, 1, 0]",1,16.80076545572394,16.80076545572394,STOP,"{""STOP"": 16.80076545572394, ""p1"": 14.800765455723942, ""p2"": 13.800765455723951, ""pf"": -14.19923454427606}",1101,VALUE_INTEGRATION_CONVERGED,0.0
1,jeffreys,"[0, 1, 0]","[0, 1, 2]",0,17.10299093424763,17.10299093424763,STOP,"{""STOP"": 17.10299093424763}",1101,VALUE_INTEGRATION_CONVERGED,0.0
1,jeffreys,"[0, 1, 0]","[0, 1, 1]",1,17.075094910336745,17.075094910336745,STOP,"{""STOP"": 17.075094910336745, ""p1"": 15.07509491033674, ""p2"": 14.075094910336748, ""pf"": -13.924905089663248}",1101,VALUE_INTEGRATION_CONVERGED,0.0
1,jeffreys,"[0, 1, 0]","[0, 1, 0]",2,17.046575511589868,17.046575511589868,STOP,"{""STOP"": 17.046575511589868, ""p1"": 15.046575511589865, ""p2"": 14.046575511589863, ""pf"": -13.953424488410132}",1101,VALUE_INTEGRATION_CONVERGED,0.0
1,jeffreys,"[0, 1, 3]","[0, 0, 0]",0,16.279329608938546,16.279329608938546,STOP,"{""STOP"": 16.279329608938546}",1101,VALUE_INTEGRATION_CONVERGED,0.0
1,jeffreys,"[0, 1, 2]","[0, 0, 1]",0,16.55909132997932,16.55909132997932,STOP,"{""STOP"": 16.55909132997932}",1101,VALUE_INTEGRATION_CONVERGED,0.0
1,jeffreys,"[0, 1, 2]","[0, 0, 0]",1,16.525139664804474,16.525139664804474,STOP,"{""STOP"": 16.525139664804474, ""p1"": 14.525139664804463, ""p2"": 13.525139664804467, ""pf"": -14.474860335195531}",1101,VALUE_INTEGRATION_CONVERGED,0.0
1,jeffreys,"[0, 1, 1]","[0, 0, 2]",0,16.832738040724117,16.832738040724117,STOP,"{""STOP"": 16.832738040724117}",1101,VALUE_INTEGRATION_CONVERGED,0.0
1,jeffreys,"[0, 1, 1]","[0, 0, 1]",1,16.802185252631247,16.802185252631247,STOP,"{""STOP"": 16.802185252631247, ""p1"": 14.802185252631245, ""p2"": 13.802185252631254, ""pf"": -14.19781474736875}",1101,VALUE_INTEGRATION_CONVERGED,0.0
1,jeffreys,"[0, 1, 1]","[0, 0, 0]",2,16.77094972067039,16.77094972067039,STOP,"{""STOP"": 16.77094972067039, ""p1"": 14.770949720670385, ""p2"": 13.770949720670389, ""pf"": -14.229050279329615}",1101,VALUE_INTEGRATION_CONVERGED,0.0
1,jeffreys,"[0, 1, 0]","[0, 0, 3]",0,17.100468065831187,17.100468065831187,STOP,"{""STOP"": 17.100468065831187}",1101,VALUE_INTEGRATION_CONVERGED,0.0
1,jeffreys,"[0, 1, 0]","[0, 0, 2]",1,17.073175199194075,17.073175199194075,STOP,"{""STOP"": 17.073175199194075, ""p1"": 15.07317519919407, ""p2"": 14.073175199194077, ""pf"": -13.92682480080594}",1101,VALUE_INTEGRATION_CONVERGED,0.0
1,jeffreys,"[0, 1, 0]","[0, 0, 1]",2,17.04527917528318,17.04527917528318,STOP,"{""STOP"": 17.04527917528318, ""p1"": 15.04527917528318, ""p2"": 14.045279175283193, ""pf"": -13.954720824716803}",1101,VALUE_INTEGRATION_CONVERGED,0.0
1,jeffreys,"[0, 1, 0]","[0, 0, 0]",3,17.01675977653631,17.01675977653631,STOP,"{""STOP"": 17.01675977653631, ""p1"": 15.0167597765363, ""p2"": 14.016759776536317, ""pf"": -13.983240223463694}",1101,VALUE_INTEGRATION_CONVERGED,0.0
1,jeffreys,"[0, 0, 0]","[0, 4, 0]",0,17.35679502882921,17.35679502882921,STOP,"{""STOP"": 17.35679502882921}",1101,VALUE_INTEGRATION_CONVERGED,0.0
1,jeffreys,"[0, 0, 1]","[0, 3, 0]",0,17.085489959232973,17.085489959232973,STOP,"{""STOP"": 17.085489959232973}",1101,VALUE_INTEGRATION_CONVERGED,0.0
1,jeffreys,"[0, 0, 0]","[0, 3, 1]",0,17.359819413845777,17.359819413845777,STOP,"{""STOP"": 17.359819413845777}",1101,VALUE_INTEGRATION_CONVERGED,0.0
1,jeffreys,"[0, 0, 0]","[0, 3, 0]",1,17.331300015098886,17.331300015098886,STOP,"{""STOP"": 17.331300015098886, ""p1"": 15.33130001509891, ""p2"": 14.331300015098902, ""pf"": -13.668699984901098}",1101,VALUE_INTEGRATION_CONVERGED,0.0
1,jeffreys,"[0, 0, 2]","[0, 2, 0]",0,16.813627621577076,16.813627621577076,STOP,"{""STOP"": 16.813627621577076}",1101,VALUE_INTEGRATION_CONVERGED,0.0
1,jeffreys,"[0, 0, 1]","[0, 2, 1]",0,17.090673209403846,17.090673209403846,STOP,"{""STOP"": 17.090673209403846}",1101,VALUE_INTEGRATION_CONVERGED,0.0
1,jeffreys,"[0, 0, 1]","[0, 2, 0]",1,17.059437677443004,17.059437677443004,STOP,"{""STOP"": 17.059437677443004, ""p1"": 15.059437677442995, ""p2"": 14.059437677442988, ""pf"": -13.940562322557014}",1101,VALUE_INTEGRATION_CONVERGED,0.0
1,jeffreys,"[0, 0, 0]","[0, 2, 2]",0,17.361663155966674,17.361663155966674,STOP,"{""STOP"": 17.361663155966674}",1101,VALUE_INTEGRATION_CONVERGED,0.0
1,jeffreys,"[0, 0, 0]","[0, 2, 1]",1,17.333767132055794,17.333767132055794,STOP,"{""STOP"": 17.333767132055794, ""p1"": 15.333767132055787, ""p2"": 14.333767132055792, ""pf"": -13.666232867944206}",1101,VALUE_INTEGRATION_CONVERGED,0.0
1,jeffreys,"[0, 0, 0]","[0, 2, 0]",2,17.30524773330891,17.30524773330891,STOP,"{""STOP"": 17.30524773330891, ""p1"": 15.305247733308908, ""p2"": 14.305247733308903, ""pf"": -13.694752266691081}",1101,VALUE_INTEGRATION_CONVERGED,0.0
1,jeffreys,"[0, 0, 3]","[0, 1, 0]",0,16.54118954288711,16.54118954288711,STOP,"{""STOP"": 16.54118954288711}",1101,VALUE_INTEGRATION_CONVERGED,0.0
1,jeffreys,"[0, 0, 2]","[0, 1, 1]",0,16.8209512639279,16.8209512639279,STOP,"{""STOP"": 16.8209512639279}",1101,VALUE_INTEGRATION_CONVERGED,0.0
1,jeffreys,"[0, 0, 2]","[0, 1, 0]",1,16.786999598753063,16.786999598753063,STOP,"{""STOP"": 16.786999598753063, ""p1"": 14.786999598753052, ""p2"": 13.786999598753056, ""pf"": -14.213000401246951}",1101,VALUE_INTEGRATION_CONVERGED,0.0
1,jeffreys,"[0, 0, 1]","[0, 1, 2]",0,17.094597974672702,17.094597974672702,STOP,"{""STOP"": 17.094597974672702}",1101,VALUE_INTEGRATION_CONVERGED,0.0
1,jeffreys,"[0, 0, 1]","[0, 1, 1]",1,17.064045186579833,17.064045186579833,STOP,"{""STOP"": 17.064045186579833, ""p1"": 15.064045186579833, ""p2"": 14.064045186579829, ""pf"": -13.935954813420162}",1101,VALUE_INTEGRATION_CONVERGED,0.0
1,jeffreys,"[0, 0, 1]","[0, 1, 0]",2,17.032809654618966,17.032809654618966,STOP,"{""STOP"": 17.032809654618966, ""p1"": 15.032809654618957, ""p2"": 14.032809654618983, ""pf"": -13.967190345381029}",1101,VALUE_INTEGRATION_CONVERGED,0.0
1,jeffreys,"[0, 0, 0]","[0, 1, 3]",0,17.362327999779772,17.362327999779772,STOP,"{""STOP"": 17.362327999779772}",1101,VALUE_INTEGRATION_CONVERGED,0.0
1,jeffreys,"[0, 0, 0]","[0, 1, 2]",1,17.335035133142647,17.335035133142647,STOP,"{""STOP"": 17.335035133142647, ""p1"": 15.335035133142657, ""p2"": 14.335035133142654, ""pf"": -13.664964866857357}",1101,VALUE_INTEGRATION_CONVERGED,0.0
1,jeffreys,"[0, 0, 0]","[0, 1, 1]",2,17.307139109231777,17.307139109231777,STOP,"{""STOP"": 17.307139109231777, ""p1"": 15.307139109231779, ""p2"": 14.307139109231775, ""pf"": -13.69286089076823}",1101,VALUE_INTEGRATION_CONVERGED,0.0
1,jeffreys,"[0, 0, 0]","[0, 1, 0]",3,17.278619710484893,17.278619710484893,STOP,"{""STOP"": 17.278619710484893, ""p1"": 15.278619710484886, ""p2"": 14.278619710484891, ""pf"": -13.721380289515098}",1101,VALUE_INTEGRATION_CONVERGED,0.0
1,jeffreys,"[0, 0, 4]","[0, 0, 0]",0,16.268156424581004,16.268156424581004,STOP,"{""STOP"": 16.268156424581004}",1101,VALUE_INTEGRATION_CONVERGED,0.0
1,jeffreys,"[0, 0, 3]","[0, 0, 1]",0,16.55063427883576,16.55063427883576,STOP,"{""STOP"": 16.55063427883576}",1101,VALUE_INTEGRATION_CONVERGED,0.0
1,jeffreys,"[0, 0, 3]","[0, 0, 0]",1,16.513966480446932,16.513966480446932,STOP,"{""STOP"": 16.513966480446932, ""p1"": 14.513966480446925, ""p2"": 13.513966480446912, ""pf"": -14.486033519553079}",1101,VALUE_INTEGRATION_CONVERGED,0.0
1,jeffreys,"[0, 0, 2]","[0, 0, 2]",0,16.82693775376255,16.82693775376255,STOP,"{""STOP"": 16.82693775376255}",1101,VALUE_INTEGRATION_CONVERGED,0.0
1,jeffreys,"[0, 0, 2]","[0, 0, 1]",1,16.793728201487692,16.793728201487692,STOP,"{""STOP"": 16.793728201487692, ""p1"": 14.793728201487692, ""p2"": 13.793728201487701, ""pf"": -14.206271798512304}",1101,VALUE_INTEGRATION_CONVERGED,0.0
1,jeffreys,"[0, 0, 2]","[0, 0, 0]",2,16.759776536312856,16.759776536312856,STOP,"{""STOP"": 16.759776536312856, ""p1"": 14.75977653631286, ""p2"": 13.759776536312863, ""pf"": -14.240223463687157}",1101,VALUE_INTEGRATION_CONVERGED,0.0
1,jeffreys,"[0, 0, 1]","[0, 0, 3]",0,17.097267099501728,17.097267099501728,STOP,"{""STOP"": 17.097267099501728}",1101,VALUE_INTEGRATION_CONVERGED,0.0
1,jeffreys,"[0, 0, 1]","[0, 0, 2]",1,17.067374912232502,17.067374912232502,STOP,"{""STOP"": 17.067374912232502, ""p1"": 15.067374912232511, ""p2"": 14.067374912232502, ""pf"": -13.93262508776751}",1101,VALUE_INTEGRATION_CONVERGED,0.0
1,jeffreys,"[0, 0, 1]","[0, 0, 1]",2,17.036822124139626,17.036822124139626,STOP,"{""STOP"": 17.036822124139626, ""p1"": 15.03682212413963, ""p2"": 14.036822124139634, ""pf"": -13.963177875860364}",1101,VALUE_INTEGRATION_CONVERGED,0.0
1,jeffreys,"[0, 0, 1]","[0, 0, 0]",3,17.005586592178766,17.005586592178766,STOP,"{""STOP"": 17.005586592178766, ""p1"": 15.005586592178775, ""p2"": 14.005586592178767, ""pf"": -13.994413407821236}",1101,VALUE_INTEGRATION_CONVERGED,0.0
1,jeffreys,"[0, 0, 0]","[0, 0, 4]",0,17.36181399934275,17.36181399934275,STOP,"{""STOP"": 17.36181399934275}",1101,VALUE_INTEGRATION_CONVERGED,0.0
1,jeffreys,"[0, 0, 0]","[0, 0, 3]",1,17.335104937339572,17.335104937339572,STOP,"{""STOP"": 17.335104937339572, ""p1"": 15.335104937339581, ""p2"": 14.335104937339574, ""pf"": -13.66489506266043}",1101,VALUE_INTEGRATION_CONVERGED,0.0
1,jeffreys,"[0, 0, 0]","[0, 0, 2]",2,17.307812070702454,17.307812070702454,STOP,"{""STOP"": 17.307812070702454, ""p1"": 15.307812070702452, ""p2"": 14.307812070702449, ""pf"": -13.692187929297557}",1101,VALUE_INTEGRATION_CONVERGED,0.0
1,jeffreys,"[0, 0, 0]","[0, 0, 1]",3,17.279916046791563,17.279916046791563,STOP,"{""STOP"": 17.279916046791563, ""p1"": 15.279916046791566, ""p2"": 14.279916046791577, ""pf"": -13.720083953208425}",1101,VALUE_INTEGRATION_CONVERGED,0.0
1,jeffreys,"[0, 0, 0]","[0, 0, 0]",4,17.25139664804468,17.25139664804468,STOP,"{""STOP"": 17.25139664804468, ""p1"": 15.251396648044699, ""p2"": 14.251396648044693, ""pf"": -13.748603351955312}",1101,VALUE_INTEGRATION_CONVERGED,0.0
2,uniform,"[4, 0, 0]","[0, 0, 0]",0,9.837499999999991,9.837499999999991,STOP,"{""STOP"": 9.837499999999991}",1101,VALUE_INTEGRATION_CONVERGED,0.0
2,uniform,"[3, 0, 0]","[1, 0, 0]",0,9.934722222222213,9.934722222222213,STOP,"{""STOP"": 9.934722222222213}",1101,VALUE_INTEGRATION_CONVERGED,0.0
2,uniform,"[3, 1, 0]","[0, 0, 0]",0,9.649999999999999,9.649999999999999,STOP,"{""STOP"": 9.649999999999999}",1101,VALUE_INTEGRATION_CONVERGED,0.0
2,uniform,"[3, 0, 0]","[0, 1, 0]",0,9.980555555555556,9.980555555555556,STOP,"{""STOP"": 9.980555555555556}",1101,VALUE_INTEGRATION_CONVERGED,0.0
2,uniform,"[3, 0, 1]","[0, 0, 0]",0,9.637499999999992,9.637499999999992,STOP,"{""STOP"": 9.637499999999992}",1101,VALUE_INTEGRATION_CONVERGED,0.0
2,uniform,"[3, 0, 0]","[0, 0, 1]",0,9.983796296296298,9.983796296296298,STOP,"{""STOP"": 9.983796296296298}",1101,VALUE_INTEGRATION_CONVERGED,0.0
2,uniform,"[3, 0, 0]","[0, 0, 0]",1,9.912499999999989,9.912499999999989,STOP,"{""STOP"": 9.912499999999989, ""p1"": 7.912499999999991, ""p2"": 6.9125000000000005, ""pf"": -21.0875}",1101,VALUE_INTEGRATION_CONVERGED,0.0
2,uniform,"[2, 0, 0]","[2, 0, 0]",0,10.029573170731704,10.029573170731704,STOP,"{""STOP"": 10.029573170731704}",1101,VALUE_INTEGRATION_CONVERGED,0.0
2,uniform,"[2, 1, 0]","[1, 0, 0]",0,9.746296296296286,9.746296296296286,STOP,"{""STOP"": 9.746296296296286}",1101,VALUE_INTEGRATION_CONVERGED,0.0
2,uniform,"[2, 0, 0]","[1, 1, 0]",0,10.076851851851846,10.076851851851846,STOP,"{""STOP"": 10.076851851851846}",1101,VALUE_INTEGRATION_CONVERGED,0.0
2,uniform,"[2, 0, 1]","[1, 0, 0]",0,9.733796296296294,9.733796296296294,STOP,"{""STOP"": 9.733796296296294}",1101,VALUE_INTEGRATION_CONVERGED,0.0
2,uniform,"[2, 0, 0]","[1, 0, 1]",0,10.080092592592589,10.080092592592589,STOP,"{""STOP"": 10.080092592592589}",1101,VALUE_INTEGRATION_CONVERGED,0.0
2,uniform,"[2, 0, 0]","[1, 0, 0]",1,10.008796296296298,10.008796296296298,STOP,"{""STOP"": 10.008796296296298, ""p1"": 8.008796296296293, ""p2"": 7.008796296296291, ""pf"": -20.991203703703704}",1101,VALUE_INTEGRATION_CONVERGED,0.0
2,uniform,"[2, 2, 0]","[0, 0, 0]",0,9.462499999999995,9.462499999999995,STOP,"{""STOP"": 9.462499999999995}",1101,VALUE_INTEGRATION_CONVERGED,0.0
2,uniform,"[2, 1, 0]","[0, 1, 0]",0,9.79629629629629,9.79629629629629,STOP,"{""STOP"": 9.79629629629629}",1101,VALUE_INTEGRATION_CONVERGED,0.0
2,uniform,"[2, 1, 1]","[0, 0, 0]",0,9.449999999999994,9.449999999999994,STOP,"{""STOP"": 9.449999999999994}",1101,VALUE_INTEGRATION_CONVERGED,0.0
2,uniform,"[2, 1, 0]","[0, 0, 1]",0,9.79629629629629,9.79629629629629,STOP,"{""STOP"": 9.79629629629629}",1101,VALUE_INTEGRATION_CONVERGED,0.0
2,uniform,"[2, 1, 0]","[0, 0, 0]",1,9.724999999999989,9.724999999999989,STOP,"{""STOP"": 9.724999999999989, ""p1"": 7.724999999999992, ""p2"": 6.724999999999994, ""pf"": -21.275000000000006}",1101,VALUE_INTEGRATION_CONVERGED,0.0
2,uniform,"[2, 0, 0]","[0, 2, 0]",0,10.121951219512189,10.121951219512189,STOP,"{""STOP"": 10.121951219512189}",1101,VALUE_INTEGRATION_CONVERGED,0.0
2,uniform,"[2, 0, 1]","[0, 1, 0]",0,9.78055555555555,9.78055555555555,STOP,"{""STOP"": 9.78055555555555}",1101,VALUE_INTEGRATION_CONVERGED,0.0
2,uniform,"[2, 0, 0]","[0, 1, 1]",0,10.126851851851852,10.126851851851852,STOP,"{""STOP"": 10.126851851851852}",1101,VALUE_INTEGRATION_CONVERGED,0.0
2,uniform,"[2, 0, 0]","[0, 1, 0]",1,10.055555555555545,10.055555555555545,STOP,"{""STOP"": 10.055555555555545, ""p1"": 8.05555555555555, ""p2"": 7.05555555555555, ""pf"": -20.944444444444446}",1101,VALUE_INTEGRATION_CONVERGED,0.0
2,uniform,"[2, 0, 2]","[0, 0, 0]",0,9.437499999999991,9.437499999999991,STOP,"{""STOP"": 9.437499999999991}",1101,VALUE_INTEGRATION_CONVERGED,0.0
2,uniform,"[2, 0, 1]","[0, 0, 1]",0,9.787191358024685,9.787191358024685,STOP,"{""STOP"": 9.787191358024685}",1101,VALUE_INTEGRATION_CONVERGED,0.0
2,uniform,"[2, 0, 1]","[0, 0, 0]",1,9.712499999999995,9.712499999999995,STOP,"{""STOP"": 9.712499999999995, ""p1"": 7.712499999999997, ""p2"": 6.712499999999995, ""pf"": -21.287500000000005}",1101,VALUE_INTEGRATION_CONVERGED,0.0
2,uniform,"[2, 0, 0]","[0, 0, 2]",0,10.128353658536575,10.128353658536575,STOP,"{""STOP"": 10.128353658536575}",1101,VALUE_INTEGRATION_CONVERGED,0.0
2,uniform,"[2, 0, 0]","[0, 0, 1]",1,10.058796296296288,10.058796296296288,STOP,"{""STOP"": 10.058796296296288, ""p1"": 8.058796296296293, ""p2"": 7.058796296296296, ""pf"": -20.941203703703714}",1101,VALUE_INTEGRATION_CONVERGED,0.0
2,uniform,"[2, 0, 0]","[0, 0, 0]",2,9.987499999999988,9.987499999999988,STOP,"{""STOP"": 9.987499999999988, ""p1"": 7.987499999999999, ""p2"": 6.98749999999999, ""pf"": -21.012500000000006}",1101,VALUE_INTEGRATION_CONVERGED,0.0
2,uniform,"[1, 0, 0]","[3, 0, 0]",0,10.12213855421686,10.12213855421686,STOP,"{""STOP"": 10.12213855421686}",1101,VALUE_INTEGRATION_CONVERGED,0.0
2,uniform,"[1, 1, 0]","[2, 0, 0]",0,9.84024390243902,9.84024390243902,STOP,"{""STOP"": 9.84024390243902}",1101,VALUE_INTEGRATION_CONVERGED,0.0
2,uniform,"[1, 0, 0]","[2, 1, 0]",0,10.17079945799458,10.17079945799458,STOP,"{""STOP"": 10.17079945799458}",1101,VALUE_INTEGRATION_CONVERGED,0.0
2,uniform,"[1, 0, 1]","[2, 0, 0]",0,9.827743902439025,9.827743902439025,STOP,"{""STOP"": 9.827743902439025}",1101,VALUE_INTEGRATION_CONVERGED,0.0
2,uniform,"[1, 0, 0]","[2, 0, 1]",0,10.174040198735323,10.174040198735323,STOP,"{""STOP"": 10.174040198735323}",1101,VALUE_INTEGRATION_CONVERGED,0.0
2,uniform,"[1, 0, 0]","[2, 0, 0]",1,10.102743902439023,10.102743902439023,STOP,"{""STOP"": 10.102743902439023, ""p1"": 8.102743902439018, ""p2"": 7.102743902439025, ""pf"": -20.897256097560973}",1101,VALUE_INTEGRATION_CONVERGED,0.0
2,uniform,"[1, 2, 0]","[1, 0, 0]",0,9.557870370370367,9.557870370370367,STOP,"{""STOP"": 9.557870370370367}",1101,VALUE_INTEGRATION_CONVERGED,0.0
2,uniform,"[1, 1, 0]","[1, 1, 0]",0,9.891666666666666,9.891666666666666,STOP,"{""STOP"": 9.891666666666666}",1101,VALUE_INTEGRATION_CONVERGED,0.0
2,uniform,"[1, 1, 1]","[1, 0, 0]",0,9.545370370370375,9.545370370370375,STOP,"{""STOP"": 9.545370370370375}",1101,VALUE_INTEGRATION_CONVERGED,0.0
2,uniform,"[1, 1, 0]","[1, 0, 1]",0,9.891666666666666,9.891666666666666,STOP,"{""STOP"": 9.891666666666666}",1101,VALUE_INTEGRATION_CONVERGED,0.0
2,uniform,"[1, 1, 0]","[1, 0, 0]",1,9.820370370370373,9.820370370370373,STOP,"{""STOP"": 9.820370370370373, ""p1"": 7.820370370370364, ""p2"": 6.820370370370368, ""pf"": -21.179629629629627}",1101,VALUE_INTEGRATION_CONVERGED,0.0
2,uniform,"[1, 0, 0]","[1, 2, 0]",0,10.217321589882559,10.217321589882559,STOP,"{""STOP"": 10.217321589882559}",1101,VALUE_INTEGRATION_CONVERGED,0.0
2,uniform,"[1, 0, 1]","[1, 1, 0]",0,9.875925925925923,9.875925925925923,STOP,"{""STOP"": 9.875925925925923}",1101,VALUE_INTEGRATION_CONVERGED,0.0
2,uniform,"[1, 0, 0]","[1, 1, 1]",0,10.222222222222221,10.222222222222221,STOP,"{""STOP"": 10.222222222222221}",1101,VALUE_INTEGRATION_CONVERGED,0.0
2,uniform,"[1, 0, 0]","[1, 1, 0]",1,10.150925925925918,10.150925925925918,STOP,"{""STOP"": 10.150925925925918, ""p1"": 8.150925925925925, ""p2"": 7.15092592592592, ""pf"": -20.849074074074075}",1101,VALUE_INTEGRATION_CONVERGED,0.0
2,uniform,"[1, 0, 2]","[1, 0, 0]",0,9.53287037037037,9.53287037037037,STOP,"{""STOP"": 9.53287037037037}",1101,VALUE_INTEGRATION_CONVERGED,0.0
2,uniform,"[1, 0, 1]","[1, 0, 1]",0,9.882561728395059,9.882561728395059,STOP,"{""STOP"": 9.882561728395059}",1101,VALUE_INTEGRATION_CONVERGED,0.0
2,uniform,"[1, 0, 1]","[1, 0, 0]",1,9.807870370370356,9.807870370370356,STOP,"{""STOP"": 9.807870370370356, ""p1"": 7.80787037037037, ""p2"": 6.807870370370369, ""pf"": -21.192129629629633}",1101,VALUE_INTEGRATION_CONVERGED,0.0
2,uniform,"[1, 0, 0]","[1, 0, 2]",0,10.223724028906956,10.223724028906956,STOP,"{""STOP"": 10.223724028906956}",1101,VALUE_INTEGRATION_CONVERGED,0.0
2,uniform,"[1, 0, 0]","[1, 0, 1]",1,10.154166666666661,10.154166666666661,STOP,"{""STOP"": 10.154166666666661, ""p1"": 8.154166666666669, ""p2"": 7.154166666666666, ""pf"": -20.845833333333335}",1101,VALUE_INTEGRATION_CONVERGED,0.0
2,uniform,"[1, 0, 0]","[1, 0, 0]",2,10.082870370370365,10.082870370370365,STOP,"{""STOP"": 10.082870370370365, ""p1"": 8.08287037037037, ""p2"": 7.082870370370365, ""pf"": -20.917129629629635}",1101,VALUE_INTEGRATION_CONVERGED,0.0
2,uniform,"[1, 3, 0]","[0, 0, 0]",0,9.275000000000004,9.275000000000004,STOP,"{""STOP"": 9.275000000000004}",1101,VALUE_INTEGRATION_CONVERGED,0.0
2,uniform,"[1, 2, 0]","[0, 1, 0]",0,9.612037037037034,9.612037037037034,STOP,"{""STOP"": 9.612037037037034}",1101,VALUE_INTEGRATION_CONVERGED,0.0
2,uniform,"[1, 2, 1]","[0, 0, 0]",0,9.262499999999992,9.262499999999992,STOP,"{""STOP"": 9.262499999999992}",1101,VALUE_INTEGRATION_CONVERGED,0.0
2,uniform,"[1, 2, 0]","[0, 0, 1]",0,9.608796296296296,9.608796296296296,STOP,"{""STOP"": 9.608796296296296}",1101,VALUE_INTEGRATION_CONVERGED,0.0
2,uniform,"[1, 2, 0]","[0, 0, 0]",1,9.537499999999987,9.537499999999987,STOP,"{""STOP"": 9.537499999999987, ""p1"": 7.537499999999996, ""p2"": 6.537499999999999, ""pf"": -21.4625}",1101,VALUE_INTEGRATION_CONVERGED,0.0
2,uniform,"[1, 1, 0]","[0, 2, 0]",0,9.94085365853658,9.94085365853658,STOP,"{""STOP"": 9.94085365853658}",1101,VALUE_INTEGRATION_CONVERGED,0.0
2,uniform,"[1, 1, 1]","[0, 1, 0]",0,9.596296296296295,9.596296296296295,STOP,"{""STOP"": 9.596296296296295}",1101,VALUE_INTEGRATION_CONVERGED,0.0
2,uniform,"[1, 1, 0]","[0, 1, 1]",0,9.942592592592586,9.942592592592586,STOP,"{""STOP"": 9.942592592592586}",1101,VALUE_INTEGRATION_CONVERGED,0.0
2,uniform,"[1, 1, 0]","[0, 1, 0]",1,9.871296296296297,9.871296296296297,STOP,"{""STOP"": 9.871296296296297, ""p1"": 7.871296296296293, ""p2"": 6.871296296296292, ""pf"": -21.12870370370371}",1101,VALUE_INTEGRATION_CONVERGED,0.0
2,uniform,"[1, 1, 2]","[0, 0, 0]",0,9.250000000000004,9.250000000000004,STOP,"{""STOP"": 9.250000000000004}",1101,VALUE_INTEGRATION_CONVERGED,0.0
2,uniform,"[1, 1, 1]","[0, 0, 1]",0,9.59969135802469,9.59969135802469,STOP,"{""STOP"": 9.59969135802469}",1101,VALUE_INTEGRATION_CONVERGED,0.0
2,uniform,"[1, 1, 1]","[0, 0, 0]",1,9.524999999999997,9.524999999999997,STOP,"{""STOP"": 9.524999999999997, ""p1"": 7.525000000000002, ""p2"": 6.524999999999997, ""pf"": -21.475}",1101,VALUE_INTEGRATION_CONVERGED,0.0
2,uniform,"[1, 1, 0]","[0, 0, 2]",0,9.94085365853659,9.94085365853659,STOP,"{""STOP"": 9.94085365853659}",1101,VALUE_INTEGRATION_CONVERGED,0.0
2,uniform,"[1, 1, 0]","[0, 0, 1]",1,9.871296296296297,9.871296296296297,STOP,"{""STOP"": 9.871296296296297, ""p1"": 7.871296296296293, ""p2"": 6.871296296296291, ""pf"": -21.1287037037037}",1101,VALUE_INTEGRATION_CONVERGED,0.0
2,uniform,"[1, 1, 0]","[0, 0, 0]",2,9.799999999999997,9.799999999999997,STOP,"{""STOP"": 9.799999999999997, ""p1"": 7.8, ""p2"": 6.799999999999997, ""pf"": -21.2}",1101,VALUE_INTEGRATION_CONVERGED,0.0
2,uniform,"[1, 0, 0]","[0, 3, 0]",0,10.261746987951799,10.261746987951799,STOP,"{""STOP"": 10.261746987951799}",1101,VALUE_INTEGRATION_CONVERGED,0.0
2,uniform,"[1, 0, 1]","[0, 2, 0]",0,9.921951219512195,9.921951219512195,STOP,"{""STOP"": 9.921951219512195}",1101,VALUE_INTEGRATION_CONVERGED,0.0
2,uniform,"[1, 0, 0]","[0, 2, 1]",0,10.268247515808497,10.268247515808497,STOP,"{""STOP"": 10.268247515808497}",1101,VALUE_INTEGRATION_CONVERGED,0.0
2,uniform,"[1, 0, 0]","[0, 2, 0]",1,10.1969512195122,10.1969512195122,STOP,"{""STOP"": 10.1969512195122, ""p1"": 8.196951219512188, ""p2"": 7.196951219512187, ""pf"": -20.8030487804878}",1101,VALUE_INTEGRATION_CONVERGED,0.0
2,uniform,"[1, 0, 2]","[0, 1, 0]",0,9.580555555555556,9.580555555555556,STOP,"{""STOP"": 9.580555555555556}",1101,VALUE_INTEGRATION_CONVERGED,0.0
2,uniform,"[1, 0, 1]","[0, 1, 1]",0,9.930246913580248,9.930246913580248,STOP,"{""STOP"": 9.930246913580248}",1101,VALUE_INTEGRATION_CONVERGED,0.0
2,uniform,"[1, 0, 1]","[0, 1, 0]",1,9.855555555555556,9.855555555555556,STOP,"{""STOP"": 9.855555555555556, ""p1"": 7.855555555555552, ""p2"": 6.855555555555555, ""pf"": -21.144444444444442}",1101,VALUE_INTEGRATION_CONVERGED,0.0
2,uniform,"[1, 0, 0]","[0, 1, 2]",0,10.271409214092145,10.271409214092145,STOP,"{""STOP"": 10.271409214092145}",1101,VALUE_INTEGRATION_CONVERGED,0.0
2,uniform,"[1, 0, 0]","[0, 1, 1]",1,10.201851851851849,10.201851851851849,STOP,"{""STOP"": 10.201851851851849, ""p1"": 8.201851851851853, ""p2"": 7.201851851851854, ""pf"": -20.798148148148147}",1101,VALUE_INTEGRATION_CONVERGED,0.0
2,uniform,"[1, 0, 0]","[0, 1, 0]",2,10.130555555555553,10.130555555555553,STOP,"{""STOP"": 10.130555555555553, ""p1"": 8.130555555555548, ""p2"": 7.13055555555556, ""pf"": -20.869444444444447}",1101,VALUE_INTEGRATION_CONVERGED,0.0
2,uniform,"[1, 0, 3]","[0, 0, 0]",0,9.237500000000004,9.237500000000004,STOP,"{""STOP"": 9.237500000000004}",1101,VALUE_INTEGRATION_CONVERGED,0.0
2,uniform,"[1, 0, 2]","[0, 0, 1]",0,9.590586419753091,9.590586419753091,STOP,"{""STOP"": 9.590586419753091}",1101,VALUE_INTEGRATION_CONVERGED,0.0
2,uniform,"[1, 0, 2]","[0, 0, 0]",1,9.512499999999996,9.512499999999996,STOP,"{""STOP"": 9.512499999999996, ""p1"": 7.5124999999999975, ""p2"": 6.512500000000002, ""pf"": -21.487499999999997}",1101,VALUE_INTEGRATION_CONVERGED,0.0
2,uniform,"[1, 0, 1]","[0, 0, 2]",0,9.935060975609755,9.935060975609755,STOP,"{""STOP"": 9.935060975609755}",1101,VALUE_INTEGRATION_CONVERGED,0.0
2,uniform,"[1, 0, 1]","[0, 0, 1]",1,9.862191358024695,9.862191358024695,STOP,"{""STOP"": 9.862191358024695, ""p1"": 7.862191358024687, ""p2"": 6.862191358024693, ""pf"": -21.137808641975308}",1101,VALUE_INTEGRATION_CONVERGED,0.0
2,uniform,"[1, 0, 1]","[0, 0, 0]",2,9.787499999999994,9.787499999999994,STOP,"{""STOP"": 9.787499999999994, ""p1"": 7.787499999999987, ""p2"": 6.7875, ""pf"": -21.2125}",1101,VALUE_INTEGRATION_CONVERGED,0.0
2,uniform,"[1, 0, 0]","[0, 0, 3]",0,10.271234939759033,10.271234939759033,STOP,"{""STOP"": 10.271234939759033}",1101,VALUE_INTEGRATION_CONVERGED,0.0
2,uniform,"[1, 0, 0]","[0, 0, 2]",1,10.203353658536587,10.203353658536587,STOP,"{""STOP"": 10.203353658536587, ""p1"": 8.203353658536583, ""p2"": 7.203353658536589, ""pf"": -20.796646341463415}",1101,VALUE_INTEGRATION_CONVERGED,0.0
2,uniform,"[1, 0, 0]","[0, 0, 1]",2,10.133796296296296,10.133796296296296,STOP,"{""STOP"": 10.133796296296296, ""p1"": 8.133796296296289, ""p2"": 7.133796296296294, ""pf"": -20.866203703703704}",1101,VALUE_INTEGRATION_CONVERGED,0.0
2,uniform,"[1, 0, 0]","[0, 0, 0]",3,10.06249999999999,10.06249999999999,STOP,"{""STOP"": 10.06249999999999, ""p1"": 8.062499999999993, ""p2"": 7.062499999999998, ""pf"": -20.9375}",1101,VALUE_INTEGRATION_CONVERGED,0.0
2,uniform,"[0, 0, 0]","[4, 0, 0]",0,10.212499999999991,10.212499999999991,STOP,"{""STOP"": 10.212499999999991}",1101,VALUE_INTEGRATION_CONVERGED,0.0
2,uniform,"[0, 1, 0]","[3, 0, 0]",0,9.931927710843373,9.931927710843373,STOP,"{""STOP"": 9.931927710843373}",1101,VALUE_INTEGRATION_CONVERGED,0.0
2,uniform,"[0, 0, 0]","[3, 1, 0]",0,10.262483266398927,10.262483266398927,STOP,"{""STOP"": 10.262483266398927}",1101,VALUE_INTEGRATION_CONVERGED,0.0
2,uniform,"[0, 0, 1]","[3, 0, 0]",0,9.91942771084337,9.91942771084337,STOP,"{""STOP"": 9.91942771084337}",1101,VALUE_INTEGRATION_CONVERGED,0.0
2,uniform,"[0, 0, 0]","[3, 0, 1]",0,10.265724007139664,10.265724007139664,STOP,"{""STOP"": 10.265724007139664}",1101,VALUE_INTEGRATION_CONVERGED,0.0
2,uniform,"[0, 0, 0]","[3, 0, 0]",1,10.194427710843367,10.194427710843367,STOP,"{""STOP"": 10.194427710843367, ""p1"": 8.194427710843366, ""p2"": 7.194427710843373, ""pf"": -20.805572289156633}",1101,VALUE_INTEGRATION_CONVERGED,0.0
2,uniform,"[0, 2, 0]","[2, 0, 0]",0,9.65091463414634,9.65091463414634,STOP,"{""STOP"": 9.65091463414634}",1101,VALUE_INTEGRATION_CONVERGED,0.0
2,uniform,"[0, 1, 0]","[2, 1, 0]",0,9.98471093044263,9.98471093044263,STOP,"{""STOP"": 9.98471093044263}",1101,VALUE_INTEGRATION_CONVERGED,0.0
2,uniform,"[0, 1, 1]","[2, 0, 0]",0,9.63841463414634,9.63841463414634,STOP,"{""STOP"": 9.63841463414634}",1101,VALUE_INTEGRATION_CONVERGED,0.0
2,uniform,"[0, 1, 0]","[2, 0, 1]",0,9.984710930442635,9.984710930442635,STOP,"{""STOP"": 9.984710930442635}",1101,VALUE_INTEGRATION_CONVERGED,0.0
2,uniform,"[0, 1, 0]","[2, 0, 0]",1,9.913414634146342,9.913414634146342,STOP,"{""STOP"": 9.913414634146342, ""p1"": 7.913414634146341, ""p2"": 6.913414634146335, ""pf"": -21.08658536585366}",1101,VALUE_INTEGRATION_CONVERGED,0.0
2,uniform,"[0, 0, 0]","[2, 2, 0]",0,10.310365853658535,10.310365853658535,STOP,"{""STOP"": 10.310365853658535}",1101,VALUE_INTEGRATION_CONVERGED,0.0
2,uniform,"[0, 0, 1]","[2, 1, 0]",0,9.968970189701896,9.968970189701896,STOP,"{""STOP"": 9.968970189701896}",1101,VALUE_INTEGRATION_CONVERGED,0.0
2,uniform,"[0, 0, 0]","[2, 1, 1]",0,10.315266485998192,10.315266485998192,STOP,"{""STOP"": 10.315266485998192}",1101,VALUE_INTEGRATION_CONVERGED,0.0
2,uniform,"[0, 0, 0]","[2, 1, 0]",1,10.243970189701894,10.243970189701894,STOP,"{""STOP"": 10.243970189701894, ""p1"": 8.243970189701896, ""p2"": 7.243970189701892, ""pf"": -20.756029810298102}",1101,VALUE_INTEGRATION_CONVERGED,0.0
2,uniform,"[0, 0, 2]","[2, 0, 0]",0,9.625914634146334,9.625914634146334,STOP,"{""STOP"": 9.625914634146334}",1101,VALUE_INTEGRATION_CONVERGED,0.0
2,uniform,"[0, 0, 1]","[2, 0, 1]",0,9.975605992171028,9.975605992171028,STOP,"{""STOP"": 9.975605992171028}",1101,VALUE_INTEGRATION_CONVERGED,0.0
2,uniform,"[0, 0, 1]","[2, 0, 0]",1,9.90091463414634,9.90091463414634,STOP,"{""STOP"": 9.90091463414634, ""p1"": 7.900914634146339, ""p2"": 6.900914634146341, ""pf"": -21.099085365853664}",1101,VALUE_INTEGRATION_CONVERGED,0.0
2,uniform,"[0, 0, 0]","[2, 0, 2]",0,10.316768292682925,10.316768292682925,STOP,"{""STOP"": 10.316768292682925}",1101,VALUE_INTEGRATION_CONVERGED,0.0
2,uniform,"[0, 0, 0]","[2, 0, 1]",1,10.24721093044263,10.24721093044263,STOP,"{""STOP"": 10.24721093044263, ""p1"": 8.247210930442634, ""p2"": 7.2472109304426375, ""pf"": -20.752789069557366}",1101,VALUE_INTEGRATION_CONVERGED,0.0
2,uniform,"[0, 0, 0]","[2, 0, 0]",2,10.17591463414633,10.17591463414633,STOP,"{""STOP"": 10.17591463414633, ""p1"": 8.175914634146336, ""p2"": 7.17591463414634, ""pf"": -20.824085365853662}",1101,VALUE_INTEGRATION_CONVERGED,0.0
2,uniform,"[0, 3, 0]","[1, 0, 0]",0,9.369444444444447,9.369444444444447,STOP,"{""STOP"": 9.369444444444447}",1101,VALUE_INTEGRATION_CONVERGED,0.0
2,uniform,"[0, 2, 0]","[1, 1, 0]",0,9.706481481481479,9.706481481481479,STOP,"{""STOP"": 9.706481481481479}",1101,VALUE_INTEGRATION_CONVERGED,0.0
2,uniform,"[0, 2, 1]","[1, 0, 0]",0,9.356944444444437,9.356944444444437,STOP,"{""STOP"": 9.356944444444437}",1101,VALUE_INTEGRATION_CONVERGED,0.0
2,uniform,"[0, 2, 0]","[1, 0, 1]",0,9.703240740740743,9.703240740740743,STOP,"{""STOP"": 9.703240740740743}",1101,VALUE_INTEGRATION_CONVERGED,0.0
2,uniform,"[0, 2, 0]","[1, 0, 0]",1,9.631944444444434,9.631944444444434,STOP,"{""STOP"": 9.631944444444434, ""p1"": 7.631944444444442, ""p2"": 6.631944444444443, ""pf"": -21.368055555555557}",1101,VALUE_INTEGRATION_CONVERGED,0.0
2,uniform,"[0, 1, 0]","[1, 2, 0]",0,10.03529810298103,10.03529810298103,STOP,"{""STOP"": 10.03529810298103}",1101,VALUE_INTEGRATION_CONVERGED,0.0
2,uniform,"[0, 1, 1]","[1, 1, 0]",0,9.690740740740747,9.690740740740747,STOP,"{""STOP"": 9.690740740740747}",1101,VALUE_INTEGRATION_CONVERGED,0.0
2,uniform,"[0, 1, 0]","[1, 1, 1]",0,10.037037037037042,10.037037037037042,STOP,"{""STOP"": 10.037037037037042}",1101,VALUE_INTEGRATION_CONVERGED,0.0
2,uniform,"[0, 1, 0]","[1, 1, 0]",1,9.965740740740738,9.965740740740738,STOP,"{""STOP"": 9.965740740740738, ""p1"": 7.965740740740733, ""p2"": 6.96574074074074, ""pf"": -21.03425925925925}",1101,VALUE_INTEGRATION_CONVERGED,0.0
2,uniform,"[0, 1, 2]","[1, 0, 0]",0,9.344444444444449,9.344444444444449,STOP,"{""STOP"": 9.344444444444449}",1101,VALUE_INTEGRATION_CONVERGED,0.0
2,uniform,"[0, 1, 1]","[1, 0, 1]",0,9.694135802469145,9.694135802469145,STOP,"{""STOP"": 9.694135802469145}",1101,VALUE_INTEGRATION_CONVERGED,0.0
2,uniform,"[0, 1, 1]","[1, 0, 0]",1,9.61944444444445,9.61944444444445,STOP,"{""STOP"": 9.61944444444445, ""p1"": 7.619444444444444, ""p2"": 6.619444444444447, ""pf"": -21.380555555555546}",1101,VALUE_INTEGRATION_CONVERGED,0.0
2,uniform,"[0, 1, 0]","[1, 0, 2]",0,10.035298102981027,10.035298102981027,STOP,"{""STOP"": 10.035298102981027}",1101,VALUE_INTEGRATION_CONVERGED,0.0
2,uniform,"[0, 1, 0]","[1, 0, 1]",1,9.965740740740742,9.965740740740742,STOP,"{""STOP"": 9.965740740740742, ""p1"": 7.965740740740738, ""p2"": 6.965740740740744, ""pf"": -21.03425925925926}",1101,VALUE_INTEGRATION_CONVERGED,0.0
2,uniform,"[0, 1, 0]","[1, 0, 0]",2,9.894444444444444,9.894444444444444,STOP,"{""STOP"": 9.894444444444444, ""p1"": 7.894444444444445, ""p2"": 6.89444444444444, ""pf"": -21.105555555555554}",1101,VALUE_INTEGRATION_CONVERGED,0.0
2,uniform,"[0, 0, 0]","[1, 3, 0]",0,10.356191432396248,10.356191432396248,STOP,"{""STOP"": 10.356191432396248}",1101,VALUE_INTEGRATION_CONVERGED,0.0
2,uniform,"[0, 0, 1]","[1, 2, 0]",0,10.016395663956638,10.016395663956638,STOP,"{""STOP"": 10.016395663956638}",1101,VALUE_INTEGRATION_CONVERGED,0.0
2,uniform,"[0, 0, 0]","[1, 2, 1]",0,10.362691960252942,10.362691960252942,STOP,"{""STOP"": 10.362691960252942}",1101,VALUE_INTEGRATION_CONVERGED,0.0
2,uniform,"[0, 0, 0]","[1, 2, 0]",1,10.291395663956642,10.291395663956642,STOP,"{""STOP"": 10.291395663956642, ""p1"": 8.291395663956635, ""p2"": 7.291395663956638, ""pf"": -20.708604336043358}",1101,VALUE_INTEGRATION_CONVERGED,0.0
2,uniform,"[0, 0, 2]","[1, 1, 0]",0,9.675,9.675,STOP,"{""STOP"": 9.675}",1101,VALUE_INTEGRATION_CONVERGED,0.0
2,uniform,"[0, 0, 1]","[1, 1, 1]",0,10.024691358024691,10.024691358024691,STOP,"{""STOP"": 10.024691358024691}",1101,VALUE_INTEGRATION_CONVERGED,0.0
2,uniform,"[0, 0, 1]","[1, 1, 0]",1,9.950000000000005,9.950000000000005,STOP,"{""STOP"": 9.950000000000005, ""p1"": 7.9499999999999975, ""p2"": 6.95, ""pf"": -21.049999999999997}",1101,VALUE_INTEGRATION_CONVERGED,0.0
2,uniform,"[0, 0, 0]","[1, 1, 2]",0,10.365853658536587,10.365853658536587,STOP,"{""STOP"": 10.365853658536587}",1101,VALUE_INTEGRATION_CONVERGED,0.0
2,uniform,"[0, 0, 0]","[1, 1, 1]",1,10.296296296296303,10.296296296296303,STOP,"{""STOP"": 10.296296296296303, ""p1"": 8.296296296296294, ""p2"": 7.296296296296301, ""pf"": -20.703703703703702}",1101,VALUE_INTEGRATION_CONVERGED,0.0
2,uniform,"[0, 0, 0]","[1, 1, 0]",2,10.225000000000005,10.225000000000005,STOP,"{""STOP"": 10.225000000000005, ""p1"": 8.224999999999996, ""p2"": 7.225000000000001, ""pf"": -20.77499999999999}",1101,VALUE_INTEGRATION_CONVERGED,0.0
2,uniform,"[0, 0, 3]","[1, 0, 0]",0,9.331944444444447,9.331944444444447,STOP,"{""STOP"": 9.331944444444447}",1101,VALUE_INTEGRATION_CONVERGED,0.0
2,uniform,"[0, 0, 2]","[1, 0, 1]",0,9.685030864197529,9.685030864197529,STOP,"{""STOP"": 9.685030864197529}",1101,VALUE_INTEGRATION_CONVERGED,0.0
2,uniform,"[0, 0, 2]","[1, 0, 0]",1,9.606944444444443,9.606944444444443,STOP,"{""STOP"": 9.606944444444443, ""p1"": 7.606944444444437, ""p2"": 6.606944444444446, ""pf"": -21.393055555555556}",1101,VALUE_INTEGRATION_CONVERGED,0.0
2,uniform,"[0, 0, 1]","[1, 0, 2]",0,10.029505420054198,10.029505420054198,STOP,"{""STOP"": 10.029505420054198}",1101,VALUE_INTEGRATION_CONVERGED,0.0
2,uniform,"[0, 0, 1]","[1, 0, 1]",1,9.956635802469139,9.956635802469139,STOP,"{""STOP"": 9.956635802469139, ""p1"": 7.9566358024691315, ""p2"": 6.956635802469139, ""pf"": -21.043364197530867}",1101,VALUE_INTEGRATION_CONVERGED,0.0
2,uniform,"[0, 0, 1]","[1, 0, 0]",2,9.881944444444443,9.881944444444443,STOP,"{""STOP"": 9.881944444444443, ""p1"": 7.881944444444439, ""p2"": 6.88194444444445, ""pf"": -21.118055555555557}",1101,VALUE_INTEGRATION_CONVERGED,0.0
2,uniform,"[0, 0, 0]","[1, 0, 3]",0,10.365679384203478,10.365679384203478,STOP,"{""STOP"": 10.365679384203478}",1101,VALUE_INTEGRATION_CONVERGED,0.0
2,uniform,"[0, 0, 0]","[1, 0, 2]",1,10.297798102981032,10.297798102981032,STOP,"{""STOP"": 10.297798102981032, ""p1"": 8.297798102981027, ""p2"": 7.297798102981032, ""pf"": -20.702201897018973}",1101,VALUE_INTEGRATION_CONVERGED,0.0
2,uniform,"[0, 0, 0]","[1, 0, 1]",2,10.228240740740738,10.228240740740738,STOP,"{""STOP"": 10.228240740740738, ""p1"": 8.228240740740734, ""p2"": 7.228240740740747, ""pf"": -20.77175925925926}",1101,VALUE_INTEGRATION_CONVERGED,0.0
2,uniform,"[0, 0, 0]","[1, 0, 0]",3,10.156944444444438,10.156944444444438,STOP,"{""STOP"": 10.156944444444438, ""p1"": 8.156944444444434, ""p2"": 7.1569444444444485, ""pf"": -20.84305555555556}",1101,VALUE_INTEGRATION_CONVERGED,0.0
2,uniform,"[0, 4, 0]","[0, 0, 0]",0,9.087499999999995,9.087499999999995,STOP,"{""STOP"": 9.087499999999995}",1101,VALUE_INTEGRATION_CONVERGED,0.0
2,uniform,"[0, 3, 0]","[0, 1, 0]",0,9.427777777777777,9.427777777777777,STOP,"{""STOP"": 9.427777777777777}",1101,VALUE_INTEGRATION_CONVERGED,0.0
2,uniform,"[0, 3, 1]","[0, 0, 0]",0,9.075,9.075,STOP,"{""STOP"": 9.075}",1101,VALUE_INTEGRATION_CONVERGED,0.0
2,uniform,"[0, 3, 0]","[0, 0, 1]",0,9.421296296296294,9.421296296296294,STOP,"{""STOP"": 9.421296296296294}",1101,VALUE_INTEGRATION_CONVERGED,0.0
2,uniform,"[0, 3, 0]","[0, 0, 0]",1,9.350000000000005,9.350000000000005,STOP,"{""STOP"": 9.350000000000005, ""p1"": 7.350000000000003, ""p2"": 6.35, ""pf"": -21.650000000000002}",1101,VALUE_INTEGRATION_CONVERGED,0.0
2,uniform,"[0, 2, 0]","[0, 2, 0]",0,9.75975609756097,9.75975609756097,STOP,"{""STOP"": 9.75975609756097}",1101,VALUE_INTEGRATION_CONVERGED,0.0
2,uniform,"[0, 2, 1]","[0, 1, 0]",0,9.412037037037038,9.412037037037038,STOP,"{""STOP"": 9.412037037037038}",1101,VALUE_INTEGRATION_CONVERGED,0.0
2,uniform,"[0, 2, 0]","[0, 1, 1]",0,9.758333333333331,9.758333333333331,STOP,"{""STOP"": 9.758333333333331}",1101,VALUE_INTEGRATION_CONVERGED,0.0
2,uniform,"[0, 2, 0]","[0, 1, 0]",1,9.687037037037028,9.687037037037028,STOP,"{""STOP"": 9.687037037037028, ""p1"": 7.687037037037035, ""p2"": 6.687037037037033, ""pf"": -21.312962962962963}",1101,VALUE_INTEGRATION_CONVERGED,0.0
2,uniform,"[0, 2, 2]","[0, 0, 0]",0,9.0625,9.0625,STOP,"{""STOP"": 9.0625}",1101,VALUE_INTEGRATION_CONVERGED,0.0
2,uniform,"[0, 2, 1]","[0, 0, 1]",0,9.412191358024689,9.412191358024689,STOP,"{""STOP"": 9.412191358024689}",1101,VALUE_INTEGRATION_CONVERGED,0.0
2,uniform,"[0, 2, 1]","[0, 0, 0]",1,9.337499999999988,9.337499999999988,STOP,"{""STOP"": 9.337499999999988, ""p1"": 7.337499999999993, ""p2"": 6.3375, ""pf"": -21.6625}",1101,VALUE_INTEGRATION_CONVERGED,0.0
2,uniform,"[0, 2, 0]","[0, 0, 2]",0,9.753353658536579,9.753353658536579,STOP,"{""STOP"": 9.753353658536579}",1101,VALUE_INTEGRATION_CONVERGED,0.0
2,uniform,"[0, 2, 0]","[0, 0, 1]",1,9.683796296296293,9.683796296296293,STOP,"{""STOP"": 9.683796296296293, ""p1"": 7.683796296296299, ""p2"": 6.683796296296293, ""pf"": -21.31620370370371}",1101,VALUE_INTEGRATION_CONVERGED,0.0
2,uniform,"[0, 2, 0]","[0, 0, 0]",2,9.612499999999995,9.612499999999995,STOP,"{""STOP"": 9.612499999999995, ""p1"": 7.61249999999999, ""p2"": 6.6124999999999945, ""pf"": -21.387500000000006}",1101,VALUE_INTEGRATION_CONVERGED,0.0
2,uniform,"[0, 1, 0]","[0, 3, 0]",0,10.083734939759033,10.083734939759033,STOP,"{""STOP"": 10.083734939759033}",1101,VALUE_INTEGRATION_CONVERGED,0.0
2,uniform,"[0, 1, 1]","[0, 2, 0]",0,9.74085365853658,9.74085365853658,STOP,"{""STOP"": 9.74085365853658}",1101,VALUE_INTEGRATION_CONVERGED,0.0
2,uniform,"[0, 1, 0]","[0, 2, 1]",0,10.087149954832878,10.087149954832878,STOP,"{""STOP"": 10.087149954832878}",1101,VALUE_INTEGRATION_CONVERGED,0.0
2,uniform,"[0, 1, 0]","[0, 2, 0]",1,10.015853658536574,10.015853658536574,STOP,"{""STOP"": 10.015853658536574, ""p1"": 8.015853658536585, ""p2"": 7.015853658536582, ""pf"": -20.98414634146342}",1101,VALUE_INTEGRATION_CONVERGED,0.0
2,uniform,"[0, 1, 2]","[0, 1, 0]",0,9.396296296296288,9.396296296296288,STOP,"{""STOP"": 9.396296296296288}",1101,VALUE_INTEGRATION_CONVERGED,0.0
2,uniform,"[0, 1, 1]","[0, 1, 1]",0,9.745987654320984,9.745987654320984,STOP,"{""STOP"": 9.745987654320984}",1101,VALUE_INTEGRATION_CONVERGED,0.0
2,uniform,"[0, 1, 1]","[0, 1, 0]",1,9.671296296296294,9.671296296296294,STOP,"{""STOP"": 9.671296296296294, ""p1"": 7.671296296296301, ""p2"": 6.671296296296291, ""pf"": -21.328703703703706}",1101,VALUE_INTEGRATION_CONVERGED,0.0
2,uniform,"[0, 1, 0]","[0, 1, 2]",0,10.087149954832881,10.087149954832881,STOP,"{""STOP"": 10.087149954832881}",1101,VALUE_INTEGRATION_CONVERGED,0.0
2,uniform,"[0, 1, 0]","[0, 1, 1]",1,10.017592592592589,10.017592592592589,STOP,"{""STOP"": 10.017592592592589, ""p1"": 8.017592592592596, ""p2"": 7.017592592592589, ""pf"": -20.982407407407408}",1101,VALUE_INTEGRATION_CONVERGED,0.0
2,uniform,"[0, 1, 0]","[0, 1, 0]",2,9.946296296296294,9.946296296296294,STOP,"{""STOP"": 9.946296296296294, ""p1"": 7.946296296296294, ""p2"": 6.9462962962962855, ""pf"": -21.053703703703707}",1101,VALUE_INTEGRATION_CONVERGED,0.0
2,uniform,"[0, 1, 3]","[0, 0, 0]",0,9.05,9.05,STOP,"{""STOP"": 9.05}",1101,VALUE_INTEGRATION_CONVERGED,0.0
2,uniform,"[0, 1, 2]","[0, 0, 1]",0,9.403086419753077,9.403086419753077,STOP,"{""STOP"": 9.403086419753077}",1101,VALUE_INTEGRATION_CONVERGED,0.0
2,uniform,"[0, 1, 2]","[0, 0, 0]",1,9.325000000000003,9.325000000000003,STOP,"{""STOP"": 9.325000000000003, ""p1"": 7.325000000000005, ""p2"": 6.324999999999993, ""pf"": -21.675000000000008}",1101,VALUE_INTEGRATION_CONVERGED,0.0
2,uniform,"[0, 1, 1]","[0, 0, 2]",0,9.747560975609757,9.747560975609757,STOP,"{""STOP"": 9.747560975609757}",1101,VALUE_INTEGRATION_CONVERGED,0.0
2,uniform,"[0, 1, 1]","[0, 0, 1]",1,9.6746913580247,9.6746913580247,STOP,"{""STOP"": 9.6746913580247, ""p1"": 7.674691358024699, ""p2"": 6.674691358024688, ""pf"": -21.32530864197531}",1101,VALUE_INTEGRATION_CONVERGED,0.0
2,uniform,"[0, 1, 1]","[0, 0, 0]",2,9.599999999999998,9.599999999999998,STOP,"{""STOP"": 9.599999999999998, ""p1"": 7.600000000000005, ""p2"": 6.599999999999996, ""pf"": -21.39999999999999}",1101,VALUE_INTEGRATION_CONVERGED,0.0
2,uniform,"[0, 1, 0]","[0, 0, 3]",0,10.083734939759042,10.083734939759042,STOP,"{""STOP"": 10.083734939759042}",1101,VALUE_INTEGRATION_CONVERGED,0.0
2,uniform,"[0, 1, 0]","[0, 0, 2]",1,10.015853658536592,10.015853658536592,STOP,"{""STOP"": 10.015853658536592, ""p1"": 8.015853658536585, ""p2"": 7.015853658536583, ""pf"": -20.984146341463408}",1101,VALUE_INTEGRATION_CONVERGED,0.0
2,uniform,"[0, 1, 0]","[0, 0, 1]",2,9.946296296296293,9.946296296296293,STOP,"{""STOP"": 9.946296296296293, ""p1"": 7.946296296296298, ""p2"": 6.946296296296293, ""pf"": -21.053703703703697}",1101,VALUE_INTEGRATION_CONVERGED,0.0
2,uniform,"[0, 1, 0]","[0, 0, 0]",3,9.87499999999999,9.87499999999999,STOP,"{""STOP"": 9.87499999999999, ""p1"": 7.875, ""p2"": 6.8749999999999964, ""pf"": -21.125}",1101,VALUE_INTEGRATION_CONVERGED,0.0
2,uniform,"[0, 0, 0]","[0, 4, 0]",0,10.399999999999991,10.399999999999991,STOP,"{""STOP"": 10.399999999999991}",1101,VALUE_INTEGRATION_CONVERGED,0.0
2,uniform,"[0, 0, 1]","[0, 3, 0]",0,10.0617469879518,10.0617469879518,STOP,"{""STOP"": 10.0617469879518}",1101,VALUE_INTEGRATION_CONVERGED,0.0
2,uniform,"[0, 0, 0]","[0, 3, 1]",0,10.408043284248102,10.408043284248102,STOP,"{""STOP"": 10.408043284248102}",1101,VALUE_INTEGRATION_CONVERGED,0.0
2,uniform,"[0, 0, 0]","[0, 3, 0]",1,10.336746987951798,10.336746987951798,STOP,"{""STOP"": 10.336746987951798, ""p1"": 8.336746987951804, ""p2"": 7.3367469879518, ""pf"": -20.663253012048195}",1101,VALUE_INTEGRATION_CONVERGED,0.0
2,uniform,"[0, 0, 2]","[0, 2, 0]",0,9.721951219512196,9.721951219512196,STOP,"{""STOP"": 9.721951219512196}",1101,VALUE_INTEGRATION_CONVERGED,0.0
2,uniform,"[0, 0, 1]","[0, 2, 1]",0,10.071642577536885,10.071642577536885,STOP,"{""STOP"": 10.071642577536885}",1101,VALUE_INTEGRATION_CONVERGED,0.0
2,uniform,"[0, 0, 1]","[0, 2, 0]",1,9.99695121951219,9.99695121951219,STOP,"{""STOP"": 9.99695121951219, ""p1"": 7.996951219512194, ""p2"": 6.996951219512188, ""pf"": -21.003048780487806}",1101,VALUE_INTEGRATION_CONVERGED,0.0
2,uniform,"[0, 0, 0]","[0, 2, 2]",0,10.41280487804879,10.41280487804879,STOP,"{""STOP"": 10.41280487804879}",1101,VALUE_INTEGRATION_CONVERGED,0.0
2,uniform,"[0, 0, 0]","[0, 2, 1]",1,10.343247515808491,10.343247515808491,STOP,"{""STOP"": 10.343247515808491, ""p1"": 8.343247515808496, ""p2"": 7.343247515808491, ""pf"": -20.6567524841915}",1101,VALUE_INTEGRATION_CONVERGED,0.0
2,uniform,"[0, 0, 0]","[0, 2, 0]",2,10.271951219512191,10.271951219512191,STOP,"{""STOP"": 10.271951219512191, ""p1"": 8.2719512195122, ""p2"": 7.271951219512186, ""pf"": -20.728048780487804}",1101,VALUE_INTEGRATION_CONVERGED,0.0
2,uniform,"[0, 0, 3]","[0, 1, 0]",0,9.380555555555555,9.380555555555555,STOP,"{""STOP"": 9.380555555555555}",1101,VALUE_INTEGRATION_CONVERGED,0.0
2,uniform,"[0, 0, 2]","[0, 1, 1]",0,9.733641975308643,9.733641975308643,STOP,"{""STOP"": 9.733641975308643}",1101,VALUE_INTEGRATION_CONVERGED,0.0
2,uniform,"[0, 0, 2]","[0, 1, 0]",1,9.655555555555551,9.655555555555551,STOP,"{""STOP"": 9.655555555555551, ""p1"": 7.655555555555557, ""p2"": 6.655555555555555, ""pf"": -21.344444444444445}",1101,VALUE_INTEGRATION_CONVERGED,0.0
2,uniform,"[0, 0, 1]","[0, 1, 2]",0,10.078116531165316,10.078116531165316,STOP,"{""STOP"": 10.078116531165316}",1101,VALUE_INTEGRATION_CONVERGED,0.0
2,uniform,"[0, 0, 1]","[0, 1, 1]",1,10.005246913580248,10.005246913580248,STOP,"{""STOP"": 10.005246913580248, ""p1"": 8.005246913580248, ""p2"": 7.005246913580245, ""pf"": -20.99475308641975}",1101,VALUE_INTEGRATION_CONVERGED,0.0
2,uniform,"[0, 0, 1]","[0, 1, 0]",2,9.930555555555548,9.930555555555548,STOP,"{""STOP"": 9.930555555555548, ""p1"": 7.93055555555556, ""p2"": 6.930555555555552, ""pf"": -21.069444444444446}",1101,VALUE_INTEGRATION_CONVERGED,0.0
2,uniform,"[0, 0, 0]","[0, 1, 3]",0,10.414290495314592,10.414290495314592,STOP,"{""STOP"": 10.414290495314592}",1101,VALUE_INTEGRATION_CONVERGED,0.0
2,uniform,"[0, 0, 0]","[0, 1, 2]",1,10.34640921409214,10.34640921409214,STOP,"{""STOP"": 10.34640921409214, ""p1"": 8.346409214092144, ""p2"": 7.34640921409215, ""pf"": -20.653590785907856}",1101,VALUE_INTEGRATION_CONVERGED,0.0
2,uniform,"[0, 0, 0]","[0, 1, 1]",2,10.276851851851854,10.276851851851854,STOP,"{""STOP"": 10.276851851851854, ""p1"": 8.276851851851857, ""p2"": 7.27685185185185, ""pf"": -20.723148148148148}",1101,VALUE_INTEGRATION_CONVERGED,0.0
2,uniform,"[0, 0, 0]","[0, 1, 0]",3,10.205555555555556,10.205555555555556,STOP,"{""STOP"": 10.205555555555556, ""p1"": 8.20555555555556, ""p2"": 7.205555555555551, ""pf"": -20.794444444444444}",1101,VALUE_INTEGRATION_CONVERGED,0.0
2,uniform,"[0, 0, 4]","[0, 0, 0]",0,9.037499999999993,9.037499999999993,STOP,"{""STOP"": 9.037499999999993}",1101,VALUE_INTEGRATION_CONVERGED,0.0
2,uniform,"[0, 0, 3]","[0, 0, 1]",0,9.393981481481475,9.393981481481475,STOP,"{""STOP"": 9.393981481481475}",1101,VALUE_INTEGRATION_CONVERGED,0.0
2,uniform,"[0, 0, 3]","[0, 0, 0]",1,9.3125,9.3125,STOP,"{""STOP"": 9.3125, ""p1"": 7.3125000000000036, ""p2"": 6.3125, ""pf"": -21.687500000000004}",1101,VALUE_INTEGRATION_CONVERGED,0.0
2,uniform,"[0, 0, 2]","[0, 0, 2]",0,9.741768292682924,9.741768292682924,STOP,"{""STOP"": 9.741768292682924}",1101,VALUE_INTEGRATION_CONVERGED,0.0
2,uniform,"[0, 0, 2]","[0, 0, 1]",1,9.665586419753083,9.665586419753083,STOP,"{""STOP"": 9.665586419753083, ""p1"": 7.665586419753087, ""p2"": 6.665586419753086, ""pf"": -21.334413580246917}",1101,VALUE_INTEGRATION_CONVERGED,0.0
2,uniform,"[0, 0, 2]","[0, 0, 0]",2,9.587499999999995,9.587499999999995,STOP,"{""STOP"": 9.587499999999995, ""p1"": 7.587499999999998, ""p2"": 6.587499999999999, ""pf"": -21.4125}",1101,VALUE_INTEGRATION_CONVERGED,0.0
2,uniform,"[0, 0, 1]","[0, 0, 3]",0,10.081174698795177,10.081174698795177,STOP,"{""STOP"": 10.081174698795177}",1101,VALUE_INTEGRATION_CONVERGED,0.0
2,uniform,"[0, 0, 1]","[0, 0, 2]",1,10.01006097560975,10.01006097560975,STOP,"{""STOP"": 10.01006097560975, ""p1"": 8.010060975609754, ""p2"": 7.01006097560976, ""pf"": -20.989939024390246}",1101,VALUE_INTEGRATION_CONVERGED,0.0
2,uniform,"[0, 0, 1]","[0, 0, 1]",2,9.937191358024688,9.937191358024688,STOP,"{""STOP"": 9.937191358024688, ""p1"": 7.937191358024695, ""p2"": 6.937191358024694, ""pf"": -21.062808641975316}",1101,VALUE_INTEGRATION_CONVERGED,0.0
2,uniform,"[0, 0, 1]","[0, 0, 0]",3,9.862499999999997,9.862499999999997,STOP,"{""STOP"": 9.862499999999997, ""p1"": 7.862499999999998, ""p2"": 6.862499999999994, ""pf"": -21.137500000000003}",1101,VALUE_INTEGRATION_CONVERGED,0.0
2,uniform,"[0, 0, 0]","[0, 0, 4]",0,10.412499999999994,10.412499999999994,STOP,"{""STOP"": 10.412499999999994}",1101,VALUE_INTEGRATION_CONVERGED,0.0
2,uniform,"[0, 0, 0]","[0, 0, 3]",1,10.346234939759029,10.346234939759029,STOP,"{""STOP"": 10.346234939759029, ""p1"": 8.346234939759032, ""p2"": 7.346234939759039, ""pf"": -20.65376506024097}",1101,VALUE_INTEGRATION_CONVERGED,0.0
2,uniform,"[0, 0, 0]","[0, 0, 2]",2,10.278353658536581,10.278353658536581,STOP,"{""STOP"": 10.278353658536581, ""p1"": 8.278353658536588, ""p2"": 7.278353658536587, ""pf"": -20.72164634146342}",1101,VALUE_INTEGRATION_CONVERGED,0.0
2,uniform,"[0, 0, 0]","[0, 0, 1]",3,10.208796296296288,10.208796296296288,STOP,"{""STOP"": 10.208796296296288, ""p1"": 8.208796296296295, ""p2"": 7.208796296296298, ""pf"": -20.791203703703708}",1101,VALUE_INTEGRATION_CONVERGED,0.0
2,uniform,"[0, 0, 0]","[0, 0, 0]",4,10.137499999999989,10.137499999999989,STOP,"{""STOP"": 10.137499999999989, ""p1"": 8.137499999999992, ""p2"": 7.137499999999999, ""pf"": -20.862500000000004}",1101,VALUE_INTEGRATION_CONVERGED,0.0
2,jeffreys,"[4, 0, 0]","[0, 0, 0]",0,10.062893081761002,10.062893081761002,STOP,"{""STOP"": 10.062893081761002}",1101,VALUE_INTEGRATION_CONVERGED,0.0
2,jeffreys,"[3, 0, 0]","[1, 0, 0]",0,10.160396890503536,10.160396890503536,STOP,"{""STOP"": 10.160396890503536}",1101,VALUE_INTEGRATION_CONVERGED,0.0
2,jeffreys,"[3, 1, 0]","[0, 0, 0]",0,9.874213836477988,9.874213836477988,STOP,"{""STOP"": 9.874213836477988}",1101,VALUE_INTEGRATION_CONVERGED,0.0
2,jeffreys,"[3, 0, 0]","[0, 1, 0]",0,10.205633032540337,10.205633032540337,STOP,"{""STOP"": 10.205633032540337}",1101,VALUE_INTEGRATION_CONVERGED,0.0
2,jeffreys,"[3, 0, 1]","[0, 0, 0]",0,9.86163522012578,9.86163522012578,STOP,"{""STOP"": 9.86163522012578}",1101,VALUE_INTEGRATION_CONVERGED,0.0
2,jeffreys,"[3, 0, 0]","[0, 0, 1]",0,10.208836282667296,10.208836282667296,STOP,"{""STOP"": 10.208836282667296}",1101,VALUE_INTEGRATION_CONVERGED,0.0
2,jeffreys,"[3, 0, 0]","[0, 0, 0]",1,10.138364779874223,10.138364779874223,STOP,"{""STOP"": 10.138364779874223, ""p1"": 8.138364779874214, ""p2"": 7.138364779874218, ""pf"": -20.861635220125784}",1101,VALUE_INTEGRATION_CONVERGED,0.0
2,jeffreys,"[2, 0, 0]","[2, 0, 0]",0,10.255507967743181,10.255507967743181,STOP,"{""STOP"": 10.255507967743181}",1101,VALUE_INTEGRATION_CONVERGED,0.0
2,jeffreys,"[2, 1, 0]","[1, 0, 0]",0,9.970780108597989,9.970780108597989,STOP,"{""STOP"": 9.970780108597989}",1101,VALUE_INTEGRATION_CONVERGED,0.0
2,jeffreys,"[2, 0, 0]","[1, 1, 0]",0,10.30219930466034,10.30219930466034,STOP,"{""STOP"": 10.30219930466034}",1101,VALUE_INTEGRATION_CONVERGED,0.0
2,jeffreys,"[2, 0, 1]","[1, 0, 0]",0,9.95820149224579,9.95820149224579,STOP,"{""STOP"": 9.95820149224579}",1101,VALUE_INTEGRATION_CONVERGED,0.0
2,jeffreys,"[2, 0, 0]","[1, 0, 1]",0,10.305402554787298,10.305402554787298,STOP,"{""STOP"": 10.305402554787298}",1101,VALUE_INTEGRATION_CONVERGED,0.0
2,jeffreys,"[2, 0, 0]","[1, 0, 0]",1,10.234931051994224,10.234931051994224,STOP,"{""STOP"": 10.234931051994224, ""p1"": 8.23493105199422, ""p2"": 7.234931051994218, ""pf"": -20.765068948005784}",1101,VALUE_INTEGRATION_CONVERGED,0.0
2,jeffreys,"[2, 2, 0]","[0, 0, 0]",0,9.685534591194967,9.685534591194967,STOP,"{""STOP"": 9.685534591194967}",1101,VALUE_INTEGRATION_CONVERGED,0.0
2,jeffreys,"[2, 1, 0]","[0, 1, 0]",0,10.020235165436151,10.020235165436151,STOP,"{""STOP"": 10.020235165436151}",1101,VALUE_INTEGRATION_CONVERGED,0.0
2,jeffreys,"[2, 1, 1]","[0, 0, 0]",0,9.672955974842768,9.672955974842768,STOP,"{""STOP"": 9.672955974842768}",1101,VALUE_INTEGRATION_CONVERGED,0.0
2,jeffreys,"[2, 1, 0]","[0, 0, 1]",0,10.020157037384276,10.020157037384276,STOP,"{""STOP"": 10.020157037384276}",1101,VALUE_INTEGRATION_CONVERGED,0.0
2,jeffreys,"[2, 1, 0]","[0, 0, 0]",1,9.949685534591193,9.949685534591193,STOP,"{""STOP"": 9.949685534591193, ""p1"": 7.949685534591192, ""p2"": 6.949685534591195, ""pf"": -21.050314465408803}",1101,VALUE_INTEGRATION_CONVERGED,0.0
2,jeffreys,"[2, 0, 0]","[0, 2, 0]",0,10.346722228653011,10.346722228653011,STOP,"{""STOP"": 10.346722228653011}",1101,VALUE_INTEGRATION_CONVERGED,0.0
2,jeffreys,"[2, 0, 1]","[0, 1, 0]",0,10.004375170905105,10.004375170905105,STOP,"{""STOP"": 10.004375170905105}",1101,VALUE_INTEGRATION_CONVERGED,0.0
2,jeffreys,"[2, 0, 0]","[0, 1, 1]",0,10.35157623344662,10.35157623344662,STOP,"{""STOP"": 10.35157623344662}",1101,VALUE_INTEGRATION_CONVERGED,0.0
2,jeffreys,"[2, 0, 0]","[0, 1, 0]",1,10.281104730653544,10.281104730653544,STOP,"{""STOP"": 10.281104730653544, ""p1"": 8.281104730653542, ""p2"": 7.281104730653546, ""pf"": -20.71889526934646}",1101,VALUE_INTEGRATION_CONVERGED,0.0
2,jeffreys,"[2, 0, 2]","[0, 0, 0]",0,9.66037735849056,9.66037735849056,STOP,"{""STOP"": 9.66037735849056}",1101,VALUE_INTEGRATION_CONVERGED,0.0
2,jeffreys,"[2, 0, 1]","[0, 0, 1]",0,10.011016055314656,10.011016055314656,STOP,"{""STOP"": 10.011016055314656}",1101,VALUE_INTEGRATION_CONVERGED,0.0
2,jeffreys,"[2, 0, 1]","[0, 0, 0]",1,9.937106918238996,9.937106918238996,STOP,"{""STOP"": 9.937106918238996, ""p1"": 7.9371069182389915, ""p2"": 6.937106918238987, ""pf"": -21.06289308176101}",1101,VALUE_INTEGRATION_CONVERGED,0.0
2,jeffreys,"[2, 0, 0]","[0, 0, 2]",0,10.353050121541848,10.353050121541848,STOP,"{""STOP"": 10.353050121541848}",1101,VALUE_INTEGRATION_CONVERGED,0.0
2,jeffreys,"[2, 0, 0]","[0, 0, 1]",1,10.284307980780502,10.284307980780502,STOP,"{""STOP"": 10.284307980780502, ""p1"": 8.2843079807805, ""p2"": 7.284307980780501, ""pf"": -20.715692019219496}",1101,VALUE_INTEGRATION_CONVERGED,0.0
2,jeffreys,"[2, 0, 0]","[0, 0, 0]",2,10.213836477987423,10.213836477987423,STOP,"{""STOP"": 10.213836477987423, ""p1"": 8.213836477987426, ""p2"": 7.2138364779874244, ""pf"": -20.786163522012572}",1101,VALUE_INTEGRATION_CONVERGED,0.0
2,jeffreys,"[1, 0, 0]","[3, 0, 0]",0,10.348313321898233,10.348313321898233,STOP,"{""STOP"": 10.348313321898233}",1101,VALUE_INTEGRATION_CONVERGED,0.0
2,jeffreys,"[1, 1, 0]","[2, 0, 0]",0,10.064976656248794,10.064976656248794,STOP,"{""STOP"": 10.064976656248794}",1101,VALUE_INTEGRATION_CONVERGED,0.0
2,jeffreys,"[1, 0, 0]","[2, 1, 0]",0,10.39639585231114,10.39639585231114,STOP,"{""STOP"": 10.39639585231114}",1101,VALUE_INTEGRATION_CONVERGED,0.0
2,jeffreys,"[1, 0, 1]","[2, 0, 0]",0,10.052398039896591,10.052398039896591,STOP,"{""STOP"": 10.052398039896591}",1101,VALUE_INTEGRATION_CONVERGED,0.0
2,jeffreys,"[1, 0, 0]","[2, 0, 1]",0,10.399599102438097,10.399599102438097,STOP,"{""STOP"": 10.399599102438097}",1101,VALUE_INTEGRATION_CONVERGED,0.0
2,jeffreys,"[1, 0, 0]","[2, 0, 0]",1,10.329127599645025,10.329127599645025,STOP,"{""STOP"": 10.329127599645025, ""p1"": 8.329127599645027, ""p2"": 7.329127599645021, ""pf"": -20.67087240035498}",1101,VALUE_INTEGRATION_CONVERGED,0.0
2,jeffreys,"[1, 2, 0]","[1, 0, 0]",0,9.781163326692447,9.781163326692447,STOP,"{""STOP"": 9.781163326692447}",1101,VALUE_INTEGRATION_CONVERGED,0.0
2,jeffreys,"[1, 1, 0]","[1, 1, 0]",0,10.115863900933638,10.115863900933638,STOP,"{""STOP"": 10.115863900933638}",1101,VALUE_INTEGRATION_CONVERGED,0.0
2,jeffreys,"[1, 1, 1]","[1, 0, 0]",0,9.768584710340246,9.768584710340246,STOP,"{""STOP"": 9.768584710340246}",1101,VALUE_INTEGRATION_CONVERGED,0.0
2,jeffreys,"[1, 1, 0]","[1, 0, 1]",0,10.115785772881754,10.115785772881754,STOP,"{""STOP"": 10.115785772881754}",1101,VALUE_INTEGRATION_CONVERGED,0.0
2,jeffreys,"[1, 1, 0]","[1, 0, 0]",1,10.045314270088676,10.045314270088676,STOP,"{""STOP"": 10.045314270088676, ""p1"": 8.045314270088674, ""p2"": 7.0453142700886815, ""pf"": -20.954685729911322}",1101,VALUE_INTEGRATION_CONVERGED,0.0
2,jeffreys,"[1, 0, 0]","[1, 2, 0]",0,10.442350964150492,10.442350964150492,STOP,"{""STOP"": 10.442350964150492}",1101,VALUE_INTEGRATION_CONVERGED,0.0
2,jeffreys,"[1, 0, 1]","[1, 1, 0]",0,10.100003906402591,10.100003906402591,STOP,"{""STOP"": 10.100003906402591}",1101,VALUE_INTEGRATION_CONVERGED,0.0
2,jeffreys,"[1, 0, 0]","[1, 1, 1]",0,10.447204968944098,10.447204968944098,STOP,"{""STOP"": 10.447204968944098}",1101,VALUE_INTEGRATION_CONVERGED,0.0
2,jeffreys,"[1, 0, 0]","[1, 1, 0]",1,10.376733466151023,10.376733466151023,STOP,"{""STOP"": 10.376733466151023, ""p1"": 8.376733466151023, ""p2"": 7.376733466151027, ""pf"": -20.62326653384898}",1101,VALUE_INTEGRATION_CONVERGED,0.0
2,jeffreys,"[1, 0, 2]","[1, 0, 0]",0,9.756006093988049,9.756006093988049,STOP,"{""STOP"": 9.756006093988049}",1101,VALUE_INTEGRATION_CONVERGED,0.0
2,jeffreys,"[1, 0, 1]","[1, 0, 1]",0,10.106644790812142,10.106644790812142,STOP,"{""STOP"": 10.106644790812142}",1101,VALUE_INTEGRATION_CONVERGED,0.0
2,jeffreys,"[1, 0, 1]","[1, 0, 0]",1,10.032735653736474,10.032735653736474,STOP,"{""STOP"": 10.032735653736474, ""p1"": 8.032735653736472, ""p2"": 7.032735653736473, ""pf"": -20.967264346263526}",1101,VALUE_INTEGRATION_CONVERGED,0.0
2,jeffreys,"[1, 0, 0]","[1, 0, 2]",0,10.448678857039324,10.448678857039324,STOP,"{""STOP"": 10.448678857039324}",1101,VALUE_INTEGRATION_CONVERGED,0.0
2,jeffreys,"[1, 0, 0]","[1, 0, 1]",1,10.379936716277978,10.379936716277978,STOP,"{""STOP"": 10.379936716277978, ""p1"": 8.37993671627798, ""p2"": 7.37993671627798, ""pf"": -20.620063283722022}",1101,VALUE_INTEGRATION_CONVERGED,0.0
2,jeffreys,"[1, 0, 0]","[1, 0, 0]",2,10.309465213484897,10.309465213484897,STOP,"{""STOP"": 10.309465213484897, ""p1"": 8.309465213484906, ""p2"": 7.309465213484905, ""pf"": -20.6905347865151}",1101,VALUE_INTEGRATION_CONVERGED,0.0
2,jeffreys,"[1, 3, 0]","[0, 0, 0]",0,9.496855345911943,9.496855345911943,STOP,"{""STOP"": 9.496855345911943}",1101,VALUE_INTEGRATION_CONVERGED,0.0
2,jeffreys,"[1, 2, 0]","[0, 1, 0]",0,9.834837298331966,9.834837298331966,STOP,"{""STOP"": 9.834837298331966}",1101,VALUE_INTEGRATION_CONVERGED,0.0
2,jeffreys,"[1, 2, 1]","[0, 0, 0]",0,9.484276729559747,9.484276729559747,STOP,"{""STOP"": 9.484276729559747}",1101,VALUE_INTEGRATION_CONVERGED,0.0
2,jeffreys,"[1, 2, 0]","[0, 0, 1]",0,9.831477792101252,9.831477792101252,STOP,"{""STOP"": 9.831477792101252}",1101,VALUE_INTEGRATION_CONVERGED,0.0
2,jeffreys,"[1, 2, 0]","[0, 0, 0]",1,9.761006289308177,9.761006289308177,STOP,"{""STOP"": 9.761006289308177, ""p1"": 7.761006289308174, ""p2"": 6.761006289308174, ""pf"": -21.238993710691826}",1101,VALUE_INTEGRATION_CONVERGED,0.0
2,jeffreys,"[1, 1, 0]","[0, 2, 0]",0,10.164525215109773,10.164525215109773,STOP,"{""STOP"": 10.164525215109773}",1101,VALUE_INTEGRATION_CONVERGED,0.0
2,jeffreys,"[1, 1, 1]","[0, 1, 0]",0,9.818977303800931,9.818977303800931,STOP,"{""STOP"": 9.818977303800931}",1101,VALUE_INTEGRATION_CONVERGED,0.0
2,jeffreys,"[1, 1, 0]","[0, 1, 1]",0,10.166178366342436,10.166178366342436,STOP,"{""STOP"": 10.166178366342436}",1101,VALUE_INTEGRATION_CONVERGED,0.0
2,jeffreys,"[1, 1, 0]","[0, 1, 0]",1,10.095706863549355,10.095706863549355,STOP,"{""STOP"": 10.095706863549355, ""p1"": 8.095706863549363, ""p2"": 7.095706863549356, ""pf"": -20.90429313645064}",1101,VALUE_INTEGRATION_CONVERGED,0.0
2,jeffreys,"[1, 1, 2]","[0, 0, 0]",0,9.471698113207546,9.471698113207546,STOP,"{""STOP"": 9.471698113207546}",1101,VALUE_INTEGRATION_CONVERGED,0.0
2,jeffreys,"[1, 1, 1]","[0, 0, 1]",0,9.822336810031642,9.822336810031642,STOP,"{""STOP"": 9.822336810031642}",1101,VALUE_INTEGRATION_CONVERGED,0.0
2,jeffreys,"[1, 1, 1]","[0, 0, 0]",1,9.748427672955973,9.748427672955973,STOP,"{""STOP"": 9.748427672955973, ""p1"": 7.748427672955973, ""p2"": 6.748427672955975, ""pf"": -21.251572327044023}",1101,VALUE_INTEGRATION_CONVERGED,0.0
2,jeffreys,"[1, 1, 0]","[0, 0, 2]",0,10.164370876258822,10.164370876258822,STOP,"{""STOP"": 10.164370876258822}",1101,VALUE_INTEGRATION_CONVERGED,0.0
2,jeffreys,"[1, 1, 0]","[0, 0, 1]",1,10.095628735497488,10.095628735497488,STOP,"{""STOP"": 10.095628735497488, ""p1"": 8.095628735497481, ""p2"": 7.095628735497479, ""pf"": -20.904371264502522}",1101,VALUE_INTEGRATION_CONVERGED,0.0
2,jeffreys,"[1, 1, 0]","[0, 0, 0]",2,10.025157232704405,10.025157232704405,STOP,"{""STOP"": 10.025157232704405, ""p1"": 8.025157232704402, ""p2"": 7.025157232704401, ""pf"": -20.97484276729559}",1101,VALUE_INTEGRATION_CONVERGED,0.0
2,jeffreys,"[1, 0, 0]","[0, 3, 0]",0,10.486220697541452,10.486220697541452,STOP,"{""STOP"": 10.486220697541452}",1101,VALUE_INTEGRATION_CONVERGED,0.0
2,jeffreys,"[1, 0, 1]","[0, 2, 0]",0,10.145464367017784,10.145464367017784,STOP,"{""STOP"": 10.145464367017784}",1101,VALUE_INTEGRATION_CONVERGED,0.0
2,jeffreys,"[1, 0, 0]","[0, 2, 1]",0,10.492665429559292,10.492665429559292,STOP,"{""STOP"": 10.492665429559292}",1101,VALUE_INTEGRATION_CONVERGED,0.0
2,jeffreys,"[1, 0, 0]","[0, 2, 0]",1,10.422193926766212,10.422193926766212,STOP,"{""STOP"": 10.422193926766212, ""p1"": 8.422193926766218, ""p2"": 7.422193926766214, ""pf"": -20.577806073233788}",1101,VALUE_INTEGRATION_CONVERGED,0.0
2,jeffreys,"[1, 0, 2]","[0, 1, 0]",0,9.803117309269886,9.803117309269886,STOP,"{""STOP"": 9.803117309269886}",1101,VALUE_INTEGRATION_CONVERGED,0.0
2,jeffreys,"[1, 0, 1]","[0, 1, 1]",0,10.153756006093989,10.153756006093989,STOP,"{""STOP"": 10.153756006093989}",1101,VALUE_INTEGRATION_CONVERGED,0.0
2,jeffreys,"[1, 0, 1]","[0, 1, 0]",1,10.079846869018315,10.079846869018315,STOP,"{""STOP"": 10.079846869018315, ""p1"": 8.079846869018317, ""p2"": 7.0798468690183185, ""pf"": -20.920153130981678}",1101,VALUE_INTEGRATION_CONVERGED,0.0
2,jeffreys,"[1, 0, 0]","[0, 1, 2]",0,10.495790072321173,10.495790072321173,STOP,"{""STOP"": 10.495790072321173}",1101,VALUE_INTEGRATION_CONVERGED,0.0
2,jeffreys,"[1, 0, 0]","[0, 1, 1]",1,10.427047931559834,10.427047931559834,STOP,"{""STOP"": 10.427047931559834, ""p1"": 8.427047931559827, ""p2"": 7.427047931559827, ""pf"": -20.572952068440173}",1101,VALUE_INTEGRATION_CONVERGED,0.0
2,jeffreys,"[1, 0, 0]","[0, 1, 0]",2,10.356576428766749,10.356576428766749,STOP,"{""STOP"": 10.356576428766749, ""p1"": 8.35657642876675, ""p2"": 7.356576428766745, ""pf"": -20.64342357123325}",1101,VALUE_INTEGRATION_CONVERGED,0.0
2,jeffreys,"[1, 0, 3]","[0, 0, 0]",0,9.459119496855346,9.459119496855346,STOP,"{""STOP"": 9.459119496855346}",1101,VALUE_INTEGRATION_CONVERGED,0.0
2,jeffreys,"[1, 0, 2]","[0, 0, 1]",0,9.813195827962025,9.813195827962025,STOP,"{""STOP"": 9.813195827962025}",1101,VALUE_INTEGRATION_CONVERGED,0.0
2,jeffreys,"[1, 0, 2]","[0, 0, 0]",1,9.735849056603776,9.735849056603776,STOP,"{""STOP"": 9.735849056603776, ""p1"": 7.735849056603774, ""p2"": 6.735849056603768, ""pf"": -21.26415094339623}",1101,VALUE_INTEGRATION_CONVERGED,0.0
2,jeffreys,"[1, 0, 1]","[0, 0, 2]",0,10.15858316934831,10.15858316934831,STOP,"{""STOP"": 10.15858316934831}",1101,VALUE_INTEGRATION_CONVERGED,0.0
2,jeffreys,"[1, 0, 1]","[0, 0, 1]",1,10.086487753427873,10.086487753427873,STOP,"{""STOP"": 10.086487753427873, ""p1"": 8.086487753427868, ""p2"": 7.08648775342787, ""pf"": -20.913512246572132}",1101,VALUE_INTEGRATION_CONVERGED,0.0
2,jeffreys,"[1, 0, 1]","[0, 0, 0]",2,10.012578616352204,10.012578616352204,STOP,"{""STOP"": 10.012578616352204, ""p1"": 8.0125786163522, ""p2"": 7.012578616352197, ""pf"": -20.987421383647792}",1101,VALUE_INTEGRATION_CONVERGED,0.0
2,jeffreys,"[1, 0, 0]","[0, 0, 3]",0,10.495597484276738,10.495597484276738,STOP,"{""STOP"": 10.495597484276738}",1101,VALUE_INTEGRATION_CONVERGED,0.0
2,jeffreys,"[1, 0, 0]","[0, 0, 2]",1,10.42852181965505,10.42852181965505,STOP,"{""STOP"": 10.42852181965505, ""p1"": 8.428521819655053, ""p2"": 7.428521819655052, ""pf"": -20.57147818034494}",1101,VALUE_INTEGRATION_CONVERGED,0.0
2,jeffreys,"[1, 0, 0]","[0, 0, 1]",2,10.35977967889371,10.35977967889371,STOP,"{""STOP"": 10.35977967889371, ""p1"": 8.359779678893705, ""p2"": 7.359779678893714, ""pf"": -20.640220321106295}",1101,VALUE_INTEGRATION_CONVERGED,0.0
2,jeffreys,"[1, 0, 0]","[0, 0, 0]",3,10.289308176100635,10.289308176100635,STOP,"{""STOP"": 10.289308176100635, ""p1"": 8.289308176100624, ""p2"": 7.289308176100629, ""pf"": -20.710691823899367}",1101,VALUE_INTEGRATION_CONVERGED,0.0
2,jeffreys,"[0, 0, 0]","[4, 0, 0]",0,10.43889579331902,10.43889579331902,STOP,"{""STOP"": 10.43889579331902}",1101,VALUE_INTEGRATION_CONVERGED,0.0
2,jeffreys,"[0, 1, 0]","[3, 0, 0]",0,10.15688965122928,10.15688965122928,STOP,"{""STOP"": 10.15688965122928}",1101,VALUE_INTEGRATION_CONVERGED,0.0
2,jeffreys,"[0, 0, 0]","[3, 1, 0]",0,10.488308847291623,10.488308847291623,STOP,"{""STOP"": 10.488308847291623}",1101,VALUE_INTEGRATION_CONVERGED,0.0
2,jeffreys,"[0, 0, 1]","[3, 0, 0]",0,10.14431103487707,10.14431103487707,STOP,"{""STOP"": 10.14431103487707}",1101,VALUE_INTEGRATION_CONVERGED,0.0
2,jeffreys,"[0, 0, 0]","[3, 0, 1]",0,10.491512097418575,10.491512097418575,STOP,"{""STOP"": 10.491512097418575}",1101,VALUE_INTEGRATION_CONVERGED,0.0
2,jeffreys,"[0, 0, 0]","[3, 0, 0]",1,10.421040594625499,10.421040594625499,STOP,"{""STOP"": 10.421040594625499, ""p1"": 8.421040594625499, ""p2"": 7.421040594625504, ""pf"": -20.5789594053745}",1101,VALUE_INTEGRATION_CONVERGED,0.0
2,jeffreys,"[0, 2, 0]","[2, 0, 0]",0,9.874445344754408,9.874445344754408,STOP,"{""STOP"": 9.874445344754408}",1101,VALUE_INTEGRATION_CONVERGED,0.0
2,jeffreys,"[0, 1, 0]","[2, 1, 0]",0,10.209145918995592,10.209145918995592,STOP,"{""STOP"": 10.209145918995592}",1101,VALUE_INTEGRATION_CONVERGED,0.0
2,jeffreys,"[0, 1, 1]","[2, 0, 0]",0,9.861866728402207,9.861866728402207,STOP,"{""STOP"": 9.861866728402207}",1101,VALUE_INTEGRATION_CONVERGED,0.0
2,jeffreys,"[0, 1, 0]","[2, 0, 1]",0,10.209067790943712,10.209067790943712,STOP,"{""STOP"": 10.209067790943712}",1101,VALUE_INTEGRATION_CONVERGED,0.0
2,jeffreys,"[0, 1, 0]","[2, 0, 0]",1,10.138596288150634,10.138596288150634,STOP,"{""STOP"": 10.138596288150634, ""p1"": 8.138596288150639, ""p2"": 7.138596288150637, ""pf"": -20.861403711849363}",1101,VALUE_INTEGRATION_CONVERGED,0.0
2,jeffreys,"[0, 0, 0]","[2, 2, 0]",0,10.535632982212444,10.535632982212444,STOP,"{""STOP"": 10.535632982212444}",1101,VALUE_INTEGRATION_CONVERGED,0.0
2,jeffreys,"[0, 0, 1]","[2, 1, 0]",0,10.193285924464549,10.193285924464549,STOP,"{""STOP"": 10.193285924464549}",1101,VALUE_INTEGRATION_CONVERGED,0.0
2,jeffreys,"[0, 0, 0]","[2, 1, 1]",0,10.540486987006055,10.540486987006055,STOP,"{""STOP"": 10.540486987006055}",1101,VALUE_INTEGRATION_CONVERGED,0.0
2,jeffreys,"[0, 0, 0]","[2, 1, 0]",1,10.47001548421298,10.47001548421298,STOP,"{""STOP"": 10.47001548421298, ""p1"": 8.470015484212983, ""p2"": 7.47001548421298, ""pf"": -20.52998451578702}",1101,VALUE_INTEGRATION_CONVERGED,0.0
2,jeffreys,"[0, 0, 2]","[2, 0, 0]",0,9.849288112050006,9.849288112050006,STOP,"{""STOP"": 9.849288112050006}",1101,VALUE_INTEGRATION_CONVERGED,0.0
2,jeffreys,"[0, 0, 1]","[2, 0, 1]",0,10.1999268088741,10.1999268088741,STOP,"{""STOP"": 10.1999268088741}",1101,VALUE_INTEGRATION_CONVERGED,0.0
2,jeffreys,"[0, 0, 1]","[2, 0, 0]",1,10.126017671798426,10.126017671798426,STOP,"{""STOP"": 10.126017671798426, ""p1"": 8.126017671798431, ""p2"": 7.126017671798431, ""pf"": -20.873982328201567}",1101,VALUE_INTEGRATION_CONVERGED,0.0
2,jeffreys,"[0, 0, 0]","[2, 0, 2]",0,10.541960875101282,10.541960875101282,STOP,"{""STOP"": 10.541960875101282}",1101,VALUE_INTEGRATION_CONVERGED,0.0
2,jeffreys,"[0, 0, 0]","[2, 0, 1]",1,10.473218734339937,10.473218734339937,STOP,"{""STOP"": 10.473218734339937, ""p1"": 8.473218734339936, ""p2"": 7.473218734339937, ""pf"": -20.526781265660063}",1101,VALUE_INTEGRATION_CONVERGED,0.0
2,jeffreys,"[0, 0, 0]","[2, 0, 0]",2,10.402747231546861,10.402747231546861,STOP,"{""STOP"": 10.402747231546861, ""p1"": 8.402747231546861, ""p2"": 7.402747231546861, ""pf"": -20.59725276845314}",1101,VALUE_INTEGRATION_CONVERGED,0.0
2,jeffreys,"[0, 3, 0]","[1, 0, 0]",0,9.591546544786912,9.591546544786912,STOP,"{""STOP"": 9.591546544786912}",1101,VALUE_INTEGRATION_CONVERGED,0.0
2,jeffreys,"[0, 2, 0]","[1, 1, 0]",0,9.929528497206913,9.929528497206913,STOP,"{""STOP"": 9.929528497206913}",1101,VALUE_INTEGRATION_CONVERGED,0.0
2,jeffreys,"[0, 2, 1]","[1, 0, 0]",0,9.578967928434695,9.578967928434695,STOP,"{""STOP"": 9.578967928434695}",1101,VALUE_INTEGRATION_CONVERGED,0.0
2,jeffreys,"[0, 2, 0]","[1, 0, 1]",0,9.926168990976214,9.926168990976214,STOP,"{""STOP"": 9.926168990976214}",1101,VALUE_INTEGRATION_CONVERGED,0.0
2,jeffreys,"[0, 2, 0]","[1, 0, 0]",1,9.855697488183134,9.855697488183134,STOP,"{""STOP"": 9.855697488183134, ""p1"": 7.855697488183132, ""p2"": 6.855697488183126, ""pf"": -21.144302511816868}",1101,VALUE_INTEGRATION_CONVERGED,0.0
2,jeffreys,"[0, 1, 0]","[1, 2, 0]",0,10.259216413984731,10.259216413984731,STOP,"{""STOP"": 10.259216413984731}",1101,VALUE_INTEGRATION_CONVERGED,0.0
2,jeffreys,"[0, 1, 1]","[1, 1, 0]",0,9.913668502675879,9.913668502675879,STOP,"{""STOP"": 9.913668502675879}",1101,VALUE_INTEGRATION_CONVERGED,0.0
2,jeffreys,"[0, 1, 0]","[1, 1, 1]",0,10.260869565217387,10.260869565217387,STOP,"{""STOP"": 10.260869565217387}",1101,VALUE_INTEGRATION_CONVERGED,0.0
2,jeffreys,"[0, 1, 0]","[1, 1, 0]",1,10.190398062424313,10.190398062424313,STOP,"{""STOP"": 10.190398062424313, ""p1"": 8.190398062424318, ""p2"": 7.190398062424313, ""pf"": -20.809601937575692}",1101,VALUE_INTEGRATION_CONVERGED,0.0
2,jeffreys,"[0, 1, 2]","[1, 0, 0]",0,9.5663893120825,9.5663893120825,STOP,"{""STOP"": 9.5663893120825}",1101,VALUE_INTEGRATION_CONVERGED,0.0
2,jeffreys,"[0, 1, 1]","[1, 0, 1]",0,9.917028008906591,9.917028008906591,STOP,"{""STOP"": 9.917028008906591}",1101,VALUE_INTEGRATION_CONVERGED,0.0
2,jeffreys,"[0, 1, 1]","[1, 0, 0]",1,9.843118871830939,9.843118871830939,STOP,"{""STOP"": 9.843118871830939, ""p1"": 7.843118871830931, ""p2"": 6.8431188718309235, ""pf"": -21.156881128169076}",1101,VALUE_INTEGRATION_CONVERGED,0.0
2,jeffreys,"[0, 1, 0]","[1, 0, 2]",0,10.259062075133784,10.259062075133784,STOP,"{""STOP"": 10.259062075133784}",1101,VALUE_INTEGRATION_CONVERGED,0.0
2,jeffreys,"[0, 1, 0]","[1, 0, 1]",1,10.190319934372443,10.190319934372443,STOP,"{""STOP"": 10.190319934372443, ""p1"": 8.190319934372436, ""p2"": 7.190319934372433, ""pf"": -20.809680065627564}",1101,VALUE_INTEGRATION_CONVERGED,0.0
2,jeffreys,"[0, 1, 0]","[1, 0, 0]",2,10.119848431579358,10.119848431579358,STOP,"{""STOP"": 10.119848431579358, ""p1"": 8.119848431579358, ""p2"": 7.119848431579358, ""pf"": -20.880151568420636}",1101,VALUE_INTEGRATION_CONVERGED,0.0
2,jeffreys,"[0, 0, 0]","[1, 3, 0]",0,10.580911896416413,10.580911896416413,STOP,"{""STOP"": 10.580911896416413}",1101,VALUE_INTEGRATION_CONVERGED,0.0
2,jeffreys,"[0, 0, 1]","[1, 2, 0]",0,10.240155565892733,10.240155565892733,STOP,"{""STOP"": 10.240155565892733}",1101,VALUE_INTEGRATION_CONVERGED,0.0
2,jeffreys,"[0, 0, 0]","[1, 2, 1]",0,10.58735662843425,10.58735662843425,STOP,"{""STOP"": 10.58735662843425}",1101,VALUE_INTEGRATION_CONVERGED,0.0
2,jeffreys,"[0, 0, 0]","[1, 2, 0]",1,10.51688512564117,10.51688512564117,STOP,"{""STOP"": 10.51688512564117, ""p1"": 8.51688512564117, ""p2"": 7.516885125641176, ""pf"": -20.483114874358826}",1101,VALUE_INTEGRATION_CONVERGED,0.0
2,jeffreys,"[0, 0, 2]","[1, 1, 0]",0,9.897808508144838,9.897808508144838,STOP,"{""STOP"": 9.897808508144838}",1101,VALUE_INTEGRATION_CONVERGED,0.0
2,jeffreys,"[0, 0, 1]","[1, 1, 1]",0,10.248447204968942,10.248447204968942,STOP,"{""STOP"": 10.248447204968942}",1101,VALUE_INTEGRATION_CONVERGED,0.0
2,jeffreys,"[0, 0, 1]","[1, 1, 0]",1,10.174538067893277,10.174538067893277,STOP,"{""STOP"": 10.174538067893277, ""p1"": 8.174538067893273, ""p2"": 7.174538067893269, ""pf"": -20.825461932106727}",1101,VALUE_INTEGRATION_CONVERGED,0.0
2,jeffreys,"[0, 0, 0]","[1, 1, 2]",0,10.590481271196134,10.590481271196134,STOP,"{""STOP"": 10.590481271196134}",1101,VALUE_INTEGRATION_CONVERGED,0.0
2,jeffreys,"[0, 0, 0]","[1, 1, 1]",1,10.521739130434778,10.521739130434778,STOP,"{""STOP"": 10.521739130434778, ""p1"": 8.52173913043478, ""p2"": 7.521739130434783, ""pf"": -20.47826086956521}",1101,VALUE_INTEGRATION_CONVERGED,0.0
2,jeffreys,"[0, 0, 0]","[1, 1, 0]",2,10.451267627641695,10.451267627641695,STOP,"{""STOP"": 10.451267627641695, ""p1"": 8.451267627641704, ""p2"": 7.451267627641705, ""pf"": -20.5487323723583}",1101,VALUE_INTEGRATION_CONVERGED,0.0
2,jeffreys,"[0, 0, 3]","[1, 0, 0]",0,9.553810695730297,9.553810695730297,STOP,"{""STOP"": 9.553810695730297}",1101,VALUE_INTEGRATION_CONVERGED,0.0
2,jeffreys,"[0, 0, 2]","[1, 0, 1]",0,9.907887026836981,9.907887026836981,STOP,"{""STOP"": 9.907887026836981}",1101,VALUE_INTEGRATION_CONVERGED,0.0
2,jeffreys,"[0, 0, 2]","[1, 0, 0]",1,9.830540255478727,9.830540255478727,STOP,"{""STOP"": 9.830540255478727, ""p1"": 7.830540255478731, ""p2"": 6.83054025547872, ""pf"": -21.169459744521276}",1101,VALUE_INTEGRATION_CONVERGED,0.0
2,jeffreys,"[0, 0, 1]","[1, 0, 2]",0,10.253274368223263,10.253274368223263,STOP,"{""STOP"": 10.253274368223263}",1101,VALUE_INTEGRATION_CONVERGED,0.0
2,jeffreys,"[0, 0, 1]","[1, 0, 1]",1,10.181178952302822,10.181178952302822,STOP,"{""STOP"": 10.181178952302822, ""p1"": 8.181178952302824, ""p2"": 7.181178952302822, ""pf"": -20.818821047697178}",1101,VALUE_INTEGRATION_CONVERGED,0.0
2,jeffreys,"[0, 0, 1]","[1, 0, 0]",2,10.107269815227152,10.107269815227152,STOP,"{""STOP"": 10.107269815227152, ""p1"": 8.107269815227152, ""p2"": 7.107269815227159, ""pf"": -20.892730184772844}",1101,VALUE_INTEGRATION_CONVERGED,0.0
2,jeffreys,"[0, 0, 0]","[1, 0, 3]",0,10.590288683151684,10.590288683151684,STOP,"{""STOP"": 10.590288683151684}",1101,VALUE_INTEGRATION_CONVERGED,0.0
2,jeffreys,"[0, 0, 0]","[1, 0, 2]",1,10.523213018530008,10.523213018530008,STOP,"{""STOP"": 10.523213018530008, ""p1"": 8.523213018530006, ""p2"": 7.523213018530013, ""pf"": -20.476786981469992}",1101,VALUE_INTEGRATION_CONVERGED,0.0
2,jeffreys,"[0, 0, 0]","[1, 0, 1]",2,10.454470877768662,10.454470877768662,STOP,"{""STOP"": 10.454470877768662, ""p1"": 8.454470877768664, ""p2"": 7.45447087776866, ""pf"": -20.545529122231336}",1101,VALUE_INTEGRATION_CONVERGED,0.0
2,jeffreys,"[0, 0, 0]","[1, 0, 0]",3,10.38399937497559,10.38399937497559,STOP,"{""STOP"": 10.38399937497559, ""p1"": 8.383999374975584, ""p2"": 7.383999374975577, ""pf"": -20.616000625024416}",1101,VALUE_INTEGRATION_CONVERGED,0.0
2,jeffreys,"[0, 4, 0]","[0, 0, 0]",0,9.308176100628938,9.308176100628938,STOP,"{""STOP"": 9.308176100628938}",1101,VALUE_INTEGRATION_CONVERGED,0.0
2,jeffreys,"[0, 3, 0]","[0, 1, 0]",0,9.649439431227783,9.649439431227783,STOP,"{""STOP"": 9.649439431227783}",1101,VALUE_INTEGRATION_CONVERGED,0.0
2,jeffreys,"[0, 3, 1]","[0, 0, 0]",0,9.295597484276728,9.295597484276728,STOP,"{""STOP"": 9.295597484276728}",1101,VALUE_INTEGRATION_CONVERGED,0.0
2,jeffreys,"[0, 3, 0]","[0, 0, 1]",0,9.642798546818238,9.642798546818238,STOP,"{""STOP"": 9.642798546818238}",1101,VALUE_INTEGRATION_CONVERGED,0.0
2,jeffreys,"[0, 3, 0]","[0, 0, 0]",1,9.572327044025148,9.572327044025148,STOP,"{""STOP"": 9.572327044025148, ""p1"": 7.572327044025162, ""p2"": 6.57232704402516, ""pf"": -21.427672955974842}",1101,VALUE_INTEGRATION_CONVERGED,0.0
2,jeffreys,"[0, 2, 0]","[0, 2, 0]",0,9.982328201566538,9.982328201566538,STOP,"{""STOP"": 9.982328201566538}",1101,VALUE_INTEGRATION_CONVERGED,0.0
2,jeffreys,"[0, 2, 1]","[0, 1, 0]",0,9.633579436696735,9.633579436696735,STOP,"{""STOP"": 9.633579436696735}",1101,VALUE_INTEGRATION_CONVERGED,0.0
2,jeffreys,"[0, 2, 0]","[0, 1, 1]",0,9.980780499238243,9.980780499238243,STOP,"{""STOP"": 9.980780499238243}",1101,VALUE_INTEGRATION_CONVERGED,0.0
2,jeffreys,"[0, 2, 0]","[0, 1, 0]",1,9.91030899644517,9.91030899644517,STOP,"{""STOP"": 9.91030899644517, ""p1"": 7.910308996445167, ""p2"": 6.910308996445172, ""pf"": -21.089691003554833}",1101,VALUE_INTEGRATION_CONVERGED,0.0
2,jeffreys,"[0, 2, 2]","[0, 0, 0]",0,9.283018867924525,9.283018867924525,STOP,"{""STOP"": 9.283018867924525}",1101,VALUE_INTEGRATION_CONVERGED,0.0
2,jeffreys,"[0, 2, 1]","[0, 0, 1]",0,9.633657564748617,9.633657564748617,STOP,"{""STOP"": 9.633657564748617}",1101,VALUE_INTEGRATION_CONVERGED,0.0
2,jeffreys,"[0, 2, 1]","[0, 0, 0]",1,9.559748427672957,9.559748427672957,STOP,"{""STOP"": 9.559748427672957, ""p1"": 7.5597484276729485, ""p2"": 6.559748427672947, ""pf"": -21.44025157232705}",1101,VALUE_INTEGRATION_CONVERGED,0.0
2,jeffreys,"[0, 2, 0]","[0, 0, 2]",0,9.975691630975799,9.975691630975799,STOP,"{""STOP"": 9.975691630975799}",1101,VALUE_INTEGRATION_CONVERGED,0.0
2,jeffreys,"[0, 2, 0]","[0, 0, 1]",1,9.906949490214469,9.906949490214469,STOP,"{""STOP"": 9.906949490214469, ""p1"": 7.906949490214465, ""p2"": 6.906949490214455, ""pf"": -21.09305050978555}",1101,VALUE_INTEGRATION_CONVERGED,0.0
2,jeffreys,"[0, 2, 0]","[0, 0, 0]",2,9.836477987421379,9.836477987421379,STOP,"{""STOP"": 9.836477987421379, ""p1"": 7.836477987421386, ""p2"": 6.836477987421379, ""pf"": -21.163522012578607}",1101,VALUE_INTEGRATION_CONVERGED,0.0
2,jeffreys,"[0, 1, 0]","[0, 3, 0]",0,10.307146941109218,10.307146941109218,STOP,"{""STOP"": 10.307146941109218}",1101,VALUE_INTEGRATION_CONVERGED,0.0
2,jeffreys,"[0, 1, 1]","[0, 2, 0]",0,9.963267353474555,9.963267353474555,STOP,"{""STOP"": 9.963267353474555}",1101,VALUE_INTEGRATION_CONVERGED,0.0
2,jeffreys,"[0, 1, 0]","[0, 2, 1]",0,10.310468416016057,10.310468416016057,STOP,"{""STOP"": 10.310468416016057}",1101,VALUE_INTEGRATION_CONVERGED,0.0
2,jeffreys,"[0, 1, 0]","[0, 2, 0]",1,10.23999691322298,10.23999691322298,STOP,"{""STOP"": 10.23999691322298, ""p1"": 8.239996913222983, ""p2"": 7.239996913222992, ""pf"": -20.76000308677702}",1101,VALUE_INTEGRATION_CONVERGED,0.0
2,jeffreys,"[0, 1, 2]","[0, 1, 0]",0,9.617719442165708,9.617719442165708,STOP,"{""STOP"": 9.617719442165708}",1101,VALUE_INTEGRATION_CONVERGED,0.0
2,jeffreys,"[0, 1, 1]","[0, 1, 1]",0,9.968358138989801,9.968358138989801,STOP,"{""STOP"": 9.968358138989801}",1101,VALUE_INTEGRATION_CONVERGED,0.0
2,jeffreys,"[0, 1, 1]","[0, 1, 0]",1,9.894449001914136,9.894449001914136,STOP,"{""STOP"": 9.894449001914136, ""p1"": 7.894449001914133, ""p2"": 6.894449001914135, ""pf"": -21.105550998085867}",1101,VALUE_INTEGRATION_CONVERGED,0.0
2,jeffreys,"[0, 1, 0]","[0, 1, 2]",0,10.310392205216996,10.310392205216996,STOP,"{""STOP"": 10.310392205216996}",1101,VALUE_INTEGRATION_CONVERGED,0.0
2,jeffreys,"[0, 1, 0]","[0, 1, 1]",1,10.24165006445564,10.24165006445564,STOP,"{""STOP"": 10.24165006445564, ""p1"": 8.24165006445564, ""p2"": 7.241650064455639, ""pf"": -20.758349935544352}",1101,VALUE_INTEGRATION_CONVERGED,0.0
2,jeffreys,"[0, 1, 0]","[0, 1, 0]",2,10.17117856166257,10.17117856166257,STOP,"{""STOP"": 10.17117856166257, ""p1"": 8.171178561662565, ""p2"": 7.171178561662562, ""pf"": -20.828821438337435}",1101,VALUE_INTEGRATION_CONVERGED,0.0
2,jeffreys,"[0, 1, 3]","[0, 0, 0]",0,9.270440251572325,9.270440251572325,STOP,"{""STOP"": 9.270440251572325}",1101,VALUE_INTEGRATION_CONVERGED,0.0
2,jeffreys,"[0, 1, 2]","[0, 0, 1]",0,9.624516582679007,9.624516582679007,STOP,"{""STOP"": 9.624516582679007}",1101,VALUE_INTEGRATION_CONVERGED,0.0
2,jeffreys,"[0, 1, 2]","[0, 0, 0]",1,9.547169811320757,9.547169811320757,STOP,"{""STOP"": 9.547169811320757, ""p1"": 7.547169811320752, ""p2"": 6.547169811320752, ""pf"": -21.452830188679247}",1101,VALUE_INTEGRATION_CONVERGED,0.0
2,jeffreys,"[0, 1, 1]","[0, 0, 2]",0,9.969903924065289,9.969903924065289,STOP,"{""STOP"": 9.969903924065289}",1101,VALUE_INTEGRATION_CONVERGED,0.0
2,jeffreys,"[0, 1, 1]","[0, 0, 1]",1,9.89780850814485,9.89780850814485,STOP,"{""STOP"": 9.89780850814485, ""p1"": 7.897808508144845, ""p2"": 6.897808508144845, ""pf"": -21.102191491855148}",1101,VALUE_INTEGRATION_CONVERGED,0.0
2,jeffreys,"[0, 1, 1]","[0, 0, 0]",2,9.823899371069183,9.823899371069183,STOP,"{""STOP"": 9.823899371069183, ""p1"": 7.823899371069189, ""p2"": 6.8238993710691815, ""pf"": -21.17610062893082}",1101,VALUE_INTEGRATION_CONVERGED,0.0
2,jeffreys,"[0, 1, 0]","[0, 0, 3]",0,10.30691823899372,10.30691823899372,STOP,"{""STOP"": 10.30691823899372}",1101,VALUE_INTEGRATION_CONVERGED,0.0
2,jeffreys,"[0, 1, 0]","[0, 0, 2]",1,10.239842574372034,10.239842574372034,STOP,"{""STOP"": 10.239842574372034, ""p1"": 8.239842574372034, ""p2"": 7.2398425743720365, ""pf"": -20.76015742562796}",1101,VALUE_INTEGRATION_CONVERGED,0.0
2,jeffreys,"[0, 1, 0]","[0, 0, 1]",2,10.17110043361069,10.17110043361069,STOP,"{""STOP"": 10.17110043361069, ""p1"": 8.171100433610695, ""p2"": 7.171100433610688, ""pf"": -20.82889956638931}",1101,VALUE_INTEGRATION_CONVERGED,0.0
2,jeffreys,"[0, 1, 0]","[0, 0, 0]",3,10.100628930817606,10.100628930817606,STOP,"{""STOP"": 10.100628930817606, ""p1"": 8.10062893081761, ""p2"": 7.100628930817614, ""pf"": -20.899371069182386}",1101,VALUE_INTEGRATION_CONVERGED,0.0
2,jeffreys,"[0, 0, 0]","[0, 4, 0]",0,10.624185591081986,10.624185591081986,STOP,"{""STOP"": 10.624185591081986}",1101,VALUE_INTEGRATION_CONVERGED,0.0
2,jeffreys,"[0, 0, 1]","[0, 3, 0]",0,10.28496283590623,10.28496283590623,STOP,"{""STOP"": 10.28496283590623}",1101,VALUE_INTEGRATION_CONVERGED,0.0
2,jeffreys,"[0, 0, 0]","[0, 3, 1]",0,10.63216389844774,10.63216389844774,STOP,"{""STOP"": 10.63216389844774}",1101,VALUE_INTEGRATION_CONVERGED,0.0
2,jeffreys,"[0, 0, 0]","[0, 3, 0]",1,10.561692395654662,10.561692395654662,STOP,"{""STOP"": 10.561692395654662, ""p1"": 8.561692395654665, ""p2"": 7.561692395654662, ""pf"": -20.43830760434534}",1101,VALUE_INTEGRATION_CONVERGED,0.0
2,jeffreys,"[0, 0, 2]","[0, 2, 0]",0,9.944206505382558,9.944206505382558,STOP,"{""STOP"": 9.944206505382558}",1101,VALUE_INTEGRATION_CONVERGED,0.0
2,jeffreys,"[0, 0, 1]","[0, 2, 1]",0,10.294845202206655,10.294845202206655,STOP,"{""STOP"": 10.294845202206655}",1101,VALUE_INTEGRATION_CONVERGED,0.0
2,jeffreys,"[0, 0, 1]","[0, 2, 0]",1,10.220936065130996,10.220936065130996,STOP,"{""STOP"": 10.220936065130996, ""p1"": 8.220936065130987, ""p2"": 7.220936065130993, ""pf"": -20.77906393486901}",1101,VALUE_INTEGRATION_CONVERGED,0.0
2,jeffreys,"[0, 0, 0]","[0, 2, 2]",0,10.636879268433844,10.636879268433844,STOP,"{""STOP"": 10.636879268433844}",1101,VALUE_INTEGRATION_CONVERGED,0.0
2,jeffreys,"[0, 0, 0]","[0, 2, 1]",1,10.568137127672504,10.568137127672504,STOP,"{""STOP"": 10.568137127672504, ""p1"": 8.568137127672502, ""p2"": 7.568137127672502, ""pf"": -20.431862872327503}",1101,VALUE_INTEGRATION_CONVERGED,0.0
2,jeffreys,"[0, 0, 0]","[0, 2, 0]",2,10.497665624879426,10.497665624879426,STOP,"{""STOP"": 10.497665624879426, ""p1"": 8.497665624879422, ""p2"": 7.4976656248794225, ""pf"": -20.502334375120572}",1101,VALUE_INTEGRATION_CONVERGED,0.0
2,jeffreys,"[0, 0, 3]","[0, 1, 0]",0,9.60185944763467,9.60185944763467,STOP,"{""STOP"": 9.60185944763467}",1101,VALUE_INTEGRATION_CONVERGED,0.0
2,jeffreys,"[0, 0, 2]","[0, 1, 1]",0,9.95593577874136,9.95593577874136,STOP,"{""STOP"": 9.95593577874136}",1101,VALUE_INTEGRATION_CONVERGED,0.0
2,jeffreys,"[0, 0, 2]","[0, 1, 0]",1,9.878589007383095,9.878589007383095,STOP,"{""STOP"": 9.878589007383095, ""p1"": 7.87858900738309, ""p2"": 6.878589007383094, ""pf"": -21.121410992616898}",1101,VALUE_INTEGRATION_CONVERGED,0.0
2,jeffreys,"[0, 0, 1]","[0, 1, 2]",0,10.301323120127634,10.301323120127634,STOP,"{""STOP"": 10.301323120127634}",1101,VALUE_INTEGRATION_CONVERGED,0.0
2,jeffreys,"[0, 0, 1]","[0, 1, 1]",1,10.229227704207194,10.229227704207194,STOP,"{""STOP"": 10.229227704207194, ""p1"": 8.229227704207196, ""p2"": 7.22922770420719, ""pf"": -20.770772295792803}",1101,VALUE_INTEGRATION_CONVERGED,0.0
2,jeffreys,"[0, 0, 1]","[0, 1, 0]",2,10.155318567131529,10.155318567131529,STOP,"{""STOP"": 10.155318567131529, ""p1"": 8.155318567131527, ""p2"": 7.155318567131529, ""pf"": -20.844681432868477}",1101,VALUE_INTEGRATION_CONVERGED,0.0
2,jeffreys,"[0, 0, 0]","[0, 1, 3]",0,10.638337435056062,10.638337435056062,STOP,"{""STOP"": 10.638337435056062}",1101,VALUE_INTEGRATION_CONVERGED,0.0
2,jeffreys,"[0, 0, 0]","[0, 1, 2]",1,10.571261770434376,10.571261770434376,STOP,"{""STOP"": 10.571261770434376, ""p1"": 8.571261770434385, ""p2"": 7.571261770434379, ""pf"": -20.428738229565617}",1101,VALUE_INTEGRATION_CONVERGED,0.0
2,jeffreys,"[0, 0, 0]","[0, 1, 1]",2,10.50251962967303,10.50251962967303,STOP,"{""STOP"": 10.50251962967303, ""p1"": 8.502519629673031, ""p2"": 7.502519629673037, ""pf"": -20.49748037032697}",1101,VALUE_INTEGRATION_CONVERGED,0.0
2,jeffreys,"[0, 0, 0]","[0, 1, 0]",3,10.432048126879955,10.432048126879955,STOP,"{""STOP"": 10.432048126879955, ""p1"": 8.432048126879948, ""p2"": 7.432048126879959, ""pf"": -20.567951873120045}",1101,VALUE_INTEGRATION_CONVERGED,0.0
2,jeffreys,"[0, 0, 4]","[0, 0, 0]",0,9.257861635220124,9.257861635220124,STOP,"{""STOP"": 9.257861635220124}",1101,VALUE_INTEGRATION_CONVERGED,0.0
2,jeffreys,"[0, 0, 3]","[0, 0, 1]",0,9.6153756006094,9.6153756006094,STOP,"{""STOP"": 9.6153756006094}",1101,VALUE_INTEGRATION_CONVERGED,0.0
2,jeffreys,"[0, 0, 3]","[0, 0, 0]",1,9.534591194968552,9.534591194968552,STOP,"{""STOP"": 9.534591194968552, ""p1"": 7.53459119496855, ""p2"": 6.5345911949685505, ""pf"": -21.465408805031444}",1101,VALUE_INTEGRATION_CONVERGED,0.0
2,jeffreys,"[0, 0, 2]","[0, 0, 2]",0,9.96411621715476,9.96411621715476,STOP,"{""STOP"": 9.96411621715476}",1101,VALUE_INTEGRATION_CONVERGED,0.0
2,jeffreys,"[0, 0, 2]","[0, 0, 1]",1,9.888667526075231,9.888667526075231,STOP,"{""STOP"": 9.888667526075231, ""p1"": 7.888667526075233, ""p2"": 6.888667526075239, ""pf"": -21.111332473924765}",1101,VALUE_INTEGRATION_CONVERGED,0.0
2,jeffreys,"[0, 0, 2]","[0, 0, 0]",2,9.811320754716977,9.811320754716977,STOP,"{""STOP"": 9.811320754716977, ""p1"": 7.81132075471698, ""p2"": 6.811320754716977, ""pf"": -21.188679245283023}",1101,VALUE_INTEGRATION_CONVERGED,0.0
2,jeffreys,"[0, 0, 1]","[0, 0, 3]",0,10.304402515723275,10.304402515723275,STOP,"{""STOP"": 10.304402515723275}",1101,VALUE_INTEGRATION_CONVERGED,0.0
2,jeffreys,"[0, 0, 1]","[0, 0, 2]",1,10.23405486746151,10.23405486746151,STOP,"{""STOP"": 10.23405486746151, ""p1"": 8.234054867461516, ""p2"": 7.234054867461515, ""pf"": -20.765945132538484}",1101,VALUE_INTEGRATION_CONVERGED,0.0
2,jeffreys,"[0, 0, 1]","[0, 0, 1]",2,10.161959451541076,10.161959451541076,STOP,"{""STOP"": 10.161959451541076, ""p1"": 8.161959451541076, ""p2"": 7.161959451541076, ""pf"": -20.838040548458928}",1101,VALUE_INTEGRATION_CONVERGED,0.0
2,jeffreys,"[0, 0, 1]","[0, 0, 0]",3,10.08805031446541,10.08805031446541,STOP,"{""STOP"": 10.08805031446541, ""p1"": 8.088050314465406, ""p2"": 7.088050314465409, ""pf"": -20.911949685534594}",1101,VALUE_INTEGRATION_CONVERGED,0.0
2,jeffreys,"[0, 0, 0]","[0, 0, 4]",0,10.636538244266184,10.636538244266184,STOP,"{""STOP"": 10.636538244266184}",1101,VALUE_INTEGRATION_CONVERGED,0.0
2,jeffreys,"[0, 0, 0]","[0, 0, 3]",1,10.571069182389945,10.571069182389945,STOP,"{""STOP"": 10.571069182389945, ""p1"": 8.571069182389937, ""p2"": 7.5710691823899445, ""pf"": -20.428930817610063}",1101,VALUE_INTEGRATION_CONVERGED,0.0
2,jeffreys,"[0, 0, 0]","[0, 0, 2]",2,10.503993517768265,10.503993517768265,STOP,"{""STOP"": 10.503993517768265, ""p1"": 8.50399351776826, ""p2"": 7.503993517768258, ""pf"": -20.496006482231735}",1101,VALUE_INTEGRATION_CONVERGED,0.0
2,jeffreys,"[0, 0, 0]","[0, 0, 1]",3,10.43525137700692,10.43525137700692,STOP,"{""STOP"": 10.43525137700692, ""p1"": 8.435251377006916, ""p2"": 7.435251377006912, ""pf"": -20.56474862299308}",1101,VALUE_INTEGRATION_CONVERGED,0.0
2,jeffreys,"[0, 0, 0]","[0, 0, 0]",4,10.364779874213845,10.364779874213845,STOP,"{""STOP"": 10.364779874213845, ""p1"": 8.364779874213843, ""p2"": 7.364779874213835, ""pf"": -20.635220125786155}",1101,VALUE_INTEGRATION_CONVERGED,0.0
3,uniform,"[4, 0, 0]","[0, 0, 0]",0,14.111111111111121,14.111111111111121,STOP,"{""STOP"": 14.111111111111121}",1111,VALUE_INTEGRATION_CONVERGED,0.0
3,uniform,"[3, 0, 0]","[1, 0, 0]",0,14.188034188034187,14.188034188034187,STOP,"{""STOP"": 14.188034188034187}",1111,VALUE_INTEGRATION_CONVERGED,0.0
3,uniform,"[3, 1, 0]","[0, 0, 0]",0,13.94444444444444,13.94444444444444,STOP,"{""STOP"": 13.94444444444444}",1111,VALUE_INTEGRATION_CONVERGED,0.0
3,uniform,"[3, 0, 0]","[0, 1, 0]",0,14.205982905982891,14.205982905982891,STOP,"{""STOP"": 14.205982905982891}",1111,VALUE_INTEGRATION_CONVERGED,0.0
3,uniform,"[3, 0, 1]","[0, 0, 0]",0,13.96666666666667,13.96666666666667,STOP,"{""STOP"": 13.96666666666667}",1111,VALUE_INTEGRATION_CONVERGED,0.0
3,uniform,"[3, 0, 0]","[0, 0, 1]",0,14.203296703296694,14.203296703296694,STOP,"{""STOP"": 14.203296703296694}",1111,VALUE_INTEGRATION_CONVERGED,0.0
3,uniform,"[3, 0, 0]","[0, 0, 0]",1,14.177777777777779,14.177777777777779,STOP,"{""STOP"": 14.177777777777779, ""p1"": 12.177777777777779, ""p2"": 11.177777777777763, ""pf"": -16.82222222222223}",1111,VALUE_INTEGRATION_CONVERGED,0.0
3,uniform,"[2, 0, 0]","[2, 0, 0]",0,14.263285024154593,14.263285024154593,STOP,"{""STOP"": 14.263285024154593}",1111,VALUE_INTEGRATION_CONVERGED,0.0
3,uniform,"[2, 1, 0]","[1, 0, 0]",0,14.020634920634931,14.020634920634931,STOP,"{""STOP"": 14.020634920634931}",1111,VALUE_INTEGRATION_CONVERGED,0.0
3,uniform,"[2, 0, 0]","[1, 1, 0]",0,14.28217338217339,14.28217338217339,STOP,"{""STOP"": 14.28217338217339}",1111,VALUE_INTEGRATION_CONVERGED,0.0
3,uniform,"[2, 0, 1]","[1, 0, 0]",0,14.042857142857148,14.042857142857148,STOP,"{""STOP"": 14.042857142857148}",1111,VALUE_INTEGRATION_CONVERGED,0.0
3,uniform,"[2, 0, 0]","[1, 0, 1]",0,14.279487179487166,14.279487179487166,STOP,"{""STOP"": 14.279487179487166}",1111,VALUE_INTEGRATION_CONVERGED,0.0
3,uniform,"[2, 0, 0]","[1, 0, 0]",1,14.253968253968242,14.253968253968242,STOP,"{""STOP"": 14.253968253968242, ""p1"": 12.253968253968257, ""p2"": 11.253968253968262, ""pf"": -16.74603174603176}",1111,VALUE_INTEGRATION_CONVERGED,0.0
3,uniform,"[2, 2, 0]","[0, 0, 0]",0,13.777777777777782,13.777777777777782,STOP,"{""STOP"": 13.777777777777782}",1111,VALUE_INTEGRATION_CONVERGED,0.0
3,uniform,"[2, 1, 0]","[0, 1, 0]",0,14.04188034188034,14.04188034188034,STOP,"{""STOP"": 14.04188034188034}",1111,VALUE_INTEGRATION_CONVERGED,0.0
3,uniform,"[2, 1, 1]","[0, 0, 0]",0,13.800000000000018,13.800000000000018,STOP,"{""STOP"": 13.800000000000018}",1111,VALUE_INTEGRATION_CONVERGED,0.0
3,uniform,"[2, 1, 0]","[0, 0, 1]",0,14.036630036630038,14.036630036630038,STOP,"{""STOP"": 14.036630036630038}",1111,VALUE_INTEGRATION_CONVERGED,0.0
3,uniform,"[2, 1, 0]","[0, 0, 0]",1,14.01111111111111,14.01111111111111,STOP,"{""STOP"": 14.01111111111111, ""p1"": 12.01111111111112, ""p2"": 11.011111111111111, ""pf"": -16.988888888888887}",1111,VALUE_INTEGRATION_CONVERGED,0.0
3,uniform,"[2, 0, 0]","[0, 2, 0]",0,14.300241545893723,14.300241545893723,STOP,"{""STOP"": 14.300241545893723}",1111,VALUE_INTEGRATION_CONVERGED,0.0
3,uniform,"[2, 0, 1]","[0, 1, 0]",0,14.061538461538465,14.061538461538465,STOP,"{""STOP"": 14.061538461538465}",1111,VALUE_INTEGRATION_CONVERGED,0.0
3,uniform,"[2, 0, 0]","[0, 1, 1]",0,14.29816849816851,14.29816849816851,STOP,"{""STOP"": 14.29816849816851}",1111,VALUE_INTEGRATION_CONVERGED,0.0
3,uniform,"[2, 0, 0]","[0, 1, 0]",1,14.272649572649566,14.272649572649566,STOP,"{""STOP"": 14.272649572649566, ""p1"": 12.272649572649577, ""p2"": 11.272649572649575, ""pf"": -16.727350427350416}",1111,VALUE_INTEGRATION_CONVERGED,0.0
3,uniform,"[2, 0, 2]","[0, 0, 0]",0,13.82222222222223,13.82222222222223,STOP,"{""STOP"": 13.82222222222223}",1111,VALUE_INTEGRATION_CONVERGED,0.0
3,uniform,"[2, 0, 1]","[0, 0, 1]",0,14.061172161172152,14.061172161172152,STOP,"{""STOP"": 14.061172161172152}",1111,VALUE_INTEGRATION_CONVERGED,0.0
3,uniform,"[2, 0, 1]","[0, 0, 0]",1,14.033333333333335,14.033333333333335,STOP,"{""STOP"": 14.033333333333335, ""p1"": 12.033333333333339, ""p2"": 11.033333333333337, ""pf"": -16.966666666666676}",1111,VALUE_INTEGRATION_CONVERGED,0.0
3,uniform,"[2, 0, 0]","[0, 0, 2]",0,14.294927536231908,14.294927536231908,STOP,"{""STOP"": 14.294927536231908}",1111,VALUE_INTEGRATION_CONVERGED,0.0
3,uniform,"[2, 0, 0]","[0, 0, 1]",1,14.269963369963373,14.269963369963373,STOP,"{""STOP"": 14.269963369963373, ""p1"": 12.269963369963357, ""p2"": 11.26996336996338, ""pf"": -16.730036630036608}",1111,VALUE_INTEGRATION_CONVERGED,0.0
3,uniform,"[2, 0, 0]","[0, 0, 0]",2,14.244444444444447,14.244444444444447,STOP,"{""STOP"": 14.244444444444447, ""p1"": 12.244444444444435, ""p2"": 11.244444444444438, ""pf"": -16.755555555555553}",1111,VALUE_INTEGRATION_CONVERGED,0.0
3,uniform,"[1, 0, 0]","[3, 0, 0]",0,14.336917562723995,14.336917562723995,STOP,"{""STOP"": 14.336917562723995}",1111,VALUE_INTEGRATION_CONVERGED,0.0
3,uniform,"[1, 1, 0]","[2, 0, 0]",0,14.09516908212561,14.09516908212561,STOP,"{""STOP"": 14.09516908212561}",1111,VALUE_INTEGRATION_CONVERGED,0.0
3,uniform,"[1, 0, 0]","[2, 1, 0]",0,14.356707543664072,14.356707543664072,STOP,"{""STOP"": 14.356707543664072}",1111,VALUE_INTEGRATION_CONVERGED,0.0
3,uniform,"[1, 0, 1]","[2, 0, 0]",0,14.117391304347828,14.117391304347828,STOP,"{""STOP"": 14.117391304347828}",1111,VALUE_INTEGRATION_CONVERGED,0.0
3,uniform,"[1, 0, 0]","[2, 0, 1]",0,14.354021340977853,14.354021340977853,STOP,"{""STOP"": 14.354021340977853}",1111,VALUE_INTEGRATION_CONVERGED,0.0
3,uniform,"[1, 0, 0]","[2, 0, 0]",1,14.328502415458935,14.328502415458935,STOP,"{""STOP"": 14.328502415458935, ""p1"": 12.32850241545892, ""p2"": 11.328502415458944, ""pf"": -16.671497584541072}",1111,VALUE_INTEGRATION_CONVERGED,0.0
3,uniform,"[1, 2, 0]","[1, 0, 0]",0,13.853235653235647,13.853235653235647,STOP,"{""STOP"": 13.853235653235647}",1111,VALUE_INTEGRATION_CONVERGED,0.0
3,uniform,"[1, 1, 0]","[1, 1, 0]",0,14.117338217338204,14.117338217338204,STOP,"{""STOP"": 14.117338217338204}",1111,VALUE_INTEGRATION_CONVERGED,0.0
3,uniform,"[1, 1, 1]","[1, 0, 0]",0,13.875457875457888,13.875457875457888,STOP,"{""STOP"": 13.875457875457888}",1111,VALUE_INTEGRATION_CONVERGED,0.0
3,uniform,"[1, 1, 0]","[1, 0, 1]",0,14.112087912087926,14.112087912087926,STOP,"{""STOP"": 14.112087912087926}",1111,VALUE_INTEGRATION_CONVERGED,0.0
3,uniform,"[1, 1, 0]","[1, 0, 0]",1,14.086568986568992,14.086568986568992,STOP,"{""STOP"": 14.086568986568992, ""p1"": 12.086568986568992, ""p2"": 11.086568986568974, ""pf"": -16.913431013431}",1111,VALUE_INTEGRATION_CONVERGED,0.0
3,uniform,"[1, 0, 0]","[1, 2, 0]",0,14.375699421351605,14.375699421351605,STOP,"{""STOP"": 14.375699421351605}",1111,VALUE_INTEGRATION_CONVERGED,0.0
3,uniform,"[1, 0, 1]","[1, 1, 0]",0,14.13699633699633,14.13699633699633,STOP,"{""STOP"": 14.13699633699633}",1111,VALUE_INTEGRATION_CONVERGED,0.0
3,uniform,"[1, 0, 0]","[1, 1, 1]",0,14.37362637362638,14.37362637362638,STOP,"{""STOP"": 14.37362637362638}",1111,VALUE_INTEGRATION_CONVERGED,0.0
3,uniform,"[1, 0, 0]","[1, 1, 0]",1,14.348107448107442,14.348107448107442,STOP,"{""STOP"": 14.348107448107442, ""p1"": 12.348107448107454, ""p2"": 11.348107448107456, ""pf"": -16.651892551892548}",1111,VALUE_INTEGRATION_CONVERGED,0.0
3,uniform,"[1, 0, 2]","[1, 0, 0]",0,13.897680097680098,13.897680097680098,STOP,"{""STOP"": 13.897680097680098}",1111,VALUE_INTEGRATION_CONVERGED,0.0
3,uniform,"[1, 0, 1]","[1, 0, 1]",0,14.13663003663003,14.13663003663003,STOP,"{""STOP"": 14.13663003663003}",1111,VALUE_INTEGRATION_CONVERGED,0.0
3,uniform,"[1, 0, 1]","[1, 0, 0]",1,14.108791208791203,14.108791208791203,STOP,"{""STOP"": 14.108791208791203, ""p1"": 12.10879120879121, ""p2"": 11.108791208791203, ""pf"": -16.891208791208797}",1111,VALUE_INTEGRATION_CONVERGED,0.0
3,uniform,"[1, 0, 0]","[1, 0, 2]",0,14.370385411689771,14.370385411689771,STOP,"{""STOP"": 14.370385411689771}",1111,VALUE_INTEGRATION_CONVERGED,0.0
3,uniform,"[1, 0, 0]","[1, 0, 1]",1,14.345421245421251,14.345421245421251,STOP,"{""STOP"": 14.345421245421251, ""p1"": 12.345421245421235, ""p2"": 11.345421245421251, ""pf"": -16.654578754578743}",1111,VALUE_INTEGRATION_CONVERGED,0.0
3,uniform,"[1, 0, 0]","[1, 0, 0]",2,14.319902319902292,14.319902319902292,STOP,"{""STOP"": 14.319902319902292, ""p1"": 12.319902319902317, ""p2"": 11.319902319902315, ""pf"": -16.680097680097674}",1111,VALUE_INTEGRATION_CONVERGED,0.0
3,uniform,"[1, 3, 0]","[0, 0, 0]",0,13.611111111111107,13.611111111111107,STOP,"{""STOP"": 13.611111111111107}",1111,VALUE_INTEGRATION_CONVERGED,0.0
3,uniform,"[1, 2, 0]","[0, 1, 0]",0,13.877777777777776,13.877777777777776,STOP,"{""STOP"": 13.877777777777776}",1111,VALUE_INTEGRATION_CONVERGED,0.0
3,uniform,"[1, 2, 1]","[0, 0, 0]",0,13.633333333333336,13.633333333333336,STOP,"{""STOP"": 13.633333333333336}",1111,VALUE_INTEGRATION_CONVERGED,0.0
3,uniform,"[1, 2, 0]","[0, 0, 1]",0,13.869963369963369,13.869963369963369,STOP,"{""STOP"": 13.869963369963369}",1111,VALUE_INTEGRATION_CONVERGED,0.0
3,uniform,"[1, 2, 0]","[0, 0, 0]",1,13.844444444444454,13.844444444444454,STOP,"{""STOP"": 13.844444444444454, ""p1"": 11.84444444444444, ""p2"": 10.844444444444441, ""pf"": -17.15555555555556}",1111,VALUE_INTEGRATION_CONVERGED,0.0
3,uniform,"[1, 1, 0]","[0, 2, 0]",0,14.138647342995156,14.138647342995156,STOP,"{""STOP"": 14.138647342995156}",1111,VALUE_INTEGRATION_CONVERGED,0.0
3,uniform,"[1, 1, 1]","[0, 1, 0]",0,13.897435897435892,13.897435897435892,STOP,"{""STOP"": 13.897435897435892}",1111,VALUE_INTEGRATION_CONVERGED,0.0
3,uniform,"[1, 1, 0]","[0, 1, 1]",0,14.13406593406594,14.13406593406594,STOP,"{""STOP"": 14.13406593406594}",1111,VALUE_INTEGRATION_CONVERGED,0.0
3,uniform,"[1, 1, 0]","[0, 1, 0]",1,14.108547008547013,14.108547008547013,STOP,"{""STOP"": 14.108547008547013, ""p1"": 12.108547008546998, ""p2"": 11.108547008546998, ""pf"": -16.891452991452987}",1111,VALUE_INTEGRATION_CONVERGED,0.0
3,uniform,"[1, 1, 2]","[0, 0, 0]",0,13.655555555555566,13.655555555555566,STOP,"{""STOP"": 13.655555555555566}",1111,VALUE_INTEGRATION_CONVERGED,0.0
3,uniform,"[1, 1, 1]","[0, 0, 1]",0,13.894505494505488,13.894505494505488,STOP,"{""STOP"": 13.894505494505488}",1111,VALUE_INTEGRATION_CONVERGED,0.0
3,uniform,"[1, 1, 1]","[0, 0, 0]",1,13.86666666666667,13.86666666666667,STOP,"{""STOP"": 13.86666666666667, ""p1"": 11.866666666666681, ""p2"": 10.866666666666664, ""pf"": -17.13333333333334}",1111,VALUE_INTEGRATION_CONVERGED,0.0
3,uniform,"[1, 1, 0]","[0, 0, 2]",0,14.128260869565224,14.128260869565224,STOP,"{""STOP"": 14.128260869565224}",1111,VALUE_INTEGRATION_CONVERGED,0.0
3,uniform,"[1, 1, 0]","[0, 0, 1]",1,14.10329670329671,14.10329670329671,STOP,"{""STOP"": 14.10329670329671, ""p1"": 12.103296703296717, ""p2"": 11.10329670329671, ""pf"": -16.89670329670329}",1111,VALUE_INTEGRATION_CONVERGED,0.0
3,uniform,"[1, 1, 0]","[0, 0, 0]",2,14.077777777777783,14.077777777777783,STOP,"{""STOP"": 14.077777777777783, ""p1"": 12.077777777777783, ""p2"": 11.077777777777783, ""pf"": -16.922222222222217}",1111,VALUE_INTEGRATION_CONVERGED,0.0
3,uniform,"[1, 0, 0]","[0, 3, 0]",0,14.393906810035848,14.393906810035848,STOP,"{""STOP"": 14.393906810035848}",1111,VALUE_INTEGRATION_CONVERGED,0.0
3,uniform,"[1, 0, 1]","[0, 2, 0]",0,14.155797101449286,14.155797101449286,STOP,"{""STOP"": 14.155797101449286}",1111,VALUE_INTEGRATION_CONVERGED,0.0
3,uniform,"[1, 0, 0]","[0, 2, 1]",0,14.392427138079302,14.392427138079302,STOP,"{""STOP"": 14.392427138079302}",1111,VALUE_INTEGRATION_CONVERGED,0.0
3,uniform,"[1, 0, 0]","[0, 2, 0]",1,14.36690821256039,14.36690821256039,STOP,"{""STOP"": 14.36690821256039, ""p1"": 12.366908212560396, ""p2"": 11.36690821256039, ""pf"": -16.63309178743962}",1111,VALUE_INTEGRATION_CONVERGED,0.0
3,uniform,"[1, 0, 2]","[0, 1, 0]",0,13.917094017094033,13.917094017094033,STOP,"{""STOP"": 13.917094017094033}",1111,VALUE_INTEGRATION_CONVERGED,0.0
3,uniform,"[1, 0, 1]","[0, 1, 1]",0,14.156043956043945,14.156043956043945,STOP,"{""STOP"": 14.156043956043945}",1111,VALUE_INTEGRATION_CONVERGED,0.0
3,uniform,"[1, 0, 1]","[0, 1, 0]",1,14.128205128205149,14.128205128205149,STOP,"{""STOP"": 14.128205128205149, ""p1"": 12.128205128205122, ""p2"": 11.128205128205137, ""pf"": -16.87179487179488}",1111,VALUE_INTEGRATION_CONVERGED,0.0
3,uniform,"[1, 0, 0]","[0, 1, 2]",0,14.389799331103667,14.389799331103667,STOP,"{""STOP"": 14.389799331103667}",1111,VALUE_INTEGRATION_CONVERGED,0.0
3,uniform,"[1, 0, 0]","[0, 1, 1]",1,14.364835164835153,14.364835164835153,STOP,"{""STOP"": 14.364835164835153, ""p1"": 12.36483516483517, ""p2"": 11.364835164835156, ""pf"": -16.635164835164844}",1111,VALUE_INTEGRATION_CONVERGED,0.0
3,uniform,"[1, 0, 0]","[0, 1, 0]",2,14.33931623931624,14.33931623931624,STOP,"{""STOP"": 14.33931623931624, ""p1"": 12.339316239316235, ""p2"": 11.339316239316243, ""pf"": -16.660683760683767}",1111,VALUE_INTEGRATION_CONVERGED,0.0
3,uniform,"[1, 0, 3]","[0, 0, 0]",0,13.677777777777772,13.677777777777772,STOP,"{""STOP"": 13.677777777777772}",1111,VALUE_INTEGRATION_CONVERGED,0.0
3,uniform,"[1, 0, 2]","[0, 0, 1]",0,13.919047619047621,13.919047619047621,STOP,"{""STOP"": 13.919047619047621}",1111,VALUE_INTEGRATION_CONVERGED,0.0
3,uniform,"[1, 0, 2]","[0, 0, 0]",1,13.888888888888893,13.888888888888893,STOP,"{""STOP"": 13.888888888888893, ""p1"": 11.888888888888891, ""p2"": 10.888888888888903, ""pf"": -17.111111111111107}",1111,VALUE_INTEGRATION_CONVERGED,0.0
3,uniform,"[1, 0, 1]","[0, 0, 2]",0,14.155072463768128,14.155072463768128,STOP,"{""STOP"": 14.155072463768128}",1111,VALUE_INTEGRATION_CONVERGED,0.0
3,uniform,"[1, 0, 1]","[0, 0, 1]",1,14.127838827838826,14.127838827838826,STOP,"{""STOP"": 14.127838827838826, ""p1"": 12.127838827838822, ""p2"": 11.127838827838817, ""pf"": -16.872161172161164}",1111,VALUE_INTEGRATION_CONVERGED,0.0
3,uniform,"[1, 0, 1]","[0, 0, 0]",2,14.09999999999999,14.09999999999999,STOP,"{""STOP"": 14.09999999999999, ""p1"": 12.099999999999994, ""p2"": 11.100000000000017, ""pf"": -16.900000000000002}",1111,VALUE_INTEGRATION_CONVERGED,0.0
3,uniform,"[1, 0, 0]","[0, 0, 3]",0,14.386021505376334,14.386021505376334,STOP,"{""STOP"": 14.386021505376334}",1111,VALUE_INTEGRATION_CONVERGED,0.0
3,uniform,"[1, 0, 0]","[0, 0, 2]",1,14.361594202898544,14.361594202898544,STOP,"{""STOP"": 14.361594202898544, ""p1"": 12.361594202898566, ""p2"": 11.36159420289854, ""pf"": -16.638405797101456}",1111,VALUE_INTEGRATION_CONVERGED,0.0
3,uniform,"[1, 0, 0]","[0, 0, 1]",2,14.336630036630028,14.336630036630028,STOP,"{""STOP"": 14.336630036630028, ""p1"": 12.336630036630043, ""p2"": 11.336630036630027, ""pf"": -16.66336996336997}",1111,VALUE_INTEGRATION_CONVERGED,0.0
3,uniform,"[1, 0, 0]","[0, 0, 0]",3,14.311111111111117,14.311111111111117,STOP,"{""STOP"": 14.311111111111117, ""p1"": 12.311111111111089, ""p2"": 11.31111111111111, ""pf"": -16.688888888888897}",1111,VALUE_INTEGRATION_CONVERGED,0.0
3,uniform,"[0, 0, 0]","[4, 0, 0]",0,14.408983451536638,14.408983451536638,STOP,"{""STOP"": 14.408983451536638}",1111,VALUE_INTEGRATION_CONVERGED,0.0
3,uniform,"[0, 1, 0]","[3, 0, 0]",0,14.168100358422937,14.168100358422937,STOP,"{""STOP"": 14.168100358422937}",1111,VALUE_INTEGRATION_CONVERGED,0.0
3,uniform,"[0, 0, 0]","[3, 1, 0]",0,14.429638819961403,14.429638819961403,STOP,"{""STOP"": 14.429638819961403}",1111,VALUE_INTEGRATION_CONVERGED,0.0
3,uniform,"[0, 0, 1]","[3, 0, 0]",0,14.190322580645162,14.190322580645162,STOP,"{""STOP"": 14.190322580645162}",1111,VALUE_INTEGRATION_CONVERGED,0.0
3,uniform,"[0, 0, 0]","[3, 0, 1]",0,14.426952617275195,14.426952617275195,STOP,"{""STOP"": 14.426952617275195}",1111,VALUE_INTEGRATION_CONVERGED,0.0
3,uniform,"[0, 0, 0]","[3, 0, 0]",1,14.401433691756269,14.401433691756269,STOP,"{""STOP"": 14.401433691756269, ""p1"": 12.401433691756266, ""p2"": 11.401433691756273, ""pf"": -16.598566308243733}",1111,VALUE_INTEGRATION_CONVERGED,0.0
3,uniform,"[0, 2, 0]","[2, 0, 0]",0,13.927053140096621,13.927053140096621,STOP,"{""STOP"": 13.927053140096621}",1111,VALUE_INTEGRATION_CONVERGED,0.0
3,uniform,"[0, 1, 0]","[2, 1, 0]",0,14.19115570419917,14.19115570419917,STOP,"{""STOP"": 14.19115570419917}",1111,VALUE_INTEGRATION_CONVERGED,0.0
3,uniform,"[0, 1, 1]","[2, 0, 0]",0,13.949275362318845,13.949275362318845,STOP,"{""STOP"": 13.949275362318845}",1111,VALUE_INTEGRATION_CONVERGED,0.0
3,uniform,"[0, 1, 0]","[2, 0, 1]",0,14.185905398948881,14.185905398948881,STOP,"{""STOP"": 14.185905398948881}",1111,VALUE_INTEGRATION_CONVERGED,0.0
3,uniform,"[0, 1, 0]","[2, 0, 0]",1,14.160386473429947,14.160386473429947,STOP,"{""STOP"": 14.160386473429947, ""p1"": 12.16038647342995, ""p2"": 11.160386473429941, ""pf"": -16.839613526570048}",1111,VALUE_INTEGRATION_CONVERGED,0.0
3,uniform,"[0, 0, 0]","[2, 2, 0]",0,14.449516908212562,14.449516908212562,STOP,"{""STOP"": 14.449516908212562}",1111,VALUE_INTEGRATION_CONVERGED,0.0
3,uniform,"[0, 0, 1]","[2, 1, 0]",0,14.210813823857308,14.210813823857308,STOP,"{""STOP"": 14.210813823857308}",1111,VALUE_INTEGRATION_CONVERGED,0.0
3,uniform,"[0, 0, 0]","[2, 1, 1]",0,14.447443860487333,14.447443860487333,STOP,"{""STOP"": 14.447443860487333}",1111,VALUE_INTEGRATION_CONVERGED,0.0
3,uniform,"[0, 0, 0]","[2, 1, 0]",1,14.421924934968406,14.421924934968406,STOP,"{""STOP"": 14.421924934968406, ""p1"": 12.421924934968416, ""p2"": 11.421924934968414, ""pf"": -16.57807506503159}",1111,VALUE_INTEGRATION_CONVERGED,0.0
3,uniform,"[0, 0, 2]","[2, 0, 0]",0,13.971497584541066,13.971497584541066,STOP,"{""STOP"": 13.971497584541066}",1111,VALUE_INTEGRATION_CONVERGED,0.0
3,uniform,"[0, 0, 1]","[2, 0, 1]",0,14.210447523490993,14.210447523490993,STOP,"{""STOP"": 14.210447523490993}",1111,VALUE_INTEGRATION_CONVERGED,0.0
3,uniform,"[0, 0, 1]","[2, 0, 0]",1,14.182608695652169,14.182608695652169,STOP,"{""STOP"": 14.182608695652169, ""p1"": 12.182608695652176, ""p2"": 11.18260869565218, ""pf"": -16.817391304347836}",1111,VALUE_INTEGRATION_CONVERGED,0.0
3,uniform,"[0, 0, 0]","[2, 0, 2]",0,14.444202898550724,14.444202898550724,STOP,"{""STOP"": 14.444202898550724}",1111,VALUE_INTEGRATION_CONVERGED,0.0
3,uniform,"[0, 0, 0]","[2, 0, 1]",1,14.419238732282203,14.419238732282203,STOP,"{""STOP"": 14.419238732282203, ""p1"": 12.419238732282206, ""p2"": 11.419238732282205, ""pf"": -16.58076126771779}",1111,VALUE_INTEGRATION_CONVERGED,0.0
3,uniform,"[0, 0, 0]","[2, 0, 0]",2,14.393719806763276,14.393719806763276,STOP,"{""STOP"": 14.393719806763276, ""p1"": 12.393719806763283, ""p2"": 11.393719806763276, ""pf"": -16.60628019323672}",1111,VALUE_INTEGRATION_CONVERGED,0.0
3,uniform,"[0, 3, 0]","[1, 0, 0]",0,13.685836385836396,13.685836385836396,STOP,"{""STOP"": 13.685836385836396}",1111,VALUE_INTEGRATION_CONVERGED,0.0
3,uniform,"[0, 2, 0]","[1, 1, 0]",0,13.95250305250304,13.95250305250304,STOP,"{""STOP"": 13.95250305250304}",1111,VALUE_INTEGRATION_CONVERGED,0.0
3,uniform,"[0, 2, 1]","[1, 0, 0]",0,13.708058608058618,13.708058608058618,STOP,"{""STOP"": 13.708058608058618}",1111,VALUE_INTEGRATION_CONVERGED,0.0
3,uniform,"[0, 2, 0]","[1, 0, 1]",0,13.944688644688657,13.944688644688657,STOP,"{""STOP"": 13.944688644688657}",1111,VALUE_INTEGRATION_CONVERGED,0.0
3,uniform,"[0, 2, 0]","[1, 0, 0]",1,13.919169719169709,13.919169719169709,STOP,"{""STOP"": 13.919169719169709, ""p1"": 11.919169719169723, ""p2"": 10.91916971916971, ""pf"": -17.08083028083027}",1111,VALUE_INTEGRATION_CONVERGED,0.0
3,uniform,"[0, 1, 0]","[1, 2, 0]",0,14.213372617720452,14.213372617720452,STOP,"{""STOP"": 14.213372617720452}",1111,VALUE_INTEGRATION_CONVERGED,0.0
3,uniform,"[0, 1, 1]","[1, 1, 0]",0,13.972161172161169,13.972161172161169,STOP,"{""STOP"": 13.972161172161169}",1111,VALUE_INTEGRATION_CONVERGED,0.0
3,uniform,"[0, 1, 0]","[1, 1, 1]",0,14.208791208791206,14.208791208791206,STOP,"{""STOP"": 14.208791208791206}",1111,VALUE_INTEGRATION_CONVERGED,0.0
3,uniform,"[0, 1, 0]","[1, 1, 0]",1,14.183272283272277,14.183272283272277,STOP,"{""STOP"": 14.183272283272277, ""p1"": 12.183272283272272, ""p2"": 11.183272283272288, ""pf"": -16.81672771672772}",1111,VALUE_INTEGRATION_CONVERGED,0.0
3,uniform,"[0, 1, 2]","[1, 0, 0]",0,13.73028083028084,13.73028083028084,STOP,"{""STOP"": 13.73028083028084}",1111,VALUE_INTEGRATION_CONVERGED,0.0
3,uniform,"[0, 1, 1]","[1, 0, 1]",0,13.969230769230757,13.969230769230757,STOP,"{""STOP"": 13.969230769230757}",1111,VALUE_INTEGRATION_CONVERGED,0.0
3,uniform,"[0, 1, 1]","[1, 0, 0]",1,13.941391941391947,13.941391941391947,STOP,"{""STOP"": 13.941391941391947, ""p1"": 11.941391941391949, ""p2"": 10.94139194139194, ""pf"": -17.058608058608066}",1111,VALUE_INTEGRATION_CONVERGED,0.0
3,uniform,"[0, 1, 0]","[1, 0, 2]",0,14.202986144290485,14.202986144290485,STOP,"{""STOP"": 14.202986144290485}",1111,VALUE_INTEGRATION_CONVERGED,0.0
3,uniform,"[0, 1, 0]","[1, 0, 1]",1,14.178021978021981,14.178021978021981,STOP,"{""STOP"": 14.178021978021981, ""p1"": 12.178021978021983, ""p2"": 11.17802197802198, ""pf"": -16.821978021978026}",1111,VALUE_INTEGRATION_CONVERGED,0.0
3,uniform,"[0, 1, 0]","[1, 0, 0]",2,14.15250305250305,14.15250305250305,STOP,"{""STOP"": 14.15250305250305, ""p1"": 12.15250305250305, ""p2"": 11.152503052503047, ""pf"": -16.847496947496943}",1111,VALUE_INTEGRATION_CONVERGED,0.0
3,uniform,"[0, 0, 0]","[1, 3, 0]",0,14.468632084761108,14.468632084761108,STOP,"{""STOP"": 14.468632084761108}",1111,VALUE_INTEGRATION_CONVERGED,0.0
3,uniform,"[0, 0, 1]","[1, 2, 0]",0,14.230522376174548,14.230522376174548,STOP,"{""STOP"": 14.230522376174548}",1111,VALUE_INTEGRATION_CONVERGED,0.0
3,uniform,"[0, 0, 0]","[1, 2, 1]",0,14.467152412804586,14.467152412804586,STOP,"{""STOP"": 14.467152412804586}",1111,VALUE_INTEGRATION_CONVERGED,0.0
3,uniform,"[0, 0, 0]","[1, 2, 0]",1,14.44163348728567,14.44163348728567,STOP,"{""STOP"": 14.44163348728567, ""p1"": 12.441633487285664, ""p2"": 11.441633487285655, ""pf"": -16.558366512714343}",1111,VALUE_INTEGRATION_CONVERGED,0.0
3,uniform,"[0, 0, 2]","[1, 1, 0]",0,13.991819291819297,13.991819291819297,STOP,"{""STOP"": 13.991819291819297}",1111,VALUE_INTEGRATION_CONVERGED,0.0
3,uniform,"[0, 0, 1]","[1, 1, 1]",0,14.230769230769223,14.230769230769223,STOP,"{""STOP"": 14.230769230769223}",1111,VALUE_INTEGRATION_CONVERGED,0.0
3,uniform,"[0, 0, 1]","[1, 1, 0]",1,14.2029304029304,14.2029304029304,STOP,"{""STOP"": 14.2029304029304, ""p1"": 12.202930402930408, ""p2"": 11.2029304029304, ""pf"": -16.7970695970696}",1111,VALUE_INTEGRATION_CONVERGED,0.0
3,uniform,"[0, 0, 0]","[1, 1, 2]",0,14.464524605828956,14.464524605828956,STOP,"{""STOP"": 14.464524605828956}",1111,VALUE_INTEGRATION_CONVERGED,0.0
3,uniform,"[0, 0, 0]","[1, 1, 1]",1,14.439560439560422,14.439560439560422,STOP,"{""STOP"": 14.439560439560422, ""p1"": 12.439560439560436, ""p2"": 11.43956043956044, ""pf"": -16.56043956043956}",1111,VALUE_INTEGRATION_CONVERGED,0.0
3,uniform,"[0, 0, 0]","[1, 1, 0]",2,14.414041514041514,14.414041514041514,STOP,"{""STOP"": 14.414041514041514, ""p1"": 12.414041514041507, ""p2"": 11.414041514041521, ""pf"": -16.585958485958503}",1111,VALUE_INTEGRATION_CONVERGED,0.0
3,uniform,"[0, 0, 3]","[1, 0, 0]",0,13.752503052503043,13.752503052503043,STOP,"{""STOP"": 13.752503052503043}",1111,VALUE_INTEGRATION_CONVERGED,0.0
3,uniform,"[0, 0, 2]","[1, 0, 1]",0,13.99377289377289,13.99377289377289,STOP,"{""STOP"": 13.99377289377289}",1111,VALUE_INTEGRATION_CONVERGED,0.0
3,uniform,"[0, 0, 2]","[1, 0, 0]",1,13.963614163614157,13.963614163614157,STOP,"{""STOP"": 13.963614163614157, ""p1"": 11.963614163614167, ""p2"": 10.963614163614167, ""pf"": -17.03638583638584}",1111,VALUE_INTEGRATION_CONVERGED,0.0
3,uniform,"[0, 0, 1]","[1, 0, 2]",0,14.2297977384934,14.2297977384934,STOP,"{""STOP"": 14.2297977384934}",1111,VALUE_INTEGRATION_CONVERGED,0.0
3,uniform,"[0, 0, 1]","[1, 0, 1]",1,14.20256410256411,14.20256410256411,STOP,"{""STOP"": 14.20256410256411, ""p1"": 12.202564102564095, ""p2"": 11.202564102564093, ""pf"": -16.797435897435893}",1111,VALUE_INTEGRATION_CONVERGED,0.0
3,uniform,"[0, 0, 1]","[1, 0, 0]",2,14.174725274725276,14.174725274725276,STOP,"{""STOP"": 14.174725274725276, ""p1"": 12.17472527472527, ""p2"": 11.174725274725272, ""pf"": -16.825274725274717}",1111,VALUE_INTEGRATION_CONVERGED,0.0
3,uniform,"[0, 0, 0]","[1, 0, 3]",0,14.460746780101612,14.460746780101612,STOP,"{""STOP"": 14.460746780101612}",1111,VALUE_INTEGRATION_CONVERGED,0.0
3,uniform,"[0, 0, 0]","[1, 0, 2]",1,14.436319477623815,14.436319477623815,STOP,"{""STOP"": 14.436319477623815, ""p1"": 12.436319477623826, ""p2"": 11.436319477623826, ""pf"": -16.563680522376178}",1111,VALUE_INTEGRATION_CONVERGED,0.0
3,uniform,"[0, 0, 0]","[1, 0, 1]",2,14.411355311355306,14.411355311355306,STOP,"{""STOP"": 14.411355311355306, ""p1"": 12.411355311355305, ""p2"": 11.411355311355294, ""pf"": -16.588644688644695}",1111,VALUE_INTEGRATION_CONVERGED,0.0
3,uniform,"[0, 0, 0]","[1, 0, 0]",3,14.385836385836384,14.385836385836384,STOP,"{""STOP"": 14.385836385836384, ""p1"": 12.385836385836376, ""p2"": 11.385836385836384, ""pf"": -16.614163614163623}",1111,VALUE_INTEGRATION_CONVERGED,0.0
3,uniform,"[0, 4, 0]","[0, 0, 0]",0,13.444444444444448,13.444444444444448,STOP,"{""STOP"": 13.444444444444448}",1111,VALUE_INTEGRATION_CONVERGED,0.0
3,uniform,"[0, 3, 0]","[0, 1, 0]",0,13.713675213675227,13.713675213675227,STOP,"{""STOP"": 13.713675213675227}",1111,VALUE_INTEGRATION_CONVERGED,0.0
3,uniform,"[0, 3, 1]","[0, 0, 0]",0,13.466666666666669,13.466666666666669,STOP,"{""STOP"": 13.466666666666669}",1111,VALUE_INTEGRATION_CONVERGED,0.0
3,uniform,"[0, 3, 0]","[0, 0, 1]",0,13.703296703296704,13.703296703296704,STOP,"{""STOP"": 13.703296703296704}",1111,VALUE_INTEGRATION_CONVERGED,0.0
3,uniform,"[0, 3, 0]","[0, 0, 0]",1,13.677777777777774,13.677777777777774,STOP,"{""STOP"": 13.677777777777774, ""p1"": 11.677777777777786, ""p2"": 10.67777777777779, ""pf"": -17.322222222222223}",1111,VALUE_INTEGRATION_CONVERGED,0.0
3,uniform,"[0, 2, 0]","[0, 2, 0]",0,13.977053140096626,13.977053140096626,STOP,"{""STOP"": 13.977053140096626}",1111,VALUE_INTEGRATION_CONVERGED,0.0
3,uniform,"[0, 2, 1]","[0, 1, 0]",0,13.73333333333332,13.73333333333332,STOP,"{""STOP"": 13.73333333333332}",1111,VALUE_INTEGRATION_CONVERGED,0.0
3,uniform,"[0, 2, 0]","[0, 1, 1]",0,13.969963369963374,13.969963369963374,STOP,"{""STOP"": 13.969963369963374}",1111,VALUE_INTEGRATION_CONVERGED,0.0
3,uniform,"[0, 2, 0]","[0, 1, 0]",1,13.94444444444445,13.94444444444445,STOP,"{""STOP"": 13.94444444444445, ""p1"": 11.944444444444432, ""p2"": 10.944444444444452, ""pf"": -17.055555555555557}",1111,VALUE_INTEGRATION_CONVERGED,0.0
3,uniform,"[0, 2, 2]","[0, 0, 0]",0,13.48888888888889,13.48888888888889,STOP,"{""STOP"": 13.48888888888889}",1111,VALUE_INTEGRATION_CONVERGED,0.0
3,uniform,"[0, 2, 1]","[0, 0, 1]",0,13.727838827838816,13.727838827838816,STOP,"{""STOP"": 13.727838827838816}",1111,VALUE_INTEGRATION_CONVERGED,0.0
3,uniform,"[0, 2, 1]","[0, 0, 0]",1,13.700000000000006,13.700000000000006,STOP,"{""STOP"": 13.700000000000006, ""p1"": 11.700000000000008, ""p2"": 10.699999999999989, ""pf"": -17.300000000000008}",1111,VALUE_INTEGRATION_CONVERGED,0.0
3,uniform,"[0, 2, 0]","[0, 0, 2]",0,13.96159420289857,13.96159420289857,STOP,"{""STOP"": 13.96159420289857}",1111,VALUE_INTEGRATION_CONVERGED,0.0
3,uniform,"[0, 2, 0]","[0, 0, 1]",1,13.936630036630042,13.936630036630042,STOP,"{""STOP"": 13.936630036630042, ""p1"": 11.936630036630046, ""p2"": 10.936630036630039, ""pf"": -17.063369963369947}",1111,VALUE_INTEGRATION_CONVERGED,0.0
3,uniform,"[0, 2, 0]","[0, 0, 0]",2,13.911111111111111,13.911111111111111,STOP,"{""STOP"": 13.911111111111111, ""p1"": 11.9111111111111, ""p2"": 10.911111111111115, ""pf"": -17.088888888888885}",1111,VALUE_INTEGRATION_CONVERGED,0.0
3,uniform,"[0, 1, 0]","[0, 3, 0]",0,14.234767025089567,14.234767025089567,STOP,"{""STOP"": 14.234767025089567}",1111,VALUE_INTEGRATION_CONVERGED,0.0
3,uniform,"[0, 1, 1]","[0, 2, 0]",0,13.994202898550734,13.994202898550734,STOP,"{""STOP"": 13.994202898550734}",1111,VALUE_INTEGRATION_CONVERGED,0.0
3,uniform,"[0, 1, 0]","[0, 2, 1]",0,14.230832935180771,14.230832935180771,STOP,"{""STOP"": 14.230832935180771}",1111,VALUE_INTEGRATION_CONVERGED,0.0
3,uniform,"[0, 1, 0]","[0, 2, 0]",1,14.20531400966183,14.20531400966183,STOP,"{""STOP"": 14.20531400966183, ""p1"": 12.20531400966184, ""p2"": 11.205314009661802, ""pf"": -16.794685990338156}",1111,VALUE_INTEGRATION_CONVERGED,0.0
3,uniform,"[0, 1, 2]","[0, 1, 0]",0,13.752991452991452,13.752991452991452,STOP,"{""STOP"": 13.752991452991452}",1111,VALUE_INTEGRATION_CONVERGED,0.0
3,uniform,"[0, 1, 1]","[0, 1, 1]",0,13.991941391941388,13.991941391941388,STOP,"{""STOP"": 13.991941391941388}",1111,VALUE_INTEGRATION_CONVERGED,0.0
3,uniform,"[0, 1, 1]","[0, 1, 0]",1,13.964102564102564,13.964102564102564,STOP,"{""STOP"": 13.964102564102564, ""p1"": 11.96410256410256, ""p2"": 10.96410256410257, ""pf"": -17.03589743589744}",1111,VALUE_INTEGRATION_CONVERGED,0.0
3,uniform,"[0, 1, 0]","[0, 1, 2]",0,14.225696767001109,14.225696767001109,STOP,"{""STOP"": 14.225696767001109}",1111,VALUE_INTEGRATION_CONVERGED,0.0
3,uniform,"[0, 1, 0]","[0, 1, 1]",1,14.20073260073259,14.20073260073259,STOP,"{""STOP"": 14.20073260073259, ""p1"": 12.2007326007326, ""p2"": 11.200732600732609, ""pf"": -16.799267399267404}",1111,VALUE_INTEGRATION_CONVERGED,0.0
3,uniform,"[0, 1, 0]","[0, 1, 0]",2,14.175213675213683,14.175213675213683,STOP,"{""STOP"": 14.175213675213683, ""p1"": 12.17521367521367, ""p2"": 11.17521367521367, ""pf"": -16.824786324786338}",1111,VALUE_INTEGRATION_CONVERGED,0.0
3,uniform,"[0, 1, 3]","[0, 0, 0]",0,13.511111111111113,13.511111111111113,STOP,"{""STOP"": 13.511111111111113}",1111,VALUE_INTEGRATION_CONVERGED,0.0
3,uniform,"[0, 1, 2]","[0, 0, 1]",0,13.752380952380966,13.752380952380966,STOP,"{""STOP"": 13.752380952380966}",1111,VALUE_INTEGRATION_CONVERGED,0.0
3,uniform,"[0, 1, 2]","[0, 0, 0]",1,13.722222222222234,13.722222222222234,STOP,"{""STOP"": 13.722222222222234, ""p1"": 11.72222222222223, ""p2"": 10.722222222222221, ""pf"": -17.277777777777764}",1111,VALUE_INTEGRATION_CONVERGED,0.0
3,uniform,"[0, 1, 1]","[0, 0, 2]",0,13.988405797101457,13.988405797101457,STOP,"{""STOP"": 13.988405797101457}",1111,VALUE_INTEGRATION_CONVERGED,0.0
3,uniform,"[0, 1, 1]","[0, 0, 1]",1,13.961172161172168,13.961172161172168,STOP,"{""STOP"": 13.961172161172168, ""p1"": 11.961172161172149, ""p2"": 10.961172161172158, ""pf"": -17.03882783882783}",1111,VALUE_INTEGRATION_CONVERGED,0.0
3,uniform,"[0, 1, 1]","[0, 0, 0]",2,13.933333333333334,13.933333333333334,STOP,"{""STOP"": 13.933333333333334, ""p1"": 11.933333333333337, ""p2"": 10.933333333333335, ""pf"": -17.06666666666666}",1111,VALUE_INTEGRATION_CONVERGED,0.0
3,uniform,"[0, 1, 0]","[0, 0, 3]",0,14.219354838709648,14.219354838709648,STOP,"{""STOP"": 14.219354838709648}",1111,VALUE_INTEGRATION_CONVERGED,0.0
3,uniform,"[0, 1, 0]","[0, 0, 2]",1,14.194927536231878,14.194927536231878,STOP,"{""STOP"": 14.194927536231878, ""p1"": 12.194927536231877, ""p2"": 11.194927536231882, ""pf"": -16.80507246376814}",1111,VALUE_INTEGRATION_CONVERGED,0.0
3,uniform,"[0, 1, 0]","[0, 0, 1]",2,14.169963369963373,14.169963369963373,STOP,"{""STOP"": 14.169963369963373, ""p1"": 12.169963369963373, ""p2"": 11.16996336996336, ""pf"": -16.830036630036634}",1111,VALUE_INTEGRATION_CONVERGED,0.0
3,uniform,"[0, 1, 0]","[0, 0, 0]",3,14.144444444444446,14.144444444444446,STOP,"{""STOP"": 14.144444444444446, ""p1"": 12.144444444444442, ""p2"": 11.144444444444451, ""pf"": -16.855555555555554}",1111,VALUE_INTEGRATION_CONVERGED,0.0
3,uniform,"[0, 0, 0]","[0, 4, 0]",0,14.4869976359338,14.4869976359338,STOP,"{""STOP"": 14.4869976359338}",1111,VALUE_INTEGRATION_CONVERGED,0.0
3,uniform,"[0, 0, 1]","[0, 3, 0]",0,14.249462365591409,14.249462365591409,STOP,"{""STOP"": 14.249462365591409}",1111,VALUE_INTEGRATION_CONVERGED,0.0
3,uniform,"[0, 0, 0]","[0, 3, 1]",0,14.486092402221438,14.486092402221438,STOP,"{""STOP"": 14.486092402221438}",1111,VALUE_INTEGRATION_CONVERGED,0.0
3,uniform,"[0, 0, 0]","[0, 3, 0]",1,14.460573476702491,14.460573476702491,STOP,"{""STOP"": 14.460573476702491, ""p1"": 12.4605734767025, ""p2"": 11.4605734767025, ""pf"": -16.539426523297486}",1111,VALUE_INTEGRATION_CONVERGED,0.0
3,uniform,"[0, 0, 2]","[0, 2, 0]",0,14.011352657004842,14.011352657004842,STOP,"{""STOP"": 14.011352657004842}",1111,VALUE_INTEGRATION_CONVERGED,0.0
3,uniform,"[0, 0, 1]","[0, 2, 1]",0,14.250302595954775,14.250302595954775,STOP,"{""STOP"": 14.250302595954775}",1111,VALUE_INTEGRATION_CONVERGED,0.0
3,uniform,"[0, 0, 1]","[0, 2, 0]",1,14.222463768115933,14.222463768115933,STOP,"{""STOP"": 14.222463768115933, ""p1"": 12.22246376811594, ""p2"": 11.222463768115954, ""pf"": -16.77753623188405}",1111,VALUE_INTEGRATION_CONVERGED,0.0
3,uniform,"[0, 0, 0]","[0, 2, 2]",0,14.484057971014483,14.484057971014483,STOP,"{""STOP"": 14.484057971014483}",1111,VALUE_INTEGRATION_CONVERGED,0.0
3,uniform,"[0, 0, 0]","[0, 2, 1]",1,14.459093804745983,14.459093804745983,STOP,"{""STOP"": 14.459093804745983, ""p1"": 12.459093804745976, ""p2"": 11.459093804745983, ""pf"": -16.540906195254028}",1111,VALUE_INTEGRATION_CONVERGED,0.0
3,uniform,"[0, 0, 0]","[0, 2, 0]",2,14.43357487922706,14.43357487922706,STOP,"{""STOP"": 14.43357487922706, ""p1"": 12.433574879227061, ""p2"": 11.433574879227038, ""pf"": -16.566425120772944}",1111,VALUE_INTEGRATION_CONVERGED,0.0
3,uniform,"[0, 0, 3]","[0, 1, 0]",0,13.772649572649584,13.772649572649584,STOP,"{""STOP"": 13.772649572649584}",1111,VALUE_INTEGRATION_CONVERGED,0.0
3,uniform,"[0, 0, 2]","[0, 1, 1]",0,14.01391941391941,14.01391941391941,STOP,"{""STOP"": 14.01391941391941}",1111,VALUE_INTEGRATION_CONVERGED,0.0
3,uniform,"[0, 0, 2]","[0, 1, 0]",1,13.983760683760682,13.983760683760682,STOP,"{""STOP"": 13.983760683760682, ""p1"": 11.98376068376069, ""p2"": 10.983760683760694, ""pf"": -17.016239316239318}",1111,VALUE_INTEGRATION_CONVERGED,0.0
3,uniform,"[0, 0, 1]","[0, 1, 2]",0,14.249944258639905,14.249944258639905,STOP,"{""STOP"": 14.249944258639905}",1111,VALUE_INTEGRATION_CONVERGED,0.0
3,uniform,"[0, 0, 1]","[0, 1, 1]",1,14.22271062271062,14.22271062271062,STOP,"{""STOP"": 14.22271062271062, ""p1"": 12.222710622710613, ""p2"": 11.222710622710627, ""pf"": -16.777289377289385}",1111,VALUE_INTEGRATION_CONVERGED,0.0
3,uniform,"[0, 0, 1]","[0, 1, 0]",2,14.194871794871782,14.194871794871782,STOP,"{""STOP"": 14.194871794871782, ""p1"": 12.194871794871794, ""p2"": 11.194871794871787, ""pf"": -16.805128205128206}",1111,VALUE_INTEGRATION_CONVERGED,0.0
3,uniform,"[0, 0, 0]","[0, 1, 3]",0,14.48089330024813,14.48089330024813,STOP,"{""STOP"": 14.48089330024813}",1111,VALUE_INTEGRATION_CONVERGED,0.0
3,uniform,"[0, 0, 0]","[0, 1, 2]",1,14.45646599777034,14.45646599777034,STOP,"{""STOP"": 14.45646599777034, ""p1"": 12.456465997770346, ""p2"": 11.456465997770337, ""pf"": -16.543534002229663}",1111,VALUE_INTEGRATION_CONVERGED,0.0
3,uniform,"[0, 0, 0]","[0, 1, 1]",2,14.431501831501828,14.431501831501828,STOP,"{""STOP"": 14.431501831501828, ""p1"": 12.431501831501812, ""p2"": 11.431501831501834, ""pf"": -16.568498168498174}",1111,VALUE_INTEGRATION_CONVERGED,0.0
3,uniform,"[0, 0, 0]","[0, 1, 0]",3,14.405982905982885,14.405982905982885,STOP,"{""STOP"": 14.405982905982885, ""p1"": 12.405982905982905, ""p2"": 11.405982905982912, ""pf"": -16.594017094017097}",1111,VALUE_INTEGRATION_CONVERGED,0.0
3,uniform,"[0, 0, 4]","[0, 0, 0]",0,13.53333333333334,13.53333333333334,STOP,"{""STOP"": 13.53333333333334}",1111,VALUE_INTEGRATION_CONVERGED,0.0
3,uniform,"[0, 0, 3]","[0, 0, 1]",0,13.776923076923067,13.776923076923067,STOP,"{""STOP"": 13.776923076923067}",1111,VALUE_INTEGRATION_CONVERGED,0.0
3,uniform,"[0, 0, 3]","[0, 0, 0]",1,13.74444444444445,13.74444444444445,STOP,"{""STOP"": 13.74444444444445, ""p1"": 11.744444444444435, ""p2"": 10.744444444444454, ""pf"": -17.25555555555556}",1111,VALUE_INTEGRATION_CONVERGED,0.0
3,uniform,"[0, 0, 2]","[0, 0, 2]",0,14.01521739130434,14.01521739130434,STOP,"{""STOP"": 14.01521739130434}",1111,VALUE_INTEGRATION_CONVERGED,0.0
3,uniform,"[0, 0, 2]","[0, 0, 1]",1,13.985714285714275,13.985714285714275,STOP,"{""STOP"": 13.985714285714275, ""p1"": 11.985714285714282, ""p2"": 10.985714285714284, ""pf"": -17.01428571428572}",1111,VALUE_INTEGRATION_CONVERGED,0.0
3,uniform,"[0, 0, 2]","[0, 0, 0]",2,13.955555555555545,13.955555555555545,STOP,"{""STOP"": 13.955555555555545, ""p1"": 11.95555555555555, ""p2"": 10.955555555555556, ""pf"": -17.044444444444455}",1111,VALUE_INTEGRATION_CONVERGED,0.0
3,uniform,"[0, 0, 1]","[0, 0, 3]",0,14.248387096774188,14.248387096774188,STOP,"{""STOP"": 14.248387096774188}",1111,VALUE_INTEGRATION_CONVERGED,0.0
3,uniform,"[0, 0, 1]","[0, 0, 2]",1,14.22173913043476,14.22173913043476,STOP,"{""STOP"": 14.22173913043476, ""p1"": 12.221739130434791, ""p2"": 11.221739130434779, ""pf"": -16.778260869565223}",1111,VALUE_INTEGRATION_CONVERGED,0.0
3,uniform,"[0, 0, 1]","[0, 0, 1]",2,14.19450549450548,14.19450549450548,STOP,"{""STOP"": 14.19450549450548, ""p1"": 12.1945054945055, ""p2"": 11.194505494505492, ""pf"": -16.805494505494526}",1111,VALUE_INTEGRATION_CONVERGED,0.0
3,uniform,"[0, 0, 1]","[0, 0, 0]",3,14.166666666666655,14.166666666666655,STOP,"{""STOP"": 14.166666666666655, ""p1"": 12.166666666666666, ""p2"": 11.166666666666654, ""pf"": -16.833333333333346}",1111,VALUE_INTEGRATION_CONVERGED,0.0
3,uniform,"[0, 0, 0]","[0, 0, 4]",0,14.47659574468085,14.47659574468085,STOP,"{""STOP"": 14.47659574468085}",1111,VALUE_INTEGRATION_CONVERGED,0.0
3,uniform,"[0, 0, 0]","[0, 0, 3]",1,14.452688172043008,14.452688172043008,STOP,"{""STOP"": 14.452688172043008, ""p1"": 12.452688172043002, ""p2"": 11.452688172042999, ""pf"": -16.54731182795699}",1111,VALUE_INTEGRATION_CONVERGED,0.0
3,uniform,"[0, 0, 0]","[0, 0, 2]",2,14.42826086956522,14.42826086956522,STOP,"{""STOP"": 14.42826086956522, ""p1"": 12.428260869565207, ""p2"": 11.42826086956521, ""pf"": -16.57173913043479}",1111,VALUE_INTEGRATION_CONVERGED,0.0
3,uniform,"[0, 0, 0]","[0, 0, 1]",3,14.4032967032967,14.4032967032967,STOP,"{""STOP"": 14.4032967032967, ""p1"": 12.403296703296697, ""p2"": 11.4032967032967, ""pf"": -16.596703296703296}",1111,VALUE_INTEGRATION_CONVERGED,0.0
3,uniform,"[0, 0, 0]","[0, 0, 0]",4,14.377777777777773,14.377777777777773,STOP,"{""STOP"": 14.377777777777773, ""p1"": 12.377777777777776, ""p2"": 11.377777777777759, ""pf"": -16.622222222222227}",1111,VALUE_INTEGRATION_CONVERGED,0.0
3,jeffreys,"[4, 0, 0]","[0, 0, 0]",0,14.335195530726251,14.335195530726251,STOP,"{""STOP"": 14.335195530726251}",1111,VALUE_INTEGRATION_CONVERGED,0.0
3,jeffreys,"[3, 0, 0]","[1, 0, 0]",0,14.412234945523005,14.412234945523005,STOP,"{""STOP"": 14.412234945523005}",1111,VALUE_INTEGRATION_CONVERGED,0.0
3,jeffreys,"[3, 1, 0]","[0, 0, 0]",0,14.167597765363121,14.167597765363121,STOP,"{""STOP"": 14.167597765363121}",1111,VALUE_INTEGRATION_CONVERGED,0.0
3,jeffreys,"[3, 0, 0]","[0, 1, 0]",0,14.429457699311694,14.429457699311694,STOP,"{""STOP"": 14.429457699311694}",1111,VALUE_INTEGRATION_CONVERGED,0.0
3,jeffreys,"[3, 0, 1]","[0, 0, 0]",0,14.189944134078214,14.189944134078214,STOP,"{""STOP"": 14.189944134078214}",1111,VALUE_INTEGRATION_CONVERGED,0.0
3,jeffreys,"[3, 0, 0]","[0, 0, 1]",0,14.426865026698358,14.426865026698358,STOP,"{""STOP"": 14.426865026698358}",1111,VALUE_INTEGRATION_CONVERGED,0.0
3,jeffreys,"[3, 0, 0]","[0, 0, 0]",1,14.402234636871514,14.402234636871514,STOP,"{""STOP"": 14.402234636871514, ""p1"": 12.402234636871505, ""p2"": 11.402234636871498, ""pf"": -16.597765363128488}",1111,VALUE_INTEGRATION_CONVERGED,0.0
3,jeffreys,"[2, 0, 0]","[2, 0, 0]",0,14.487590438684858,14.487590438684858,STOP,"{""STOP"": 14.487590438684858}",1111,VALUE_INTEGRATION_CONVERGED,0.0
3,jeffreys,"[2, 1, 0]","[1, 0, 0]",0,14.243896416556058,14.243896416556058,STOP,"{""STOP"": 14.243896416556058}",1111,VALUE_INTEGRATION_CONVERGED,0.0
3,jeffreys,"[2, 0, 0]","[1, 1, 0]",0,14.505756350504628,14.505756350504628,STOP,"{""STOP"": 14.505756350504628}",1111,VALUE_INTEGRATION_CONVERGED,0.0
3,jeffreys,"[2, 0, 1]","[1, 0, 0]",0,14.266242785271148,14.266242785271148,STOP,"{""STOP"": 14.266242785271148}",1111,VALUE_INTEGRATION_CONVERGED,0.0
3,jeffreys,"[2, 0, 0]","[1, 0, 1]",0,14.503163677891287,14.503163677891287,STOP,"{""STOP"": 14.503163677891287}",1111,VALUE_INTEGRATION_CONVERGED,0.0
3,jeffreys,"[2, 0, 0]","[1, 0, 0]",1,14.478533288064437,14.478533288064437,STOP,"{""STOP"": 14.478533288064437, ""p1"": 12.478533288064442, ""p2"": 11.478533288064432, ""pf"": -16.52146671193556}",1111,VALUE_INTEGRATION_CONVERGED,0.0
3,jeffreys,"[2, 2, 0]","[0, 0, 0]",0,13.999999999999996,13.999999999999996,STOP,"{""STOP"": 13.999999999999996}",1111,VALUE_INTEGRATION_CONVERGED,0.0
3,jeffreys,"[2, 1, 0]","[0, 1, 0]",0,14.264452606561921,14.264452606561921,STOP,"{""STOP"": 14.264452606561921}",1111,VALUE_INTEGRATION_CONVERGED,0.0
3,jeffreys,"[2, 1, 1]","[0, 0, 0]",0,14.022346368715091,14.022346368715091,STOP,"{""STOP"": 14.022346368715091}",1111,VALUE_INTEGRATION_CONVERGED,0.0
3,jeffreys,"[2, 1, 0]","[0, 0, 1]",0,14.25926726133523,14.25926726133523,STOP,"{""STOP"": 14.25926726133523}",1111,VALUE_INTEGRATION_CONVERGED,0.0
3,jeffreys,"[2, 1, 0]","[0, 0, 0]",1,14.234636871508371,14.234636871508371,STOP,"{""STOP"": 14.234636871508371, ""p1"": 12.234636871508371, ""p2"": 11.23463687150837, ""pf"": -16.765363128491614}",1111,VALUE_INTEGRATION_CONVERGED,0.0
3,jeffreys,"[2, 0, 0]","[0, 2, 0]",0,14.523124828280972,14.523124828280972,STOP,"{""STOP"": 14.523124828280972}",1111,VALUE_INTEGRATION_CONVERGED,0.0
3,jeffreys,"[2, 0, 1]","[0, 1, 0]",0,14.284206302663673,14.284206302663673,STOP,"{""STOP"": 14.284206302663673}",1111,VALUE_INTEGRATION_CONVERGED,0.0
3,jeffreys,"[2, 0, 0]","[0, 1, 1]",0,14.521127195283807,14.521127195283807,STOP,"{""STOP"": 14.521127195283807}",1111,VALUE_INTEGRATION_CONVERGED,0.0
3,jeffreys,"[2, 0, 0]","[0, 1, 0]",1,14.49649680545697,14.49649680545697,STOP,"{""STOP"": 14.49649680545697, ""p1"": 12.496496805456943, ""p2"": 11.496496805456953, ""pf"": -16.503503194543036}",1111,VALUE_INTEGRATION_CONVERGED,0.0
3,jeffreys,"[2, 0, 2]","[0, 0, 0]",0,14.044692737430179,14.044692737430179,STOP,"{""STOP"": 14.044692737430179}",1111,VALUE_INTEGRATION_CONVERGED,0.0
3,jeffreys,"[2, 0, 1]","[0, 0, 1]",0,14.283959381462397,14.283959381462397,STOP,"{""STOP"": 14.283959381462397}",1111,VALUE_INTEGRATION_CONVERGED,0.0
3,jeffreys,"[2, 0, 1]","[0, 0, 0]",1,14.256983240223459,14.256983240223459,STOP,"{""STOP"": 14.256983240223459, ""p1"": 12.256983240223462, ""p2"": 11.256983240223475, ""pf"": -16.74301675977653}",1111,VALUE_INTEGRATION_CONVERGED,0.0
3,jeffreys,"[2, 0, 0]","[0, 0, 2]",0,14.517996153493913,14.517996153493913,STOP,"{""STOP"": 14.517996153493913}",1111,VALUE_INTEGRATION_CONVERGED,0.0
3,jeffreys,"[2, 0, 0]","[0, 0, 1]",1,14.493904132843603,14.493904132843603,STOP,"{""STOP"": 14.493904132843603, ""p1"": 12.493904132843602, ""p2"": 11.493904132843609, ""pf"": -16.50609586715639}",1111,VALUE_INTEGRATION_CONVERGED,0.0
3,jeffreys,"[2, 0, 0]","[0, 0, 0]",2,14.46927374301676,14.46927374301676,STOP,"{""STOP"": 14.46927374301676, ""p1"": 12.469273743016753, ""p2"": 11.46927374301677, ""pf"": -16.530726256983243}",1111,VALUE_INTEGRATION_CONVERGED,0.0
3,jeffreys,"[1, 0, 0]","[3, 0, 0]",0,14.561316623886462,14.561316623886462,STOP,"{""STOP"": 14.561316623886462}",1111,VALUE_INTEGRATION_CONVERGED,0.0
3,jeffreys,"[1, 1, 0]","[2, 0, 0]",0,14.31852733766827,14.31852733766827,STOP,"{""STOP"": 14.31852733766827}",1111,VALUE_INTEGRATION_CONVERGED,0.0
3,jeffreys,"[1, 0, 0]","[2, 1, 0]",0,14.58038727161686,14.58038727161686,STOP,"{""STOP"": 14.58038727161686}",1111,VALUE_INTEGRATION_CONVERGED,0.0
3,jeffreys,"[1, 0, 1]","[2, 0, 0]",0,14.34087370638337,14.34087370638337,STOP,"{""STOP"": 14.34087370638337}",1111,VALUE_INTEGRATION_CONVERGED,0.0
3,jeffreys,"[1, 0, 0]","[2, 0, 1]",0,14.577794599003504,14.577794599003504,STOP,"{""STOP"": 14.577794599003504}",1111,VALUE_INTEGRATION_CONVERGED,0.0
3,jeffreys,"[1, 0, 0]","[2, 0, 0]",1,14.553164209176682,14.553164209176682,STOP,"{""STOP"": 14.553164209176682, ""p1"": 12.55316420917667, ""p2"": 11.55316420917666, ""pf"": -16.446835790823343}",1111,VALUE_INTEGRATION_CONVERGED,0.0
3,jeffreys,"[1, 2, 0]","[1, 0, 0]",0,14.07555788758913,14.07555788758913,STOP,"{""STOP"": 14.07555788758913}",1111,VALUE_INTEGRATION_CONVERGED,0.0
3,jeffreys,"[1, 1, 0]","[1, 1, 0]",0,14.340010494151048,14.340010494151048,STOP,"{""STOP"": 14.340010494151048}",1111,VALUE_INTEGRATION_CONVERGED,0.0
3,jeffreys,"[1, 1, 1]","[1, 0, 0]",0,14.097904256304211,14.097904256304211,STOP,"{""STOP"": 14.097904256304211}",1111,VALUE_INTEGRATION_CONVERGED,0.0
3,jeffreys,"[1, 1, 0]","[1, 0, 1]",0,14.334825148924352,14.334825148924352,STOP,"{""STOP"": 14.334825148924352}",1111,VALUE_INTEGRATION_CONVERGED,0.0
3,jeffreys,"[1, 1, 0]","[1, 0, 0]",1,14.310194759097499,14.310194759097499,STOP,"{""STOP"": 14.310194759097499, ""p1"": 12.31019475909749, ""p2"": 11.310194759097499, ""pf"": -16.689805240902494}",1111,VALUE_INTEGRATION_CONVERGED,0.0
3,jeffreys,"[1, 0, 0]","[1, 2, 0]",0,14.598682715870112,14.598682715870112,STOP,"{""STOP"": 14.598682715870112}",1111,VALUE_INTEGRATION_CONVERGED,0.0
3,jeffreys,"[1, 0, 1]","[1, 1, 0]",0,14.359764190252793,14.359764190252793,STOP,"{""STOP"": 14.359764190252793}",1111,VALUE_INTEGRATION_CONVERGED,0.0
3,jeffreys,"[1, 0, 0]","[1, 1, 1]",0,14.596685082872934,14.596685082872934,STOP,"{""STOP"": 14.596685082872934}",1111,VALUE_INTEGRATION_CONVERGED,0.0
3,jeffreys,"[1, 0, 0]","[1, 1, 0]",1,14.572054693046084,14.572054693046084,STOP,"{""STOP"": 14.572054693046084, ""p1"": 12.572054693046077, ""p2"": 11.572054693046091, ""pf"": -16.42794530695391}",1111,VALUE_INTEGRATION_CONVERGED,0.0
3,jeffreys,"[1, 0, 2]","[1, 0, 0]",0,14.120250625019292,14.120250625019292,STOP,"{""STOP"": 14.120250625019292}",1111,VALUE_INTEGRATION_CONVERGED,0.0
3,jeffreys,"[1, 0, 1]","[1, 0, 1]",0,14.35951726905151,14.35951726905151,STOP,"{""STOP"": 14.35951726905151}",1111,VALUE_INTEGRATION_CONVERGED,0.0
3,jeffreys,"[1, 0, 1]","[1, 0, 0]",1,14.332541127812586,14.332541127812586,STOP,"{""STOP"": 14.332541127812586, ""p1"": 12.332541127812588, ""p2"": 11.332541127812593, ""pf"": -16.667458872187417}",1111,VALUE_INTEGRATION_CONVERGED,0.0
3,jeffreys,"[1, 0, 0]","[1, 0, 2]",0,14.593554041083035,14.593554041083035,STOP,"{""STOP"": 14.593554041083035}",1111,VALUE_INTEGRATION_CONVERGED,0.0
3,jeffreys,"[1, 0, 0]","[1, 0, 1]",1,14.569462020432734,14.569462020432734,STOP,"{""STOP"": 14.569462020432734, ""p1"": 12.569462020432724, ""p2"": 11.569462020432734, ""pf"": -16.43053797956727}",1111,VALUE_INTEGRATION_CONVERGED,0.0
3,jeffreys,"[1, 0, 0]","[1, 0, 0]",2,14.54483163060588,14.54483163060588,STOP,"{""STOP"": 14.54483163060588, ""p1"": 12.544831630605898, ""p2"": 11.544831630605886, ""pf"": -16.455168369394116}",1111,VALUE_INTEGRATION_CONVERGED,0.0
3,jeffreys,"[1, 3, 0]","[0, 0, 0]",0,13.832402234636866,13.832402234636866,STOP,"{""STOP"": 13.832402234636866}",1111,VALUE_INTEGRATION_CONVERGED,0.0
3,jeffreys,"[1, 2, 0]","[0, 1, 0]",0,14.099447513812144,14.099447513812144,STOP,"{""STOP"": 14.099447513812144}",1111,VALUE_INTEGRATION_CONVERGED,0.0
3,jeffreys,"[1, 2, 1]","[0, 0, 0]",0,13.854748603351947,13.854748603351947,STOP,"{""STOP"": 13.854748603351947}",1111,VALUE_INTEGRATION_CONVERGED,0.0
3,jeffreys,"[1, 2, 0]","[0, 0, 1]",0,14.091669495972099,14.091669495972099,STOP,"{""STOP"": 14.091669495972099}",1111,VALUE_INTEGRATION_CONVERGED,0.0
3,jeffreys,"[1, 2, 0]","[0, 0, 0]",1,14.067039106145252,14.067039106145252,STOP,"{""STOP"": 14.067039106145252, ""p1"": 12.067039106145256, ""p2"": 11.067039106145241, ""pf"": -16.932960893854748}",1111,VALUE_INTEGRATION_CONVERGED,0.0
3,jeffreys,"[1, 1, 0]","[0, 2, 0]",0,14.360655737704917,14.360655737704917,STOP,"{""STOP"": 14.360655737704917}",1111,VALUE_INTEGRATION_CONVERGED,0.0
3,jeffreys,"[1, 1, 1]","[0, 1, 0]",0,14.119201209913882,14.119201209913882,STOP,"{""STOP"": 14.119201209913882}",1111,VALUE_INTEGRATION_CONVERGED,0.0
3,jeffreys,"[1, 1, 0]","[0, 1, 1]",0,14.356122102534023,14.356122102534023,STOP,"{""STOP"": 14.356122102534023}",1111,VALUE_INTEGRATION_CONVERGED,0.0
3,jeffreys,"[1, 1, 0]","[0, 1, 0]",1,14.331491712707178,14.331491712707178,STOP,"{""STOP"": 14.331491712707178, ""p1"": 12.331491712707175, ""p2"": 11.331491712707182, ""pf"": -16.668508287292823}",1111,VALUE_INTEGRATION_CONVERGED,0.0
3,jeffreys,"[1, 1, 2]","[0, 0, 0]",0,13.877094972067036,13.877094972067036,STOP,"{""STOP"": 13.877094972067036}",1111,VALUE_INTEGRATION_CONVERGED,0.0
3,jeffreys,"[1, 1, 1]","[0, 0, 1]",0,14.116361616099272,14.116361616099272,STOP,"{""STOP"": 14.116361616099272}",1111,VALUE_INTEGRATION_CONVERGED,0.0
3,jeffreys,"[1, 1, 1]","[0, 0, 0]",1,14.089385474860327,14.089385474860327,STOP,"{""STOP"": 14.089385474860327, ""p1"": 12.08938547486034, ""p2"": 11.089385474860329, ""pf"": -16.910614525139657}",1111,VALUE_INTEGRATION_CONVERGED,0.0
3,jeffreys,"[1, 1, 0]","[0, 0, 2]",0,14.350398388130788,14.350398388130788,STOP,"{""STOP"": 14.350398388130788}",1111,VALUE_INTEGRATION_CONVERGED,0.0
3,jeffreys,"[1, 1, 0]","[0, 0, 1]",1,14.326306367480488,14.326306367480488,STOP,"{""STOP"": 14.326306367480488, ""p1"": 12.32630636748048, ""p2"": 11.326306367480472, ""pf"": -16.673693632519516}",1111,VALUE_INTEGRATION_CONVERGED,0.0
3,jeffreys,"[1, 1, 0]","[0, 0, 0]",2,14.301675977653634,14.301675977653634,STOP,"{""STOP"": 14.301675977653634, ""p1"": 12.301675977653625, ""p2"": 11.301675977653627, ""pf"": -16.69832402234636}",1111,VALUE_INTEGRATION_CONVERGED,0.0
3,jeffreys,"[1, 0, 0]","[0, 3, 0]",0,14.616216216216216,14.616216216216216,STOP,"{""STOP"": 14.616216216216216}",1111,VALUE_INTEGRATION_CONVERGED,0.0
3,jeffreys,"[1, 0, 1]","[0, 2, 0]",0,14.377873431632942,14.377873431632942,STOP,"{""STOP"": 14.377873431632942}",1111,VALUE_INTEGRATION_CONVERGED,0.0
3,jeffreys,"[1, 0, 0]","[0, 2, 1]",0,14.61479432425309,14.61479432425309,STOP,"{""STOP"": 14.61479432425309}",1111,VALUE_INTEGRATION_CONVERGED,0.0
3,jeffreys,"[1, 0, 0]","[0, 2, 0]",1,14.590163934426235,14.590163934426235,STOP,"{""STOP"": 14.590163934426235, ""p1"": 12.590163934426238, ""p2"": 11.590163934426231, ""pf"": -16.409836065573757}",1111,VALUE_INTEGRATION_CONVERGED,0.0
3,jeffreys,"[1, 0, 2]","[0, 1, 0]",0,14.138954906015629,14.138954906015629,STOP,"{""STOP"": 14.138954906015629}",1111,VALUE_INTEGRATION_CONVERGED,0.0
3,jeffreys,"[1, 0, 1]","[0, 1, 1]",0,14.378221550047844,14.378221550047844,STOP,"{""STOP"": 14.378221550047844}",1111,VALUE_INTEGRATION_CONVERGED,0.0
3,jeffreys,"[1, 0, 1]","[0, 1, 0]",1,14.351245408808916,14.351245408808916,STOP,"{""STOP"": 14.351245408808916, ""p1"": 12.351245408808921, ""p2"": 11.351245408808921, ""pf"": -16.648754591191086}",1111,VALUE_INTEGRATION_CONVERGED,0.0
3,jeffreys,"[1, 0, 0]","[0, 1, 2]",0,14.612258322079372,14.612258322079372,STOP,"{""STOP"": 14.612258322079372}",1111,VALUE_INTEGRATION_CONVERGED,0.0
3,jeffreys,"[1, 0, 0]","[0, 1, 1]",1,14.588166301429068,14.588166301429068,STOP,"{""STOP"": 14.588166301429068, ""p1"": 12.588166301429062, ""p2"": 11.588166301429068, ""pf"": -16.41183369857093}",1111,VALUE_INTEGRATION_CONVERGED,0.0
3,jeffreys,"[1, 0, 0]","[0, 1, 0]",2,14.563535911602203,14.563535911602203,STOP,"{""STOP"": 14.563535911602203, ""p1"": 12.563535911602214, ""p2"": 11.563535911602214, ""pf"": -16.436464088397777}",1111,VALUE_INTEGRATION_CONVERGED,0.0
3,jeffreys,"[1, 0, 3]","[0, 0, 0]",0,13.899441340782111,13.899441340782111,STOP,"{""STOP"": 13.899441340782111}",1111,VALUE_INTEGRATION_CONVERGED,0.0
3,jeffreys,"[1, 0, 2]","[0, 0, 1]",0,14.14105373622643,14.14105373622643,STOP,"{""STOP"": 14.14105373622643}",1111,VALUE_INTEGRATION_CONVERGED,0.0
3,jeffreys,"[1, 0, 2]","[0, 0, 0]",1,14.111731843575424,14.111731843575424,STOP,"{""STOP"": 14.111731843575424, ""p1"": 12.11173184357542, ""p2"": 11.111731843575429, ""pf"": -16.88826815642458}",1111,VALUE_INTEGRATION_CONVERGED,0.0
3,jeffreys,"[1, 0, 1]","[0, 0, 2]",0,14.377384986415116,14.377384986415116,STOP,"{""STOP"": 14.377384986415116}",1111,VALUE_INTEGRATION_CONVERGED,0.0
3,jeffreys,"[1, 0, 1]","[0, 0, 1]",1,14.350998487607633,14.350998487607633,STOP,"{""STOP"": 14.350998487607633, ""p1"": 12.350998487607638, ""p2"": 11.350998487607646, ""pf"": -16.649001512392356}",1111,VALUE_INTEGRATION_CONVERGED,0.0
3,jeffreys,"[1, 0, 1]","[0, 0, 0]",2,14.324022346368718,14.324022346368718,STOP,"{""STOP"": 14.324022346368718, ""p1"": 12.324022346368714, ""p2"": 11.324022346368718, ""pf"": -16.675977653631293}",1111,VALUE_INTEGRATION_CONVERGED,0.0
3,jeffreys,"[1, 0, 0]","[0, 0, 3]",0,14.608606371734858,14.608606371734858,STOP,"{""STOP"": 14.608606371734858}",1111,VALUE_INTEGRATION_CONVERGED,0.0
3,jeffreys,"[1, 0, 0]","[0, 0, 2]",1,14.585035259639161,14.585035259639161,STOP,"{""STOP"": 14.585035259639161, ""p1"": 12.585035259639161, ""p2"": 11.585035259639174, ""pf"": -16.414964740360844}",1111,VALUE_INTEGRATION_CONVERGED,0.0
3,jeffreys,"[1, 0, 0]","[0, 0, 1]",2,14.560943238988866,14.560943238988866,STOP,"{""STOP"": 14.560943238988866, ""p1"": 12.56094323898886, ""p2"": 11.56094323898887, ""pf"": -16.43905676101114}",1111,VALUE_INTEGRATION_CONVERGED,0.0
3,jeffreys,"[1, 0, 0]","[0, 0, 0]",3,14.536312849162018,14.536312849162018,STOP,"{""STOP"": 14.536312849162018, ""p1"": 12.536312849162009, ""p2"": 11.536312849162005, ""pf"": -16.46368715083798}",1111,VALUE_INTEGRATION_CONVERGED,0.0
3,jeffreys,"[0, 0, 0]","[4, 0, 0]",0,14.633465778388548,14.633465778388548,STOP,"{""STOP"": 14.633465778388548}",1111,VALUE_INTEGRATION_CONVERGED,0.0
3,jeffreys,"[0, 1, 0]","[3, 0, 0]",0,14.391544617242936,14.391544617242936,STOP,"{""STOP"": 14.391544617242936}",1111,VALUE_INTEGRATION_CONVERGED,0.0
3,jeffreys,"[0, 0, 0]","[3, 1, 0]",0,14.653404551191528,14.653404551191528,STOP,"{""STOP"": 14.653404551191528}",1111,VALUE_INTEGRATION_CONVERGED,0.0
3,jeffreys,"[0, 0, 1]","[3, 0, 0]",0,14.413890985958016,14.413890985958016,STOP,"{""STOP"": 14.413890985958016}",1111,VALUE_INTEGRATION_CONVERGED,0.0
3,jeffreys,"[0, 0, 0]","[3, 0, 1]",0,14.650811878578166,14.650811878578166,STOP,"{""STOP"": 14.650811878578166}",1111,VALUE_INTEGRATION_CONVERGED,0.0
3,jeffreys,"[0, 0, 0]","[3, 0, 0]",1,14.626181488751325,14.626181488751325,STOP,"{""STOP"": 14.626181488751325, ""p1"": 12.626181488751318, ""p2"": 11.626181488751328, ""pf"": -16.37381851124868}",1111,VALUE_INTEGRATION_CONVERGED,0.0
3,jeffreys,"[0, 2, 0]","[2, 0, 0]",0,14.149464236651715,14.149464236651715,STOP,"{""STOP"": 14.149464236651715}",1111,VALUE_INTEGRATION_CONVERGED,0.0
3,jeffreys,"[0, 1, 0]","[2, 1, 0]",0,14.413916843213642,14.413916843213642,STOP,"{""STOP"": 14.413916843213642}",1111,VALUE_INTEGRATION_CONVERGED,0.0
3,jeffreys,"[0, 1, 1]","[2, 0, 0]",0,14.17181060536679,14.17181060536679,STOP,"{""STOP"": 14.17181060536679}",1111,VALUE_INTEGRATION_CONVERGED,0.0
3,jeffreys,"[0, 1, 0]","[2, 0, 1]",0,14.408731497986947,14.408731497986947,STOP,"{""STOP"": 14.408731497986947}",1111,VALUE_INTEGRATION_CONVERGED,0.0
3,jeffreys,"[0, 1, 0]","[2, 0, 0]",1,14.38410110816008,14.38410110816008,STOP,"{""STOP"": 14.38410110816008, ""p1"": 12.384101108160081, ""p2"": 11.384101108160092, ""pf"": -16.6158988918399}",1111,VALUE_INTEGRATION_CONVERGED,0.0
3,jeffreys,"[0, 0, 0]","[2, 2, 0]",0,14.672589064932694,14.672589064932694,STOP,"{""STOP"": 14.672589064932694}",1111,VALUE_INTEGRATION_CONVERGED,0.0
3,jeffreys,"[0, 0, 1]","[2, 1, 0]",0,14.433670539315372,14.433670539315372,STOP,"{""STOP"": 14.433670539315372}",1111,VALUE_INTEGRATION_CONVERGED,0.0
3,jeffreys,"[0, 0, 0]","[2, 1, 1]",0,14.670591431935517,14.670591431935517,STOP,"{""STOP"": 14.670591431935517}",1111,VALUE_INTEGRATION_CONVERGED,0.0
3,jeffreys,"[0, 0, 0]","[2, 1, 0]",1,14.645961042108656,14.645961042108656,STOP,"{""STOP"": 14.645961042108656, ""p1"": 12.645961042108675, ""p2"": 11.645961042108674, ""pf"": -16.354038957891326}",1111,VALUE_INTEGRATION_CONVERGED,0.0
3,jeffreys,"[0, 0, 2]","[2, 0, 0]",0,14.194156974081887,14.194156974081887,STOP,"{""STOP"": 14.194156974081887}",1111,VALUE_INTEGRATION_CONVERGED,0.0
3,jeffreys,"[0, 0, 1]","[2, 0, 1]",0,14.433423618114102,14.433423618114102,STOP,"{""STOP"": 14.433423618114102}",1111,VALUE_INTEGRATION_CONVERGED,0.0
3,jeffreys,"[0, 0, 1]","[2, 0, 0]",1,14.406447476875169,14.406447476875169,STOP,"{""STOP"": 14.406447476875169, ""p1"": 12.406447476875165, ""p2"": 11.406447476875174, ""pf"": -16.593552523124828}",1111,VALUE_INTEGRATION_CONVERGED,0.0
3,jeffreys,"[0, 0, 0]","[2, 0, 2]",0,14.667460390145626,14.667460390145626,STOP,"{""STOP"": 14.667460390145626}",1111,VALUE_INTEGRATION_CONVERGED,0.0
3,jeffreys,"[0, 0, 0]","[2, 0, 1]",1,14.643368369495299,14.643368369495299,STOP,"{""STOP"": 14.643368369495299, ""p1"": 12.643368369495313, ""p2"": 11.64336836949532, ""pf"": -16.356631630504676}",1111,VALUE_INTEGRATION_CONVERGED,0.0
3,jeffreys,"[0, 0, 0]","[2, 0, 0]",2,14.61873797966848,14.61873797966848,STOP,"{""STOP"": 14.61873797966848, ""p1"": 12.618737979668474, ""p2"": 11.618737979668458, ""pf"": -16.381262020331548}",1111,VALUE_INTEGRATION_CONVERGED,0.0
3,jeffreys,"[0, 3, 0]","[1, 0, 0]",0,13.907219358622168,13.907219358622168,STOP,"{""STOP"": 13.907219358622168}",1111,VALUE_INTEGRATION_CONVERGED,0.0
3,jeffreys,"[0, 2, 0]","[1, 1, 0]",0,14.17426463779746,14.17426463779746,STOP,"{""STOP"": 14.17426463779746}",1111,VALUE_INTEGRATION_CONVERGED,0.0
3,jeffreys,"[0, 2, 1]","[1, 0, 0]",0,13.929565727337259,13.929565727337259,STOP,"{""STOP"": 13.929565727337259}",1111,VALUE_INTEGRATION_CONVERGED,0.0
3,jeffreys,"[0, 2, 0]","[1, 0, 1]",0,14.166486619957421,14.166486619957421,STOP,"{""STOP"": 14.166486619957421}",1111,VALUE_INTEGRATION_CONVERGED,0.0
3,jeffreys,"[0, 2, 0]","[1, 0, 0]",1,14.141856230130571,14.141856230130571,STOP,"{""STOP"": 14.141856230130571, ""p1"": 12.141856230130566, ""p2"": 11.141856230130557, ""pf"": -16.85814376986943}",1111,VALUE_INTEGRATION_CONVERGED,0.0
3,jeffreys,"[0, 1, 0]","[1, 2, 0]",0,14.435472861690236,14.435472861690236,STOP,"{""STOP"": 14.435472861690236}",1111,VALUE_INTEGRATION_CONVERGED,0.0
3,jeffreys,"[0, 1, 1]","[1, 1, 0]",0,14.194018333899184,14.194018333899184,STOP,"{""STOP"": 14.194018333899184}",1111,VALUE_INTEGRATION_CONVERGED,0.0
3,jeffreys,"[0, 1, 0]","[1, 1, 1]",0,14.430939226519328,14.430939226519328,STOP,"{""STOP"": 14.430939226519328}",1111,VALUE_INTEGRATION_CONVERGED,0.0
3,jeffreys,"[0, 1, 0]","[1, 1, 0]",1,14.406308836692494,14.406308836692494,STOP,"{""STOP"": 14.406308836692494, ""p1"": 12.406308836692492, ""p2"": 11.406308836692501, ""pf"": -16.59369116330752}",1111,VALUE_INTEGRATION_CONVERGED,0.0
3,jeffreys,"[0, 1, 2]","[1, 0, 0]",0,13.951912096052341,13.951912096052341,STOP,"{""STOP"": 13.951912096052341}",1111,VALUE_INTEGRATION_CONVERGED,0.0
3,jeffreys,"[0, 1, 1]","[1, 0, 1]",0,14.191178740084574,14.191178740084574,STOP,"{""STOP"": 14.191178740084574}",1111,VALUE_INTEGRATION_CONVERGED,0.0
3,jeffreys,"[0, 1, 1]","[1, 0, 0]",1,14.164202598845623,14.164202598845623,STOP,"{""STOP"": 14.164202598845623, ""p1"": 12.164202598845643, ""p2"": 11.164202598845632, ""pf"": -16.835797401154352}",1111,VALUE_INTEGRATION_CONVERGED,0.0
3,jeffreys,"[0, 1, 0]","[1, 0, 2]",0,14.425215512116093,14.425215512116093,STOP,"{""STOP"": 14.425215512116093}",1111,VALUE_INTEGRATION_CONVERGED,0.0
3,jeffreys,"[0, 1, 0]","[1, 0, 1]",1,14.401123491465778,14.401123491465778,STOP,"{""STOP"": 14.401123491465778, ""p1"": 12.401123491465798, ""p2"": 11.40112349146578, ""pf"": -16.59887650853421}",1111,VALUE_INTEGRATION_CONVERGED,0.0
3,jeffreys,"[0, 1, 0]","[1, 0, 0]",2,14.376493101638932,14.376493101638932,STOP,"{""STOP"": 14.376493101638932, ""p1"": 12.376493101638932, ""p2"": 11.376493101638944, ""pf"": -16.623506898361068}",1111,VALUE_INTEGRATION_CONVERGED,0.0
3,jeffreys,"[0, 0, 0]","[1, 3, 0]",0,14.69103334020151,14.69103334020151,STOP,"{""STOP"": 14.69103334020151}",1111,VALUE_INTEGRATION_CONVERGED,0.0
3,jeffreys,"[0, 0, 1]","[1, 2, 0]",0,14.45269055561824,14.45269055561824,STOP,"{""STOP"": 14.45269055561824}",1111,VALUE_INTEGRATION_CONVERGED,0.0
3,jeffreys,"[0, 0, 0]","[1, 2, 1]",0,14.689611448238377,14.689611448238377,STOP,"{""STOP"": 14.689611448238377}",1111,VALUE_INTEGRATION_CONVERGED,0.0
3,jeffreys,"[0, 0, 0]","[1, 2, 0]",1,14.664981058411538,14.664981058411538,STOP,"{""STOP"": 14.664981058411538, ""p1"": 12.664981058411545, ""p2"": 11.664981058411527, ""pf"": -16.335018941588466}",1111,VALUE_INTEGRATION_CONVERGED,0.0
3,jeffreys,"[0, 0, 2]","[1, 1, 0]",0,14.213772030000928,14.213772030000928,STOP,"{""STOP"": 14.213772030000928}",1111,VALUE_INTEGRATION_CONVERGED,0.0
3,jeffreys,"[0, 0, 1]","[1, 1, 1]",0,14.453038674033149,14.453038674033149,STOP,"{""STOP"": 14.453038674033149}",1111,VALUE_INTEGRATION_CONVERGED,0.0
3,jeffreys,"[0, 0, 1]","[1, 1, 0]",1,14.426062532794232,14.426062532794232,STOP,"{""STOP"": 14.426062532794232, ""p1"": 12.426062532794225, ""p2"": 11.42606253279422, ""pf"": -16.57393746720578}",1111,VALUE_INTEGRATION_CONVERGED,0.0
3,jeffreys,"[0, 0, 0]","[1, 1, 2]",0,14.687075446064668,14.687075446064668,STOP,"{""STOP"": 14.687075446064668}",1111,VALUE_INTEGRATION_CONVERGED,0.0
3,jeffreys,"[0, 0, 0]","[1, 1, 1]",1,14.662983425414362,14.662983425414362,STOP,"{""STOP"": 14.662983425414362, ""p1"": 12.662983425414367, ""p2"": 11.662983425414359, ""pf"": -16.337016574585633}",1111,VALUE_INTEGRATION_CONVERGED,0.0
3,jeffreys,"[0, 0, 0]","[1, 1, 0]",2,14.638353035587523,14.638353035587523,STOP,"{""STOP"": 14.638353035587523, ""p1"": 12.638353035587508, ""p2"": 11.63835303558752, ""pf"": -16.361646964412483}",1111,VALUE_INTEGRATION_CONVERGED,0.0
3,jeffreys,"[0, 0, 3]","[1, 0, 0]",0,13.974258464767425,13.974258464767425,STOP,"{""STOP"": 13.974258464767425}",1111,VALUE_INTEGRATION_CONVERGED,0.0
3,jeffreys,"[0, 0, 2]","[1, 0, 1]",0,14.215870860211737,14.215870860211737,STOP,"{""STOP"": 14.215870860211737}",1111,VALUE_INTEGRATION_CONVERGED,0.0
3,jeffreys,"[0, 0, 2]","[1, 0, 0]",1,14.186548967560725,14.186548967560725,STOP,"{""STOP"": 14.186548967560725, ""p1"": 12.18654896756074, ""p2"": 11.186548967560729, ""pf"": -16.813451032439268}",1111,VALUE_INTEGRATION_CONVERGED,0.0
3,jeffreys,"[0, 0, 1]","[1, 0, 2]",0,14.452202110400421,14.452202110400421,STOP,"{""STOP"": 14.452202110400421}",1111,VALUE_INTEGRATION_CONVERGED,0.0
3,jeffreys,"[0, 0, 1]","[1, 0, 1]",1,14.42581561159296,14.42581561159296,STOP,"{""STOP"": 14.42581561159296, ""p1"": 12.425815611592952, ""p2"": 11.425815611592949, ""pf"": -16.574184388407055}",1111,VALUE_INTEGRATION_CONVERGED,0.0
3,jeffreys,"[0, 0, 1]","[1, 0, 0]",2,14.398839470354023,14.398839470354023,STOP,"{""STOP"": 14.398839470354023, ""p1"": 12.398839470354021, ""p2"": 11.39883947035403, ""pf"": -16.60116052964597}",1111,VALUE_INTEGRATION_CONVERGED,0.0
3,jeffreys,"[0, 0, 0]","[1, 0, 3]",0,14.683423495720174,14.683423495720174,STOP,"{""STOP"": 14.683423495720174}",1111,VALUE_INTEGRATION_CONVERGED,0.0
3,jeffreys,"[0, 0, 0]","[1, 0, 2]",1,14.659852383624472,14.659852383624472,STOP,"{""STOP"": 14.659852383624472, ""p1"": 12.659852383624477, ""p2"": 11.65985238362447, ""pf"": -16.340147616375532}",1111,VALUE_INTEGRATION_CONVERGED,0.0
3,jeffreys,"[0, 0, 0]","[1, 0, 1]",2,14.635760362974153,14.635760362974153,STOP,"{""STOP"": 14.635760362974153, ""p1"": 12.635760362974153, ""p2"": 11.635760362974164, ""pf"": -16.364239637025833}",1111,VALUE_INTEGRATION_CONVERGED,0.0
3,jeffreys,"[0, 0, 0]","[1, 0, 0]",3,14.611129973147317,14.611129973147317,STOP,"{""STOP"": 14.611129973147317, ""p1"": 12.611129973147332, ""p2"": 11.611129973147325, ""pf"": -16.388870026852693}",1111,VALUE_INTEGRATION_CONVERGED,0.0
3,jeffreys,"[0, 4, 0]","[0, 0, 0]",0,13.66480446927375,13.66480446927375,STOP,"{""STOP"": 13.66480446927375}",1111,VALUE_INTEGRATION_CONVERGED,0.0
3,jeffreys,"[0, 3, 0]","[0, 1, 0]",0,13.934442421062391,13.934442421062391,STOP,"{""STOP"": 13.934442421062391}",1111,VALUE_INTEGRATION_CONVERGED,0.0
3,jeffreys,"[0, 3, 1]","[0, 0, 0]",0,13.687150837988828,13.687150837988828,STOP,"{""STOP"": 13.687150837988828}",1111,VALUE_INTEGRATION_CONVERGED,0.0
3,jeffreys,"[0, 3, 0]","[0, 0, 1]",0,13.924071730608956,13.924071730608956,STOP,"{""STOP"": 13.924071730608956}",1111,VALUE_INTEGRATION_CONVERGED,0.0
3,jeffreys,"[0, 3, 0]","[0, 0, 0]",1,13.899441340782118,13.899441340782118,STOP,"{""STOP"": 13.899441340782118, ""p1"": 11.899441340782111, ""p2"": 10.899441340782134, ""pf"": -17.10055865921789}",1111,VALUE_INTEGRATION_CONVERGED,0.0
3,jeffreys,"[0, 2, 0]","[0, 2, 0]",0,14.198186647128862,14.198186647128862,STOP,"{""STOP"": 14.198186647128862}",1111,VALUE_INTEGRATION_CONVERGED,0.0
3,jeffreys,"[0, 2, 1]","[0, 1, 0]",0,13.954196117164113,13.954196117164113,STOP,"{""STOP"": 13.954196117164113}",1111,VALUE_INTEGRATION_CONVERGED,0.0
3,jeffreys,"[0, 2, 0]","[0, 1, 1]",0,14.191117009784254,14.191117009784254,STOP,"{""STOP"": 14.191117009784254}",1111,VALUE_INTEGRATION_CONVERGED,0.0
3,jeffreys,"[0, 2, 0]","[0, 1, 0]",1,14.166486619957412,14.166486619957412,STOP,"{""STOP"": 14.166486619957412, ""p1"": 12.166486619957404, ""p2"": 11.166486619957412, ""pf"": -16.833513380042593}",1111,VALUE_INTEGRATION_CONVERGED,0.0
3,jeffreys,"[0, 2, 2]","[0, 0, 0]",0,13.709497206703919,13.709497206703919,STOP,"{""STOP"": 13.709497206703919}",1111,VALUE_INTEGRATION_CONVERGED,0.0
3,jeffreys,"[0, 2, 1]","[0, 0, 1]",0,13.948763850736135,13.948763850736135,STOP,"{""STOP"": 13.948763850736135}",1111,VALUE_INTEGRATION_CONVERGED,0.0
3,jeffreys,"[0, 2, 1]","[0, 0, 0]",1,13.921787709497213,13.921787709497213,STOP,"{""STOP"": 13.921787709497213, ""p1"": 11.921787709497202, ""p2"": 10.92178770949721, ""pf"": -17.07821229050279}",1111,VALUE_INTEGRATION_CONVERGED,0.0
3,jeffreys,"[0, 2, 0]","[0, 0, 2]",0,14.182800622767672,14.182800622767672,STOP,"{""STOP"": 14.182800622767672}",1111,VALUE_INTEGRATION_CONVERGED,0.0
3,jeffreys,"[0, 2, 0]","[0, 0, 1]",1,14.158708602117361,14.158708602117361,STOP,"{""STOP"": 14.158708602117361, ""p1"": 12.158708602117363, ""p2"": 11.158708602117349, ""pf"": -16.841291397882635}",1111,VALUE_INTEGRATION_CONVERGED,0.0
3,jeffreys,"[0, 2, 0]","[0, 0, 0]",2,14.13407821229052,14.13407821229052,STOP,"{""STOP"": 14.13407821229052, ""p1"": 12.134078212290513, ""p2"": 11.134078212290508, ""pf"": -16.865921787709482}",1111,VALUE_INTEGRATION_CONVERGED,0.0
3,jeffreys,"[0, 1, 0]","[0, 3, 0]",0,14.45622829533444,14.45622829533444,STOP,"{""STOP"": 14.45622829533444}",1111,VALUE_INTEGRATION_CONVERGED,0.0
3,jeffreys,"[0, 1, 1]","[0, 2, 0]",0,14.21540434105688,14.21540434105688,STOP,"{""STOP"": 14.21540434105688}",1111,VALUE_INTEGRATION_CONVERGED,0.0
3,jeffreys,"[0, 1, 0]","[0, 2, 1]",0,14.452325233677016,14.452325233677016,STOP,"{""STOP"": 14.452325233677016}",1111,VALUE_INTEGRATION_CONVERGED,0.0
3,jeffreys,"[0, 1, 0]","[0, 2, 0]",1,14.427694843850176,14.427694843850176,STOP,"{""STOP"": 14.427694843850176, ""p1"": 12.427694843850178, ""p2"": 11.427694843850169, ""pf"": -16.57230515614983}",1111,VALUE_INTEGRATION_CONVERGED,0.0
3,jeffreys,"[0, 1, 2]","[0, 1, 0]",0,13.973949813265818,13.973949813265818,STOP,"{""STOP"": 13.973949813265818}",1111,VALUE_INTEGRATION_CONVERGED,0.0
3,jeffreys,"[0, 1, 1]","[0, 1, 1]",0,14.213216457298072,14.213216457298072,STOP,"{""STOP"": 14.213216457298072}",1111,VALUE_INTEGRATION_CONVERGED,0.0
3,jeffreys,"[0, 1, 1]","[0, 1, 0]",1,14.18624031605913,14.18624031605913,STOP,"{""STOP"": 14.18624031605913, ""p1"": 12.186240316059127, ""p2"": 11.186240316059143, ""pf"": -16.81375968394086}",1111,VALUE_INTEGRATION_CONVERGED,0.0
3,jeffreys,"[0, 1, 0]","[0, 1, 2]",0,14.447253229329574,14.447253229329574,STOP,"{""STOP"": 14.447253229329574}",1111,VALUE_INTEGRATION_CONVERGED,0.0
3,jeffreys,"[0, 1, 0]","[0, 1, 1]",1,14.423161208679264,14.423161208679264,STOP,"{""STOP"": 14.423161208679264, ""p1"": 12.423161208679272, ""p2"": 11.423161208679282, ""pf"": -16.576838791320725}",1111,VALUE_INTEGRATION_CONVERGED,0.0
3,jeffreys,"[0, 1, 0]","[0, 1, 0]",2,14.398530818852429,14.398530818852429,STOP,"{""STOP"": 14.398530818852429, ""p1"": 12.398530818852437, ""p2"": 11.398530818852443, ""pf"": -16.601469181147582}",1111,VALUE_INTEGRATION_CONVERGED,0.0
3,jeffreys,"[0, 1, 3]","[0, 0, 0]",0,13.731843575418988,13.731843575418988,STOP,"{""STOP"": 13.731843575418988}",1111,VALUE_INTEGRATION_CONVERGED,0.0
3,jeffreys,"[0, 1, 2]","[0, 0, 1]",0,13.973455970863299,13.973455970863299,STOP,"{""STOP"": 13.973455970863299}",1111,VALUE_INTEGRATION_CONVERGED,0.0
3,jeffreys,"[0, 1, 2]","[0, 0, 0]",1,13.944134078212286,13.944134078212286,STOP,"{""STOP"": 13.944134078212286, ""p1"": 11.944134078212285, ""p2"": 10.94413407821227, ""pf"": -17.05586592178771}",1111,VALUE_INTEGRATION_CONVERGED,0.0
3,jeffreys,"[0, 1, 1]","[0, 0, 2]",0,14.209787221051988,14.209787221051988,STOP,"{""STOP"": 14.209787221051988}",1111,VALUE_INTEGRATION_CONVERGED,0.0
3,jeffreys,"[0, 1, 1]","[0, 0, 1]",1,14.183400722244512,14.183400722244512,STOP,"{""STOP"": 14.183400722244512, ""p1"": 12.183400722244519, ""p2"": 11.183400722244519, ""pf"": -16.816599277755486}",1111,VALUE_INTEGRATION_CONVERGED,0.0
3,jeffreys,"[0, 1, 1]","[0, 0, 0]",2,14.156424581005584,14.156424581005584,STOP,"{""STOP"": 14.156424581005584, ""p1"": 12.156424581005567, ""p2"": 11.15642458100558, ""pf"": -16.843575418994416}",1111,VALUE_INTEGRATION_CONVERGED,0.0
3,jeffreys,"[0, 1, 0]","[0, 0, 3]",0,14.441008606371728,14.441008606371728,STOP,"{""STOP"": 14.441008606371728}",1111,VALUE_INTEGRATION_CONVERGED,0.0
3,jeffreys,"[0, 1, 0]","[0, 0, 2]",1,14.417437494276033,14.417437494276033,STOP,"{""STOP"": 14.417437494276033, ""p1"": 12.417437494276037, ""p2"": 11.417437494276026, ""pf"": -16.58256250572397}",1111,VALUE_INTEGRATION_CONVERGED,0.0
3,jeffreys,"[0, 1, 0]","[0, 0, 1]",2,14.393345473625724,14.393345473625724,STOP,"{""STOP"": 14.393345473625724, ""p1"": 12.393345473625724, ""p2"": 11.393345473625716, ""pf"": -16.60665452637427}",1111,VALUE_INTEGRATION_CONVERGED,0.0
3,jeffreys,"[0, 1, 0]","[0, 0, 0]",3,14.36871508379888,14.36871508379888,STOP,"{""STOP"": 14.36871508379888, ""p1"": 12.368715083798877, ""p2"": 11.368715083798879, ""pf"": -16.631284916201125}",1111,VALUE_INTEGRATION_CONVERGED,0.0
3,jeffreys,"[0, 0, 0]","[0, 4, 0]",0,14.708750336091775,14.708750336091775,STOP,"{""STOP"": 14.708750336091775}",1111,VALUE_INTEGRATION_CONVERGED,0.0
3,jeffreys,"[0, 0, 1]","[0, 3, 0]",0,14.470964819568183,14.470964819568183,STOP,"{""STOP"": 14.470964819568183}",1111,VALUE_INTEGRATION_CONVERGED,0.0
3,jeffreys,"[0, 0, 0]","[0, 3, 1]",0,14.707885712188318,14.707885712188318,STOP,"{""STOP"": 14.707885712188318}",1111,VALUE_INTEGRATION_CONVERGED,0.0
3,jeffreys,"[0, 0, 0]","[0, 3, 0]",1,14.683255322361447,14.683255322361447,STOP,"{""STOP"": 14.683255322361447, ""p1"": 12.683255322361456, ""p2"": 11.683255322361468, ""pf"": -16.31674467763853}",1111,VALUE_INTEGRATION_CONVERGED,0.0
3,jeffreys,"[0, 0, 2]","[0, 2, 0]",0,14.232622034984903,14.232622034984903,STOP,"{""STOP"": 14.232622034984903}",1111,VALUE_INTEGRATION_CONVERGED,0.0
3,jeffreys,"[0, 0, 1]","[0, 2, 1]",0,14.471888679017125,14.471888679017125,STOP,"{""STOP"": 14.471888679017125}",1111,VALUE_INTEGRATION_CONVERGED,0.0
3,jeffreys,"[0, 0, 1]","[0, 2, 0]",1,14.444912537778189,14.444912537778189,STOP,"{""STOP"": 14.444912537778189, ""p1"": 12.444912537778183, ""p2"": 11.444912537778196, ""pf"": -16.555087462221802}",1111,VALUE_INTEGRATION_CONVERGED,0.0
3,jeffreys,"[0, 0, 0]","[0, 2, 2]",0,14.705925451048625,14.705925451048625,STOP,"{""STOP"": 14.705925451048625}",1111,VALUE_INTEGRATION_CONVERGED,0.0
3,jeffreys,"[0, 0, 0]","[0, 2, 1]",1,14.681833430398328,14.681833430398328,STOP,"{""STOP"": 14.681833430398328, ""p1"": 12.681833430398324, ""p2"": 11.681833430398331, ""pf"": -16.318166569601676}",1111,VALUE_INTEGRATION_CONVERGED,0.0
3,jeffreys,"[0, 0, 0]","[0, 2, 0]",2,14.657203040571487,14.657203040571487,STOP,"{""STOP"": 14.657203040571487, ""p1"": 12.657203040571483, ""p2"": 11.657203040571464, ""pf"": -16.34279695942852}",1111,VALUE_INTEGRATION_CONVERGED,0.0
3,jeffreys,"[0, 0, 3]","[0, 1, 0]",0,13.993703509367581,13.993703509367581,STOP,"{""STOP"": 13.993703509367581}",1111,VALUE_INTEGRATION_CONVERGED,0.0
3,jeffreys,"[0, 0, 2]","[0, 1, 1]",0,14.23531590481187,14.23531590481187,STOP,"{""STOP"": 14.23531590481187}",1111,VALUE_INTEGRATION_CONVERGED,0.0
3,jeffreys,"[0, 0, 2]","[0, 1, 0]",1,14.20599401216088,14.20599401216088,STOP,"{""STOP"": 14.20599401216088, ""p1"": 12.205994012160872, ""p2"": 11.20599401216088, ""pf"": -16.794005987839135}",1111,VALUE_INTEGRATION_CONVERGED,0.0
3,jeffreys,"[0, 0, 1]","[0, 1, 2]",0,14.471647155000575,14.471647155000575,STOP,"{""STOP"": 14.471647155000575}",1111,VALUE_INTEGRATION_CONVERGED,0.0
3,jeffreys,"[0, 0, 1]","[0, 1, 1]",1,14.445260656193105,14.445260656193105,STOP,"{""STOP"": 14.445260656193105, ""p1"": 12.445260656193092, ""p2"": 11.445260656193106, ""pf"": -16.5547393438069}",1111,VALUE_INTEGRATION_CONVERGED,0.0
3,jeffreys,"[0, 0, 1]","[0, 1, 0]",2,14.418284514954173,14.418284514954173,STOP,"{""STOP"": 14.418284514954173, ""p1"": 12.418284514954173, ""p2"": 11.418284514954168, ""pf"": -16.581715485045827}",1111,VALUE_INTEGRATION_CONVERGED,0.0
3,jeffreys,"[0, 0, 0]","[0, 1, 3]",0,14.70286854032031,14.70286854032031,STOP,"{""STOP"": 14.70286854032031}",1111,VALUE_INTEGRATION_CONVERGED,0.0
3,jeffreys,"[0, 0, 0]","[0, 1, 2]",1,14.679297428224618,14.679297428224618,STOP,"{""STOP"": 14.679297428224618, ""p1"": 12.679297428224611, ""p2"": 11.679297428224604, ""pf"": -16.320702571775392}",1111,VALUE_INTEGRATION_CONVERGED,0.0
3,jeffreys,"[0, 0, 0]","[0, 1, 1]",2,14.6552054075743,14.6552054075743,STOP,"{""STOP"": 14.6552054075743, ""p1"": 12.655205407574307, ""p2"": 11.655205407574307, ""pf"": -16.344794592425686}",1111,VALUE_INTEGRATION_CONVERGED,0.0
3,jeffreys,"[0, 0, 0]","[0, 1, 0]",3,14.630575017747468,14.630575017747468,STOP,"{""STOP"": 14.630575017747468, ""p1"": 12.630575017747466, ""p2"": 11.630575017747466, ""pf"": -16.369424982252546}",1111,VALUE_INTEGRATION_CONVERGED,0.0
3,jeffreys,"[0, 0, 4]","[0, 0, 0]",0,13.75418994413408,13.75418994413408,STOP,"{""STOP"": 13.75418994413408}",1111,VALUE_INTEGRATION_CONVERGED,0.0
3,jeffreys,"[0, 0, 3]","[0, 0, 1]",0,13.998148090990467,13.998148090990467,STOP,"{""STOP"": 13.998148090990467}",1111,VALUE_INTEGRATION_CONVERGED,0.0
3,jeffreys,"[0, 0, 3]","[0, 0, 0]",1,13.966480446927367,13.966480446927367,STOP,"{""STOP"": 13.966480446927367, ""p1"": 11.966480446927367, ""p2"": 10.966480446927381, ""pf"": -17.033519553072622}",1111,VALUE_INTEGRATION_CONVERGED,0.0
3,jeffreys,"[0, 0, 2]","[0, 0, 2]",0,14.236773819336346,14.236773819336346,STOP,"{""STOP"": 14.236773819336346}",1111,VALUE_INTEGRATION_CONVERGED,0.0
3,jeffreys,"[0, 0, 2]","[0, 0, 1]",1,14.208092842371663,14.208092842371663,STOP,"{""STOP"": 14.208092842371663, ""p1"": 12.20809284237168, ""p2"": 11.208092842371672, ""pf"": -16.7919071576283}",1111,VALUE_INTEGRATION_CONVERGED,0.0
3,jeffreys,"[0, 0, 2]","[0, 0, 0]",2,14.178770949720672,14.178770949720672,STOP,"{""STOP"": 14.178770949720672, ""p1"": 12.178770949720668, ""p2"": 11.178770949720679, ""pf"": -16.821229050279342}",1111,VALUE_INTEGRATION_CONVERGED,0.0
3,jeffreys,"[0, 0, 1]","[0, 0, 3]",0,14.47024007247472,14.47024007247472,STOP,"{""STOP"": 14.47024007247472}",1111,VALUE_INTEGRATION_CONVERGED,0.0
3,jeffreys,"[0, 0, 1]","[0, 0, 2]",1,14.444424092560372,14.444424092560372,STOP,"{""STOP"": 14.444424092560372, ""p1"": 12.444424092560364, ""p2"": 11.444424092560377, ""pf"": -16.55557590743962}",1111,VALUE_INTEGRATION_CONVERGED,0.0
3,jeffreys,"[0, 0, 1]","[0, 0, 1]",2,14.418037593752892,14.418037593752892,STOP,"{""STOP"": 14.418037593752892, ""p1"": 12.418037593752901, ""p2"": 11.418037593752905, ""pf"": -16.581962406247104}",1111,VALUE_INTEGRATION_CONVERGED,0.0
3,jeffreys,"[0, 0, 1]","[0, 0, 0]",3,14.39106145251397,14.39106145251397,STOP,"{""STOP"": 14.39106145251397, ""p1"": 12.391061452513966, ""p2"": 11.391061452513974, ""pf"": -16.608938547486037}",1111,VALUE_INTEGRATION_CONVERGED,0.0
3,jeffreys,"[0, 0, 0]","[0, 0, 4]",0,14.698712395064657,14.698712395064657,STOP,"{""STOP"": 14.698712395064657}",1111,VALUE_INTEGRATION_CONVERGED,0.0
3,jeffreys,"[0, 0, 0]","[0, 0, 3]",1,14.675645477880108,14.675645477880108,STOP,"{""STOP"": 14.675645477880108, ""p1"": 12.675645477880117, ""p2"": 11.675645477880112, ""pf"": -16.324354522119904}",1111,VALUE_INTEGRATION_CONVERGED,0.0
3,jeffreys,"[0, 0, 0]","[0, 0, 2]",2,14.652074365784395,14.652074365784395,STOP,"{""STOP"": 14.652074365784395, ""p1"": 12.652074365784415, ""p2"": 11.652074365784419, ""pf"": -16.347925634215592}",1111,VALUE_INTEGRATION_CONVERGED,0.0
3,jeffreys,"[0, 0, 0]","[0, 0, 1]",3,14.62798234513411,14.62798234513411,STOP,"{""STOP"": 14.62798234513411, ""p1"": 12.627982345134098, ""p2"": 11.627982345134102, ""pf"": -16.372017654865907}",1111,VALUE_INTEGRATION_CONVERGED,0.0
3,jeffreys,"[0, 0, 0]","[0, 0, 0]",4,14.603351955307254,14.603351955307254,STOP,"{""STOP"": 14.603351955307254, ""p1"": 12.603351955307263, ""p2"": 11.603351955307268, ""pf"": -16.396648044692736}",1111,VALUE_INTEGRATION_CONVERGED,0.0
4,uniform,"[4, 0, 0]","[0, 0, 0]",0,13.512499999999992,13.512499999999992,STOP,"{""STOP"": 13.512499999999992}",1111,VALUE_INTEGRATION_CONVERGED,0.0
4,uniform,"[3, 0, 0]","[1, 0, 0]",0,13.593518518518522,13.593518518518522,STOP,"{""STOP"": 13.593518518518522}",1111,VALUE_INTEGRATION_CONVERGED,0.0
4,uniform,"[3, 1, 0]","[0, 0, 0]",0,13.337500000000002,13.337500000000002,STOP,"{""STOP"": 13.337500000000002}",1111,VALUE_INTEGRATION_CONVERGED,0.0
4,uniform,"[3, 0, 0]","[0, 1, 0]",0,13.63657407407408,13.63657407407408,STOP,"{""STOP"": 13.63657407407408}",1111,VALUE_INTEGRATION_CONVERGED,0.0
4,uniform,"[3, 0, 1]","[0, 0, 0]",0,13.387500000000014,13.387500000000014,STOP,"{""STOP"": 13.387500000000014}",1111,VALUE_INTEGRATION_CONVERGED,0.0
4,uniform,"[3, 0, 0]","[0, 0, 1]",0,13.623611111111124,13.623611111111124,STOP,"{""STOP"": 13.623611111111124}",1111,VALUE_INTEGRATION_CONVERGED,0.0
4,uniform,"[3, 0, 0]","[0, 0, 0]",1,13.575000000000014,13.575000000000014,STOP,"{""STOP"": 13.575000000000014, ""p1"": 12.575000000000001, ""p2"": 12.575000000000006, ""pf"": -16.424999999999986}",1111,VALUE_INTEGRATION_CONVERGED,0.0
4,uniform,"[2, 0, 0]","[2, 0, 0]",0,13.672560975609745,13.672560975609745,STOP,"{""STOP"": 13.672560975609745}",1111,VALUE_INTEGRATION_CONVERGED,0.0
4,uniform,"[2, 1, 0]","[1, 0, 0]",0,13.417746913580245,13.417746913580245,STOP,"{""STOP"": 13.417746913580245}",1111,VALUE_INTEGRATION_CONVERGED,0.0
4,uniform,"[2, 0, 0]","[1, 1, 0]",0,13.71682098765432,13.71682098765432,STOP,"{""STOP"": 13.71682098765432}",1111,VALUE_INTEGRATION_CONVERGED,0.0
4,uniform,"[2, 0, 1]","[1, 0, 0]",0,13.467746913580237,13.467746913580237,STOP,"{""STOP"": 13.467746913580237}",1111,VALUE_INTEGRATION_CONVERGED,0.0
4,uniform,"[2, 0, 0]","[1, 0, 1]",0,13.703858024691357,13.703858024691357,STOP,"{""STOP"": 13.703858024691357}",1111,VALUE_INTEGRATION_CONVERGED,0.0
4,uniform,"[2, 0, 0]","[1, 0, 0]",1,13.655246913580228,13.655246913580228,STOP,"{""STOP"": 13.655246913580228, ""p1"": 12.655246913580239, ""p2"": 12.655246913580246, ""pf"": -16.344753086419754}",1111,VALUE_INTEGRATION_CONVERGED,0.0
4,uniform,"[2, 2, 0]","[0, 0, 0]",0,13.162499999999998,13.162499999999998,STOP,"{""STOP"": 13.162499999999998}",1111,VALUE_INTEGRATION_CONVERGED,0.0
4,uniform,"[2, 1, 0]","[0, 1, 0]",0,13.46450617283951,13.46450617283951,STOP,"{""STOP"": 13.46450617283951}",1111,VALUE_INTEGRATION_CONVERGED,0.0
4,uniform,"[2, 1, 1]","[0, 0, 0]",0,13.21250000000001,13.21250000000001,STOP,"{""STOP"": 13.21250000000001}",1111,VALUE_INTEGRATION_CONVERGED,0.0
4,uniform,"[2, 1, 0]","[0, 0, 1]",0,13.448611111111106,13.448611111111106,STOP,"{""STOP"": 13.448611111111106}",1111,VALUE_INTEGRATION_CONVERGED,0.0
4,uniform,"[2, 1, 0]","[0, 0, 0]",1,13.399999999999984,13.399999999999984,STOP,"{""STOP"": 13.399999999999984, ""p1"": 12.4, ""p2"": 12.400000000000002, ""pf"": -16.6}",1111,VALUE_INTEGRATION_CONVERGED,0.0
4,uniform,"[2, 0, 0]","[0, 2, 0]",0,13.75914634146341,13.75914634146341,STOP,"{""STOP"": 13.75914634146341}",1111,VALUE_INTEGRATION_CONVERGED,0.0
4,uniform,"[2, 0, 1]","[0, 1, 0]",0,13.511574074074073,13.511574074074073,STOP,"{""STOP"": 13.511574074074073}",1111,VALUE_INTEGRATION_CONVERGED,0.0
4,uniform,"[2, 0, 0]","[0, 1, 1]",0,13.747685185185183,13.747685185185183,STOP,"{""STOP"": 13.747685185185183}",1111,VALUE_INTEGRATION_CONVERGED,0.0
4,uniform,"[2, 0, 0]","[0, 1, 0]",1,13.699074074074066,13.699074074074066,STOP,"{""STOP"": 13.699074074074066, ""p1"": 12.699074074074074, ""p2"": 12.69907407407407, ""pf"": -16.30092592592593}",1111,VALUE_INTEGRATION_CONVERGED,0.0
4,uniform,"[2, 0, 2]","[0, 0, 0]",0,13.262499999999983,13.262499999999983,STOP,"{""STOP"": 13.262499999999983}",1111,VALUE_INTEGRATION_CONVERGED,0.0
4,uniform,"[2, 0, 1]","[0, 0, 1]",0,13.500925925925921,13.500925925925921,STOP,"{""STOP"": 13.500925925925921}",1111,VALUE_INTEGRATION_CONVERGED,0.0
4,uniform,"[2, 0, 1]","[0, 0, 0]",1,13.449999999999994,13.449999999999994,STOP,"{""STOP"": 13.449999999999994, ""p1"": 12.449999999999996, ""p2"": 12.450000000000001, ""pf"": -16.550000000000008}",1111,VALUE_INTEGRATION_CONVERGED,0.0
4,uniform,"[2, 0, 0]","[0, 0, 2]",0,13.733536585365837,13.733536585365837,STOP,"{""STOP"": 13.733536585365837}",1111,VALUE_INTEGRATION_CONVERGED,0.0
4,uniform,"[2, 0, 0]","[0, 0, 1]",1,13.686111111111108,13.686111111111108,STOP,"{""STOP"": 13.686111111111108, ""p1"": 12.686111111111112, ""p2"": 12.686111111111108, ""pf"": -16.313888888888904}",1111,VALUE_INTEGRATION_CONVERGED,0.0
4,uniform,"[2, 0, 0]","[0, 0, 0]",2,13.637499999999992,13.637499999999992,STOP,"{""STOP"": 13.637499999999992, ""p1"": 12.637499999999989, ""p2"": 12.637499999999992, ""pf"": -16.362500000000004}",1111,VALUE_INTEGRATION_CONVERGED,0.0
4,uniform,"[1, 0, 0]","[3, 0, 0]",0,13.74969879518071,13.74969879518071,STOP,"{""STOP"": 13.74969879518071}",1111,VALUE_INTEGRATION_CONVERGED,0.0
4,uniform,"[1, 1, 0]","[2, 0, 0]",0,13.496036585365857,13.496036585365857,STOP,"{""STOP"": 13.496036585365857}",1111,VALUE_INTEGRATION_CONVERGED,0.0
4,uniform,"[1, 0, 0]","[2, 1, 0]",0,13.795110659439917,13.795110659439917,STOP,"{""STOP"": 13.795110659439917}",1111,VALUE_INTEGRATION_CONVERGED,0.0
4,uniform,"[1, 0, 1]","[2, 0, 0]",0,13.546036585365854,13.546036585365854,STOP,"{""STOP"": 13.546036585365854}",1111,VALUE_INTEGRATION_CONVERGED,0.0
4,uniform,"[1, 0, 0]","[2, 0, 1]",0,13.782147696476962,13.782147696476962,STOP,"{""STOP"": 13.782147696476962}",1111,VALUE_INTEGRATION_CONVERGED,0.0
4,uniform,"[1, 0, 0]","[2, 0, 0]",1,13.733536585365833,13.733536585365833,STOP,"{""STOP"": 13.733536585365833, ""p1"": 12.73353658536584, ""p2"": 12.733536585365847, ""pf"": -16.266463414634146}",1111,VALUE_INTEGRATION_CONVERGED,0.0
4,uniform,"[1, 2, 0]","[1, 0, 0]",0,13.241975308641974,13.241975308641974,STOP,"{""STOP"": 13.241975308641974}",1111,VALUE_INTEGRATION_CONVERGED,0.0
4,uniform,"[1, 1, 0]","[1, 1, 0]",0,13.54398148148149,13.54398148148149,STOP,"{""STOP"": 13.54398148148149}",1111,VALUE_INTEGRATION_CONVERGED,0.0
4,uniform,"[1, 1, 1]","[1, 0, 0]",0,13.291975308641986,13.291975308641986,STOP,"{""STOP"": 13.291975308641986}",1111,VALUE_INTEGRATION_CONVERGED,0.0
4,uniform,"[1, 1, 0]","[1, 0, 1]",0,13.52808641975309,13.52808641975309,STOP,"{""STOP"": 13.52808641975309}",1111,VALUE_INTEGRATION_CONVERGED,0.0
4,uniform,"[1, 1, 0]","[1, 0, 0]",1,13.479475308641966,13.479475308641966,STOP,"{""STOP"": 13.479475308641966, ""p1"": 12.479475308641977, ""p2"": 12.47947530864198, ""pf"": -16.52052469135802}",1111,VALUE_INTEGRATION_CONVERGED,0.0
4,uniform,"[1, 0, 0]","[1, 2, 0]",0,13.83862165010541,13.83862165010541,STOP,"{""STOP"": 13.83862165010541}",1111,VALUE_INTEGRATION_CONVERGED,0.0
4,uniform,"[1, 0, 1]","[1, 1, 0]",0,13.591049382716047,13.591049382716047,STOP,"{""STOP"": 13.591049382716047}",1111,VALUE_INTEGRATION_CONVERGED,0.0
4,uniform,"[1, 0, 0]","[1, 1, 1]",0,13.827160493827162,13.827160493827162,STOP,"{""STOP"": 13.827160493827162}",1111,VALUE_INTEGRATION_CONVERGED,0.0
4,uniform,"[1, 0, 0]","[1, 1, 0]",1,13.778549382716054,13.778549382716054,STOP,"{""STOP"": 13.778549382716054, ""p1"": 12.77854938271604, ""p2"": 12.778549382716065, ""pf"": -16.22145061728395}",1111,VALUE_INTEGRATION_CONVERGED,0.0
4,uniform,"[1, 0, 2]","[1, 0, 0]",0,13.34197530864197,13.34197530864197,STOP,"{""STOP"": 13.34197530864197}",1111,VALUE_INTEGRATION_CONVERGED,0.0
4,uniform,"[1, 0, 1]","[1, 0, 1]",0,13.580401234567901,13.580401234567901,STOP,"{""STOP"": 13.580401234567901}",1111,VALUE_INTEGRATION_CONVERGED,0.0
4,uniform,"[1, 0, 1]","[1, 0, 0]",1,13.529475308641967,13.529475308641967,STOP,"{""STOP"": 13.529475308641967, ""p1"": 12.529475308641974, ""p2"": 12.529475308641976, ""pf"": -16.470524691358026}",1111,VALUE_INTEGRATION_CONVERGED,0.0
4,uniform,"[1, 0, 0]","[1, 0, 2]",0,13.813011894007822,13.813011894007822,STOP,"{""STOP"": 13.813011894007822}",1111,VALUE_INTEGRATION_CONVERGED,0.0
4,uniform,"[1, 0, 0]","[1, 0, 1]",1,13.76558641975307,13.76558641975307,STOP,"{""STOP"": 13.76558641975307, ""p1"": 12.765586419753083, ""p2"": 12.765586419753088, ""pf"": -16.234413580246922}",1111,VALUE_INTEGRATION_CONVERGED,0.0
4,uniform,"[1, 0, 0]","[1, 0, 0]",2,13.71697530864196,13.71697530864196,STOP,"{""STOP"": 13.71697530864196, ""p1"": 12.716975308641956, ""p2"": 12.716975308641977, ""pf"": -16.28302469135804}",1111,VALUE_INTEGRATION_CONVERGED,0.0
4,uniform,"[1, 3, 0]","[0, 0, 0]",0,12.987500000000011,12.987500000000011,STOP,"{""STOP"": 12.987500000000011}",1111,VALUE_INTEGRATION_CONVERGED,0.0
4,uniform,"[1, 2, 0]","[0, 1, 0]",0,13.29243827160495,13.29243827160495,STOP,"{""STOP"": 13.29243827160495}",1111,VALUE_INTEGRATION_CONVERGED,0.0
4,uniform,"[1, 2, 1]","[0, 0, 0]",0,13.037499999999987,13.037499999999987,STOP,"{""STOP"": 13.037499999999987}",1111,VALUE_INTEGRATION_CONVERGED,0.0
4,uniform,"[1, 2, 0]","[0, 0, 1]",0,13.273611111111101,13.273611111111101,STOP,"{""STOP"": 13.273611111111101}",1111,VALUE_INTEGRATION_CONVERGED,0.0
4,uniform,"[1, 2, 0]","[0, 0, 0]",1,13.22499999999999,13.22499999999999,STOP,"{""STOP"": 13.22499999999999, ""p1"": 12.224999999999998, ""p2"": 12.225000000000012, ""pf"": -16.775000000000013}",1111,VALUE_INTEGRATION_CONVERGED,0.0
4,uniform,"[1, 1, 0]","[0, 2, 0]",0,13.58993902439023,13.58993902439023,STOP,"{""STOP"": 13.58993902439023}",1111,VALUE_INTEGRATION_CONVERGED,0.0
4,uniform,"[1, 1, 1]","[0, 1, 0]",0,13.339506172839513,13.339506172839513,STOP,"{""STOP"": 13.339506172839513}",1111,VALUE_INTEGRATION_CONVERGED,0.0
4,uniform,"[1, 1, 0]","[0, 1, 1]",0,13.57561728395062,13.57561728395062,STOP,"{""STOP"": 13.57561728395062}",1111,VALUE_INTEGRATION_CONVERGED,0.0
4,uniform,"[1, 1, 0]","[0, 1, 0]",1,13.52700617283952,13.52700617283952,STOP,"{""STOP"": 13.52700617283952, ""p1"": 12.527006172839513, ""p2"": 12.527006172839497, ""pf"": -16.47299382716049}",1111,VALUE_INTEGRATION_CONVERGED,0.0
4,uniform,"[1, 1, 2]","[0, 0, 0]",0,13.087499999999984,13.087499999999984,STOP,"{""STOP"": 13.087499999999984}",1111,VALUE_INTEGRATION_CONVERGED,0.0
4,uniform,"[1, 1, 1]","[0, 0, 1]",0,13.325925925925926,13.325925925925926,STOP,"{""STOP"": 13.325925925925926}",1111,VALUE_INTEGRATION_CONVERGED,0.0
4,uniform,"[1, 1, 1]","[0, 0, 0]",1,13.275000000000013,13.275000000000013,STOP,"{""STOP"": 13.275000000000013, ""p1"": 12.275000000000011, ""p2"": 12.275000000000002, ""pf"": -16.725}",1111,VALUE_INTEGRATION_CONVERGED,0.0
4,uniform,"[1, 1, 0]","[0, 0, 2]",0,13.558536585365857,13.558536585365857,STOP,"{""STOP"": 13.558536585365857}",1111,VALUE_INTEGRATION_CONVERGED,0.0
4,uniform,"[1, 1, 0]","[0, 0, 1]",1,13.51111111111112,13.51111111111112,STOP,"{""STOP"": 13.51111111111112, ""p1"": 12.511111111111111, ""p2"": 12.511111111111111, ""pf"": -16.488888888888887}",1111,VALUE_INTEGRATION_CONVERGED,0.0
4,uniform,"[1, 1, 0]","[0, 0, 0]",2,13.462500000000016,13.462500000000016,STOP,"{""STOP"": 13.462500000000016, ""p1"": 12.46249999999999, ""p2"": 12.46250000000001, ""pf"": -16.53749999999999}",1111,VALUE_INTEGRATION_CONVERGED,0.0
4,uniform,"[1, 0, 0]","[0, 3, 0]",0,13.880271084337355,13.880271084337355,STOP,"{""STOP"": 13.880271084337355}",1111,VALUE_INTEGRATION_CONVERGED,0.0
4,uniform,"[1, 0, 1]","[0, 2, 0]",0,13.634146341463419,13.634146341463419,STOP,"{""STOP"": 13.634146341463419}",1111,VALUE_INTEGRATION_CONVERGED,0.0
4,uniform,"[1, 0, 0]","[0, 2, 1]",0,13.870257452574542,13.870257452574542,STOP,"{""STOP"": 13.870257452574542}",1111,VALUE_INTEGRATION_CONVERGED,0.0
4,uniform,"[1, 0, 0]","[0, 2, 0]",1,13.821646341463422,13.821646341463422,STOP,"{""STOP"": 13.821646341463422, ""p1"": 12.82164634146343, ""p2"": 12.821646341463417, ""pf"": -16.178353658536572}",1111,VALUE_INTEGRATION_CONVERGED,0.0
4,uniform,"[1, 0, 2]","[0, 1, 0]",0,13.386574074074069,13.386574074074069,STOP,"{""STOP"": 13.386574074074069}",1111,VALUE_INTEGRATION_CONVERGED,0.0
4,uniform,"[1, 0, 1]","[0, 1, 1]",0,13.625000000000005,13.625000000000005,STOP,"{""STOP"": 13.625000000000005}",1111,VALUE_INTEGRATION_CONVERGED,0.0
4,uniform,"[1, 0, 1]","[0, 1, 0]",1,13.57407407407408,13.57407407407408,STOP,"{""STOP"": 13.57407407407408, ""p1"": 12.574074074074073, ""p2"": 12.57407407407408, ""pf"": -16.425925925925924}",1111,VALUE_INTEGRATION_CONVERGED,0.0
4,uniform,"[1, 0, 0]","[0, 1, 2]",0,13.857610659439938,13.857610659439938,STOP,"{""STOP"": 13.857610659439938}",1111,VALUE_INTEGRATION_CONVERGED,0.0
4,uniform,"[1, 0, 0]","[0, 1, 1]",1,13.810185185185205,13.810185185185205,STOP,"{""STOP"": 13.810185185185205, ""p1"": 12.810185185185185, ""p2"": 12.810185185185198, ""pf"": -16.189814814814806}",1111,VALUE_INTEGRATION_CONVERGED,0.0
4,uniform,"[1, 0, 0]","[0, 1, 0]",2,13.761574074074076,13.761574074074076,STOP,"{""STOP"": 13.761574074074076, ""p1"": 12.761574074074074, ""p2"": 12.761574074074083, ""pf"": -16.23842592592591}",1111,VALUE_INTEGRATION_CONVERGED,0.0
4,uniform,"[1, 0, 3]","[0, 0, 0]",0,13.137499999999985,13.137499999999985,STOP,"{""STOP"": 13.137499999999985}",1111,VALUE_INTEGRATION_CONVERGED,0.0
4,uniform,"[1, 0, 2]","[0, 0, 1]",0,13.378240740740749,13.378240740740749,STOP,"{""STOP"": 13.378240740740749}",1111,VALUE_INTEGRATION_CONVERGED,0.0
4,uniform,"[1, 0, 2]","[0, 0, 0]",1,13.324999999999996,13.324999999999996,STOP,"{""STOP"": 13.324999999999996, ""p1"": 12.324999999999992, ""p2"": 12.324999999999994, ""pf"": -16.674999999999997}",1111,VALUE_INTEGRATION_CONVERGED,0.0
4,uniform,"[1, 0, 1]","[0, 0, 2]",0,13.61310975609756,13.61310975609756,STOP,"{""STOP"": 13.61310975609756}",1111,VALUE_INTEGRATION_CONVERGED,0.0
4,uniform,"[1, 0, 1]","[0, 0, 1]",1,13.563425925925934,13.563425925925934,STOP,"{""STOP"": 13.563425925925934, ""p1"": 12.563425925925925, ""p2"": 12.563425925925932, ""pf"": -16.436574074074073}",1111,VALUE_INTEGRATION_CONVERGED,0.0
4,uniform,"[1, 0, 1]","[0, 0, 0]",2,13.512499999999987,13.512499999999987,STOP,"{""STOP"": 13.512499999999987, ""p1"": 12.512499999999992, ""p2"": 12.512500000000008, ""pf"": -16.487499999999997}",1111,VALUE_INTEGRATION_CONVERGED,0.0
4,uniform,"[1, 0, 0]","[0, 0, 3]",0,13.842319277108427,13.842319277108427,STOP,"{""STOP"": 13.842319277108427}",1111,VALUE_INTEGRATION_CONVERGED,0.0
4,uniform,"[1, 0, 0]","[0, 0, 2]",1,13.79603658536584,13.79603658536584,STOP,"{""STOP"": 13.79603658536584, ""p1"": 12.796036585365844, ""p2"": 12.796036585365865, ""pf"": -16.203963414634153}",1111,VALUE_INTEGRATION_CONVERGED,0.0
4,uniform,"[1, 0, 0]","[0, 0, 1]",2,13.748611111111106,13.748611111111106,STOP,"{""STOP"": 13.748611111111106, ""p1"": 12.748611111111098, ""p2"": 12.748611111111128, ""pf"": -16.251388888888897}",1111,VALUE_INTEGRATION_CONVERGED,0.0
4,uniform,"[1, 0, 0]","[0, 0, 0]",3,13.700000000000006,13.700000000000006,STOP,"{""STOP"": 13.700000000000006, ""p1"": 12.699999999999987, ""p2"": 12.700000000000006, ""pf"": -16.300000000000008}",1111,VALUE_INTEGRATION_CONVERGED,0.0
4,uniform,"[0, 0, 0]","[4, 0, 0]",0,13.824999999999982,13.824999999999982,STOP,"{""STOP"": 13.824999999999982}",1111,VALUE_INTEGRATION_CONVERGED,0.0
4,uniform,"[0, 1, 0]","[3, 0, 0]",0,13.57243975903614,13.57243975903614,STOP,"{""STOP"": 13.57243975903614}",1111,VALUE_INTEGRATION_CONVERGED,0.0
4,uniform,"[0, 0, 0]","[3, 1, 0]",0,13.87151383311021,13.87151383311021,STOP,"{""STOP"": 13.87151383311021}",1111,VALUE_INTEGRATION_CONVERGED,0.0
4,uniform,"[0, 0, 1]","[3, 0, 0]",0,13.62243975903614,13.62243975903614,STOP,"{""STOP"": 13.62243975903614}",1111,VALUE_INTEGRATION_CONVERGED,0.0
4,uniform,"[0, 0, 0]","[3, 0, 1]",0,13.858550870147244,13.858550870147244,STOP,"{""STOP"": 13.858550870147244}",1111,VALUE_INTEGRATION_CONVERGED,0.0
4,uniform,"[0, 0, 0]","[3, 0, 0]",1,13.809939759036135,13.809939759036135,STOP,"{""STOP"": 13.809939759036135, ""p1"": 12.809939759036128, ""p2"": 12.809939759036137, ""pf"": -16.190060240963867}",1111,VALUE_INTEGRATION_CONVERGED,0.0
4,uniform,"[0, 2, 0]","[2, 0, 0]",0,13.319512195121952,13.319512195121952,STOP,"{""STOP"": 13.319512195121952}",1111,VALUE_INTEGRATION_CONVERGED,0.0
4,uniform,"[0, 1, 0]","[2, 1, 0]",0,13.621518367961459,13.621518367961459,STOP,"{""STOP"": 13.621518367961459}",1111,VALUE_INTEGRATION_CONVERGED,0.0
4,uniform,"[0, 1, 1]","[2, 0, 0]",0,13.369512195121967,13.369512195121967,STOP,"{""STOP"": 13.369512195121967}",1111,VALUE_INTEGRATION_CONVERGED,0.0
4,uniform,"[0, 1, 0]","[2, 0, 1]",0,13.605623306233056,13.605623306233056,STOP,"{""STOP"": 13.605623306233056}",1111,VALUE_INTEGRATION_CONVERGED,0.0
4,uniform,"[0, 1, 0]","[2, 0, 0]",1,13.55701219512195,13.55701219512195,STOP,"{""STOP"": 13.55701219512195, ""p1"": 12.557012195121949, ""p2"": 12.557012195121953, ""pf"": -16.442987804878047}",1111,VALUE_INTEGRATION_CONVERGED,0.0
4,uniform,"[0, 0, 0]","[2, 2, 0]",0,13.91615853658536,13.91615853658536,STOP,"{""STOP"": 13.91615853658536}",1111,VALUE_INTEGRATION_CONVERGED,0.0
4,uniform,"[0, 0, 1]","[2, 1, 0]",0,13.668586269196036,13.668586269196036,STOP,"{""STOP"": 13.668586269196036}",1111,VALUE_INTEGRATION_CONVERGED,0.0
4,uniform,"[0, 0, 0]","[2, 1, 1]",0,13.904697380307137,13.904697380307137,STOP,"{""STOP"": 13.904697380307137}",1111,VALUE_INTEGRATION_CONVERGED,0.0
4,uniform,"[0, 0, 0]","[2, 1, 0]",1,13.85608626919602,13.85608626919602,STOP,"{""STOP"": 13.85608626919602, ""p1"": 12.856086269196016, ""p2"": 12.856086269196021, ""pf"": -16.143913730803973}",1111,VALUE_INTEGRATION_CONVERGED,0.0
4,uniform,"[0, 0, 2]","[2, 0, 0]",0,13.41951219512194,13.41951219512194,STOP,"{""STOP"": 13.41951219512194}",1111,VALUE_INTEGRATION_CONVERGED,0.0
4,uniform,"[0, 0, 1]","[2, 0, 1]",0,13.657938121047867,13.657938121047867,STOP,"{""STOP"": 13.657938121047867}",1111,VALUE_INTEGRATION_CONVERGED,0.0
4,uniform,"[0, 0, 1]","[2, 0, 0]",1,13.607012195121946,13.607012195121946,STOP,"{""STOP"": 13.607012195121946, ""p1"": 12.60701219512195, ""p2"": 12.607012195121964, ""pf"": -16.39298780487806}",1111,VALUE_INTEGRATION_CONVERGED,0.0
4,uniform,"[0, 0, 0]","[2, 0, 2]",0,13.890548780487801,13.890548780487801,STOP,"{""STOP"": 13.890548780487801}",1111,VALUE_INTEGRATION_CONVERGED,0.0
4,uniform,"[0, 0, 0]","[2, 0, 1]",1,13.84312330623306,13.84312330623306,STOP,"{""STOP"": 13.84312330623306, ""p1"": 12.843123306233053, ""p2"": 12.843123306233062, ""pf"": -16.15687669376694}",1111,VALUE_INTEGRATION_CONVERGED,0.0
4,uniform,"[0, 0, 0]","[2, 0, 0]",2,13.794512195121932,13.794512195121932,STOP,"{""STOP"": 13.794512195121932, ""p1"": 12.79451219512194, ""p2"": 12.794512195121948, ""pf"": -16.20548780487805}",1111,VALUE_INTEGRATION_CONVERGED,0.0
4,uniform,"[0, 3, 0]","[1, 0, 0]",0,13.066203703703707,13.066203703703707,STOP,"{""STOP"": 13.066203703703707}",1111,VALUE_INTEGRATION_CONVERGED,0.0
4,uniform,"[0, 2, 0]","[1, 1, 0]",0,13.371141975308648,13.371141975308648,STOP,"{""STOP"": 13.371141975308648}",1111,VALUE_INTEGRATION_CONVERGED,0.0
4,uniform,"[0, 2, 1]","[1, 0, 0]",0,13.1162037037037,13.1162037037037,STOP,"{""STOP"": 13.1162037037037}",1111,VALUE_INTEGRATION_CONVERGED,0.0
4,uniform,"[0, 2, 0]","[1, 0, 1]",0,13.352314814814818,13.352314814814818,STOP,"{""STOP"": 13.352314814814818}",1111,VALUE_INTEGRATION_CONVERGED,0.0
4,uniform,"[0, 2, 0]","[1, 0, 0]",1,13.30370370370371,13.30370370370371,STOP,"{""STOP"": 13.30370370370371, ""p1"": 12.303703703703704, ""p2"": 12.30370370370371, ""pf"": -16.696296296296296}",1111,VALUE_INTEGRATION_CONVERGED,0.0
4,uniform,"[0, 1, 0]","[1, 2, 0]",0,13.668642728093939,13.668642728093939,STOP,"{""STOP"": 13.668642728093939}",1111,VALUE_INTEGRATION_CONVERGED,0.0
4,uniform,"[0, 1, 1]","[1, 1, 0]",0,13.418209876543212,13.418209876543212,STOP,"{""STOP"": 13.418209876543212}",1111,VALUE_INTEGRATION_CONVERGED,0.0
4,uniform,"[0, 1, 0]","[1, 1, 1]",0,13.654320987654323,13.654320987654323,STOP,"{""STOP"": 13.654320987654323}",1111,VALUE_INTEGRATION_CONVERGED,0.0
4,uniform,"[0, 1, 0]","[1, 1, 0]",1,13.605709876543198,13.605709876543198,STOP,"{""STOP"": 13.605709876543198, ""p1"": 12.605709876543212, ""p2"": 12.605709876543205, ""pf"": -16.394290123456784}",1111,VALUE_INTEGRATION_CONVERGED,0.0
4,uniform,"[0, 1, 2]","[1, 0, 0]",0,13.166203703703708,13.166203703703708,STOP,"{""STOP"": 13.166203703703708}",1111,VALUE_INTEGRATION_CONVERGED,0.0
4,uniform,"[0, 1, 1]","[1, 0, 1]",0,13.40462962962964,13.40462962962964,STOP,"{""STOP"": 13.40462962962964}",1111,VALUE_INTEGRATION_CONVERGED,0.0
4,uniform,"[0, 1, 1]","[1, 0, 0]",1,13.353703703703708,13.353703703703708,STOP,"{""STOP"": 13.353703703703708, ""p1"": 12.353703703703717, ""p2"": 12.353703703703705, ""pf"": -16.646296296296285}",1111,VALUE_INTEGRATION_CONVERGED,0.0
4,uniform,"[0, 1, 0]","[1, 0, 2]",0,13.63724028906955,13.63724028906955,STOP,"{""STOP"": 13.63724028906955}",1111,VALUE_INTEGRATION_CONVERGED,0.0
4,uniform,"[0, 1, 0]","[1, 0, 1]",1,13.589814814814812,13.589814814814812,STOP,"{""STOP"": 13.589814814814812, ""p1"": 12.58981481481481, ""p2"": 12.589814814814817, ""pf"": -16.410185185185192}",1111,VALUE_INTEGRATION_CONVERGED,0.0
4,uniform,"[0, 1, 0]","[1, 0, 0]",2,13.541203703703701,13.541203703703701,STOP,"{""STOP"": 13.541203703703701, ""p1"": 12.541203703703701, ""p2"": 12.541203703703694, ""pf"": -16.4587962962963}",1111,VALUE_INTEGRATION_CONVERGED,0.0
4,uniform,"[0, 0, 0]","[1, 3, 0]",0,13.958974788041052,13.958974788041052,STOP,"{""STOP"": 13.958974788041052}",1111,VALUE_INTEGRATION_CONVERGED,0.0
4,uniform,"[0, 0, 1]","[1, 2, 0]",0,13.712850045167123,13.712850045167123,STOP,"{""STOP"": 13.712850045167123}",1111,VALUE_INTEGRATION_CONVERGED,0.0
4,uniform,"[0, 0, 0]","[1, 2, 1]",0,13.948961156278218,13.948961156278218,STOP,"{""STOP"": 13.948961156278218}",1111,VALUE_INTEGRATION_CONVERGED,0.0
4,uniform,"[0, 0, 0]","[1, 2, 0]",1,13.900350045167116,13.900350045167116,STOP,"{""STOP"": 13.900350045167116, ""p1"": 12.900350045167118, ""p2"": 12.900350045167118, ""pf"": -16.09964995483289}",1111,VALUE_INTEGRATION_CONVERGED,0.0
4,uniform,"[0, 0, 2]","[1, 1, 0]",0,13.465277777777779,13.465277777777779,STOP,"{""STOP"": 13.465277777777779}",1111,VALUE_INTEGRATION_CONVERGED,0.0
4,uniform,"[0, 0, 1]","[1, 1, 1]",0,13.703703703703715,13.703703703703715,STOP,"{""STOP"": 13.703703703703715}",1111,VALUE_INTEGRATION_CONVERGED,0.0
4,uniform,"[0, 0, 1]","[1, 1, 0]",1,13.65277777777779,13.65277777777779,STOP,"{""STOP"": 13.65277777777779, ""p1"": 12.652777777777786, ""p2"": 12.65277777777778, ""pf"": -16.347222222222214}",1111,VALUE_INTEGRATION_CONVERGED,0.0
4,uniform,"[0, 0, 0]","[1, 1, 2]",0,13.936314363143623,13.936314363143623,STOP,"{""STOP"": 13.936314363143623}",1111,VALUE_INTEGRATION_CONVERGED,0.0
4,uniform,"[0, 0, 0]","[1, 1, 1]",1,13.888888888888886,13.888888888888886,STOP,"{""STOP"": 13.888888888888886, ""p1"": 12.88888888888889, ""p2"": 12.88888888888888, ""pf"": -16.111111111111114}",1111,VALUE_INTEGRATION_CONVERGED,0.0
4,uniform,"[0, 0, 0]","[1, 1, 0]",2,13.84027777777778,13.84027777777778,STOP,"{""STOP"": 13.84027777777778, ""p1"": 12.840277777777775, ""p2"": 12.840277777777773, ""pf"": -16.15972222222222}",1111,VALUE_INTEGRATION_CONVERGED,0.0
4,uniform,"[0, 0, 3]","[1, 0, 0]",0,13.216203703703698,13.216203703703698,STOP,"{""STOP"": 13.216203703703698}",1111,VALUE_INTEGRATION_CONVERGED,0.0
4,uniform,"[0, 0, 2]","[1, 0, 1]",0,13.456944444444439,13.456944444444439,STOP,"{""STOP"": 13.456944444444439}",1111,VALUE_INTEGRATION_CONVERGED,0.0
4,uniform,"[0, 0, 2]","[1, 0, 0]",1,13.403703703703703,13.403703703703703,STOP,"{""STOP"": 13.403703703703703, ""p1"": 12.403703703703693, ""p2"": 12.403703703703707, ""pf"": -16.596296296296302}",1111,VALUE_INTEGRATION_CONVERGED,0.0
4,uniform,"[0, 0, 1]","[1, 0, 2]",0,13.691813459801265,13.691813459801265,STOP,"{""STOP"": 13.691813459801265}",1111,VALUE_INTEGRATION_CONVERGED,0.0
4,uniform,"[0, 0, 1]","[1, 0, 1]",1,13.642129629629625,13.642129629629625,STOP,"{""STOP"": 13.642129629629625, ""p1"": 12.642129629629622, ""p2"": 12.642129629629641, ""pf"": -16.35787037037037}",1111,VALUE_INTEGRATION_CONVERGED,0.0
4,uniform,"[0, 0, 1]","[1, 0, 0]",2,13.591203703703712,13.591203703703712,STOP,"{""STOP"": 13.591203703703712, ""p1"": 12.591203703703698, ""p2"": 12.591203703703716, ""pf"": -16.4087962962963}",1111,VALUE_INTEGRATION_CONVERGED,0.0
4,uniform,"[0, 0, 0]","[1, 0, 3]",0,13.921022980812126,13.921022980812126,STOP,"{""STOP"": 13.921022980812126}",1111,VALUE_INTEGRATION_CONVERGED,0.0
4,uniform,"[0, 0, 0]","[1, 0, 2]",1,13.87474028906956,13.87474028906956,STOP,"{""STOP"": 13.87474028906956, ""p1"": 12.874740289069553, ""p2"": 12.87474028906955, ""pf"": -16.12525971093045}",1111,VALUE_INTEGRATION_CONVERGED,0.0
4,uniform,"[0, 0, 0]","[1, 0, 1]",2,13.827314814814816,13.827314814814816,STOP,"{""STOP"": 13.827314814814816, ""p1"": 12.827314814814809, ""p2"": 12.827314814814812, ""pf"": -16.17268518518518}",1111,VALUE_INTEGRATION_CONVERGED,0.0
4,uniform,"[0, 0, 0]","[1, 0, 0]",3,13.778703703703705,13.778703703703705,STOP,"{""STOP"": 13.778703703703705, ""p1"": 12.778703703703684, ""p2"": 12.778703703703705, ""pf"": -16.221296296296295}",1111,VALUE_INTEGRATION_CONVERGED,0.0
4,uniform,"[0, 4, 0]","[0, 0, 0]",0,12.8125,12.8125,STOP,"{""STOP"": 12.8125}",1111,VALUE_INTEGRATION_CONVERGED,0.0
4,uniform,"[0, 3, 0]","[0, 1, 0]",0,13.120370370370363,13.120370370370363,STOP,"{""STOP"": 13.120370370370363}",1111,VALUE_INTEGRATION_CONVERGED,0.0
4,uniform,"[0, 3, 1]","[0, 0, 0]",0,12.862500000000015,12.862500000000015,STOP,"{""STOP"": 12.862500000000015}",1111,VALUE_INTEGRATION_CONVERGED,0.0
4,uniform,"[0, 3, 0]","[0, 0, 1]",0,13.098611111111115,13.098611111111115,STOP,"{""STOP"": 13.098611111111115}",1111,VALUE_INTEGRATION_CONVERGED,0.0
4,uniform,"[0, 3, 0]","[0, 0, 0]",1,13.05,13.05,STOP,"{""STOP"": 13.05, ""p1"": 12.050000000000004, ""p2"": 12.049999999999995, ""pf"": -16.949999999999992}",1111,VALUE_INTEGRATION_CONVERGED,0.0
4,uniform,"[0, 2, 0]","[0, 2, 0]",0,13.420731707317058,13.420731707317058,STOP,"{""STOP"": 13.420731707317058}",1111,VALUE_INTEGRATION_CONVERGED,0.0
4,uniform,"[0, 2, 1]","[0, 1, 0]",0,13.167438271604935,13.167438271604935,STOP,"{""STOP"": 13.167438271604935}",1111,VALUE_INTEGRATION_CONVERGED,0.0
4,uniform,"[0, 2, 0]","[0, 1, 1]",0,13.403549382716042,13.403549382716042,STOP,"{""STOP"": 13.403549382716042}",1111,VALUE_INTEGRATION_CONVERGED,0.0
4,uniform,"[0, 2, 0]","[0, 1, 0]",1,13.354938271604933,13.354938271604933,STOP,"{""STOP"": 13.354938271604933, ""p1"": 12.354938271604947, ""p2"": 12.354938271604924, ""pf"": -16.64506172839507}",1111,VALUE_INTEGRATION_CONVERGED,0.0
4,uniform,"[0, 2, 2]","[0, 0, 0]",0,12.912499999999989,12.912499999999989,STOP,"{""STOP"": 12.912499999999989}",1111,VALUE_INTEGRATION_CONVERGED,0.0
4,uniform,"[0, 2, 1]","[0, 0, 1]",0,13.150925925925927,13.150925925925927,STOP,"{""STOP"": 13.150925925925927}",1111,VALUE_INTEGRATION_CONVERGED,0.0
4,uniform,"[0, 2, 1]","[0, 0, 0]",1,13.100000000000001,13.100000000000001,STOP,"{""STOP"": 13.100000000000001, ""p1"": 12.099999999999996, ""p2"": 12.100000000000001, ""pf"": -16.9}",1111,VALUE_INTEGRATION_CONVERGED,0.0
4,uniform,"[0, 2, 0]","[0, 0, 2]",0,13.383536585365857,13.383536585365857,STOP,"{""STOP"": 13.383536585365857}",1111,VALUE_INTEGRATION_CONVERGED,0.0
4,uniform,"[0, 2, 0]","[0, 0, 1]",1,13.336111111111116,13.336111111111116,STOP,"{""STOP"": 13.336111111111116, ""p1"": 12.336111111111112, ""p2"": 12.336111111111107, ""pf"": -16.663888888888884}",1111,VALUE_INTEGRATION_CONVERGED,0.0
4,uniform,"[0, 2, 0]","[0, 0, 0]",2,13.287500000000001,13.287500000000001,STOP,"{""STOP"": 13.287500000000001, ""p1"": 12.287500000000003, ""p2"": 12.287499999999994, ""pf"": -16.7125}",1111,VALUE_INTEGRATION_CONVERGED,0.0
4,uniform,"[0, 1, 0]","[0, 3, 0]",0,13.713855421686734,13.713855421686734,STOP,"{""STOP"": 13.713855421686734}",1111,VALUE_INTEGRATION_CONVERGED,0.0
4,uniform,"[0, 1, 1]","[0, 2, 0]",0,13.464939024390251,13.464939024390251,STOP,"{""STOP"": 13.464939024390251}",1111,VALUE_INTEGRATION_CONVERGED,0.0
4,uniform,"[0, 1, 0]","[0, 2, 1]",0,13.701050135501355,13.701050135501355,STOP,"{""STOP"": 13.701050135501355}",1111,VALUE_INTEGRATION_CONVERGED,0.0
4,uniform,"[0, 1, 0]","[0, 2, 0]",1,13.652439024390237,13.652439024390237,STOP,"{""STOP"": 13.652439024390237, ""p1"": 12.652439024390235, ""p2"": 12.65243902439023, ""pf"": -16.347560975609753}",1111,VALUE_INTEGRATION_CONVERGED,0.0
4,uniform,"[0, 1, 2]","[0, 1, 0]",0,13.214506172839508,13.214506172839508,STOP,"{""STOP"": 13.214506172839508}",1111,VALUE_INTEGRATION_CONVERGED,0.0
4,uniform,"[0, 1, 1]","[0, 1, 1]",0,13.452932098765427,13.452932098765427,STOP,"{""STOP"": 13.452932098765427}",1111,VALUE_INTEGRATION_CONVERGED,0.0
4,uniform,"[0, 1, 1]","[0, 1, 0]",1,13.402006172839513,13.402006172839513,STOP,"{""STOP"": 13.402006172839513, ""p1"": 12.40200617283951, ""p2"": 12.40200617283951, ""pf"": -16.5979938271605}",1111,VALUE_INTEGRATION_CONVERGED,0.0
4,uniform,"[0, 1, 0]","[0, 1, 2]",0,13.685542758205372,13.685542758205372,STOP,"{""STOP"": 13.685542758205372}",1111,VALUE_INTEGRATION_CONVERGED,0.0
4,uniform,"[0, 1, 0]","[0, 1, 1]",1,13.638117283950624,13.638117283950624,STOP,"{""STOP"": 13.638117283950624, ""p1"": 12.63811728395062, ""p2"": 12.638117283950615, ""pf"": -16.361882716049372}",1111,VALUE_INTEGRATION_CONVERGED,0.0
4,uniform,"[0, 1, 0]","[0, 1, 0]",2,13.589506172839496,13.589506172839496,STOP,"{""STOP"": 13.589506172839496, ""p1"": 12.5895061728395, ""p2"": 12.5895061728395, ""pf"": -16.410493827160487}",1111,VALUE_INTEGRATION_CONVERGED,0.0
4,uniform,"[0, 1, 3]","[0, 0, 0]",0,12.962499999999991,12.962499999999991,STOP,"{""STOP"": 12.962499999999991}",1111,VALUE_INTEGRATION_CONVERGED,0.0
4,uniform,"[0, 1, 2]","[0, 0, 1]",0,13.20324074074073,13.20324074074073,STOP,"{""STOP"": 13.20324074074073}",1111,VALUE_INTEGRATION_CONVERGED,0.0
4,uniform,"[0, 1, 2]","[0, 0, 0]",1,13.149999999999999,13.149999999999999,STOP,"{""STOP"": 13.149999999999999, ""p1"": 12.150000000000002, ""p2"": 12.149999999999999, ""pf"": -16.85000000000001}",1111,VALUE_INTEGRATION_CONVERGED,0.0
4,uniform,"[0, 1, 1]","[0, 0, 2]",0,13.43810975609756,13.43810975609756,STOP,"{""STOP"": 13.43810975609756}",1111,VALUE_INTEGRATION_CONVERGED,0.0
4,uniform,"[0, 1, 1]","[0, 0, 1]",1,13.38842592592593,13.38842592592593,STOP,"{""STOP"": 13.38842592592593, ""p1"": 12.388425925925937, ""p2"": 12.38842592592592, ""pf"": -16.611574074074078}",1111,VALUE_INTEGRATION_CONVERGED,0.0
4,uniform,"[0, 1, 1]","[0, 0, 0]",2,13.33750000000001,13.33750000000001,STOP,"{""STOP"": 13.33750000000001, ""p1"": 12.337500000000007, ""p2"": 12.337500000000006, ""pf"": -16.662499999999994}",1111,VALUE_INTEGRATION_CONVERGED,0.0
4,uniform,"[0, 1, 0]","[0, 0, 3]",0,13.66731927710843,13.66731927710843,STOP,"{""STOP"": 13.66731927710843}",1111,VALUE_INTEGRATION_CONVERGED,0.0
4,uniform,"[0, 1, 0]","[0, 0, 2]",1,13.62103658536585,13.62103658536585,STOP,"{""STOP"": 13.62103658536585, ""p1"": 12.62103658536585, ""p2"": 12.621036585365864, ""pf"": -16.37896341463415}",1111,VALUE_INTEGRATION_CONVERGED,0.0
4,uniform,"[0, 1, 0]","[0, 0, 1]",2,13.573611111111106,13.573611111111106,STOP,"{""STOP"": 13.573611111111106, ""p1"": 12.573611111111113, ""p2"": 12.573611111111118, ""pf"": -16.426388888888894}",1111,VALUE_INTEGRATION_CONVERGED,0.0
4,uniform,"[0, 1, 0]","[0, 0, 0]",3,13.524999999999986,13.524999999999986,STOP,"{""STOP"": 13.524999999999986, ""p1"": 12.525000000000002, ""p2"": 12.524999999999991, ""pf"": -16.475}",1111,VALUE_INTEGRATION_CONVERGED,0.0
4,uniform,"[0, 0, 0]","[0, 4, 0]",0,13.999999999999986,13.999999999999986,STOP,"{""STOP"": 13.999999999999986}",1111,VALUE_INTEGRATION_CONVERGED,0.0
4,uniform,"[0, 0, 1]","[0, 3, 0]",0,13.755271084337348,13.755271084337348,STOP,"{""STOP"": 13.755271084337348}",1111,VALUE_INTEGRATION_CONVERGED,0.0
4,uniform,"[0, 0, 0]","[0, 3, 1]",0,13.991382195448459,13.991382195448459,STOP,"{""STOP"": 13.991382195448459}",1111,VALUE_INTEGRATION_CONVERGED,0.0
4,uniform,"[0, 0, 0]","[0, 3, 0]",1,13.942771084337341,13.942771084337341,STOP,"{""STOP"": 13.942771084337341, ""p1"": 12.94277108433735, ""p2"": 12.942771084337336, ""pf"": -16.05722891566265}",1111,VALUE_INTEGRATION_CONVERGED,0.0
4,uniform,"[0, 0, 2]","[0, 2, 0]",0,13.50914634146341,13.50914634146341,STOP,"{""STOP"": 13.50914634146341}",1111,VALUE_INTEGRATION_CONVERGED,0.0
4,uniform,"[0, 0, 1]","[0, 2, 1]",0,13.747572267389334,13.747572267389334,STOP,"{""STOP"": 13.747572267389334}",1111,VALUE_INTEGRATION_CONVERGED,0.0
4,uniform,"[0, 0, 1]","[0, 2, 0]",1,13.696646341463417,13.696646341463417,STOP,"{""STOP"": 13.696646341463417, ""p1"": 12.69664634146342, ""p2"": 12.696646341463417, ""pf"": -16.303353658536594}",1111,VALUE_INTEGRATION_CONVERGED,0.0
4,uniform,"[0, 0, 0]","[0, 2, 2]",0,13.980182926829269,13.980182926829269,STOP,"{""STOP"": 13.980182926829269}",1111,VALUE_INTEGRATION_CONVERGED,0.0
4,uniform,"[0, 0, 0]","[0, 2, 1]",1,13.932757452574515,13.932757452574515,STOP,"{""STOP"": 13.932757452574515, ""p1"": 12.93275745257452, ""p2"": 12.932757452574524, ""pf"": -16.06724254742548}",1111,VALUE_INTEGRATION_CONVERGED,0.0
4,uniform,"[0, 0, 0]","[0, 2, 0]",2,13.88414634146341,13.88414634146341,STOP,"{""STOP"": 13.88414634146341, ""p1"": 12.884146341463415, ""p2"": 12.884146341463406, ""pf"": -16.115853658536594}",1111,VALUE_INTEGRATION_CONVERGED,0.0
4,uniform,"[0, 0, 3]","[0, 1, 0]",0,13.261574074074067,13.261574074074067,STOP,"{""STOP"": 13.261574074074067}",1111,VALUE_INTEGRATION_CONVERGED,0.0
4,uniform,"[0, 0, 2]","[0, 1, 1]",0,13.502314814814817,13.502314814814817,STOP,"{""STOP"": 13.502314814814817}",1111,VALUE_INTEGRATION_CONVERGED,0.0
4,uniform,"[0, 0, 2]","[0, 1, 0]",1,13.449074074074064,13.449074074074064,STOP,"{""STOP"": 13.449074074074064, ""p1"": 12.449074074074074, ""p2"": 12.44907407407407, ""pf"": -16.550925925925927}",1111,VALUE_INTEGRATION_CONVERGED,0.0
4,uniform,"[0, 0, 1]","[0, 1, 2]",0,13.737183830171634,13.737183830171634,STOP,"{""STOP"": 13.737183830171634}",1111,VALUE_INTEGRATION_CONVERGED,0.0
4,uniform,"[0, 0, 1]","[0, 1, 1]",1,13.687499999999993,13.687499999999993,STOP,"{""STOP"": 13.687499999999993, ""p1"": 12.68750000000001, ""p2"": 12.687499999999993, ""pf"": -16.3125}",1111,VALUE_INTEGRATION_CONVERGED,0.0
4,uniform,"[0, 0, 1]","[0, 1, 0]",2,13.636574074074076,13.636574074074076,STOP,"{""STOP"": 13.636574074074076, ""p1"": 12.636574074074085, ""p2"": 12.636574074074078, ""pf"": -16.363425925925938}",1111,VALUE_INTEGRATION_CONVERGED,0.0
4,uniform,"[0, 0, 0]","[0, 1, 3]",0,13.966393351182495,13.966393351182495,STOP,"{""STOP"": 13.966393351182495}",1111,VALUE_INTEGRATION_CONVERGED,0.0
4,uniform,"[0, 0, 0]","[0, 1, 2]",1,13.920110659439917,13.920110659439917,STOP,"{""STOP"": 13.920110659439917, ""p1"": 12.920110659439924, ""p2"": 12.92011065943993, ""pf"": -16.07988934056008}",1111,VALUE_INTEGRATION_CONVERGED,0.0
4,uniform,"[0, 0, 0]","[0, 1, 1]",2,13.87268518518519,13.87268518518519,STOP,"{""STOP"": 13.87268518518519, ""p1"": 12.872685185185187, ""p2"": 12.872685185185178, ""pf"": -16.127314814814824}",1111,VALUE_INTEGRATION_CONVERGED,0.0
4,uniform,"[0, 0, 0]","[0, 1, 0]",3,13.824074074074048,13.824074074074048,STOP,"{""STOP"": 13.824074074074048, ""p1"": 12.824074074074078, ""p2"": 12.824074074074067, ""pf"": -16.175925925925924}",1111,VALUE_INTEGRATION_CONVERGED,0.0
4,uniform,"[0, 0, 4]","[0, 0, 0]",0,13.012500000000014,13.012500000000014,STOP,"{""STOP"": 13.012500000000014}",1111,VALUE_INTEGRATION_CONVERGED,0.0
4,uniform,"[0, 0, 3]","[0, 0, 1]",0,13.255555555555542,13.255555555555542,STOP,"{""STOP"": 13.255555555555542}",1111,VALUE_INTEGRATION_CONVERGED,0.0
4,uniform,"[0, 0, 3]","[0, 0, 0]",1,13.199999999999998,13.199999999999998,STOP,"{""STOP"": 13.199999999999998, ""p1"": 12.199999999999994, ""p2"": 12.199999999999992, ""pf"": -16.800000000000008}",1111,VALUE_INTEGRATION_CONVERGED,0.0
4,uniform,"[0, 0, 2]","[0, 0, 2]",0,13.492682926829263,13.492682926829263,STOP,"{""STOP"": 13.492682926829263}",1111,VALUE_INTEGRATION_CONVERGED,0.0
4,uniform,"[0, 0, 2]","[0, 0, 1]",1,13.440740740740718,13.440740740740718,STOP,"{""STOP"": 13.440740740740718, ""p1"": 12.440740740740738, ""p2"": 12.44074074074074, ""pf"": -16.559259259259264}",1111,VALUE_INTEGRATION_CONVERGED,0.0
4,uniform,"[0, 0, 2]","[0, 0, 0]",2,13.38749999999999,13.38749999999999,STOP,"{""STOP"": 13.38749999999999, ""p1"": 12.3875, ""p2"": 12.387499999999992, ""pf"": -16.61250000000002}",1111,VALUE_INTEGRATION_CONVERGED,0.0
4,uniform,"[0, 0, 1]","[0, 0, 3]",0,13.72409638554217,13.72409638554217,STOP,"{""STOP"": 13.72409638554217}",1111,VALUE_INTEGRATION_CONVERGED,0.0
4,uniform,"[0, 0, 1]","[0, 0, 2]",1,13.675609756097575,13.675609756097575,STOP,"{""STOP"": 13.675609756097575, ""p1"": 12.675609756097563, ""p2"": 12.675609756097561, ""pf"": -16.32439024390244}",1111,VALUE_INTEGRATION_CONVERGED,0.0
4,uniform,"[0, 0, 1]","[0, 0, 1]",2,13.625925925925912,13.625925925925912,STOP,"{""STOP"": 13.625925925925912, ""p1"": 12.625925925925925, ""p2"": 12.625925925925923, ""pf"": -16.37407407407407}",1111,VALUE_INTEGRATION_CONVERGED,0.0
4,uniform,"[0, 0, 1]","[0, 0, 0]",3,13.575,13.575,STOP,"{""STOP"": 13.575, ""p1"": 12.575000000000005, ""p2"": 12.575000000000005, ""pf"": -16.42500000000001}",1111,VALUE_INTEGRATION_CONVERGED,0.0
4,uniform,"[0, 0, 0]","[0, 0, 4]",0,13.949999999999994,13.949999999999994,STOP,"{""STOP"": 13.949999999999994}",1111,VALUE_INTEGRATION_CONVERGED,0.0
4,uniform,"[0, 0, 0]","[0, 0, 3]",1,13.904819277108427,13.904819277108427,STOP,"{""STOP"": 13.904819277108427, ""p1"": 12.904819277108423, ""p2"": 12.904819277108423, ""pf"": -16.09518072289157}",1111,VALUE_INTEGRATION_CONVERGED,0.0
4,uniform,"[0, 0, 0]","[0, 0, 2]",2,13.85853658536583,13.85853658536583,STOP,"{""STOP"": 13.85853658536583, ""p1"": 12.858536585365854, ""p2"": 12.858536585365846, ""pf"": -16.141463414634146}",1111,VALUE_INTEGRATION_CONVERGED,0.0
4,uniform,"[0, 0, 0]","[0, 0, 1]",3,13.81111111111111,13.81111111111111,STOP,"{""STOP"": 13.81111111111111, ""p1"": 12.811111111111112, ""p2"": 12.811111111111114, ""pf"": -16.18888888888891}",1111,VALUE_INTEGRATION_CONVERGED,0.0
4,uniform,"[0, 0, 0]","[0, 0, 0]",4,13.762499999999985,13.762499999999985,STOP,"{""STOP"": 13.762499999999985, ""p1"": 12.762500000000003, ""p2"": 12.762499999999976, ""pf"": -16.237500000000004}",1111,VALUE_INTEGRATION_CONVERGED,0.0
4,jeffreys,"[4, 0, 0]","[0, 0, 0]",0,13.691823899371077,13.691823899371077,STOP,"{""STOP"": 13.691823899371077}",1111,VALUE_INTEGRATION_CONVERGED,0.0
4,jeffreys,"[3, 0, 0]","[1, 0, 0]",0,13.773077073323186,13.773077073323186,STOP,"{""STOP"": 13.773077073323186}",1111,VALUE_INTEGRATION_CONVERGED,0.0
4,jeffreys,"[3, 1, 0]","[0, 0, 0]",0,13.515723270440251,13.515723270440251,STOP,"{""STOP"": 13.515723270440251}",1111,VALUE_INTEGRATION_CONVERGED,0.0
4,jeffreys,"[3, 0, 0]","[0, 1, 0]",0,13.815578733544278,13.815578733544278,STOP,"{""STOP"": 13.815578733544278}",1111,VALUE_INTEGRATION_CONVERGED,0.0
4,jeffreys,"[3, 0, 1]","[0, 0, 0]",0,13.56603773584906,13.56603773584906,STOP,"{""STOP"": 13.56603773584906}",1111,VALUE_INTEGRATION_CONVERGED,0.0
4,jeffreys,"[3, 0, 0]","[0, 0, 1]",0,13.802765733036441,13.802765733036441,STOP,"{""STOP"": 13.802765733036441}",1111,VALUE_INTEGRATION_CONVERGED,0.0
4,jeffreys,"[3, 0, 0]","[0, 0, 0]",1,13.754716981132084,13.754716981132084,STOP,"{""STOP"": 13.754716981132084, ""p1"": 12.754716981132084, ""p2"": 12.754716981132075, ""pf"": -16.24528301886793}",1111,VALUE_INTEGRATION_CONVERGED,0.0
4,jeffreys,"[2, 0, 0]","[2, 0, 0]",0,13.852336304356209,13.852336304356209,STOP,"{""STOP"": 13.852336304356209}",1111,VALUE_INTEGRATION_CONVERGED,0.0
4,jeffreys,"[2, 1, 0]","[1, 0, 0]",0,13.596195163873592,13.596195163873592,STOP,"{""STOP"": 13.596195163873592}",1111,VALUE_INTEGRATION_CONVERGED,0.0
4,jeffreys,"[2, 0, 0]","[1, 1, 0]",0,13.896050626977614,13.896050626977614,STOP,"{""STOP"": 13.896050626977614}",1111,VALUE_INTEGRATION_CONVERGED,0.0
4,jeffreys,"[2, 0, 1]","[1, 0, 0]",0,13.646509629282402,13.646509629282402,STOP,"{""STOP"": 13.646509629282402}",1111,VALUE_INTEGRATION_CONVERGED,0.0
4,jeffreys,"[2, 0, 0]","[1, 0, 1]",0,13.883237626469779,13.883237626469779,STOP,"{""STOP"": 13.883237626469779}",1111,VALUE_INTEGRATION_CONVERGED,0.0
4,jeffreys,"[2, 0, 0]","[1, 0, 0]",1,13.835188874565421,13.835188874565421,STOP,"{""STOP"": 13.835188874565421, ""p1"": 12.83518887456541, ""p2"": 12.835188874565413, ""pf"": -16.16481112543459}",1111,VALUE_INTEGRATION_CONVERGED,0.0
4,jeffreys,"[2, 2, 0]","[0, 0, 0]",0,13.33962264150944,13.33962264150944,STOP,"{""STOP"": 13.33962264150944}",1111,VALUE_INTEGRATION_CONVERGED,0.0
4,jeffreys,"[2, 1, 0]","[0, 1, 0]",0,13.6424469705848,13.6424469705848,STOP,"{""STOP"": 13.6424469705848}",1111,VALUE_INTEGRATION_CONVERGED,0.0
4,jeffreys,"[2, 1, 1]","[0, 0, 0]",0,13.389937106918229,13.389937106918229,STOP,"{""STOP"": 13.389937106918229}",1111,VALUE_INTEGRATION_CONVERGED,0.0
4,jeffreys,"[2, 1, 0]","[0, 0, 1]",0,13.626665104105621,13.626665104105621,STOP,"{""STOP"": 13.626665104105621}",1111,VALUE_INTEGRATION_CONVERGED,0.0
4,jeffreys,"[2, 1, 0]","[0, 0, 0]",1,13.578616352201262,13.578616352201262,STOP,"{""STOP"": 13.578616352201262, ""p1"": 12.57861635220126, ""p2"": 12.57861635220127, ""pf"": -16.42138364779875}",1111,VALUE_INTEGRATION_CONVERGED,0.0
4,jeffreys,"[2, 0, 0]","[0, 2, 0]",0,13.937840027780993,13.937840027780993,STOP,"{""STOP"": 13.937840027780993}",1111,VALUE_INTEGRATION_CONVERGED,0.0
4,jeffreys,"[2, 0, 1]","[0, 1, 0]",0,13.689792570022265,13.689792570022265,STOP,"{""STOP"": 13.689792570022265}",1111,VALUE_INTEGRATION_CONVERGED,0.0
4,jeffreys,"[2, 0, 0]","[0, 1, 1]",0,13.926520567209646,13.926520567209646,STOP,"{""STOP"": 13.926520567209646}",1111,VALUE_INTEGRATION_CONVERGED,0.0
4,jeffreys,"[2, 0, 0]","[0, 1, 0]",1,13.878471815305282,13.878471815305282,STOP,"{""STOP"": 13.878471815305282, ""p1"": 12.878471815305282, ""p2"": 12.87847181530529, ""pf"": -16.121528184694725}",1111,VALUE_INTEGRATION_CONVERGED,0.0
4,jeffreys,"[2, 0, 2]","[0, 0, 0]",0,13.440251572327039,13.440251572327039,STOP,"{""STOP"": 13.440251572327039}",1111,VALUE_INTEGRATION_CONVERGED,0.0
4,jeffreys,"[2, 0, 1]","[0, 0, 1]",0,13.67932341107074,13.67932341107074,STOP,"{""STOP"": 13.67932341107074}",1111,VALUE_INTEGRATION_CONVERGED,0.0
4,jeffreys,"[2, 0, 1]","[0, 0, 0]",1,13.628930817610062,13.628930817610062,STOP,"{""STOP"": 13.628930817610062, ""p1"": 12.62893081761007, ""p2"": 12.62893081761006, ""pf"": -16.371069182389945}",1111,VALUE_INTEGRATION_CONVERGED,0.0
4,jeffreys,"[2, 0, 0]","[0, 0, 2]",0,13.912528456225633,13.912528456225633,STOP,"{""STOP"": 13.912528456225633}",1111,VALUE_INTEGRATION_CONVERGED,0.0
4,jeffreys,"[2, 0, 0]","[0, 0, 1]",1,13.86565881479743,13.86565881479743,STOP,"{""STOP"": 13.86565881479743, ""p1"": 12.865658814797445, ""p2"": 12.865658814797444, ""pf"": -16.134341185202558}",1111,VALUE_INTEGRATION_CONVERGED,0.0
4,jeffreys,"[2, 0, 0]","[0, 0, 0]",2,13.817610062893078,13.817610062893078,STOP,"{""STOP"": 13.817610062893078, ""p1"": 12.81761006289309, ""p2"": 12.817610062893081, ""pf"": -16.18238993710694}",1111,VALUE_INTEGRATION_CONVERGED,0.0
4,jeffreys,"[1, 0, 0]","[3, 0, 0]",0,13.929674099485421,13.929674099485421,STOP,"{""STOP"": 13.929674099485421}",1111,VALUE_INTEGRATION_CONVERGED,0.0
4,jeffreys,"[1, 1, 0]","[2, 0, 0]",0,13.674692286915942,13.674692286915942,STOP,"{""STOP"": 13.674692286915942}",1111,VALUE_INTEGRATION_CONVERGED,0.0
4,jeffreys,"[1, 0, 0]","[2, 1, 0]",0,13.974547750019951,13.974547750019951,STOP,"{""STOP"": 13.974547750019951}",1111,VALUE_INTEGRATION_CONVERGED,0.0
4,jeffreys,"[1, 0, 1]","[2, 0, 0]",0,13.725006752324724,13.725006752324724,STOP,"{""STOP"": 13.725006752324724}",1111,VALUE_INTEGRATION_CONVERGED,0.0
4,jeffreys,"[1, 0, 0]","[2, 0, 1]",0,13.961734749512111,13.961734749512111,STOP,"{""STOP"": 13.961734749512111}",1111,VALUE_INTEGRATION_CONVERGED,0.0
4,jeffreys,"[1, 0, 0]","[2, 0, 0]",1,13.91368599760774,13.91368599760774,STOP,"{""STOP"": 13.91368599760774, ""p1"": 12.913685997607748, ""p2"": 12.913685997607752, ""pf"": -16.086314002392257}",1111,VALUE_INTEGRATION_CONVERGED,0.0
4,jeffreys,"[1, 2, 0]","[1, 0, 0]",0,13.419313254424019,13.419313254424019,STOP,"{""STOP"": 13.419313254424019}",1111,VALUE_INTEGRATION_CONVERGED,0.0
4,jeffreys,"[1, 1, 0]","[1, 1, 0]",0,13.72213758349935,13.72213758349935,STOP,"{""STOP"": 13.72213758349935}",1111,VALUE_INTEGRATION_CONVERGED,0.0
4,jeffreys,"[1, 1, 1]","[1, 0, 0]",0,13.469627719832808,13.469627719832808,STOP,"{""STOP"": 13.469627719832808}",1111,VALUE_INTEGRATION_CONVERGED,0.0
4,jeffreys,"[1, 1, 0]","[1, 0, 1]",0,13.706355717020195,13.706355717020195,STOP,"{""STOP"": 13.706355717020195}",1111,VALUE_INTEGRATION_CONVERGED,0.0
4,jeffreys,"[1, 1, 0]","[1, 0, 0]",1,13.658306965115834,13.658306965115834,STOP,"{""STOP"": 13.658306965115834, ""p1"": 12.65830696511584, ""p2"": 12.658306965115825, ""pf"": -16.341693034884177}",1111,VALUE_INTEGRATION_CONVERGED,0.0
4,jeffreys,"[1, 0, 0]","[1, 2, 0]",0,14.01753064069555,14.01753064069555,STOP,"{""STOP"": 14.01753064069555}",1111,VALUE_INTEGRATION_CONVERGED,0.0
4,jeffreys,"[1, 0, 1]","[1, 1, 0]",0,13.769483182936812,13.769483182936812,STOP,"{""STOP"": 13.769483182936812}",1111,VALUE_INTEGRATION_CONVERGED,0.0
4,jeffreys,"[1, 0, 0]","[1, 1, 1]",0,14.006211180124208,14.006211180124208,STOP,"{""STOP"": 14.006211180124208}",1111,VALUE_INTEGRATION_CONVERGED,0.0
4,jeffreys,"[1, 0, 0]","[1, 1, 0]",1,13.958162428219854,13.958162428219854,STOP,"{""STOP"": 13.958162428219854, ""p1"": 12.95816242821985, ""p2"": 12.958162428219843, ""pf"": -16.041837571780164}",1111,VALUE_INTEGRATION_CONVERGED,0.0
4,jeffreys,"[1, 0, 2]","[1, 0, 0]",0,13.519942185241598,13.519942185241598,STOP,"{""STOP"": 13.519942185241598}",1111,VALUE_INTEGRATION_CONVERGED,0.0
4,jeffreys,"[1, 0, 1]","[1, 0, 1]",0,13.759014023985312,13.759014023985312,STOP,"{""STOP"": 13.759014023985312}",1111,VALUE_INTEGRATION_CONVERGED,0.0
4,jeffreys,"[1, 0, 1]","[1, 0, 0]",1,13.70862143052463,13.70862143052463,STOP,"{""STOP"": 13.70862143052463, ""p1"": 12.708621430524627, ""p2"": 12.708621430524614, ""pf"": -16.29137856947537}",1111,VALUE_INTEGRATION_CONVERGED,0.0
4,jeffreys,"[1, 0, 0]","[1, 0, 2]",0,13.992219069140205,13.992219069140205,STOP,"{""STOP"": 13.992219069140205}",1111,VALUE_INTEGRATION_CONVERGED,0.0
4,jeffreys,"[1, 0, 0]","[1, 0, 1]",1,13.945349427712024,13.945349427712024,STOP,"{""STOP"": 13.945349427712024, ""p1"": 12.945349427712014, ""p2"": 12.945349427712006, ""pf"": -16.054650572287983}",1111,VALUE_INTEGRATION_CONVERGED,0.0
4,jeffreys,"[1, 0, 0]","[1, 0, 0]",2,13.897300675807646,13.897300675807646,STOP,"{""STOP"": 13.897300675807646, ""p1"": 12.897300675807644, ""p2"": 12.897300675807653, ""pf"": -16.102699324192347}",1111,VALUE_INTEGRATION_CONVERGED,0.0
4,jeffreys,"[1, 3, 0]","[0, 0, 0]",0,13.163522012578612,13.163522012578612,STOP,"{""STOP"": 13.163522012578612}",1111,VALUE_INTEGRATION_CONVERGED,0.0
4,jeffreys,"[1, 2, 0]","[0, 1, 0]",0,13.4693152076253,13.4693152076253,STOP,"{""STOP"": 13.4693152076253}",1111,VALUE_INTEGRATION_CONVERGED,0.0
4,jeffreys,"[1, 2, 1]","[0, 0, 0]",0,13.213836477987424,13.213836477987424,STOP,"{""STOP"": 13.213836477987424}",1111,VALUE_INTEGRATION_CONVERGED,0.0
4,jeffreys,"[1, 2, 0]","[0, 0, 1]",0,13.450564475174813,13.450564475174813,STOP,"{""STOP"": 13.450564475174813}",1111,VALUE_INTEGRATION_CONVERGED,0.0
4,jeffreys,"[1, 2, 0]","[0, 0, 0]",1,13.402515723270445,13.402515723270445,STOP,"{""STOP"": 13.402515723270445, ""p1"": 12.402515723270454, ""p2"": 12.40251572327044, ""pf"": -16.597484276729556}",1111,VALUE_INTEGRATION_CONVERGED,0.0
4,jeffreys,"[1, 1, 0]","[0, 2, 0]",0,13.76760427518617,13.76760427518617,STOP,"{""STOP"": 13.76760427518617}",1111,VALUE_INTEGRATION_CONVERGED,0.0
4,jeffreys,"[1, 1, 1]","[0, 1, 0]",0,13.516660807062774,13.516660807062774,STOP,"{""STOP"": 13.516660807062774}",1111,VALUE_INTEGRATION_CONVERGED,0.0
4,jeffreys,"[1, 1, 0]","[0, 1, 1]",0,13.753388804250182,13.753388804250182,STOP,"{""STOP"": 13.753388804250182}",1111,VALUE_INTEGRATION_CONVERGED,0.0
4,jeffreys,"[1, 1, 0]","[0, 1, 0]",1,13.705340052345806,13.705340052345806,STOP,"{""STOP"": 13.705340052345806, ""p1"": 12.705340052345793, ""p2"": 12.705340052345793, ""pf"": -16.29465994765419}",1111,VALUE_INTEGRATION_CONVERGED,0.0
4,jeffreys,"[1, 1, 2]","[0, 0, 0]",0,13.264150943396224,13.264150943396224,STOP,"{""STOP"": 13.264150943396224}",1111,VALUE_INTEGRATION_CONVERGED,0.0
4,jeffreys,"[1, 1, 1]","[0, 0, 1]",0,13.503222782139922,13.503222782139922,STOP,"{""STOP"": 13.503222782139922}",1111,VALUE_INTEGRATION_CONVERGED,0.0
4,jeffreys,"[1, 1, 1]","[0, 0, 0]",1,13.452830188679254,13.452830188679254,STOP,"{""STOP"": 13.452830188679254, ""p1"": 12.452830188679245, ""p2"": 12.452830188679243, ""pf"": -16.547169811320764}",1111,VALUE_INTEGRATION_CONVERGED,0.0
4,jeffreys,"[1, 1, 0]","[0, 0, 2]",0,13.736427827294822,13.736427827294822,STOP,"{""STOP"": 13.736427827294822}",1111,VALUE_INTEGRATION_CONVERGED,0.0
4,jeffreys,"[1, 1, 0]","[0, 0, 1]",1,13.68955818586663,13.68955818586663,STOP,"{""STOP"": 13.68955818586663, ""p1"": 12.689558185866632, ""p2"": 12.689558185866648, ""pf"": -16.31044181413337}",1111,VALUE_INTEGRATION_CONVERGED,0.0
4,jeffreys,"[1, 1, 0]","[0, 0, 0]",2,13.641509433962252,13.641509433962252,STOP,"{""STOP"": 13.641509433962252, ""p1"": 12.641509433962272, ""p2"": 12.641509433962273, ""pf"": -16.358490566037737}",1111,VALUE_INTEGRATION_CONVERGED,0.0
4,jeffreys,"[1, 0, 0]","[0, 3, 0]",0,14.05866209262436,14.05866209262436,STOP,"{""STOP"": 14.05866209262436}",1111,VALUE_INTEGRATION_CONVERGED,0.0
4,jeffreys,"[1, 0, 1]","[0, 2, 0]",0,13.812053864258983,13.812053864258983,STOP,"{""STOP"": 13.812053864258983}",1111,VALUE_INTEGRATION_CONVERGED,0.0
4,jeffreys,"[1, 0, 0]","[0, 2, 1]",0,14.048781861446361,14.048781861446361,STOP,"{""STOP"": 14.048781861446361}",1111,VALUE_INTEGRATION_CONVERGED,0.0
4,jeffreys,"[1, 0, 0]","[0, 2, 0]",1,14.000733109542011,14.000733109542011,STOP,"{""STOP"": 14.000733109542011, ""p1"": 13.000733109541992, ""p2"": 13.000733109542, ""pf"": -15.999266890458008}",1111,VALUE_INTEGRATION_CONVERGED,0.0
4,jeffreys,"[1, 0, 2]","[0, 1, 0]",0,13.56400640650026,13.56400640650026,STOP,"{""STOP"": 13.56400640650026}",1111,VALUE_INTEGRATION_CONVERGED,0.0
4,jeffreys,"[1, 0, 1]","[0, 1, 1]",0,13.803078245243956,13.803078245243956,STOP,"{""STOP"": 13.803078245243956}",1111,VALUE_INTEGRATION_CONVERGED,0.0
4,jeffreys,"[1, 0, 1]","[0, 1, 0]",1,13.75268565178328,13.75268565178328,STOP,"{""STOP"": 13.75268565178328, ""p1"": 12.752685651783255, ""p2"": 12.752685651783276, ""pf"": -16.247314348216726}",1111,VALUE_INTEGRATION_CONVERGED,0.0
4,jeffreys,"[1, 0, 0]","[0, 1, 2]",0,14.036283290398842,14.036283290398842,STOP,"{""STOP"": 14.036283290398842}",1111,VALUE_INTEGRATION_CONVERGED,0.0
4,jeffreys,"[1, 0, 0]","[0, 1, 1]",1,13.989413648970652,13.989413648970652,STOP,"{""STOP"": 13.989413648970652, ""p1"": 12.989413648970647, ""p2"": 12.98941364897066, ""pf"": -16.010586351029346}",1111,VALUE_INTEGRATION_CONVERGED,0.0
4,jeffreys,"[1, 0, 0]","[0, 1, 0]",2,13.941364897066304,13.941364897066304,STOP,"{""STOP"": 13.941364897066304, ""p1"": 12.941364897066292, ""p2"": 12.941364897066304, ""pf"": -16.058635102933714}",1111,VALUE_INTEGRATION_CONVERGED,0.0
4,jeffreys,"[1, 0, 3]","[0, 0, 0]",0,13.314465408805031,13.314465408805031,STOP,"{""STOP"": 13.314465408805031}",1111,VALUE_INTEGRATION_CONVERGED,0.0
4,jeffreys,"[1, 0, 2]","[0, 0, 1]",0,13.55588108910504,13.55588108910504,STOP,"{""STOP"": 13.55588108910504}",1111,VALUE_INTEGRATION_CONVERGED,0.0
4,jeffreys,"[1, 0, 2]","[0, 0, 0]",1,13.50314465408804,13.50314465408804,STOP,"{""STOP"": 13.50314465408804, ""p1"": 12.50314465408804, ""p2"": 12.503144654088056, ""pf"": -16.496855345911953}",1111,VALUE_INTEGRATION_CONVERGED,0.0
4,jeffreys,"[1, 0, 1]","[0, 0, 2]",0,13.79137245823205,13.79137245823205,STOP,"{""STOP"": 13.79137245823205}",1111,VALUE_INTEGRATION_CONVERGED,0.0
4,jeffreys,"[1, 0, 1]","[0, 0, 1]",1,13.742216492831746,13.742216492831746,STOP,"{""STOP"": 13.742216492831746, ""p1"": 12.742216492831751, ""p2"": 12.742216492831751, ""pf"": -16.25778350716825}",1111,VALUE_INTEGRATION_CONVERGED,0.0
4,jeffreys,"[1, 0, 1]","[0, 0, 0]",2,13.691823899371066,13.691823899371066,STOP,"{""STOP"": 13.691823899371066, ""p1"": 12.691823899371068, ""p2"": 12.691823899371077, ""pf"": -16.308176100628934}",1111,VALUE_INTEGRATION_CONVERGED,0.0
4,jeffreys,"[1, 0, 0]","[0, 0, 3]",0,14.02115494568325,14.02115494568325,STOP,"{""STOP"": 14.02115494568325}",1111,VALUE_INTEGRATION_CONVERGED,0.0
4,jeffreys,"[1, 0, 0]","[0, 0, 2]",1,13.975421537986652,13.975421537986652,STOP,"{""STOP"": 13.975421537986652, ""p1"": 12.975421537986643, ""p2"": 12.97542153798664, ""pf"": -16.02457846201335}",1111,VALUE_INTEGRATION_CONVERGED,0.0
4,jeffreys,"[1, 0, 0]","[0, 0, 1]",2,13.928551896558456,13.928551896558456,STOP,"{""STOP"": 13.928551896558456, ""p1"": 12.928551896558458, ""p2"": 12.928551896558451, ""pf"": -16.07144810344154}",1111,VALUE_INTEGRATION_CONVERGED,0.0
4,jeffreys,"[1, 0, 0]","[0, 0, 0]",3,13.880503144654067,13.880503144654067,STOP,"{""STOP"": 13.880503144654067, ""p1"": 12.880503144654083, ""p2"": 12.880503144654096, ""pf"": -16.119496855345915}",1111,VALUE_INTEGRATION_CONVERGED,0.0
4,jeffreys,"[0, 0, 0]","[4, 0, 0]",0,14.005159492336077,14.005159492336077,STOP,"{""STOP"": 14.005159492336077}",1111,VALUE_INTEGRATION_CONVERGED,0.0
4,jeffreys,"[0, 1, 0]","[3, 0, 0]",0,13.751286449399661,13.751286449399661,STOP,"{""STOP"": 13.751286449399661}",1111,VALUE_INTEGRATION_CONVERGED,0.0
4,jeffreys,"[0, 0, 0]","[3, 1, 0]",0,14.051141912503677,14.051141912503677,STOP,"{""STOP"": 14.051141912503677}",1111,VALUE_INTEGRATION_CONVERGED,0.0
4,jeffreys,"[0, 0, 1]","[3, 0, 0]",0,13.801600914808464,13.801600914808464,STOP,"{""STOP"": 13.801600914808464}",1111,VALUE_INTEGRATION_CONVERGED,0.0
4,jeffreys,"[0, 0, 0]","[3, 0, 1]",0,14.038328911995833,14.038328911995833,STOP,"{""STOP"": 14.038328911995833}",1111,VALUE_INTEGRATION_CONVERGED,0.0
4,jeffreys,"[0, 0, 0]","[3, 0, 0]",1,13.990280160091487,13.990280160091487,STOP,"{""STOP"": 13.990280160091487, ""p1"": 12.990280160091476, ""p2"": 12.990280160091476, ""pf"": -16.009719839908534}",1111,VALUE_INTEGRATION_CONVERGED,0.0
4,jeffreys,"[0, 2, 0]","[2, 0, 0]",0,13.497048269475615,13.497048269475615,STOP,"{""STOP"": 13.497048269475615}",1111,VALUE_INTEGRATION_CONVERGED,0.0
4,jeffreys,"[0, 1, 0]","[2, 1, 0]",0,13.799872598550976,13.799872598550976,STOP,"{""STOP"": 13.799872598550976}",1111,VALUE_INTEGRATION_CONVERGED,0.0
4,jeffreys,"[0, 1, 1]","[2, 0, 0]",0,13.54736273488443,13.54736273488443,STOP,"{""STOP"": 13.54736273488443}",1111,VALUE_INTEGRATION_CONVERGED,0.0
4,jeffreys,"[0, 1, 0]","[2, 0, 1]",0,13.784090732071824,13.784090732071824,STOP,"{""STOP"": 13.784090732071824}",1111,VALUE_INTEGRATION_CONVERGED,0.0
4,jeffreys,"[0, 1, 0]","[2, 0, 0]",1,13.73604198016745,13.73604198016745,STOP,"{""STOP"": 13.73604198016745, ""p1"": 12.736041980167464, ""p2"": 12.736041980167442, ""pf"": -16.263958019832547}",1111,VALUE_INTEGRATION_CONVERGED,0.0
4,jeffreys,"[0, 0, 0]","[2, 2, 0]",0,14.09526565574718,14.09526565574718,STOP,"{""STOP"": 14.09526565574718}",1111,VALUE_INTEGRATION_CONVERGED,0.0
4,jeffreys,"[0, 0, 1]","[2, 1, 0]",0,13.847218197988461,13.847218197988461,STOP,"{""STOP"": 13.847218197988461}",1111,VALUE_INTEGRATION_CONVERGED,0.0
4,jeffreys,"[0, 0, 0]","[2, 1, 1]",0,14.083946195175848,14.083946195175848,STOP,"{""STOP"": 14.083946195175848}",1111,VALUE_INTEGRATION_CONVERGED,0.0
4,jeffreys,"[0, 0, 0]","[2, 1, 0]",1,14.035897443271484,14.035897443271484,STOP,"{""STOP"": 14.035897443271484, ""p1"": 13.035897443271478, ""p2"": 13.035897443271475, ""pf"": -15.964102556728522}",1111,VALUE_INTEGRATION_CONVERGED,0.0
4,jeffreys,"[0, 0, 2]","[2, 0, 0]",0,13.597677200293237,13.597677200293237,STOP,"{""STOP"": 13.597677200293237}",1111,VALUE_INTEGRATION_CONVERGED,0.0
4,jeffreys,"[0, 0, 1]","[2, 0, 1]",0,13.836749039036942,13.836749039036942,STOP,"{""STOP"": 13.836749039036942}",1111,VALUE_INTEGRATION_CONVERGED,0.0
4,jeffreys,"[0, 0, 1]","[2, 0, 0]",1,13.78635644557625,13.78635644557625,STOP,"{""STOP"": 13.78635644557625, ""p1"": 12.786356445576263, ""p2"": 12.786356445576256, ""pf"": -16.21364355442374}",1111,VALUE_INTEGRATION_CONVERGED,0.0
4,jeffreys,"[0, 0, 0]","[2, 0, 2]",0,14.069954084191831,14.069954084191831,STOP,"{""STOP"": 14.069954084191831}",1111,VALUE_INTEGRATION_CONVERGED,0.0
4,jeffreys,"[0, 0, 0]","[2, 0, 1]",1,14.023084442763656,14.023084442763656,STOP,"{""STOP"": 14.023084442763656, ""p1"": 13.023084442763635, ""p2"": 13.023084442763647, ""pf"": -15.976915557236358}",1111,VALUE_INTEGRATION_CONVERGED,0.0
4,jeffreys,"[0, 0, 0]","[2, 0, 0]",2,13.975035690859285,13.975035690859285,STOP,"{""STOP"": 13.975035690859285, ""p1"": 12.975035690859283, ""p2"": 12.97503569085928, ""pf"": -16.024964309140717}",1111,VALUE_INTEGRATION_CONVERGED,0.0
4,jeffreys,"[0, 3, 0]","[1, 0, 0]",0,13.242431344974406,13.242431344974406,STOP,"{""STOP"": 13.242431344974406}",1111,VALUE_INTEGRATION_CONVERGED,0.0
4,jeffreys,"[0, 2, 0]","[1, 1, 0]",0,13.548224540021085,13.548224540021085,STOP,"{""STOP"": 13.548224540021085}",1111,VALUE_INTEGRATION_CONVERGED,0.0
4,jeffreys,"[0, 2, 1]","[1, 0, 0]",0,13.292745810383199,13.292745810383199,STOP,"{""STOP"": 13.292745810383199}",1111,VALUE_INTEGRATION_CONVERGED,0.0
4,jeffreys,"[0, 2, 0]","[1, 0, 1]",0,13.529473807570593,13.529473807570593,STOP,"{""STOP"": 13.529473807570593}",1111,VALUE_INTEGRATION_CONVERGED,0.0
4,jeffreys,"[0, 2, 0]","[1, 0, 0]",1,13.481425055666234,13.481425055666234,STOP,"{""STOP"": 13.481425055666234, ""p1"": 12.481425055666225, ""p2"": 12.481425055666227, ""pf"": -16.51857494433378}",1111,VALUE_INTEGRATION_CONVERGED,0.0
4,jeffreys,"[0, 1, 0]","[1, 2, 0]",0,13.84651360758195,13.84651360758195,STOP,"{""STOP"": 13.84651360758195}",1111,VALUE_INTEGRATION_CONVERGED,0.0
4,jeffreys,"[0, 1, 1]","[1, 1, 0]",0,13.595570139458566,13.595570139458566,STOP,"{""STOP"": 13.595570139458566}",1111,VALUE_INTEGRATION_CONVERGED,0.0
4,jeffreys,"[0, 1, 0]","[1, 1, 1]",0,13.832298136645957,13.832298136645957,STOP,"{""STOP"": 13.832298136645957}",1111,VALUE_INTEGRATION_CONVERGED,0.0
4,jeffreys,"[0, 1, 0]","[1, 1, 0]",1,13.784249384741594,13.784249384741594,STOP,"{""STOP"": 13.784249384741594, ""p1"": 12.784249384741582, ""p2"": 12.784249384741575, ""pf"": -16.215750615258415}",1111,VALUE_INTEGRATION_CONVERGED,0.0
4,jeffreys,"[0, 1, 2]","[1, 0, 0]",0,13.34306027579202,13.34306027579202,STOP,"{""STOP"": 13.34306027579202}",1111,VALUE_INTEGRATION_CONVERGED,0.0
4,jeffreys,"[0, 1, 1]","[1, 0, 1]",0,13.582132114535717,13.582132114535717,STOP,"{""STOP"": 13.582132114535717}",1111,VALUE_INTEGRATION_CONVERGED,0.0
4,jeffreys,"[0, 1, 1]","[1, 0, 0]",1,13.531739521075036,13.531739521075036,STOP,"{""STOP"": 13.531739521075036, ""p1"": 12.531739521075036, ""p2"": 12.531739521075034, ""pf"": -16.468260478924968}",1111,VALUE_INTEGRATION_CONVERGED,0.0
4,jeffreys,"[0, 1, 0]","[1, 0, 2]",0,13.815337159690614,13.815337159690614,STOP,"{""STOP"": 13.815337159690614}",1111,VALUE_INTEGRATION_CONVERGED,0.0
4,jeffreys,"[0, 1, 0]","[1, 0, 1]",1,13.768467518262428,13.768467518262428,STOP,"{""STOP"": 13.768467518262428, ""p1"": 12.76846751826243, ""p2"": 12.768467518262423, ""pf"": -16.231532481737574}",1111,VALUE_INTEGRATION_CONVERGED,0.0
4,jeffreys,"[0, 1, 0]","[1, 0, 0]",2,13.720418766358058,13.720418766358058,STOP,"{""STOP"": 13.720418766358058, ""p1"": 12.720418766358057, ""p2"": 12.720418766358062, ""pf"": -16.27958123364194}",1111,VALUE_INTEGRATION_CONVERGED,0.0
4,jeffreys,"[0, 0, 0]","[1, 3, 0]",0,14.137571425020152,14.137571425020152,STOP,"{""STOP"": 14.137571425020152}",1111,VALUE_INTEGRATION_CONVERGED,0.0
4,jeffreys,"[0, 0, 1]","[1, 2, 0]",0,13.89096319665478,13.89096319665478,STOP,"{""STOP"": 13.89096319665478}",1111,VALUE_INTEGRATION_CONVERGED,0.0
4,jeffreys,"[0, 0, 0]","[1, 2, 1]",0,14.127691193842168,14.127691193842168,STOP,"{""STOP"": 14.127691193842168}",1111,VALUE_INTEGRATION_CONVERGED,0.0
4,jeffreys,"[0, 0, 0]","[1, 2, 0]",1,14.079642441937795,14.079642441937795,STOP,"{""STOP"": 14.079642441937795, ""p1"": 13.079642441937786, ""p2"": 13.079642441937791, ""pf"": -15.920357558062204}",1111,VALUE_INTEGRATION_CONVERGED,0.0
4,jeffreys,"[0, 0, 2]","[1, 1, 0]",0,13.64291573889604,13.64291573889604,STOP,"{""STOP"": 13.64291573889604}",1111,VALUE_INTEGRATION_CONVERGED,0.0
4,jeffreys,"[0, 0, 1]","[1, 1, 1]",0,13.881987577639745,13.881987577639745,STOP,"{""STOP"": 13.881987577639745}",1111,VALUE_INTEGRATION_CONVERGED,0.0
4,jeffreys,"[0, 0, 1]","[1, 1, 0]",1,13.831594984179059,13.831594984179059,STOP,"{""STOP"": 13.831594984179059, ""p1"": 12.831594984179063, ""p2"": 12.831594984179072, ""pf"": -16.168405015820937}",1111,VALUE_INTEGRATION_CONVERGED,0.0
4,jeffreys,"[0, 0, 0]","[1, 1, 2]",0,14.115192622794627,14.115192622794627,STOP,"{""STOP"": 14.115192622794627}",1111,VALUE_INTEGRATION_CONVERGED,0.0
4,jeffreys,"[0, 0, 0]","[1, 1, 1]",1,14.068322981366457,14.068322981366457,STOP,"{""STOP"": 14.068322981366457, ""p1"": 13.06832298136645, ""p2"": 13.06832298136646, ""pf"": -15.931677018633557}",1111,VALUE_INTEGRATION_CONVERGED,0.0
4,jeffreys,"[0, 0, 0]","[1, 1, 0]",2,14.020274229462082,14.020274229462082,STOP,"{""STOP"": 14.020274229462082, ""p1"": 13.020274229462087, ""p2"": 13.020274229462089, ""pf"": -15.979725770537913}",1111,VALUE_INTEGRATION_CONVERGED,0.0
4,jeffreys,"[0, 0, 3]","[1, 0, 0]",0,13.393374741200835,13.393374741200835,STOP,"{""STOP"": 13.393374741200835}",1111,VALUE_INTEGRATION_CONVERGED,0.0
4,jeffreys,"[0, 0, 2]","[1, 0, 1]",0,13.634790421500842,13.634790421500842,STOP,"{""STOP"": 13.634790421500842}",1111,VALUE_INTEGRATION_CONVERGED,0.0
4,jeffreys,"[0, 0, 2]","[1, 0, 0]",1,13.582053986483851,13.582053986483851,STOP,"{""STOP"": 13.582053986483851, ""p1"": 12.58205398648384, ""p2"": 12.582053986483839, ""pf"": -16.41794601351615}",1111,VALUE_INTEGRATION_CONVERGED,0.0
4,jeffreys,"[0, 0, 1]","[1, 0, 2]",0,13.87028179062784,13.87028179062784,STOP,"{""STOP"": 13.87028179062784}",1111,VALUE_INTEGRATION_CONVERGED,0.0
4,jeffreys,"[0, 0, 1]","[1, 0, 1]",1,13.821125825227531,13.821125825227531,STOP,"{""STOP"": 13.821125825227531, ""p1"": 12.821125825227545, ""p2"": 12.821125825227542, ""pf"": -16.178874174772456}",1111,VALUE_INTEGRATION_CONVERGED,0.0
4,jeffreys,"[0, 0, 1]","[1, 0, 0]",2,13.770733231766854,13.770733231766854,STOP,"{""STOP"": 13.770733231766854, ""p1"": 12.770733231766854, ""p2"": 12.770733231766858, ""pf"": -16.229266768233146}",1111,VALUE_INTEGRATION_CONVERGED,0.0
4,jeffreys,"[0, 0, 0]","[1, 0, 3]",0,14.100064278079042,14.100064278079042,STOP,"{""STOP"": 14.100064278079042}",1111,VALUE_INTEGRATION_CONVERGED,0.0
4,jeffreys,"[0, 0, 0]","[1, 0, 2]",1,14.054330870382438,14.054330870382438,STOP,"{""STOP"": 14.054330870382438, ""p1"": 13.054330870382437, ""p2"": 13.054330870382428, ""pf"": -15.945669129617556}",1111,VALUE_INTEGRATION_CONVERGED,0.0
4,jeffreys,"[0, 0, 0]","[1, 0, 1]",2,14.00746122895426,14.00746122895426,STOP,"{""STOP"": 14.00746122895426, ""p1"": 13.007461228954261, ""p2"": 13.007461228954254, ""pf"": -15.992538771045755}",1111,VALUE_INTEGRATION_CONVERGED,0.0
4,jeffreys,"[0, 0, 0]","[1, 0, 0]",3,13.959412477049884,13.959412477049884,STOP,"{""STOP"": 13.959412477049884, ""p1"": 12.959412477049886, ""p2"": 12.95941247704988, ""pf"": -16.040587522950112}",1111,VALUE_INTEGRATION_CONVERGED,0.0
4,jeffreys,"[0, 4, 0]","[0, 0, 0]",0,12.987421383647792,12.987421383647792,STOP,"{""STOP"": 12.987421383647792}",1111,VALUE_INTEGRATION_CONVERGED,0.0
4,jeffreys,"[0, 3, 0]","[0, 1, 0]",0,13.296183444665818,13.296183444665818,STOP,"{""STOP"": 13.296183444665818}",1111,VALUE_INTEGRATION_CONVERGED,0.0
4,jeffreys,"[0, 3, 1]","[0, 0, 0]",0,13.037735849056599,13.037735849056599,STOP,"{""STOP"": 13.037735849056599}",1111,VALUE_INTEGRATION_CONVERGED,0.0
4,jeffreys,"[0, 3, 0]","[0, 0, 1]",0,13.274463846243993,13.274463846243993,STOP,"{""STOP"": 13.274463846243993}",1111,VALUE_INTEGRATION_CONVERGED,0.0
4,jeffreys,"[0, 3, 0]","[0, 0, 0]",1,13.226415094339611,13.226415094339611,STOP,"{""STOP"": 13.226415094339611, ""p1"": 12.226415094339616, ""p2"": 12.22641509433963, ""pf"": -16.77358490566038}",1111,VALUE_INTEGRATION_CONVERGED,0.0
4,jeffreys,"[0, 2, 0]","[0, 2, 0]",0,13.597368522591356,13.597368522591356,STOP,"{""STOP"": 13.597368522591356}",1111,VALUE_INTEGRATION_CONVERGED,0.0
4,jeffreys,"[0, 2, 1]","[0, 1, 0]",0,13.343529044103283,13.343529044103283,STOP,"{""STOP"": 13.343529044103283}",1111,VALUE_INTEGRATION_CONVERGED,0.0
4,jeffreys,"[0, 2, 0]","[0, 1, 1]",0,13.580257041290658,13.580257041290658,STOP,"{""STOP"": 13.580257041290658}",1111,VALUE_INTEGRATION_CONVERGED,0.0
4,jeffreys,"[0, 2, 0]","[0, 1, 0]",1,13.53220828938629,13.53220828938629,STOP,"{""STOP"": 13.53220828938629, ""p1"": 12.532208289386299, ""p2"": 12.532208289386311, ""pf"": -16.46779171061371}",1111,VALUE_INTEGRATION_CONVERGED,0.0
4,jeffreys,"[0, 2, 2]","[0, 0, 0]",0,13.088050314465393,13.088050314465393,STOP,"{""STOP"": 13.088050314465393}",1111,VALUE_INTEGRATION_CONVERGED,0.0
4,jeffreys,"[0, 2, 1]","[0, 0, 1]",0,13.327122153209118,13.327122153209118,STOP,"{""STOP"": 13.327122153209118}",1111,VALUE_INTEGRATION_CONVERGED,0.0
4,jeffreys,"[0, 2, 1]","[0, 0, 0]",1,13.276729559748432,13.276729559748432,STOP,"{""STOP"": 13.276729559748432, ""p1"": 12.276729559748414, ""p2"": 12.276729559748425, ""pf"": -16.723270440251568}",1111,VALUE_INTEGRATION_CONVERGED,0.0
4,jeffreys,"[0, 2, 0]","[0, 0, 2]",0,13.560327198363993,13.560327198363993,STOP,"{""STOP"": 13.560327198363993}",1111,VALUE_INTEGRATION_CONVERGED,0.0
4,jeffreys,"[0, 2, 0]","[0, 0, 1]",1,13.513457556935808,13.513457556935808,STOP,"{""STOP"": 13.513457556935808, ""p1"": 12.513457556935807, ""p2"": 12.513457556935803, ""pf"": -16.48654244306419}",1111,VALUE_INTEGRATION_CONVERGED,0.0
4,jeffreys,"[0, 2, 0]","[0, 0, 0]",2,13.465408805031458,13.465408805031458,STOP,"{""STOP"": 13.465408805031458, ""p1"": 12.465408805031446, ""p2"": 12.465408805031434, ""pf"": -16.53459119496856}",1111,VALUE_INTEGRATION_CONVERGED,0.0
4,jeffreys,"[0, 1, 0]","[0, 3, 0]",0,13.891252144082337,13.891252144082337,STOP,"{""STOP"": 13.891252144082337}",1111,VALUE_INTEGRATION_CONVERGED,0.0
4,jeffreys,"[0, 1, 1]","[0, 2, 0]",0,13.641818111664161,13.641818111664161,STOP,"{""STOP"": 13.641818111664161}",1111,VALUE_INTEGRATION_CONVERGED,0.0
4,jeffreys,"[0, 1, 0]","[0, 2, 1]",0,13.878546108851536,13.878546108851536,STOP,"{""STOP"": 13.878546108851536}",1111,VALUE_INTEGRATION_CONVERGED,0.0
4,jeffreys,"[0, 1, 0]","[0, 2, 0]",1,13.83049735694718,13.83049735694718,STOP,"{""STOP"": 13.83049735694718, ""p1"": 12.830497356947163, ""p2"": 12.830497356947184, ""pf"": -16.16950264305283}",1111,VALUE_INTEGRATION_CONVERGED,0.0
4,jeffreys,"[0, 1, 2]","[0, 1, 0]",0,13.390874643540762,13.390874643540762,STOP,"{""STOP"": 13.390874643540762}",1111,VALUE_INTEGRATION_CONVERGED,0.0
4,jeffreys,"[0, 1, 1]","[0, 1, 1]",0,13.629946482284456,13.629946482284456,STOP,"{""STOP"": 13.629946482284456}",1111,VALUE_INTEGRATION_CONVERGED,0.0
4,jeffreys,"[0, 1, 1]","[0, 1, 0]",1,13.579553888823787,13.579553888823787,STOP,"{""STOP"": 13.579553888823787, ""p1"": 12.579553888823778, ""p2"": 12.579553888823783, ""pf"": -16.420446111176226}",1111,VALUE_INTEGRATION_CONVERGED,0.0
4,jeffreys,"[0, 1, 0]","[0, 1, 2]",0,13.863151527439369,13.863151527439369,STOP,"{""STOP"": 13.863151527439369}",1111,VALUE_INTEGRATION_CONVERGED,0.0
4,jeffreys,"[0, 1, 0]","[0, 1, 1]",1,13.816281886011168,13.816281886011168,STOP,"{""STOP"": 13.816281886011168, ""p1"": 12.816281886011172, ""p2"": 12.816281886011158, ""pf"": -16.183718113988824}",1111,VALUE_INTEGRATION_CONVERGED,0.0
4,jeffreys,"[0, 1, 0]","[0, 1, 0]",2,13.76823313410681,13.76823313410681,STOP,"{""STOP"": 13.76823313410681, ""p1"": 12.768233134106808, ""p2"": 12.7682331341068, ""pf"": -16.231766865893203}",1111,VALUE_INTEGRATION_CONVERGED,0.0
4,jeffreys,"[0, 1, 3]","[0, 0, 0]",0,13.138364779874205,13.138364779874205,STOP,"{""STOP"": 13.138364779874205}",1111,VALUE_INTEGRATION_CONVERGED,0.0
4,jeffreys,"[0, 1, 2]","[0, 0, 1]",0,13.37978046017422,13.37978046017422,STOP,"{""STOP"": 13.37978046017422}",1111,VALUE_INTEGRATION_CONVERGED,0.0
4,jeffreys,"[0, 1, 2]","[0, 0, 0]",1,13.32704402515723,13.32704402515723,STOP,"{""STOP"": 13.32704402515723, ""p1"": 12.32704402515723, ""p2"": 12.327044025157228, ""pf"": -16.672955974842775}",1111,VALUE_INTEGRATION_CONVERGED,0.0
4,jeffreys,"[0, 1, 1]","[0, 0, 2]",0,13.615271829301218,13.615271829301218,STOP,"{""STOP"": 13.615271829301218}",1111,VALUE_INTEGRATION_CONVERGED,0.0
4,jeffreys,"[0, 1, 1]","[0, 0, 1]",1,13.566115863900936,13.566115863900936,STOP,"{""STOP"": 13.566115863900936, ""p1"": 12.56611586390093, ""p2"": 12.56611586390093, ""pf"": -16.433884136099074}",1111,VALUE_INTEGRATION_CONVERGED,0.0
4,jeffreys,"[0, 1, 1]","[0, 0, 0]",2,13.515723270440265,13.515723270440265,STOP,"{""STOP"": 13.515723270440265, ""p1"": 12.51572327044025, ""p2"": 12.515723270440256, ""pf"": -16.484276729559745}",1111,VALUE_INTEGRATION_CONVERGED,0.0
4,jeffreys,"[0, 1, 0]","[0, 0, 3]",0,13.845054316752417,13.845054316752417,STOP,"{""STOP"": 13.845054316752417}",1111,VALUE_INTEGRATION_CONVERGED,0.0
4,jeffreys,"[0, 1, 0]","[0, 0, 2]",1,13.799320909055822,13.799320909055822,STOP,"{""STOP"": 13.799320909055822, ""p1"": 12.799320909055826, ""p2"": 12.799320909055833, ""pf"": -16.200679090944178}",1111,VALUE_INTEGRATION_CONVERGED,0.0
4,jeffreys,"[0, 1, 0]","[0, 0, 1]",2,13.752451267627627,13.752451267627627,STOP,"{""STOP"": 13.752451267627627, ""p1"": 12.752451267627638, ""p2"": 12.752451267627636, ""pf"": -16.247548732372366}",1111,VALUE_INTEGRATION_CONVERGED,0.0
4,jeffreys,"[0, 1, 0]","[0, 0, 0]",3,13.704402515723254,13.704402515723254,STOP,"{""STOP"": 13.704402515723254, ""p1"": 12.704402515723267, ""p2"": 12.70440251572328, ""pf"": -16.295597484276737}",1111,VALUE_INTEGRATION_CONVERGED,0.0
4,jeffreys,"[0, 0, 0]","[0, 4, 0]",0,14.178096636914852,14.178096636914852,STOP,"{""STOP"": 14.178096636914852}",1111,VALUE_INTEGRATION_CONVERGED,0.0
4,jeffreys,"[0, 0, 1]","[0, 3, 0]",0,13.932875929102337,13.932875929102337,STOP,"{""STOP"": 13.932875929102337}",1111,VALUE_INTEGRATION_CONVERGED,0.0
4,jeffreys,"[0, 0, 0]","[0, 3, 1]",0,14.169603926289735,14.169603926289735,STOP,"{""STOP"": 14.169603926289735}",1111,VALUE_INTEGRATION_CONVERGED,0.0
4,jeffreys,"[0, 0, 0]","[0, 3, 0]",1,14.121555174385374,14.121555174385374,STOP,"{""STOP"": 14.121555174385374, ""p1"": 13.121555174385364, ""p2"": 13.121555174385366, ""pf"": -15.878444825614638}",1111,VALUE_INTEGRATION_CONVERGED,0.0
4,jeffreys,"[0, 0, 2]","[0, 2, 0]",0,13.68626770073697,13.68626770073697,STOP,"{""STOP"": 13.68626770073697}",1111,VALUE_INTEGRATION_CONVERGED,0.0
4,jeffreys,"[0, 0, 1]","[0, 2, 1]",0,13.925339539480671,13.925339539480671,STOP,"{""STOP"": 13.925339539480671}",1111,VALUE_INTEGRATION_CONVERGED,0.0
4,jeffreys,"[0, 0, 1]","[0, 2, 0]",1,13.874946946019982,13.874946946019982,STOP,"{""STOP"": 13.874946946019982, ""p1"": 12.87494694601999, ""p2"": 12.874946946019982, ""pf"": -16.12505305398001}",1111,VALUE_INTEGRATION_CONVERGED,0.0
4,jeffreys,"[0, 0, 0]","[0, 2, 2]",0,14.15854458463555,14.15854458463555,STOP,"{""STOP"": 14.15854458463555}",1111,VALUE_INTEGRATION_CONVERGED,0.0
4,jeffreys,"[0, 0, 0]","[0, 2, 1]",1,14.111674943207365,14.111674943207365,STOP,"{""STOP"": 14.111674943207365, ""p1"": 13.111674943207376, ""p2"": 13.111674943207376, ""pf"": -15.888325056792638}",1111,VALUE_INTEGRATION_CONVERGED,0.0
4,jeffreys,"[0, 0, 0]","[0, 2, 0]",2,14.06362619130299,14.06362619130299,STOP,"{""STOP"": 14.06362619130299, ""p1"": 13.063626191303007, ""p2"": 13.063626191303015, ""pf"": -15.936373808697004}",1111,VALUE_INTEGRATION_CONVERGED,0.0
4,jeffreys,"[0, 0, 3]","[0, 1, 0]",0,13.438220242978234,13.438220242978234,STOP,"{""STOP"": 13.438220242978234}",1111,VALUE_INTEGRATION_CONVERGED,0.0
4,jeffreys,"[0, 0, 2]","[0, 1, 1]",0,13.679635923278253,13.679635923278253,STOP,"{""STOP"": 13.679635923278253}",1111,VALUE_INTEGRATION_CONVERGED,0.0
4,jeffreys,"[0, 0, 2]","[0, 1, 0]",1,13.626899488261257,13.626899488261257,STOP,"{""STOP"": 13.626899488261257, ""p1"": 12.626899488261254, ""p2"": 12.626899488261262, ""pf"": -16.37310051173874}",1111,VALUE_INTEGRATION_CONVERGED,0.0
4,jeffreys,"[0, 0, 1]","[0, 1, 2]",0,13.91512729240526,13.91512729240526,STOP,"{""STOP"": 13.91512729240526}",1111,VALUE_INTEGRATION_CONVERGED,0.0
4,jeffreys,"[0, 0, 1]","[0, 1, 1]",1,13.865971327004956,13.865971327004956,STOP,"{""STOP"": 13.865971327004956, ""p1"": 12.865971327004956, ""p2"": 12.865971327004962, ""pf"": -16.134028672995036}",1111,VALUE_INTEGRATION_CONVERGED,0.0
4,jeffreys,"[0, 0, 1]","[0, 1, 0]",2,13.815578733544276,13.815578733544276,STOP,"{""STOP"": 13.815578733544276, ""p1"": 12.815578733544275, ""p2"": 12.815578733544276, ""pf"": -16.184421266455725}",1111,VALUE_INTEGRATION_CONVERGED,0.0
4,jeffreys,"[0, 0, 0]","[0, 1, 3]",0,14.144909779856462,14.144909779856462,STOP,"{""STOP"": 14.144909779856462}",1111,VALUE_INTEGRATION_CONVERGED,0.0
4,jeffreys,"[0, 0, 0]","[0, 1, 2]",1,14.099176372159842,14.099176372159842,STOP,"{""STOP"": 14.099176372159842, ""p1"": 13.09917637215984, ""p2"": 13.099176372159848, ""pf"": -15.900823627840138}",1111,VALUE_INTEGRATION_CONVERGED,0.0
4,jeffreys,"[0, 0, 0]","[0, 1, 1]",2,14.052306730731676,14.052306730731676,STOP,"{""STOP"": 14.052306730731676, ""p1"": 13.052306730731665, ""p2"": 13.052306730731662, ""pf"": -15.947693269268344}",1111,VALUE_INTEGRATION_CONVERGED,0.0
4,jeffreys,"[0, 0, 0]","[0, 1, 0]",3,14.004257978827297,14.004257978827297,STOP,"{""STOP"": 14.004257978827297, ""p1"": 13.004257978827296, ""p2"": 13.004257978827289, ""pf"": -15.995742021172697}",1111,VALUE_INTEGRATION_CONVERGED,0.0
4,jeffreys,"[0, 0, 4]","[0, 0, 0]",0,13.188679245283016,13.188679245283016,STOP,"{""STOP"": 13.188679245283016}",1111,VALUE_INTEGRATION_CONVERGED,0.0
4,jeffreys,"[0, 0, 3]","[0, 0, 1]",0,13.432438767139361,13.432438767139361,STOP,"{""STOP"": 13.432438767139361}",1111,VALUE_INTEGRATION_CONVERGED,0.0
4,jeffreys,"[0, 0, 3]","[0, 0, 0]",1,13.377358490566035,13.377358490566035,STOP,"{""STOP"": 13.377358490566035, ""p1"": 12.377358490566044, ""p2"": 12.377358490566031, ""pf"": -16.622641509433947}",1111,VALUE_INTEGRATION_CONVERGED,0.0
4,jeffreys,"[0, 0, 2]","[0, 0, 2]",0,13.670216460238459,13.670216460238459,STOP,"{""STOP"": 13.670216460238459}",1111,VALUE_INTEGRATION_CONVERGED,0.0
4,jeffreys,"[0, 0, 2]","[0, 0, 1]",1,13.61877417086605,13.61877417086605,STOP,"{""STOP"": 13.61877417086605, ""p1"": 12.61877417086605, ""p2"": 12.61877417086605, ""pf"": -16.38122582913394}",1111,VALUE_INTEGRATION_CONVERGED,0.0
4,jeffreys,"[0, 0, 2]","[0, 0, 0]",2,13.566037735849052,13.566037735849052,STOP,"{""STOP"": 13.566037735849052, ""p1"": 12.56603773584906, ""p2"": 12.566037735849054, ""pf"": -16.433962264150942}",1111,VALUE_INTEGRATION_CONVERGED,0.0
4,jeffreys,"[0, 0, 1]","[0, 0, 3]",0,13.902229845626074,13.902229845626074,STOP,"{""STOP"": 13.902229845626074}",1111,VALUE_INTEGRATION_CONVERGED,0.0
4,jeffreys,"[0, 0, 1]","[0, 0, 2]",1,13.854265539993047,13.854265539993047,STOP,"{""STOP"": 13.854265539993047, ""p1"": 12.854265539993051, ""p2"": 12.854265539993053, ""pf"": -16.145734460006942}",1111,VALUE_INTEGRATION_CONVERGED,0.0
4,jeffreys,"[0, 0, 1]","[0, 0, 1]",2,13.805109574592759,13.805109574592759,STOP,"{""STOP"": 13.805109574592759, ""p1"": 12.805109574592743, ""p2"": 12.805109574592755, ""pf"": -16.194890425407248}",1111,VALUE_INTEGRATION_CONVERGED,0.0
4,jeffreys,"[0, 0, 1]","[0, 0, 0]",3,13.754716981132079,13.754716981132079,STOP,"{""STOP"": 13.754716981132079, ""p1"": 12.754716981132066, ""p2"": 12.754716981132077, ""pf"": -16.245283018867923}",1111,VALUE_INTEGRATION_CONVERGED,0.0
4,jeffreys,"[0, 0, 0]","[0, 0, 4]",0,14.128686024178066,14.128686024178066,STOP,"{""STOP"": 14.128686024178066}",1111,VALUE_INTEGRATION_CONVERGED,0.0
4,jeffreys,"[0, 0, 0]","[0, 0, 3]",1,14.084048027444249,14.084048027444249,STOP,"{""STOP"": 14.084048027444249, ""p1"": 13.084048027444254, ""p2"": 13.084048027444254, ""pf"": -15.91595197255574}",1111,VALUE_INTEGRATION_CONVERGED,0.0
4,jeffreys,"[0, 0, 0]","[0, 0, 2]",2,14.038314619747634,14.038314619747634,STOP,"{""STOP"": 14.038314619747634, ""p1"": 13.038314619747652, ""p2"": 13.038314619747641, ""pf"": -15.96168538025235}",1111,VALUE_INTEGRATION_CONVERGED,0.0
4,jeffreys,"[0, 0, 0]","[0, 0, 1]",3,13.991444978319466,13.991444978319466,STOP,"{""STOP"": 13.991444978319466, ""p1"": 12.99144497831947, ""p2"": 12.99144497831947, ""pf"": -16.00855502168055}",1111,VALUE_INTEGRATION_CONVERGED,0.0
4,jeffreys,"[0, 0, 0]","[0, 0, 0]",4,13.943396226415093,13.943396226415093,STOP,"{""STOP"": 13.943396226415093, ""p1"": 12.943396226415091, ""p2"": 12.943396226415091, ""pf"": -16.056603773584904}",1111,VALUE_INTEGRATION_CONVERGED,0.0
5,uniform,"[4, 0, 0]","[0, 0, 0]",0,8.883032407407395,8.883032407407395,STOP,"{""STOP"": 8.883032407407395}",0110,VALUE_INTEGRATION_CONVERGED,0.0
5,uniform,"[3, 0, 0]","[1, 0, 0]",0,9.400801282051273,9.400801282051273,STOP,"{""STOP"": 9.400801282051273}",0110,VALUE_INTEGRATION_CONVERGED,0.0
5,uniform,"[3, 1, 0]","[0, 0, 0]",0,9.023777777777777,9.023777777777777,STOP,"{""STOP"": 9.023777777777777}",0110,VALUE_INTEGRATION_CONVERGED,0.0
5,uniform,"[3, 0, 0]","[0, 1, 0]",0,9.411614083219018,9.411614083219018,STOP,"{""STOP"": 9.411614083219018}",0110,VALUE_INTEGRATION_CONVERGED,0.0
5,uniform,"[3, 0, 1]","[0, 0, 0]",0,8.86970370370372,8.86970370370372,STOP,"{""STOP"": 8.86970370370372}",0110,VALUE_INTEGRATION_CONVERGED,0.0
5,uniform,"[3, 0, 0]","[0, 0, 1]",0,9.38761904761905,9.38761904761905,STOP,"{""STOP"": 9.38761904761905}",0110,VALUE_INTEGRATION_CONVERGED,0.0
5,uniform,"[3, 0, 0]","[0, 0, 0]",1,9.331765432098766,9.331765432098766,STOP,"{""STOP"": 9.331765432098766, ""p1"": 1.3317654320987558, ""p2"": 8.331765432098763, ""pf"": -20.66823456790123}",0110,VALUE_INTEGRATION_CONVERGED,0.0
5,uniform,"[2, 0, 0]","[2, 0, 0]",0,9.907314311594206,9.907314311594206,STOP,"{""STOP"": 9.907314311594206}",0110,VALUE_INTEGRATION_CONVERGED,0.0
5,uniform,"[2, 1, 0]","[1, 0, 0]",0,9.540000000000003,9.540000000000003,STOP,"{""STOP"": 9.540000000000003}",0110,VALUE_INTEGRATION_CONVERGED,0.0
5,uniform,"[2, 0, 0]","[1, 1, 0]",0,9.923574368018805,9.923574368018805,STOP,"{""STOP"": 9.923574368018805}",0110,VALUE_INTEGRATION_CONVERGED,0.0
5,uniform,"[2, 0, 1]","[1, 0, 0]",0,9.387619047619054,9.387619047619054,STOP,"{""STOP"": 9.387619047619054}",0110,VALUE_INTEGRATION_CONVERGED,0.0
5,uniform,"[2, 0, 0]","[1, 0, 1]",0,9.899843014128725,9.899843014128725,STOP,"{""STOP"": 9.899843014128725}",0110,VALUE_INTEGRATION_CONVERGED,0.0
5,uniform,"[2, 0, 0]","[1, 0, 0]",1,9.844603174603177,9.844603174603177,STOP,"{""STOP"": 9.844603174603177, ""p1"": 1.8446031746031757, ""p2"": 8.84460317460317, ""pf"": -20.155396825396828}",0110,VALUE_INTEGRATION_CONVERGED,0.0
5,uniform,"[2, 2, 0]","[0, 0, 0]",0,9.170445987654318,9.170445987654318,STOP,"{""STOP"": 9.170445987654318}",0110,VALUE_INTEGRATION_CONVERGED,0.0
5,uniform,"[2, 1, 0]","[0, 1, 0]",0,9.55831885383326,9.55831885383326,STOP,"{""STOP"": 9.55831885383326}",0110,VALUE_INTEGRATION_CONVERGED,0.0
5,uniform,"[2, 1, 1]","[0, 0, 0]",0,9.014833333333353,9.014833333333353,STOP,"{""STOP"": 9.014833333333353}",0110,VALUE_INTEGRATION_CONVERGED,0.0
5,uniform,"[2, 1, 0]","[0, 0, 1]",0,9.531153846153849,9.531153846153849,STOP,"{""STOP"": 9.531153846153849}",0110,VALUE_INTEGRATION_CONVERGED,0.0
5,uniform,"[2, 1, 0]","[0, 0, 0]",1,9.475472222222216,9.475472222222216,STOP,"{""STOP"": 9.475472222222216, ""p1"": 1.4754722222222245, ""p2"": 8.475472222222223, ""pf"": -20.52452777777777}",0110,VALUE_INTEGRATION_CONVERGED,0.0
5,uniform,"[2, 0, 0]","[0, 2, 0]",0,9.936731406202956,9.936731406202956,STOP,"{""STOP"": 9.936731406202956}",0110,VALUE_INTEGRATION_CONVERGED,0.0
5,uniform,"[2, 0, 1]","[0, 1, 0]",0,9.402743484224974,9.402743484224974,STOP,"{""STOP"": 9.402743484224974}",0110,VALUE_INTEGRATION_CONVERGED,0.0
5,uniform,"[2, 0, 0]","[0, 1, 1]",0,9.91480124813458,9.91480124813458,STOP,"{""STOP"": 9.91480124813458}",0110,VALUE_INTEGRATION_CONVERGED,0.0
5,uniform,"[2, 0, 0]","[0, 1, 0]",1,9.859579332418834,9.859579332418834,STOP,"{""STOP"": 9.859579332418834, ""p1"": 1.859579332418832, ""p2"": 8.859579332418843, ""pf"": -20.14042066758116}",0110,VALUE_INTEGRATION_CONVERGED,0.0
5,uniform,"[2, 0, 2]","[0, 0, 0]",0,8.865260802469138,8.865260802469138,STOP,"{""STOP"": 8.865260802469138}",0110,VALUE_INTEGRATION_CONVERGED,0.0
5,uniform,"[2, 0, 1]","[0, 0, 1]",0,9.383224969474956,9.383224969474956,STOP,"{""STOP"": 9.383224969474956}",0110,VALUE_INTEGRATION_CONVERGED,0.0
5,uniform,"[2, 0, 1]","[0, 0, 0]",1,9.322879629629641,9.322879629629641,STOP,"{""STOP"": 9.322879629629641, ""p1"": 1.3228796296296377, ""p2"": 8.322879629629641, ""pf"": -20.677120370370382}",0110,VALUE_INTEGRATION_CONVERGED,0.0
5,uniform,"[2, 0, 0]","[0, 0, 2]",0,9.889929045893732,9.889929045893732,STOP,"{""STOP"": 9.889929045893732}",0110,VALUE_INTEGRATION_CONVERGED,0.0
5,uniform,"[2, 0, 0]","[0, 0, 1]",1,9.835815018315024,9.835815018315024,STOP,"{""STOP"": 9.835815018315024, ""p1"": 1.8358150183150173, ""p2"": 8.835815018315019, ""pf"": -20.164184981684972}",0110,VALUE_INTEGRATION_CONVERGED,0.0
5,uniform,"[2, 0, 0]","[0, 0, 0]",2,9.780498456790124,9.780498456790124,STOP,"{""STOP"": 9.780498456790124, ""p1"": 1.7804984567901254, ""p2"": 8.78049845679012, ""pf"": -20.21950154320987}",0110,VALUE_INTEGRATION_CONVERGED,0.0
5,uniform,"[1, 0, 0]","[3, 0, 0]",0,10.402934587813608,10.402934587813608,STOP,"{""STOP"": 10.402934587813608}",0110,VALUE_INTEGRATION_CONVERGED,0.0
5,uniform,"[1, 1, 0]","[2, 0, 0]",0,10.045000000000005,10.045000000000005,STOP,"{""STOP"": 10.045000000000005}",0110,VALUE_INTEGRATION_CONVERGED,0.0
5,uniform,"[1, 0, 0]","[2, 1, 0]",0,10.424405081409912,10.424405081409912,STOP,"{""STOP"": 10.424405081409912}",0110,VALUE_INTEGRATION_CONVERGED,0.0
5,uniform,"[1, 0, 1]","[2, 0, 0]",0,9.894275362318856,9.894275362318856,STOP,"{""STOP"": 9.894275362318856}",0110,VALUE_INTEGRATION_CONVERGED,0.0
5,uniform,"[1, 0, 0]","[2, 0, 1]",0,10.40093167701864,10.40093167701864,STOP,"{""STOP"": 10.40093167701864}",0110,VALUE_INTEGRATION_CONVERGED,0.0
5,uniform,"[1, 0, 0]","[2, 0, 0]",1,10.346292270531404,10.346292270531404,STOP,"{""STOP"": 10.346292270531404, ""p1"": 2.346292270531391, ""p2"": 9.346292270531404, ""pf"": -19.653707729468593}",0110,VALUE_INTEGRATION_CONVERGED,0.0
5,uniform,"[1, 2, 0]","[1, 0, 0]",0,9.685056471306464,9.685056471306464,STOP,"{""STOP"": 9.685056471306464}",0110,VALUE_INTEGRATION_CONVERGED,0.0
5,uniform,"[1, 1, 0]","[1, 1, 0]",0,10.068666998296623,10.068666998296623,STOP,"{""STOP"": 10.068666998296623}",0110,VALUE_INTEGRATION_CONVERGED,0.0
5,uniform,"[1, 1, 1]","[1, 0, 0]",0,9.531153846153854,9.531153846153854,STOP,"{""STOP"": 9.531153846153854}",0110,VALUE_INTEGRATION_CONVERGED,0.0
5,uniform,"[1, 1, 0]","[1, 0, 1]",0,10.04180050718512,10.04180050718512,STOP,"{""STOP"": 10.04180050718512}",0110,VALUE_INTEGRATION_CONVERGED,0.0
5,uniform,"[1, 1, 0]","[1, 0, 0]",1,9.98673076923076,9.98673076923076,STOP,"{""STOP"": 9.98673076923076, ""p1"": 1.986730769230773, ""p2"": 8.986730769230764, ""pf"": -20.013269230769232}",0110,VALUE_INTEGRATION_CONVERGED,0.0
5,uniform,"[1, 0, 0]","[1, 2, 0]",0,10.44292117096995,10.44292117096995,STOP,"{""STOP"": 10.44292117096995}",0110,VALUE_INTEGRATION_CONVERGED,0.0
5,uniform,"[1, 0, 1]","[1, 1, 0]",0,9.914801248134578,9.914801248134578,STOP,"{""STOP"": 9.914801248134578}",0110,VALUE_INTEGRATION_CONVERGED,0.0
5,uniform,"[1, 0, 0]","[1, 1, 1]",0,10.421232003649578,10.421232003649578,STOP,"{""STOP"": 10.421232003649578}",0110,VALUE_INTEGRATION_CONVERGED,0.0
5,uniform,"[1, 0, 0]","[1, 1, 0]",1,10.366616922172465,10.366616922172465,STOP,"{""STOP"": 10.366616922172465, ""p1"": 2.3666169221724758, ""p2"": 9.366616922172476, ""pf"": -19.63338307782753}",0110,VALUE_INTEGRATION_CONVERGED,0.0
5,uniform,"[1, 0, 2]","[1, 0, 0]",0,9.383224969474963,9.383224969474963,STOP,"{""STOP"": 9.383224969474963}",0110,VALUE_INTEGRATION_CONVERGED,0.0
5,uniform,"[1, 0, 1]","[1, 0, 1]",0,9.89549722255765,9.89549722255765,STOP,"{""STOP"": 9.89549722255765}",0110,VALUE_INTEGRATION_CONVERGED,0.0
5,uniform,"[1, 0, 1]","[1, 0, 0]",1,9.83581501831502,9.83581501831502,STOP,"{""STOP"": 9.83581501831502, ""p1"": 1.8358150183150324, ""p2"": 8.835815018315017, ""pf"": -20.16418498168499}",0110,VALUE_INTEGRATION_CONVERGED,0.0
5,uniform,"[1, 0, 0]","[1, 0, 2]",0,10.396633122312473,10.396633122312473,STOP,"{""STOP"": 10.396633122312473}",0110,VALUE_INTEGRATION_CONVERGED,0.0
5,uniform,"[1, 0, 0]","[1, 0, 1]",1,10.343113754377487,10.343113754377487,STOP,"{""STOP"": 10.343113754377487, ""p1"": 2.3431137543774954, ""p2"": 9.343113754377484, ""pf"": -19.65688624562251}",0110,VALUE_INTEGRATION_CONVERGED,0.0
5,uniform,"[1, 0, 0]","[1, 0, 0]",2,10.288405067155052,10.288405067155052,STOP,"{""STOP"": 10.288405067155052, ""p1"": 2.28840506715507, ""p2"": 9.288405067155056, ""pf"": -19.711594932844935}",0110,VALUE_INTEGRATION_CONVERGED,0.0
5,uniform,"[1, 3, 0]","[0, 0, 0]",0,9.323037037037047,9.323037037037047,STOP,"{""STOP"": 9.323037037037047}",0110,VALUE_INTEGRATION_CONVERGED,0.0
5,uniform,"[1, 2, 0]","[0, 1, 0]",0,9.71087334247828,9.71087334247828,STOP,"{""STOP"": 9.71087334247828}",0110,VALUE_INTEGRATION_CONVERGED,0.0
5,uniform,"[1, 2, 1]","[0, 0, 0]",0,9.165944444444468,9.165944444444468,STOP,"{""STOP"": 9.165944444444468}",0110,VALUE_INTEGRATION_CONVERGED,0.0
5,uniform,"[1, 2, 0]","[0, 0, 1]",0,9.680604395604405,9.680604395604405,STOP,"{""STOP"": 9.680604395604405}",0110,VALUE_INTEGRATION_CONVERGED,0.0
5,uniform,"[1, 2, 0]","[0, 0, 0]",1,9.625101851851863,9.625101851851863,STOP,"{""STOP"": 9.625101851851863, ""p1"": 1.625101851851845, ""p2"": 8.625101851851852, ""pf"": -20.374898148148137}",0110,VALUE_INTEGRATION_CONVERGED,0.0
5,uniform,"[1, 1, 0]","[0, 2, 0]",0,10.089250225835599,10.089250225835599,STOP,"{""STOP"": 10.089250225835599}",0110,VALUE_INTEGRATION_CONVERGED,0.0
5,uniform,"[1, 1, 1]","[0, 1, 0]",0,9.553854595336102,9.553854595336102,STOP,"{""STOP"": 9.553854595336102}",0110,VALUE_INTEGRATION_CONVERGED,0.0
5,uniform,"[1, 1, 0]","[0, 1, 1]",0,10.064251797585152,10.064251797585152,STOP,"{""STOP"": 10.064251797585152}",0110,VALUE_INTEGRATION_CONVERGED,0.0
5,uniform,"[1, 1, 0]","[0, 1, 0]",1,10.009208962048476,10.009208962048476,STOP,"{""STOP"": 10.009208962048476, ""p1"": 2.009208962048465, ""p2"": 9.009208962048474, ""pf"": -19.99079103795151}",0110,VALUE_INTEGRATION_CONVERGED,0.0
5,uniform,"[1, 1, 2]","[0, 0, 0]",0,9.01483333333335,9.01483333333335,STOP,"{""STOP"": 9.01483333333335}",0110,VALUE_INTEGRATION_CONVERGED,0.0
5,uniform,"[1, 1, 1]","[0, 0, 1]",0,9.531153846153858,9.531153846153858,STOP,"{""STOP"": 9.531153846153858}",0110,VALUE_INTEGRATION_CONVERGED,0.0
5,uniform,"[1, 1, 1]","[0, 0, 0]",1,9.47100000000003,9.47100000000003,STOP,"{""STOP"": 9.47100000000003, ""p1"": 1.4710000000000107, ""p2"": 8.471000000000025, ""pf"": -20.52899999999999}",0110,VALUE_INTEGRATION_CONVERGED,0.0
5,uniform,"[1, 1, 0]","[0, 0, 2]",0,10.036250000000024,10.036250000000024,STOP,"{""STOP"": 10.036250000000024}",0110,VALUE_INTEGRATION_CONVERGED,0.0
5,uniform,"[1, 1, 0]","[0, 0, 1]",1,9.982307692307698,9.982307692307698,STOP,"{""STOP"": 9.982307692307698, ""p1"": 1.9823076923076917, ""p2"": 8.98230769230771, ""pf"": -20.017692307692286}",0110,VALUE_INTEGRATION_CONVERGED,0.0
5,uniform,"[1, 1, 0]","[0, 0, 0]",2,9.927166666666675,9.927166666666675,STOP,"{""STOP"": 9.927166666666675, ""p1"": 1.9271666666666585, ""p2"": 8.927166666666675, ""pf"": -20.072833333333325}",0110,VALUE_INTEGRATION_CONVERGED,0.0
5,uniform,"[1, 0, 0]","[0, 3, 0]",0,10.458509593931293,10.458509593931293,STOP,"{""STOP"": 10.458509593931293}",0110,VALUE_INTEGRATION_CONVERGED,0.0
5,uniform,"[1, 0, 1]","[0, 2, 0]",0,9.932303523035248,9.932303523035248,STOP,"{""STOP"": 9.932303523035248}",0110,VALUE_INTEGRATION_CONVERGED,0.0
5,uniform,"[1, 0, 0]","[0, 2, 1]",0,10.438541945859036,10.438541945859036,STOP,"{""STOP"": 10.438541945859036}",0110,VALUE_INTEGRATION_CONVERGED,0.0
5,uniform,"[1, 0, 0]","[0, 2, 0]",1,10.383947606142733,10.383947606142733,STOP,"{""STOP"": 10.383947606142733, ""p1"": 2.383947606142727, ""p2"": 9.38394760614274, ""pf"": -19.616052393857256}",0110,VALUE_INTEGRATION_CONVERGED,0.0
5,uniform,"[1, 0, 2]","[0, 1, 0]",0,9.402743484224978,9.402743484224978,STOP,"{""STOP"": 9.402743484224978}",0110,VALUE_INTEGRATION_CONVERGED,0.0
5,uniform,"[1, 0, 1]","[0, 1, 1]",0,9.91480124813458,9.91480124813458,STOP,"{""STOP"": 9.91480124813458}",0110,VALUE_INTEGRATION_CONVERGED,0.0
5,uniform,"[1, 0, 1]","[0, 1, 0]",1,9.855144032921833,9.855144032921833,STOP,"{""STOP"": 9.855144032921833, ""p1"": 1.8551440329218094, ""p2"": 8.85514403292183, ""pf"": -20.144855967078186}",0110,VALUE_INTEGRATION_CONVERGED,0.0
5,uniform,"[1, 0, 0]","[0, 1, 2]",0,10.415727321524441,10.415727321524441,STOP,"{""STOP"": 10.415727321524441}",0110,VALUE_INTEGRATION_CONVERGED,0.0
5,uniform,"[1, 0, 0]","[0, 1, 1]",1,10.36223036223037,10.36223036223037,STOP,"{""STOP"": 10.36223036223037, ""p1"": 2.3622303622303553, ""p2"": 9.36223036223038, ""pf"": -19.637769637769622}",0110,VALUE_INTEGRATION_CONVERGED,0.0
5,uniform,"[1, 0, 0]","[0, 1, 0]",2,10.30754458161866,10.30754458161866,STOP,"{""STOP"": 10.30754458161866, ""p1"": 2.307544581618645, ""p2"": 9.30754458161866, ""pf"": -19.692455418381336}",0110,VALUE_INTEGRATION_CONVERGED,0.0
5,uniform,"[1, 0, 3]","[0, 0, 0]",0,8.86970370370372,8.86970370370372,STOP,"{""STOP"": 8.86970370370372}",0110,VALUE_INTEGRATION_CONVERGED,0.0
5,uniform,"[1, 0, 2]","[0, 0, 1]",0,9.387619047619062,9.387619047619062,STOP,"{""STOP"": 9.387619047619062}",0110,VALUE_INTEGRATION_CONVERGED,0.0
5,uniform,"[1, 0, 2]","[0, 0, 0]",1,9.322879629629636,9.322879629629636,STOP,"{""STOP"": 9.322879629629636, ""p1"": 1.3228796296296244, ""p2"": 8.322879629629643, ""pf"": -20.677120370370357}",0110,VALUE_INTEGRATION_CONVERGED,0.0
5,uniform,"[1, 0, 1]","[0, 0, 2]",0,9.894275362318854,9.894275362318854,STOP,"{""STOP"": 9.894275362318854}",0110,VALUE_INTEGRATION_CONVERGED,0.0
5,uniform,"[1, 0, 1]","[0, 0, 1]",1,9.835815018315024,9.835815018315024,STOP,"{""STOP"": 9.835815018315024, ""p1"": 1.8358150183150066, ""p2"": 8.83581501831502, ""pf"": -20.16418498168497}",0110,VALUE_INTEGRATION_CONVERGED,0.0
5,uniform,"[1, 0, 1]","[0, 0, 0]",2,9.776055555555573,9.776055555555573,STOP,"{""STOP"": 9.776055555555573, ""p1"": 1.7760555555555602, ""p2"": 8.77605555555558, ""pf"": -20.22394444444444}",0110,VALUE_INTEGRATION_CONVERGED,0.0
5,uniform,"[1, 0, 0]","[0, 0, 3]",0,10.390035842293912,10.390035842293912,STOP,"{""STOP"": 10.390035842293912}",0110,VALUE_INTEGRATION_CONVERGED,0.0
5,uniform,"[1, 0, 0]","[0, 0, 2]",1,10.337599637681183,10.337599637681183,STOP,"{""STOP"": 10.337599637681183, ""p1"": 2.337599637681164, ""p2"": 9.33759963768118, ""pf"": -19.662400362318834}",0110,VALUE_INTEGRATION_CONVERGED,0.0
5,uniform,"[1, 0, 0]","[0, 0, 1]",2,10.284010989011001,10.284010989011001,STOP,"{""STOP"": 10.284010989011001, ""p1"": 2.284010989010987, ""p2"": 9.284010989010996, ""pf"": -19.715989010988988}",0110,VALUE_INTEGRATION_CONVERGED,0.0
5,uniform,"[1, 0, 0]","[0, 0, 0]",3,10.22923148148149,10.22923148148149,STOP,"{""STOP"": 10.22923148148149, ""p1"": 2.2292314814814684, ""p2"": 9.229231481481488, ""pf"": -19.77076851851851}",0110,VALUE_INTEGRATION_CONVERGED,0.0
5,uniform,"[0, 0, 0]","[4, 0, 0]",0,10.888009751773058,10.888009751773058,STOP,"{""STOP"": 10.888009751773058}",0110,VALUE_INTEGRATION_CONVERGED,0.0
5,uniform,"[0, 1, 0]","[3, 0, 0]",0,10.53913978494623,10.53913978494623,STOP,"{""STOP"": 10.53913978494623}",0110,VALUE_INTEGRATION_CONVERGED,0.0
5,uniform,"[0, 0, 0]","[3, 1, 0]",0,10.914465241824843,10.914465241824843,STOP,"{""STOP"": 10.914465241824843}",0110,VALUE_INTEGRATION_CONVERGED,0.0
5,uniform,"[0, 0, 1]","[3, 0, 0]",0,10.390035842293916,10.390035842293916,STOP,"{""STOP"": 10.390035842293916}",0110,VALUE_INTEGRATION_CONVERGED,0.0
5,uniform,"[0, 0, 0]","[3, 0, 1]",0,10.89124423963133,10.89124423963133,STOP,"{""STOP"": 10.89124423963133}",0110,VALUE_INTEGRATION_CONVERGED,0.0
5,uniform,"[0, 0, 0]","[3, 0, 0]",1,10.837192353643958,10.837192353643958,STOP,"{""STOP"": 10.837192353643958, ""p1"": 2.8371923536439745, ""p2"": 9.837192353643951, ""pf"": -19.162807646356036}",0110,VALUE_INTEGRATION_CONVERGED,0.0
5,uniform,"[0, 2, 0]","[2, 0, 0]",0,10.188479770531405,10.188479770531405,STOP,"{""STOP"": 10.188479770531405}",0110,VALUE_INTEGRATION_CONVERGED,0.0
5,uniform,"[0, 1, 0]","[2, 1, 0]",0,10.567920617880365,10.567920617880365,STOP,"{""STOP"": 10.567920617880365}",0110,VALUE_INTEGRATION_CONVERGED,0.0
5,uniform,"[0, 1, 1]","[2, 0, 0]",0,10.03625000000002,10.03625000000002,STOP,"{""STOP"": 10.03625000000002}",0110,VALUE_INTEGRATION_CONVERGED,0.0
5,uniform,"[0, 1, 0]","[2, 0, 1]",0,10.541346153846163,10.541346153846163,STOP,"{""STOP"": 10.541346153846163}",0110,VALUE_INTEGRATION_CONVERGED,0.0
5,uniform,"[0, 1, 0]","[2, 0, 0]",1,10.486875000000005,10.486875000000005,STOP,"{""STOP"": 10.486875000000005, ""p1"": 2.486874999999995, ""p2"": 9.486875000000005, ""pf"": -19.513124999999988}",0110,VALUE_INTEGRATION_CONVERGED,0.0
5,uniform,"[0, 0, 0]","[2, 2, 0]",0,10.938106810415936,10.938106810415936,STOP,"{""STOP"": 10.938106810415936}",0110,VALUE_INTEGRATION_CONVERGED,0.0
5,uniform,"[0, 0, 1]","[2, 1, 0]",0,10.41572732152444,10.41572732152444,STOP,"{""STOP"": 10.41572732152444}",0110,VALUE_INTEGRATION_CONVERGED,0.0
5,uniform,"[0, 0, 0]","[2, 1, 1]",0,10.91665339491427,10.91665339491427,STOP,"{""STOP"": 10.91665339491427}",0110,VALUE_INTEGRATION_CONVERGED,0.0
5,uniform,"[0, 0, 0]","[2, 1, 0]",1,10.862631955627123,10.862631955627123,STOP,"{""STOP"": 10.862631955627123, ""p1"": 2.862631955627111, ""p2"": 9.86263195562713, ""pf"": -19.13736804437287}",0110,VALUE_INTEGRATION_CONVERGED,0.0
5,uniform,"[0, 0, 2]","[2, 0, 0]",0,9.889929045893728,9.889929045893728,STOP,"{""STOP"": 9.889929045893728}",0110,VALUE_INTEGRATION_CONVERGED,0.0
5,uniform,"[0, 0, 1]","[2, 0, 1]",0,10.39663312231248,10.39663312231248,STOP,"{""STOP"": 10.39663312231248}",0110,VALUE_INTEGRATION_CONVERGED,0.0
5,uniform,"[0, 0, 1]","[2, 0, 0]",1,10.337599637681176,10.337599637681176,STOP,"{""STOP"": 10.337599637681176, ""p1"": 2.3375996376811683, ""p2"": 9.337599637681176, ""pf"": -19.66240036231883}",0110,VALUE_INTEGRATION_CONVERGED,0.0
5,uniform,"[0, 0, 0]","[2, 0, 2]",0,10.89232189272213,10.89232189272213,STOP,"{""STOP"": 10.89232189272213}",0110,VALUE_INTEGRATION_CONVERGED,0.0
5,uniform,"[0, 0, 0]","[2, 0, 1]",1,10.839384257047305,10.839384257047305,STOP,"{""STOP"": 10.839384257047305, ""p1"": 2.8393842570472954, ""p2"": 9.839384257047307, ""pf"": -19.160615742952686}",0110,VALUE_INTEGRATION_CONVERGED,0.0
5,uniform,"[0, 0, 0]","[2, 0, 0]",2,10.785270229468603,10.785270229468603,STOP,"{""STOP"": 10.785270229468603, ""p1"": 2.7852702294685923, ""p2"": 9.7852702294686, ""pf"": -19.214729770531395}",0110,VALUE_INTEGRATION_CONVERGED,0.0
5,uniform,"[0, 3, 0]","[1, 0, 0]",0,9.835970695970694,9.835970695970694,STOP,"{""STOP"": 9.835970695970694}",0110,VALUE_INTEGRATION_CONVERGED,0.0
5,uniform,"[0, 2, 0]","[1, 1, 0]",0,10.2195450639895,10.2195450639895,STOP,"{""STOP"": 10.2195450639895}",0110,VALUE_INTEGRATION_CONVERGED,0.0
5,uniform,"[0, 2, 1]","[1, 0, 0]",0,9.680604395604401,9.680604395604401,STOP,"{""STOP"": 9.680604395604401}",0110,VALUE_INTEGRATION_CONVERGED,0.0
5,uniform,"[0, 2, 0]","[1, 0, 1]",0,10.189608742905449,10.189608742905449,STOP,"{""STOP"": 10.189608742905449}",0110,VALUE_INTEGRATION_CONVERGED,0.0
5,uniform,"[0, 2, 0]","[1, 0, 0]",1,10.134716117216113,10.134716117216113,STOP,"{""STOP"": 10.134716117216113, ""p1"": 2.1347161172161204, ""p2"": 9.13471611721611, ""pf"": -19.865283882783878}",0110,VALUE_INTEGRATION_CONVERGED,0.0
5,uniform,"[0, 1, 0]","[1, 2, 0]",0,10.593763959617617,10.593763959617617,STOP,"{""STOP"": 10.593763959617617}",0110,VALUE_INTEGRATION_CONVERGED,0.0
5,uniform,"[0, 1, 1]","[1, 1, 0]",0,10.064251797585147,10.064251797585147,STOP,"{""STOP"": 10.064251797585147}",0110,VALUE_INTEGRATION_CONVERGED,0.0
5,uniform,"[0, 1, 0]","[1, 1, 1]",0,10.569040239369919,10.569040239369919,STOP,"{""STOP"": 10.569040239369919}",0110,VALUE_INTEGRATION_CONVERGED,0.0
5,uniform,"[0, 1, 0]","[1, 1, 0]",1,10.514602270157827,10.514602270157827,STOP,"{""STOP"": 10.514602270157827, ""p1"": 2.5146022701578303, ""p2"": 9.514602270157823, ""pf"": -19.485397729842166}",0110,VALUE_INTEGRATION_CONVERGED,0.0
5,uniform,"[0, 1, 2]","[1, 0, 0]",0,9.531153846153845,9.531153846153845,STOP,"{""STOP"": 9.531153846153845}",0110,VALUE_INTEGRATION_CONVERGED,0.0
5,uniform,"[0, 1, 1]","[1, 0, 1]",0,10.041800507185116,10.041800507185116,STOP,"{""STOP"": 10.041800507185116}",0110,VALUE_INTEGRATION_CONVERGED,0.0
5,uniform,"[0, 1, 1]","[1, 0, 0]",1,9.982307692307703,9.982307692307703,STOP,"{""STOP"": 9.982307692307703, ""p1"": 1.982307692307712, ""p2"": 8.982307692307705, ""pf"": -20.017692307692315}",0110,VALUE_INTEGRATION_CONVERGED,0.0
5,uniform,"[0, 1, 0]","[1, 0, 2]",0,10.541346153846163,10.541346153846163,STOP,"{""STOP"": 10.541346153846163}",0110,VALUE_INTEGRATION_CONVERGED,0.0
5,uniform,"[0, 1, 0]","[1, 0, 1]",1,10.487996618765852,10.487996618765852,STOP,"{""STOP"": 10.487996618765852, ""p1"": 2.487996618765859, ""p2"": 9.487996618765857, ""pf"": -19.512003381234145}",0110,VALUE_INTEGRATION_CONVERGED,0.0
5,uniform,"[0, 1, 0]","[1, 0, 0]",2,10.433461538461543,10.433461538461543,STOP,"{""STOP"": 10.433461538461543, ""p1"": 2.4334615384615423, ""p2"": 9.433461538461538, ""pf"": -19.56653846153846}",0110,VALUE_INTEGRATION_CONVERGED,0.0
5,uniform,"[0, 0, 0]","[1, 3, 0]",0,10.958965532459507,10.958965532459507,STOP,"{""STOP"": 10.958965532459507}",0110,VALUE_INTEGRATION_CONVERGED,0.0
5,uniform,"[0, 0, 1]","[1, 2, 0]",0,10.438541945859033,10.438541945859033,STOP,"{""STOP"": 10.438541945859033}",0110,VALUE_INTEGRATION_CONVERGED,0.0
5,uniform,"[0, 0, 0]","[1, 2, 1]",0,10.939217309091351,10.939217309091351,STOP,"{""STOP"": 10.939217309091351}",0110,VALUE_INTEGRATION_CONVERGED,0.0
5,uniform,"[0, 0, 0]","[1, 2, 0]",1,10.88522290717412,10.88522290717412,STOP,"{""STOP"": 10.88522290717412, ""p1"": 2.8852229071741338, ""p2"": 9.885222907174125, ""pf"": -19.11477709282586}",0110,VALUE_INTEGRATION_CONVERGED,0.0
5,uniform,"[0, 0, 2]","[1, 1, 0]",0,9.914801248134584,9.914801248134584,STOP,"{""STOP"": 9.914801248134584}",0110,VALUE_INTEGRATION_CONVERGED,0.0
5,uniform,"[0, 0, 1]","[1, 1, 1]",0,10.421232003649585,10.421232003649585,STOP,"{""STOP"": 10.421232003649585}",0110,VALUE_INTEGRATION_CONVERGED,0.0
5,uniform,"[0, 0, 1]","[1, 1, 0]",1,10.362230362230378,10.362230362230378,STOP,"{""STOP"": 10.362230362230378, ""p1"": 2.3622303622303775, ""p2"": 9.362230362230378, ""pf"": -19.637769637769637}",0110,VALUE_INTEGRATION_CONVERGED,0.0
5,uniform,"[0, 0, 0]","[1, 1, 2]",0,10.916653394914265,10.916653394914265,STOP,"{""STOP"": 10.916653394914265}",0110,VALUE_INTEGRATION_CONVERGED,0.0
5,uniform,"[0, 0, 0]","[1, 1, 1]",1,10.863744314293768,10.863744314293768,STOP,"{""STOP"": 10.863744314293768, ""p1"": 2.8637443142937693, ""p2"": 9.863744314293777, ""pf"": -19.13625568570623}",0110,VALUE_INTEGRATION_CONVERGED,0.0
5,uniform,"[0, 0, 0]","[1, 1, 0]",2,10.809659476326146,10.809659476326146,STOP,"{""STOP"": 10.809659476326146, ""p1"": 2.8096594763261393, ""p2"": 9.809659476326136, ""pf"": -19.190340523673854}",0110,VALUE_INTEGRATION_CONVERGED,0.0
5,uniform,"[0, 0, 3]","[1, 0, 0]",0,9.387619047619047,9.387619047619047,STOP,"{""STOP"": 9.387619047619047}",0110,VALUE_INTEGRATION_CONVERGED,0.0
5,uniform,"[0, 0, 2]","[1, 0, 1]",0,9.899843014128734,9.899843014128734,STOP,"{""STOP"": 9.899843014128734}",0110,VALUE_INTEGRATION_CONVERGED,0.0
5,uniform,"[0, 0, 2]","[1, 0, 0]",1,9.83581501831502,9.83581501831502,STOP,"{""STOP"": 9.83581501831502, ""p1"": 1.8358150183150261, ""p2"": 8.83581501831502, ""pf"": -20.164184981684976}",0110,VALUE_INTEGRATION_CONVERGED,0.0
5,uniform,"[0, 0, 1]","[1, 0, 2]",0,10.40093167701864,10.40093167701864,STOP,"{""STOP"": 10.40093167701864}",0110,VALUE_INTEGRATION_CONVERGED,0.0
5,uniform,"[0, 0, 1]","[1, 0, 1]",1,10.343113754377487,10.343113754377487,STOP,"{""STOP"": 10.343113754377487, ""p1"": 2.343113754377498, ""p2"": 9.343113754377491, ""pf"": -19.656886245622502}",0110,VALUE_INTEGRATION_CONVERGED,0.0
5,uniform,"[0, 0, 1]","[1, 0, 0]",2,10.284010989011001,10.284010989011001,STOP,"{""STOP"": 10.284010989011001, ""p1"": 2.284010989011005, ""p2"": 9.284010989011005, ""pf"": -19.715989010989013}",0110,VALUE_INTEGRATION_CONVERGED,0.0
5,uniform,"[0, 0, 0]","[1, 0, 3]",0,10.891244239631337,10.891244239631337,STOP,"{""STOP"": 10.891244239631337}",0110,VALUE_INTEGRATION_CONVERGED,0.0
5,uniform,"[0, 0, 0]","[1, 0, 2]",1,10.839384257047312,10.839384257047312,STOP,"{""STOP"": 10.839384257047312, ""p1"": 2.8393842570473122, ""p2"": 9.839384257047303, ""pf"": -19.1606157429527}",0110,VALUE_INTEGRATION_CONVERGED,0.0
5,uniform,"[0, 0, 0]","[1, 0, 1]",2,10.786384494626256,10.786384494626256,STOP,"{""STOP"": 10.786384494626256, ""p1"": 2.7863844946262564, ""p2"": 9.786384494626256, ""pf"": -19.21361550537374}",0110,VALUE_INTEGRATION_CONVERGED,0.0
5,uniform,"[0, 0, 0]","[1, 0, 0]",3,10.732206959706957,10.732206959706957,STOP,"{""STOP"": 10.732206959706957, ""p1"": 2.7322069597069607, ""p2"": 9.732206959706964, ""pf"": -19.267793040293036}",0110,VALUE_INTEGRATION_CONVERGED,0.0
5,uniform,"[0, 4, 0]","[0, 0, 0]",0,9.481550925925916,9.481550925925916,STOP,"{""STOP"": 9.481550925925916}",0110,VALUE_INTEGRATION_CONVERGED,0.0
5,uniform,"[0, 3, 0]","[0, 1, 0]",0,9.869277549154083,9.869277549154083,STOP,"{""STOP"": 9.869277549154083}",0110,VALUE_INTEGRATION_CONVERGED,0.0
5,uniform,"[0, 3, 1]","[0, 0, 0]",0,9.323037037037047,9.323037037037047,STOP,"{""STOP"": 9.323037037037047}",0110,VALUE_INTEGRATION_CONVERGED,0.0
5,uniform,"[0, 3, 0]","[0, 0, 1]",0,9.835970695970698,9.835970695970698,STOP,"{""STOP"": 9.835970695970698}",0110,VALUE_INTEGRATION_CONVERGED,0.0
5,uniform,"[0, 3, 0]","[0, 0, 0]",1,9.780654320987644,9.780654320987644,STOP,"{""STOP"": 9.780654320987644, ""p1"": 1.7806543209876526, ""p2"": 8.780654320987646, ""pf"": -20.219345679012342}",0110,VALUE_INTEGRATION_CONVERGED,0.0
5,uniform,"[0, 2, 0]","[0, 2, 0]",0,10.247547425474252,10.247547425474252,STOP,"{""STOP"": 10.247547425474252}",0110,VALUE_INTEGRATION_CONVERGED,0.0
5,uniform,"[0, 2, 1]","[0, 1, 0]",0,9.71087334247829,9.71087334247829,STOP,"{""STOP"": 9.71087334247829}",0110,VALUE_INTEGRATION_CONVERGED,0.0
5,uniform,"[0, 2, 0]","[0, 1, 1]",0,10.2195450639895,10.2195450639895,STOP,"{""STOP"": 10.2195450639895}",0110,VALUE_INTEGRATION_CONVERGED,0.0
5,uniform,"[0, 2, 0]","[0, 1, 0]",1,10.164688309708882,10.164688309708882,STOP,"{""STOP"": 10.164688309708882, ""p1"": 2.164688309708877, ""p2"": 9.16468830970888, ""pf"": -19.83531169029112}",0110,VALUE_INTEGRATION_CONVERGED,0.0
5,uniform,"[0, 2, 2]","[0, 0, 0]",0,9.170445987654317,9.170445987654317,STOP,"{""STOP"": 9.170445987654317}",0110,VALUE_INTEGRATION_CONVERGED,0.0
5,uniform,"[0, 2, 1]","[0, 0, 1]",0,9.68505647130646,9.68505647130646,STOP,"{""STOP"": 9.68505647130646}",0110,VALUE_INTEGRATION_CONVERGED,0.0
5,uniform,"[0, 2, 1]","[0, 0, 0]",1,9.625101851851863,9.625101851851863,STOP,"{""STOP"": 9.625101851851863, ""p1"": 1.62510185185186, ""p2"": 8.625101851851863, ""pf"": -20.374898148148155}",0110,VALUE_INTEGRATION_CONVERGED,0.0
5,uniform,"[0, 2, 0]","[0, 0, 2]",0,10.188479770531405,10.188479770531405,STOP,"{""STOP"": 10.188479770531405}",0110,VALUE_INTEGRATION_CONVERGED,0.0
5,uniform,"[0, 2, 0]","[0, 0, 1]",1,10.134716117216115,10.134716117216115,STOP,"{""STOP"": 10.134716117216115, ""p1"": 2.1347161172161195, ""p2"": 9.134716117216112, ""pf"": -19.865283882783878}",0110,VALUE_INTEGRATION_CONVERGED,0.0
5,uniform,"[0, 2, 0]","[0, 0, 0]",2,10.079757716049375,10.079757716049375,STOP,"{""STOP"": 10.079757716049375, ""p1"": 2.0797577160493805, ""p2"": 9.079757716049377, ""pf"": -19.92024228395062}",0110,VALUE_INTEGRATION_CONVERGED,0.0
5,uniform,"[0, 1, 0]","[0, 3, 0]",0,10.616702365015609,10.616702365015609,STOP,"{""STOP"": 10.616702365015609}",0110,VALUE_INTEGRATION_CONVERGED,0.0
5,uniform,"[0, 1, 1]","[0, 2, 0]",0,10.089250225835602,10.089250225835602,STOP,"{""STOP"": 10.089250225835602}",0110,VALUE_INTEGRATION_CONVERGED,0.0
5,uniform,"[0, 1, 0]","[0, 2, 1]",0,10.593763959617617,10.593763959617617,STOP,"{""STOP"": 10.593763959617617}",0110,VALUE_INTEGRATION_CONVERGED,0.0
5,uniform,"[0, 1, 0]","[0, 2, 0]",1,10.53935561577838,10.53935561577838,STOP,"{""STOP"": 10.53935561577838, ""p1"": 2.53935561577838, ""p2"": 9.539355615778373, ""pf"": -19.460644384221624}",0110,VALUE_INTEGRATION_CONVERGED,0.0
5,uniform,"[0, 1, 2]","[0, 1, 0]",0,9.558318853833246,9.558318853833246,STOP,"{""STOP"": 9.558318853833246}",0110,VALUE_INTEGRATION_CONVERGED,0.0
5,uniform,"[0, 1, 1]","[0, 1, 1]",0,10.06866699829662,10.06866699829662,STOP,"{""STOP"": 10.06866699829662}",0110,VALUE_INTEGRATION_CONVERGED,0.0
5,uniform,"[0, 1, 1]","[0, 1, 0]",1,10.009208962048472,10.009208962048472,STOP,"{""STOP"": 10.009208962048472, ""p1"": 2.0092089620484845, ""p2"": 9.00920896204848, ""pf"": -19.99079103795154}",0110,VALUE_INTEGRATION_CONVERGED,0.0
5,uniform,"[0, 1, 0]","[0, 1, 2]",0,10.567920617880365,10.567920617880365,STOP,"{""STOP"": 10.567920617880365}",0110,VALUE_INTEGRATION_CONVERGED,0.0
5,uniform,"[0, 1, 0]","[0, 1, 1]",1,10.514602270157827,10.514602270157827,STOP,"{""STOP"": 10.514602270157827, ""p1"": 2.5146022701578357, ""p2"": 9.514602270157823, ""pf"": -19.48539772984217}",0110,VALUE_INTEGRATION_CONVERGED,0.0
5,uniform,"[0, 1, 0]","[0, 1, 0]",2,10.46009907026367,10.46009907026367,STOP,"{""STOP"": 10.46009907026367, ""p1"": 2.4600990702636807, ""p2"": 9.460099070263679, ""pf"": -19.53990092973632}",0110,VALUE_INTEGRATION_CONVERGED,0.0
5,uniform,"[0, 1, 3]","[0, 0, 0]",0,9.023777777777774,9.023777777777774,STOP,"{""STOP"": 9.023777777777774}",0110,VALUE_INTEGRATION_CONVERGED,0.0
5,uniform,"[0, 1, 2]","[0, 0, 1]",0,9.54,9.54,STOP,"{""STOP"": 9.54}",0110,VALUE_INTEGRATION_CONVERGED,0.0
5,uniform,"[0, 1, 2]","[0, 0, 0]",1,9.47547222222222,9.47547222222222,STOP,"{""STOP"": 9.47547222222222, ""p1"": 1.4754722222222227, ""p2"": 8.475472222222212, ""pf"": -20.524527777777777}",0110,VALUE_INTEGRATION_CONVERGED,0.0
5,uniform,"[0, 1, 1]","[0, 0, 2]",0,10.044999999999998,10.044999999999998,STOP,"{""STOP"": 10.044999999999998}",0110,VALUE_INTEGRATION_CONVERGED,0.0
5,uniform,"[0, 1, 1]","[0, 0, 1]",1,9.98673076923076,9.98673076923076,STOP,"{""STOP"": 9.98673076923076, ""p1"": 1.9867307692307632, ""p2"": 8.98673076923076, ""pf"": -20.013269230769232}",0110,VALUE_INTEGRATION_CONVERGED,0.0
5,uniform,"[0, 1, 1]","[0, 0, 0]",2,9.927166666666674,9.927166666666674,STOP,"{""STOP"": 9.927166666666674, ""p1"": 1.927166666666679, ""p2"": 8.927166666666672, ""pf"": -20.072833333333342}",0110,VALUE_INTEGRATION_CONVERGED,0.0
5,uniform,"[0, 1, 0]","[0, 0, 3]",0,10.539139784946233,10.539139784946233,STOP,"{""STOP"": 10.539139784946233}",0110,VALUE_INTEGRATION_CONVERGED,0.0
5,uniform,"[0, 1, 0]","[0, 0, 2]",1,10.486875000000008,10.486875000000008,STOP,"{""STOP"": 10.486875000000008, ""p1"": 2.4868750000000093, ""p2"": 9.486875000000005, ""pf"": -19.513125000000002}",0110,VALUE_INTEGRATION_CONVERGED,0.0
5,uniform,"[0, 1, 0]","[0, 0, 1]",2,10.433461538461533,10.433461538461533,STOP,"{""STOP"": 10.433461538461533, ""p1"": 2.4334615384615406, ""p2"": 9.43346153846154, ""pf"": -19.566538461538457}",0110,VALUE_INTEGRATION_CONVERGED,0.0
5,uniform,"[0, 1, 0]","[0, 0, 0]",3,10.37886111111111,10.37886111111111,STOP,"{""STOP"": 10.37886111111111, ""p1"": 2.3788611111111155, ""p2"": 9.378861111111103, ""pf"": -19.621138888888893}",0110,VALUE_INTEGRATION_CONVERGED,0.0
5,uniform,"[0, 0, 0]","[0, 4, 0]",0,10.977067901234573,10.977067901234573,STOP,"{""STOP"": 10.977067901234573}",0110,VALUE_INTEGRATION_CONVERGED,0.0
5,uniform,"[0, 0, 1]","[0, 3, 0]",0,10.45850959393129,10.45850959393129,STOP,"{""STOP"": 10.45850959393129}",0110,VALUE_INTEGRATION_CONVERGED,0.0
5,uniform,"[0, 0, 0]","[0, 3, 1]",0,10.958965532459512,10.958965532459512,STOP,"{""STOP"": 10.958965532459512}",0110,VALUE_INTEGRATION_CONVERGED,0.0
5,uniform,"[0, 0, 0]","[0, 3, 0]",1,10.904994793990769,10.904994793990769,STOP,"{""STOP"": 10.904994793990769, ""p1"": 2.9049947939907774, ""p2"": 9.904994793990781, ""pf"": -19.09500520600922}",0110,VALUE_INTEGRATION_CONVERGED,0.0
5,uniform,"[0, 0, 2]","[0, 2, 0]",0,9.936731406202947,9.936731406202947,STOP,"{""STOP"": 9.936731406202947}",0110,VALUE_INTEGRATION_CONVERGED,0.0
5,uniform,"[0, 0, 1]","[0, 2, 1]",0,10.44292117096995,10.44292117096995,STOP,"{""STOP"": 10.44292117096995}",0110,VALUE_INTEGRATION_CONVERGED,0.0
5,uniform,"[0, 0, 1]","[0, 2, 0]",1,10.38394760614273,10.38394760614273,STOP,"{""STOP"": 10.38394760614273, ""p1"": 2.3839476061427423, ""p2"": 9.383947606142737, ""pf"": -19.616052393857274}",0110,VALUE_INTEGRATION_CONVERGED,0.0
5,uniform,"[0, 0, 0]","[0, 2, 2]",0,10.938106810415938,10.938106810415938,STOP,"{""STOP"": 10.938106810415938}",0110,VALUE_INTEGRATION_CONVERGED,0.0
5,uniform,"[0, 0, 0]","[0, 2, 1]",1,10.885222907174125,10.885222907174125,STOP,"{""STOP"": 10.885222907174125, ""p1"": 2.885222907174139, ""p2"": 9.88522290717413, ""pf"": -19.114777092825868}",0110,VALUE_INTEGRATION_CONVERGED,0.0
5,uniform,"[0, 0, 0]","[0, 2, 0]",2,10.831163806082499,10.831163806082499,STOP,"{""STOP"": 10.831163806082499, ""p1"": 2.8311638060824995, ""p2"": 9.831163806082497, ""pf"": -19.168836193917496}",0110,VALUE_INTEGRATION_CONVERGED,0.0
5,uniform,"[0, 0, 3]","[0, 1, 0]",0,9.411614083219021,9.411614083219021,STOP,"{""STOP"": 9.411614083219021}",0110,VALUE_INTEGRATION_CONVERGED,0.0
5,uniform,"[0, 0, 2]","[0, 1, 1]",0,9.923574368018809,9.923574368018809,STOP,"{""STOP"": 9.923574368018809}",0110,VALUE_INTEGRATION_CONVERGED,0.0
5,uniform,"[0, 0, 2]","[0, 1, 0]",1,9.859579332418837,9.859579332418837,STOP,"{""STOP"": 9.859579332418837, ""p1"": 1.8595793324188419, ""p2"": 8.859579332418832, ""pf"": -20.14042066758116}",0110,VALUE_INTEGRATION_CONVERGED,0.0
5,uniform,"[0, 0, 1]","[0, 1, 2]",0,10.424405081409912,10.424405081409912,STOP,"{""STOP"": 10.424405081409912}",0110,VALUE_INTEGRATION_CONVERGED,0.0
5,uniform,"[0, 0, 1]","[0, 1, 1]",1,10.366616922172465,10.366616922172465,STOP,"{""STOP"": 10.366616922172465, ""p1"": 2.3666169221724775, ""p2"": 9.366616922172476, ""pf"": -19.633383077827524}",0110,VALUE_INTEGRATION_CONVERGED,0.0
5,uniform,"[0, 0, 1]","[0, 1, 0]",2,10.307544581618659,10.307544581618659,STOP,"{""STOP"": 10.307544581618659, ""p1"": 2.3075445816186715, ""p2"": 9.307544581618657, ""pf"": -19.692455418381357}",0110,VALUE_INTEGRATION_CONVERGED,0.0
5,uniform,"[0, 0, 0]","[0, 1, 3]",0,10.91446524182485,10.91446524182485,STOP,"{""STOP"": 10.91446524182485}",0110,VALUE_INTEGRATION_CONVERGED,0.0
5,uniform,"[0, 0, 0]","[0, 1, 2]",1,10.862631955627132,10.862631955627132,STOP,"{""STOP"": 10.862631955627132, ""p1"": 2.862631955627127, ""p2"": 9.862631955627132, ""pf"": -19.137368044372884}",0110,VALUE_INTEGRATION_CONVERGED,0.0
5,uniform,"[0, 0, 0]","[0, 1, 1]",2,10.809659476326143,10.809659476326143,STOP,"{""STOP"": 10.809659476326143, ""p1"": 2.8096594763261464, ""p2"": 9.809659476326143, ""pf"": -19.190340523673854}",0110,VALUE_INTEGRATION_CONVERGED,0.0
5,uniform,"[0, 0, 0]","[0, 1, 0]",3,10.75550983081846,10.75550983081846,STOP,"{""STOP"": 10.75550983081846, ""p1"": 2.7555098308184762, ""p2"": 9.755509830818465, ""pf"": -19.244490169181528}",0110,VALUE_INTEGRATION_CONVERGED,0.0
5,uniform,"[0, 0, 4]","[0, 0, 0]",0,8.883032407407402,8.883032407407402,STOP,"{""STOP"": 8.883032407407402}",0110,VALUE_INTEGRATION_CONVERGED,0.0
5,uniform,"[0, 0, 3]","[0, 0, 1]",0,9.400801282051273,9.400801282051273,STOP,"{""STOP"": 9.400801282051273}",0110,VALUE_INTEGRATION_CONVERGED,0.0
5,uniform,"[0, 0, 3]","[0, 0, 0]",1,9.33176543209876,9.33176543209876,STOP,"{""STOP"": 9.33176543209876, ""p1"": 1.3317654320987664, ""p2"": 8.331765432098765, ""pf"": -20.668234567901244}",0110,VALUE_INTEGRATION_CONVERGED,0.0
5,uniform,"[0, 0, 2]","[0, 0, 2]",0,9.907314311594204,9.907314311594204,STOP,"{""STOP"": 9.907314311594204}",0110,VALUE_INTEGRATION_CONVERGED,0.0
5,uniform,"[0, 0, 2]","[0, 0, 1]",1,9.844603174603172,9.844603174603172,STOP,"{""STOP"": 9.844603174603172, ""p1"": 1.8446031746031801, ""p2"": 8.844603174603172, ""pf"": -20.155396825396828}",0110,VALUE_INTEGRATION_CONVERGED,0.0
5,uniform,"[0, 0, 2]","[0, 0, 0]",2,9.780498456790118,9.780498456790118,STOP,"{""STOP"": 9.780498456790118, ""p1"": 1.7804984567901254, ""p2"": 8.780498456790122, ""pf"": -20.21950154320988}",0110,VALUE_INTEGRATION_CONVERGED,0.0
5,uniform,"[0, 0, 1]","[0, 0, 3]",0,10.402934587813606,10.402934587813606,STOP,"{""STOP"": 10.402934587813606}",0110,VALUE_INTEGRATION_CONVERGED,0.0
5,uniform,"[0, 0, 1]","[0, 0, 2]",1,10.3462922705314,10.3462922705314,STOP,"{""STOP"": 10.3462922705314, ""p1"": 2.346292270531407, ""p2"": 9.3462922705314, ""pf"": -19.65370772946861}",0110,VALUE_INTEGRATION_CONVERGED,0.0
5,uniform,"[0, 0, 1]","[0, 0, 1]",2,10.28840506715505,10.28840506715505,STOP,"{""STOP"": 10.28840506715505, ""p1"": 2.2884050671550638, ""p2"": 9.288405067155056, ""pf"": -19.711594932844935}",0110,VALUE_INTEGRATION_CONVERGED,0.0
5,uniform,"[0, 0, 1]","[0, 0, 0]",3,10.229231481481492,10.229231481481492,STOP,"{""STOP"": 10.229231481481492, ""p1"": 2.2292314814814933, ""p2"": 9.229231481481488, ""pf"": -19.770768518518533}",0110,VALUE_INTEGRATION_CONVERGED,0.0
5,uniform,"[0, 0, 0]","[0, 0, 4]",0,10.888009751773058,10.888009751773058,STOP,"{""STOP"": 10.888009751773058}",0110,VALUE_INTEGRATION_CONVERGED,0.0
5,uniform,"[0, 0, 0]","[0, 0, 3]",1,10.837192353643955,10.837192353643955,STOP,"{""STOP"": 10.837192353643955, ""p1"": 2.8371923536439674, ""p2"": 9.83719235364396, ""pf"": -19.16280764635603}",0110,VALUE_INTEGRATION_CONVERGED,0.0
5,uniform,"[0, 0, 0]","[0, 0, 2]",2,10.785270229468601,10.785270229468601,STOP,"{""STOP"": 10.785270229468601, ""p1"": 2.785270229468612, ""p2"": 9.785270229468606, ""pf"": -19.214729770531413}",0110,VALUE_INTEGRATION_CONVERGED,0.0
5,uniform,"[0, 0, 0]","[0, 0, 1]",3,10.732206959706964,10.732206959706964,STOP,"{""STOP"": 10.732206959706964, ""p1"": 2.7322069597069625, ""p2"": 9.73220695970696, ""pf"": -19.26779304029304}",0110,VALUE_INTEGRATION_CONVERGED,0.0
5,uniform,"[0, 0, 0]","[0, 0, 0]",4,10.67796450617283,10.67796450617283,STOP,"{""STOP"": 10.67796450617283, ""p1"": 2.677964506172838, ""p2"": 9.67796450617283, ""pf"": -19.322035493827155}",0110,VALUE_INTEGRATION_CONVERGED,0.0
5,jeffreys,"[4, 0, 0]","[0, 0, 0]",0,9.39053598583105,9.39053598583105,STOP,"{""STOP"": 9.39053598583105}",0110,VALUE_INTEGRATION_CONVERGED,0.0
5,jeffreys,"[3, 0, 0]","[1, 0, 0]",0,9.905557687645066,9.905557687645066,STOP,"{""STOP"": 9.905557687645066}",0110,VALUE_INTEGRATION_CONVERGED,0.0
5,jeffreys,"[3, 1, 0]","[0, 0, 0]",0,9.531393248312543,9.531393248312543,STOP,"{""STOP"": 9.531393248312543}",0110,VALUE_INTEGRATION_CONVERGED,0.0
5,jeffreys,"[3, 0, 0]","[0, 1, 0]",0,9.91696314562804,9.91696314562804,STOP,"{""STOP"": 9.91696314562804}",0110,VALUE_INTEGRATION_CONVERGED,0.0
5,jeffreys,"[3, 0, 1]","[0, 0, 0]",0,9.377090948134647,9.377090948134647,STOP,"{""STOP"": 9.377090948134647}",0110,VALUE_INTEGRATION_CONVERGED,0.0
5,jeffreys,"[3, 0, 0]","[0, 0, 1]",0,9.892261213901115,9.892261213901115,STOP,"{""STOP"": 9.892261213901115}",0110,VALUE_INTEGRATION_CONVERGED,0.0
5,jeffreys,"[3, 0, 0]","[0, 0, 0]",1,9.8387039090442,9.8387039090442,STOP,"{""STOP"": 9.8387039090442, ""p1"": 1.8387039090442086, ""p2"": 8.838703909044202, ""pf"": -20.161296090955794}",0110,VALUE_INTEGRATION_CONVERGED,0.0
5,jeffreys,"[2, 0, 0]","[2, 0, 0]",0,10.409322084501401,10.409322084501401,STOP,"{""STOP"": 10.409322084501401}",0110,VALUE_INTEGRATION_CONVERGED,0.0
5,jeffreys,"[2, 1, 0]","[1, 0, 0]",0,10.044858516286993,10.044858516286993,STOP,"{""STOP"": 10.044858516286993}",0110,VALUE_INTEGRATION_CONVERGED,0.0
5,jeffreys,"[2, 0, 0]","[1, 1, 0]",0,10.426167972748171,10.426167972748171,STOP,"{""STOP"": 10.426167972748171}",0110,VALUE_INTEGRATION_CONVERGED,0.0
5,jeffreys,"[2, 0, 1]","[1, 0, 0]",0,9.892261213901115,9.892261213901115,STOP,"{""STOP"": 9.892261213901115}",0110,VALUE_INTEGRATION_CONVERGED,0.0
5,jeffreys,"[2, 0, 0]","[1, 0, 1]",0,10.401738990543102,10.401738990543102,STOP,"{""STOP"": 10.401738990543102}",0110,VALUE_INTEGRATION_CONVERGED,0.0
5,jeffreys,"[2, 0, 0]","[1, 0, 0]",1,10.348773479110015,10.348773479110015,STOP,"{""STOP"": 10.348773479110015, ""p1"": 2.3487734791100134, ""p2"": 9.348773479110012, ""pf"": -19.651226520889974}",0110,VALUE_INTEGRATION_CONVERGED,0.0
5,jeffreys,"[2, 2, 0]","[0, 0, 0]",0,9.678217708089814,9.678217708089814,STOP,"{""STOP"": 9.678217708089814}",0110,VALUE_INTEGRATION_CONVERGED,0.0
5,jeffreys,"[2, 1, 0]","[0, 1, 0]",0,10.063824668742562,10.063824668742562,STOP,"{""STOP"": 10.063824668742562}",0110,VALUE_INTEGRATION_CONVERGED,0.0
5,jeffreys,"[2, 1, 1]","[0, 0, 0]",0,9.52237021787533,9.52237021787533,STOP,"{""STOP"": 9.52237021787533}",0110,VALUE_INTEGRATION_CONVERGED,0.0
5,jeffreys,"[2, 1, 0]","[0, 0, 1]",0,10.035935187843567,10.035935187843567,STOP,"{""STOP"": 10.035935187843567}",0110,VALUE_INTEGRATION_CONVERGED,0.0
5,jeffreys,"[2, 1, 0]","[0, 0, 0]",1,9.982544770173597,9.982544770173597,STOP,"{""STOP"": 9.982544770173597, ""p1"": 1.9825447701735888, ""p2"": 8.9825447701736, ""pf"": -20.017455229826396}",0110,VALUE_INTEGRATION_CONVERGED,0.0
5,jeffreys,"[2, 0, 0]","[0, 2, 0]",0,10.439968881894618,10.439968881894618,STOP,"{""STOP"": 10.439968881894618}",0110,VALUE_INTEGRATION_CONVERGED,0.0
5,jeffreys,"[2, 0, 1]","[0, 1, 0]",0,9.908014983132055,9.908014983132055,STOP,"{""STOP"": 9.908014983132055}",0110,VALUE_INTEGRATION_CONVERGED,0.0
5,jeffreys,"[2, 0, 0]","[0, 1, 1]",0,10.417318684975905,10.417318684975905,STOP,"{""STOP"": 10.417318684975905}",0110,VALUE_INTEGRATION_CONVERGED,0.0
5,jeffreys,"[2, 0, 0]","[0, 1, 0]",1,10.364371270427785,10.364371270427785,STOP,"{""STOP"": 10.364371270427785, ""p1"": 2.3643712704277684, ""p2"": 9.364371270427784, ""pf"": -19.63562872957222}",0110,VALUE_INTEGRATION_CONVERGED,0.0
5,jeffreys,"[2, 0, 2]","[0, 0, 0]",0,9.372609268902533,9.372609268902533,STOP,"{""STOP"": 9.372609268902533}",0110,VALUE_INTEGRATION_CONVERGED,0.0
5,jeffreys,"[2, 0, 1]","[0, 0, 1]",0,9.887829055986472,9.887829055986472,STOP,"{""STOP"": 9.887829055986472}",0110,VALUE_INTEGRATION_CONVERGED,0.0
5,jeffreys,"[2, 0, 1]","[0, 0, 0]",1,9.829740550579952,9.829740550579952,STOP,"{""STOP"": 9.829740550579952, ""p1"": 1.8297405505799418, ""p2"": 8.829740550579949, ""pf"": -20.17025944942005}",0110,VALUE_INTEGRATION_CONVERGED,0.0
5,jeffreys,"[2, 0, 0]","[0, 0, 2]",0,10.391787208380082,10.391787208380082,STOP,"{""STOP"": 10.391787208380082}",0110,VALUE_INTEGRATION_CONVERGED,0.0
5,jeffreys,"[2, 0, 0]","[0, 0, 1]",1,10.339909163280726,10.339909163280726,STOP,"{""STOP"": 10.339909163280726, ""p1"": 2.3399091632807245, ""p2"": 9.339909163280728, ""pf"": -19.660090836719263}",0110,VALUE_INTEGRATION_CONVERGED,0.0
5,jeffreys,"[2, 0, 0]","[0, 0, 0]",2,10.286871832257376,10.286871832257376,STOP,"{""STOP"": 10.286871832257376, ""p1"": 2.2868718322573685, ""p2"": 9.286871832257383, ""pf"": -19.71312816774262}",0110,VALUE_INTEGRATION_CONVERGED,0.0
5,jeffreys,"[1, 0, 0]","[3, 0, 0]",0,10.902194278182467,10.902194278182467,STOP,"{""STOP"": 10.902194278182467}",0110,VALUE_INTEGRATION_CONVERGED,0.0
5,jeffreys,"[1, 1, 0]","[2, 0, 0]",0,10.547100499715551,10.547100499715551,STOP,"{""STOP"": 10.547100499715551}",0110,VALUE_INTEGRATION_CONVERGED,0.0
5,jeffreys,"[1, 0, 0]","[2, 1, 0]",0,10.924242639712688,10.924242639712688,STOP,"{""STOP"": 10.924242639712688}",0110,VALUE_INTEGRATION_CONVERGED,0.0
5,jeffreys,"[1, 0, 1]","[2, 0, 0]",0,10.396170927410404,10.396170927410404,STOP,"{""STOP"": 10.396170927410404}",0110,VALUE_INTEGRATION_CONVERGED,0.0
5,jeffreys,"[1, 0, 0]","[2, 0, 1]",0,10.900080640919686,10.900080640919686,STOP,"{""STOP"": 10.900080640919686}",0110,VALUE_INTEGRATION_CONVERGED,0.0
5,jeffreys,"[1, 0, 0]","[2, 0, 0]",1,10.847693987535056,10.847693987535056,STOP,"{""STOP"": 10.847693987535056, ""p1"": 2.84769398753504, ""p2"": 9.847693987535052, ""pf"": -19.15230601246494}",0110,VALUE_INTEGRATION_CONVERGED,0.0
5,jeffreys,"[1, 2, 0]","[1, 0, 0]",0,10.190060606342954,10.190060606342954,STOP,"{""STOP"": 10.190060606342954}",0110,VALUE_INTEGRATION_CONVERGED,0.0
5,jeffreys,"[1, 1, 0]","[1, 1, 0]",0,10.57140671660175,10.57140671660175,STOP,"{""STOP"": 10.57140671660175}",0110,VALUE_INTEGRATION_CONVERGED,0.0
5,jeffreys,"[1, 1, 1]","[1, 0, 0]",0,10.03593518784356,10.03593518784356,STOP,"{""STOP"": 10.03593518784356}",0110,VALUE_INTEGRATION_CONVERGED,0.0
5,jeffreys,"[1, 1, 0]","[1, 0, 1]",0,10.543825406762414,10.543825406762414,STOP,"{""STOP"": 10.543825406762414}",0110,VALUE_INTEGRATION_CONVERGED,0.0
5,jeffreys,"[1, 1, 0]","[1, 0, 0]",1,10.491024938458963,10.491024938458963,STOP,"{""STOP"": 10.491024938458963, ""p1"": 2.491024938458965, ""p2"": 9.491024938458963, ""pf"": -19.50897506154103}",0110,VALUE_INTEGRATION_CONVERGED,0.0
5,jeffreys,"[1, 0, 0]","[1, 2, 0]",0,10.94339464010572,10.94339464010572,STOP,"{""STOP"": 10.94339464010572}",0110,VALUE_INTEGRATION_CONVERGED,0.0
5,jeffreys,"[1, 0, 1]","[1, 1, 0]",0,10.417318684975896,10.417318684975896,STOP,"{""STOP"": 10.417318684975896}",0110,VALUE_INTEGRATION_CONVERGED,0.0
5,jeffreys,"[1, 0, 0]","[1, 1, 1]",0,10.920994721605997,10.920994721605997,STOP,"{""STOP"": 10.920994721605997}",0110,VALUE_INTEGRATION_CONVERGED,0.0
5,jeffreys,"[1, 0, 0]","[1, 1, 0]",1,10.868632361362272,10.868632361362272,STOP,"{""STOP"": 10.868632361362272, ""p1"": 2.8686323613622804, ""p2"": 9.868632361362275, ""pf"": -19.131367638637727}",0110,VALUE_INTEGRATION_CONVERGED,0.0
5,jeffreys,"[1, 0, 2]","[1, 0, 0]",0,9.887829055986476,9.887829055986476,STOP,"{""STOP"": 9.887829055986476}",0110,VALUE_INTEGRATION_CONVERGED,0.0
5,jeffreys,"[1, 0, 1]","[1, 0, 1]",0,10.397355806749054,10.397355806749054,STOP,"{""STOP"": 10.397355806749054}",0110,VALUE_INTEGRATION_CONVERGED,0.0
5,jeffreys,"[1, 0, 1]","[1, 0, 0]",1,10.33990916328072,10.33990916328072,STOP,"{""STOP"": 10.33990916328072, ""p1"": 2.3399091632807263, ""p2"": 9.33990916328072, ""pf"": -19.660090836719277}",0110,VALUE_INTEGRATION_CONVERGED,0.0
5,jeffreys,"[1, 0, 0]","[1, 0, 2]",0,10.895745360773667,10.895745360773667,STOP,"{""STOP"": 10.895745360773667}",0110,VALUE_INTEGRATION_CONVERGED,0.0
5,jeffreys,"[1, 0, 0]","[1, 0, 1]",1,10.844440553741713,10.844440553741713,STOP,"{""STOP"": 10.844440553741713, ""p1"": 2.844440553741718, ""p2"": 9.844440553741705, ""pf"": -19.15555944625828}",0110,VALUE_INTEGRATION_CONVERGED,0.0
5,jeffreys,"[1, 0, 0]","[1, 0, 0]",2,10.79198927057497,10.79198927057497,STOP,"{""STOP"": 10.79198927057497, ""p1"": 2.7919892705749794, ""p2"": 9.791989270574966, ""pf"": -19.208010729425023}",0110,VALUE_INTEGRATION_CONVERGED,0.0
5,jeffreys,"[1, 3, 0]","[0, 0, 0]",0,9.831009365162824,9.831009365162824,STOP,"{""STOP"": 9.831009365162824}",0110,VALUE_INTEGRATION_CONVERGED,0.0
5,jeffreys,"[1, 2, 0]","[0, 1, 0]",0,10.216579262478323,10.216579262478323,STOP,"{""STOP"": 10.216579262478323}",0110,VALUE_INTEGRATION_CONVERGED,0.0
5,jeffreys,"[1, 2, 1]","[0, 0, 0]",0,9.673676356884709,9.673676356884709,STOP,"{""STOP"": 9.673676356884709}",0110,VALUE_INTEGRATION_CONVERGED,0.0
5,jeffreys,"[1, 2, 0]","[0, 0, 1]",0,10.18556943581416,10.18556943581416,STOP,"{""STOP"": 10.18556943581416}",0110,VALUE_INTEGRATION_CONVERGED,0.0
5,jeffreys,"[1, 2, 0]","[0, 0, 0]",1,10.132352828598721,10.132352828598721,STOP,"{""STOP"": 10.132352828598721, ""p1"": 2.1323528285987265, ""p2"": 9.132352828598723, ""pf"": -19.867647171401273}",0110,VALUE_INTEGRATION_CONVERGED,0.0
5,jeffreys,"[1, 1, 0]","[0, 2, 0]",0,10.592687321822895,10.592687321822895,STOP,"{""STOP"": 10.592687321822895}",0110,VALUE_INTEGRATION_CONVERGED,0.0
5,jeffreys,"[1, 1, 1]","[0, 1, 0]",0,10.059321122141444,10.059321122141444,STOP,"{""STOP"": 10.059321122141444}",0110,VALUE_INTEGRATION_CONVERGED,0.0
5,jeffreys,"[1, 1, 0]","[0, 1, 1]",0,10.566952932946513,10.566952932946513,STOP,"{""STOP"": 10.566952932946513}",0110,VALUE_INTEGRATION_CONVERGED,0.0
5,jeffreys,"[1, 1, 0]","[0, 1, 0]",1,10.514179328852915,10.514179328852915,STOP,"{""STOP"": 10.514179328852915, ""p1"": 2.5141793288529195, ""p2"": 9.514179328852912, ""pf"": -19.485820671147085}",0110,VALUE_INTEGRATION_CONVERGED,0.0
5,jeffreys,"[1, 1, 2]","[0, 0, 0]",0,9.522370217875334,9.522370217875334,STOP,"{""STOP"": 9.522370217875334}",0110,VALUE_INTEGRATION_CONVERGED,0.0
5,jeffreys,"[1, 1, 1]","[0, 0, 1]",0,10.035935187843558,10.035935187843558,STOP,"{""STOP"": 10.035935187843558}",0110,VALUE_INTEGRATION_CONVERGED,0.0
5,jeffreys,"[1, 1, 1]","[0, 0, 0]",1,9.978033254954976,9.978033254954976,STOP,"{""STOP"": 9.978033254954976, ""p1"": 1.978033254954985, ""p2"": 8.978033254954976, ""pf"": -20.021966745045017}",0110,VALUE_INTEGRATION_CONVERGED,0.0
5,jeffreys,"[1, 1, 0]","[0, 0, 2]",0,10.538274693987344,10.538274693987344,STOP,"{""STOP"": 10.538274693987344}",0110,VALUE_INTEGRATION_CONVERGED,0.0
5,jeffreys,"[1, 1, 0]","[0, 0, 1]",1,10.48656327423724,10.48656327423724,STOP,"{""STOP"": 10.48656327423724, ""p1"": 2.486563274237249, ""p2"": 9.486563274237243, ""pf"": -19.51343672576275}",0110,VALUE_INTEGRATION_CONVERGED,0.0
5,jeffreys,"[1, 1, 0]","[0, 0, 0]",2,10.433696292034632,10.433696292034632,STOP,"{""STOP"": 10.433696292034632, ""p1"": 2.4336962920346332, ""p2"": 9.433696292034629, ""pf"": -19.566303707965375}",0110,VALUE_INTEGRATION_CONVERGED,0.0
5,jeffreys,"[1, 0, 0]","[0, 3, 0]",0,10.959677610031846,10.959677610031846,STOP,"{""STOP"": 10.959677610031846}",0110,VALUE_INTEGRATION_CONVERGED,0.0
5,jeffreys,"[1, 0, 1]","[0, 2, 0]",0,10.43550221217714,10.43550221217714,STOP,"{""STOP"": 10.43550221217714}",0110,VALUE_INTEGRATION_CONVERGED,0.0
5,jeffreys,"[1, 0, 0]","[0, 2, 1]",0,10.93897732585475,10.93897732585475,STOP,"{""STOP"": 10.93897732585475}",0110,VALUE_INTEGRATION_CONVERGED,0.0
5,jeffreys,"[1, 0, 0]","[0, 2, 0]",1,10.88663585364074,10.88663585364074,STOP,"{""STOP"": 10.88663585364074, ""p1"": 2.886635853640742, ""p2"": 9.886635853640744, ""pf"": -19.113364146359256}",0110,VALUE_INTEGRATION_CONVERGED,0.0
5,jeffreys,"[1, 0, 2]","[0, 1, 0]",0,9.908014983132055,9.908014983132055,STOP,"{""STOP"": 9.908014983132055}",0110,VALUE_INTEGRATION_CONVERGED,0.0
5,jeffreys,"[1, 0, 1]","[0, 1, 1]",0,10.417318684975895,10.417318684975895,STOP,"{""STOP"": 10.417318684975895}",0110,VALUE_INTEGRATION_CONVERGED,0.0
5,jeffreys,"[1, 0, 1]","[0, 1, 0]",1,10.359897189179767,10.359897189179767,STOP,"{""STOP"": 10.359897189179767, ""p1"": 2.359897189179776, ""p2"": 9.35989718917977, ""pf"": -19.640102810820224}",0110,VALUE_INTEGRATION_CONVERGED,0.0
5,jeffreys,"[1, 0, 0]","[0, 1, 2]",0,10.915490065467967,10.915490065467967,STOP,"{""STOP"": 10.915490065467967}",0110,VALUE_INTEGRATION_CONVERGED,0.0
5,jeffreys,"[1, 0, 0]","[0, 1, 1]",1,10.864207717476138,10.864207717476138,STOP,"{""STOP"": 10.864207717476138, ""p1"": 2.8642077174761322, ""p2"": 9.864207717476136, ""pf"": -19.135792282523862}",0110,VALUE_INTEGRATION_CONVERGED,0.0
5,jeffreys,"[1, 0, 0]","[0, 1, 0]",2,10.811779395227497,10.811779395227497,STOP,"{""STOP"": 10.811779395227497, ""p1"": 2.8117793952275, ""p2"": 9.8117793952275, ""pf"": -19.188220604772496}",0110,VALUE_INTEGRATION_CONVERGED,0.0
5,jeffreys,"[1, 0, 3]","[0, 0, 0]",0,9.377090948134642,9.377090948134642,STOP,"{""STOP"": 9.377090948134642}",0110,VALUE_INTEGRATION_CONVERGED,0.0
5,jeffreys,"[1, 0, 2]","[0, 0, 1]",0,9.892261213901115,9.892261213901115,STOP,"{""STOP"": 9.892261213901115}",0110,VALUE_INTEGRATION_CONVERGED,0.0
5,jeffreys,"[1, 0, 2]","[0, 0, 0]",1,9.829740550579949,9.829740550579949,STOP,"{""STOP"": 9.829740550579949, ""p1"": 1.8297405505799524, ""p2"": 8.829740550579949, ""pf"": -20.170259449420058}",0110,VALUE_INTEGRATION_CONVERGED,0.0
5,jeffreys,"[1, 0, 1]","[0, 0, 2]",0,10.396170927410402,10.396170927410402,STOP,"{""STOP"": 10.396170927410402}",0110,VALUE_INTEGRATION_CONVERGED,0.0
5,jeffreys,"[1, 0, 1]","[0, 0, 1]",1,10.339909163280717,10.339909163280717,STOP,"{""STOP"": 10.339909163280717, ""p1"": 2.3399091632807236, ""p2"": 9.339909163280717, ""pf"": -19.660090836719274}",0110,VALUE_INTEGRATION_CONVERGED,0.0
5,jeffreys,"[1, 0, 1]","[0, 0, 0]",2,10.28239015302524,10.28239015302524,STOP,"{""STOP"": 10.28239015302524, ""p1"": 2.28239015302524, ""p2"": 9.282390153025231, ""pf"": -19.71760984697476}",0110,VALUE_INTEGRATION_CONVERGED,0.0
5,jeffreys,"[1, 0, 0]","[0, 0, 3]",0,10.889185295762715,10.889185295762715,STOP,"{""STOP"": 10.889185295762715}",0110,VALUE_INTEGRATION_CONVERGED,0.0
5,jeffreys,"[1, 0, 0]","[0, 0, 2]",1,10.838926549474383,10.838926549474383,STOP,"{""STOP"": 10.838926549474383, ""p1"": 2.8389265494743885, ""p2"": 9.838926549474376, ""pf"": -19.161073450525627}",0110,VALUE_INTEGRATION_CONVERGED,0.0
5,jeffreys,"[1, 0, 0]","[0, 0, 1]",2,10.787557112660316,10.787557112660316,STOP,"{""STOP"": 10.787557112660316, ""p1"": 2.787557112660327, ""p2"": 9.787557112660322, ""pf"": -19.21244288733967}",0110,VALUE_INTEGRATION_CONVERGED,0.0
5,jeffreys,"[1, 0, 0]","[0, 0, 0]",3,10.735039755470533,10.735039755470533,STOP,"{""STOP"": 10.735039755470533, ""p1"": 2.7350397554705346, ""p2"": 9.73503975547053, ""pf"": -19.26496024452947}",0110,VALUE_INTEGRATION_CONVERGED,0.0
5,jeffreys,"[0, 0, 0]","[4, 0, 0]",0,11.442182162399925,11.442182162399925,STOP,"{""STOP"": 11.442182162399925}",0100,VALUE_INTEGRATION_CONVERGED,0.0
5,jeffreys,"[0, 1, 0]","[3, 0, 0]",0,11.085289780135362,11.085289780135362,STOP,"{""STOP"": 11.085289780135362}",0100,VALUE_INTEGRATION_CONVERGED,0.0
5,jeffreys,"[0, 0, 0]","[3, 1, 0]",0,11.458354707808194,11.458354707808194,STOP,"{""STOP"": 11.458354707808194}",0100,VALUE_INTEGRATION_CONVERGED,0.0
5,jeffreys,"[0, 0, 1]","[3, 0, 0]",0,10.889185295762715,10.889185295762715,STOP,"{""STOP"": 10.889185295762715}",0110,VALUE_INTEGRATION_CONVERGED,0.0
5,jeffreys,"[0, 0, 0]","[3, 0, 1]",0,11.446001823777284,11.446001823777284,STOP,"{""STOP"": 11.446001823777284}",0100,VALUE_INTEGRATION_CONVERGED,0.0
5,jeffreys,"[0, 0, 0]","[3, 0, 0]",1,11.382633608627074,11.382633608627074,STOP,"{""STOP"": 11.382633608627074, ""p1"": 3.387664154858739, ""p2"": 10.382633608627076, ""pf"": -18.61188504299651}",0100,VALUE_INTEGRATION_CONVERGED,0.0
5,jeffreys,"[0, 2, 0]","[2, 0, 0]",0,10.726433238236282,10.726433238236282,STOP,"{""STOP"": 10.726433238236282}",0100,VALUE_INTEGRATION_CONVERGED,0.0
5,jeffreys,"[0, 1, 0]","[2, 1, 0]",0,11.103611631443064,11.103611631443064,STOP,"{""STOP"": 11.103611631443064}",0100,VALUE_INTEGRATION_CONVERGED,0.0
5,jeffreys,"[0, 1, 1]","[2, 0, 0]",0,10.53827469398735,10.53827469398735,STOP,"{""STOP"": 10.53827469398735}",0110,VALUE_INTEGRATION_CONVERGED,0.0
5,jeffreys,"[0, 1, 0]","[2, 0, 1]",0,11.0878925263697,11.0878925263697,STOP,"{""STOP"": 11.0878925263697}",0100,VALUE_INTEGRATION_CONVERGED,0.0
5,jeffreys,"[0, 1, 0]","[2, 0, 0]",1,11.024108342678886,11.024108342678886,STOP,"{""STOP"": 11.024108342678886, ""p1"": 3.0304258243644107, ""p2"": 10.02410834267889, ""pf"": -18.9692459611552}",0100,VALUE_INTEGRATION_CONVERGED,0.0
5,jeffreys,"[0, 0, 0]","[2, 2, 0]",0,11.471534113160104,11.471534113160104,STOP,"{""STOP"": 11.471534113160104}",0100,VALUE_INTEGRATION_CONVERGED,0.0
5,jeffreys,"[0, 0, 1]","[2, 1, 0]",0,10.915490065467974,10.915490065467974,STOP,"{""STOP"": 10.915490065467974}",0110,VALUE_INTEGRATION_CONVERGED,0.0
5,jeffreys,"[0, 0, 0]","[2, 1, 1]",0,11.460939772198607,11.460939772198607,STOP,"{""STOP"": 11.460939772198607}",0100,VALUE_INTEGRATION_CONVERGED,0.0
5,jeffreys,"[0, 0, 0]","[2, 1, 0]",1,11.397588908501286,11.397588908501286,STOP,"{""STOP"": 11.397588908501286, ""p1"": 3.4039063901868074, ""p2"": 10.397588908501287, ""pf"": -18.595765395332798}",0100,VALUE_INTEGRATION_CONVERGED,0.0
5,jeffreys,"[0, 0, 2]","[2, 0, 0]",0,10.391787208380078,10.391787208380078,STOP,"{""STOP"": 10.391787208380078}",0110,VALUE_INTEGRATION_CONVERGED,0.0
5,jeffreys,"[0, 0, 1]","[2, 0, 1]",0,10.895745360773667,10.895745360773667,STOP,"{""STOP"": 10.895745360773667}",0110,VALUE_INTEGRATION_CONVERGED,0.0
5,jeffreys,"[0, 0, 1]","[2, 0, 0]",1,10.83892654947438,10.83892654947438,STOP,"{""STOP"": 10.83892654947438, ""p1"": 2.8389265494743743, ""p2"": 9.838926549474383, ""pf"": -19.161073450525613}",0110,VALUE_INTEGRATION_CONVERGED,0.0
5,jeffreys,"[0, 0, 0]","[2, 0, 2]",0,11.447274435931394,11.447274435931394,STOP,"{""STOP"": 11.447274435931394}",0100,VALUE_INTEGRATION_CONVERGED,0.0
5,jeffreys,"[0, 0, 0]","[2, 0, 1]",1,11.385222261906607,11.385222261906607,STOP,"{""STOP"": 11.385222261906607, ""p1"": 3.3903496643597624, ""p2"": 10.385222261906602, ""pf"": -18.609500615923075}",0100,VALUE_INTEGRATION_CONVERGED,0.0
5,jeffreys,"[0, 0, 0]","[2, 0, 0]",2,11.321783447121499,11.321783447121499,STOP,"{""STOP"": 11.321783447121499, ""p1"": 3.3281009288070145, ""p2"": 10.321783447121492, ""pf"": -18.671570856712584}",0100,VALUE_INTEGRATION_CONVERGED,0.0
5,jeffreys,"[0, 3, 0]","[1, 0, 0]",0,10.36554742643854,10.36554742643854,STOP,"{""STOP"": 10.36554742643854}",0100,VALUE_INTEGRATION_CONVERGED,0.0
5,jeffreys,"[0, 2, 0]","[1, 1, 0]",0,10.746856882899717,10.746856882899717,STOP,"{""STOP"": 10.746856882899717}",0100,VALUE_INTEGRATION_CONVERGED,0.0
5,jeffreys,"[0, 2, 1]","[1, 0, 0]",0,10.18556943581417,10.18556943581417,STOP,"{""STOP"": 10.18556943581417}",0110,VALUE_INTEGRATION_CONVERGED,0.0
5,jeffreys,"[0, 2, 0]","[1, 0, 1]",0,10.727763625986487,10.727763625986487,STOP,"{""STOP"": 10.727763625986487}",0100,VALUE_INTEGRATION_CONVERGED,0.0
5,jeffreys,"[0, 2, 0]","[1, 0, 0]",1,10.663561127847519,10.663561127847519,STOP,"{""STOP"": 10.663561127847519, ""p1"": 2.6712184084825576, ""p2"": 9.663561127847517, ""pf"": -19.3286030967542}",0100,VALUE_INTEGRATION_CONVERGED,0.0
5,jeffreys,"[0, 1, 0]","[1, 2, 0]",0,11.118809052085787,11.118809052085787,STOP,"{""STOP"": 11.118809052085787}",0100,VALUE_INTEGRATION_CONVERGED,0.0
5,jeffreys,"[0, 1, 1]","[1, 1, 0]",0,10.566952932946513,10.566952932946513,STOP,"{""STOP"": 10.566952932946513}",0110,VALUE_INTEGRATION_CONVERGED,0.0
5,jeffreys,"[0, 1, 0]","[1, 1, 1]",0,11.104932940830086,11.104932940830086,STOP,"{""STOP"": 11.104932940830086}",0100,VALUE_INTEGRATION_CONVERGED,0.0
5,jeffreys,"[0, 1, 0]","[1, 1, 0]",1,11.041168550750838,11.041168550750838,STOP,"{""STOP"": 11.041168550750838, ""p1"": 3.048825831385871, ""p2"": 10.041168550750829, ""pf"": -18.95099567385088}",0100,VALUE_INTEGRATION_CONVERGED,0.0
5,jeffreys,"[0, 1, 2]","[1, 0, 0]",0,10.03593518784356,10.03593518784356,STOP,"{""STOP"": 10.03593518784356}",0110,VALUE_INTEGRATION_CONVERGED,0.0
5,jeffreys,"[0, 1, 1]","[1, 0, 1]",0,10.543825406762412,10.543825406762412,STOP,"{""STOP"": 10.543825406762412}",0110,VALUE_INTEGRATION_CONVERGED,0.0
5,jeffreys,"[0, 1, 1]","[1, 0, 0]",1,10.486563274237243,10.486563274237243,STOP,"{""STOP"": 10.486563274237243, ""p1"": 2.4865632742372537, ""p2"": 9.486563274237245, ""pf"": -19.51343672576275}",0110,VALUE_INTEGRATION_CONVERGED,0.0
5,jeffreys,"[0, 1, 0]","[1, 0, 2]",0,11.087892526369696,11.087892526369696,STOP,"{""STOP"": 11.087892526369696}",0100,VALUE_INTEGRATION_CONVERGED,0.0
5,jeffreys,"[0, 1, 0]","[1, 0, 1]",1,11.025431565642464,11.025431565642464,STOP,"{""STOP"": 11.025431565642464, ""p1"": 3.031885616998361, ""p2"": 10.025431565642464, ""pf"": -18.96811438300164}",0100,VALUE_INTEGRATION_CONVERGED,0.0
5,jeffreys,"[0, 1, 0]","[1, 0, 0]",2,10.961574829256508,10.961574829256508,STOP,"{""STOP"": 10.961574829256508, ""p1"": 2.969232109891542, ""p2"": 9.96157482925651, ""pf"": -19.03058939534521}",0100,VALUE_INTEGRATION_CONVERGED,0.0
5,jeffreys,"[0, 0, 0]","[1, 3, 0]",0,11.481744198988562,11.481744198988562,STOP,"{""STOP"": 11.481744198988562}",0100,VALUE_INTEGRATION_CONVERGED,0.0
5,jeffreys,"[0, 0, 1]","[1, 2, 0]",0,10.938977325854745,10.938977325854745,STOP,"{""STOP"": 10.938977325854745}",0110,VALUE_INTEGRATION_CONVERGED,0.0
5,jeffreys,"[0, 0, 0]","[1, 2, 1]",0,11.472846566965847,11.472846566965847,STOP,"{""STOP"": 11.472846566965847}",0100,VALUE_INTEGRATION_CONVERGED,0.0
5,jeffreys,"[0, 0, 0]","[1, 2, 0]",1,11.409509533828299,11.409509533828299,STOP,"{""STOP"": 11.409509533828299, ""p1"": 3.4171668144633287, ""p2"": 10.4095095338283, ""pf"": -18.582654690773424}",0100,VALUE_INTEGRATION_CONVERGED,0.0
5,jeffreys,"[0, 0, 2]","[1, 1, 0]",0,10.417318684975902,10.417318684975902,STOP,"{""STOP"": 10.417318684975902}",0110,VALUE_INTEGRATION_CONVERGED,0.0
5,jeffreys,"[0, 0, 1]","[1, 1, 1]",0,10.920994721606,10.920994721606,STOP,"{""STOP"": 10.920994721606}",0110,VALUE_INTEGRATION_CONVERGED,0.0
5,jeffreys,"[0, 0, 1]","[1, 1, 0]",1,10.864207717476132,10.864207717476132,STOP,"{""STOP"": 10.864207717476132, ""p1"": 2.864207717476143, ""p2"": 9.86420771747613, ""pf"": -19.135792282523866}",0110,VALUE_INTEGRATION_CONVERGED,0.0
5,jeffreys,"[0, 0, 0]","[1, 1, 2]",0,11.460939772198607,11.460939772198607,STOP,"{""STOP"": 11.460939772198607}",0100,VALUE_INTEGRATION_CONVERGED,0.0
5,jeffreys,"[0, 0, 0]","[1, 1, 1]",1,11.398903142105233,11.398903142105233,STOP,"{""STOP"": 11.398903142105233, ""p1"": 3.405357193461133, ""p2"": 10.39890314210523, ""pf"": -18.594642806538868}",0100,VALUE_INTEGRATION_CONVERGED,0.0
5,jeffreys,"[0, 0, 0]","[1, 1, 0]",2,11.335480218601944,11.335480218601944,STOP,"{""STOP"": 11.335480218601944, ""p1"": 3.343137499236975, ""p2"": 10.335480218601948, ""pf"": -18.65668400599977}",0100,VALUE_INTEGRATION_CONVERGED,0.0
5,jeffreys,"[0, 0, 3]","[1, 0, 0]",0,9.892261213901115,9.892261213901115,STOP,"{""STOP"": 9.892261213901115}",0110,VALUE_INTEGRATION_CONVERGED,0.0
5,jeffreys,"[0, 0, 2]","[1, 0, 1]",0,10.401738990543102,10.401738990543102,STOP,"{""STOP"": 10.401738990543102}",0110,VALUE_INTEGRATION_CONVERGED,0.0
5,jeffreys,"[0, 0, 2]","[1, 0, 0]",1,10.339909163280733,10.339909163280733,STOP,"{""STOP"": 10.339909163280733, ""p1"": 2.339909163280738, ""p2"": 9.339909163280725, ""pf"": -19.660090836719274}",0110,VALUE_INTEGRATION_CONVERGED,0.0
5,jeffreys,"[0, 0, 1]","[1, 0, 2]",0,10.900080640919684,10.900080640919684,STOP,"{""STOP"": 10.900080640919684}",0110,VALUE_INTEGRATION_CONVERGED,0.0
5,jeffreys,"[0, 0, 1]","[1, 0, 1]",1,10.844440553741705,10.844440553741705,STOP,"{""STOP"": 10.844440553741705, ""p1"": 2.8444405537417206, ""p2"": 9.844440553741709, ""pf"": -19.15555944625828}",0110,VALUE_INTEGRATION_CONVERGED,0.0
5,jeffreys,"[0, 0, 1]","[1, 0, 0]",2,10.787557112660316,10.787557112660316,STOP,"{""STOP"": 10.787557112660316, ""p1"": 2.787557112660326, ""p2"": 9.78755711266032, ""pf"": -19.21244288733968}",0110,VALUE_INTEGRATION_CONVERGED,0.0
5,jeffreys,"[0, 0, 0]","[1, 0, 3]",0,11.44600182377729,11.44600182377729,STOP,"{""STOP"": 11.44600182377729}",0100,VALUE_INTEGRATION_CONVERGED,0.0
5,jeffreys,"[0, 0, 0]","[1, 0, 2]",1,11.385222261906607,11.385222261906607,STOP,"{""STOP"": 11.385222261906607, ""p1"": 3.3904993840769224, ""p2"": 10.385222261906602, ""pf"": -18.609650335640232}",0100,VALUE_INTEGRATION_CONVERGED,0.0
5,jeffreys,"[0, 0, 0]","[1, 0, 1]",2,11.32309950529843,11.32309950529843,STOP,"{""STOP"": 11.32309950529843, ""p1"": 3.3295535566543393, ""p2"": 10.323099505298433, ""pf"": -18.67044644334566}",0100,VALUE_INTEGRATION_CONVERGED,0.0
5,jeffreys,"[0, 0, 0]","[1, 0, 0]",3,11.259588530665498,11.259588530665498,STOP,"{""STOP"": 11.259588530665498, ""p1"": 3.2672458113005334, ""p2"": 10.259588530665495, ""pf"": -18.732575693936226}",0100,VALUE_INTEGRATION_CONVERGED,0.0
5,jeffreys,"[0, 4, 0]","[0, 0, 0]",0,10.002564324522087,10.002564324522087,STOP,"{""STOP"": 10.002564324522087}",0100,VALUE_INTEGRATION_CONVERGED,0.0
5,jeffreys,"[0, 3, 0]","[0, 1, 0]",0,10.38802303182587,10.38802303182587,STOP,"{""STOP"": 10.38802303182587}",0100,VALUE_INTEGRATION_CONVERGED,0.0
5,jeffreys,"[0, 3, 1]","[0, 0, 0]",0,9.831009365162824,9.831009365162824,STOP,"{""STOP"": 9.831009365162824}",0110,VALUE_INTEGRATION_CONVERGED,0.0
5,jeffreys,"[0, 3, 0]","[0, 0, 1]",0,10.365547426438546,10.365547426438546,STOP,"{""STOP"": 10.365547426438546}",0100,VALUE_INTEGRATION_CONVERGED,0.0
5,jeffreys,"[0, 3, 0]","[0, 0, 0]",1,10.300924189310113,10.300924189310113,STOP,"{""STOP"": 10.300924189310113, ""p1"": 2.3099766378900757, ""p2"": 9.300924189310111, ""pf"": -19.69002336210992}",0100,VALUE_INTEGRATION_CONVERGED,0.0
5,jeffreys,"[0, 2, 0]","[0, 2, 0]",0,10.764022629747961,10.764022629747961,STOP,"{""STOP"": 10.764022629747961}",0100,VALUE_INTEGRATION_CONVERGED,0.0
5,jeffreys,"[0, 2, 1]","[0, 1, 0]",0,10.216579262478323,10.216579262478323,STOP,"{""STOP"": 10.216579262478323}",0110,VALUE_INTEGRATION_CONVERGED,0.0
5,jeffreys,"[0, 2, 0]","[0, 1, 1]",0,10.746856882899717,10.746856882899717,STOP,"{""STOP"": 10.746856882899717}",0100,VALUE_INTEGRATION_CONVERGED,0.0
5,jeffreys,"[0, 2, 0]","[0, 1, 0]",1,10.68267656288981,10.68267656288981,STOP,"{""STOP"": 10.68267656288981, ""p1"": 2.6917290114697696, ""p2"": 9.682676562889817, ""pf"": -19.30827098853023}",0100,VALUE_INTEGRATION_CONVERGED,0.0
5,jeffreys,"[0, 2, 2]","[0, 0, 0]",0,9.678217708089823,9.678217708089823,STOP,"{""STOP"": 9.678217708089823}",0110,VALUE_INTEGRATION_CONVERGED,0.0
5,jeffreys,"[0, 2, 1]","[0, 0, 1]",0,10.190060606342954,10.190060606342954,STOP,"{""STOP"": 10.190060606342954}",0110,VALUE_INTEGRATION_CONVERGED,0.0
5,jeffreys,"[0, 2, 1]","[0, 0, 0]",1,10.132352828598725,10.132352828598725,STOP,"{""STOP"": 10.132352828598725, ""p1"": 2.13235282859873, ""p2"": 9.132352828598723, ""pf"": -19.867647171401273}",0110,VALUE_INTEGRATION_CONVERGED,0.0
5,jeffreys,"[0, 2, 0]","[0, 0, 2]",0,10.726433238236273,10.726433238236273,STOP,"{""STOP"": 10.726433238236273}",0100,VALUE_INTEGRATION_CONVERGED,0.0
5,jeffreys,"[0, 2, 0]","[0, 0, 1]",1,10.663561127847522,10.663561127847522,STOP,"{""STOP"": 10.663561127847522, ""p1"": 2.6713969032457996, ""p2"": 9.663561127847519, ""pf"": -19.32878159151745}",0100,VALUE_INTEGRATION_CONVERGED,0.0
5,jeffreys,"[0, 2, 0]","[0, 0, 0]",2,10.599284054098135,10.599284054098135,STOP,"{""STOP"": 10.599284054098135, ""p1"": 2.60833650267809, ""p2"": 9.59928405409813, ""pf"": -19.391663497321908}",0100,VALUE_INTEGRATION_CONVERGED,0.0
5,jeffreys,"[0, 1, 0]","[0, 3, 0]",0,11.130907085902255,11.130907085902255,STOP,"{""STOP"": 11.130907085902255}",0100,VALUE_INTEGRATION_CONVERGED,0.0
5,jeffreys,"[0, 1, 1]","[0, 2, 0]",0,10.592687321822899,10.592687321822899,STOP,"{""STOP"": 10.592687321822899}",0110,VALUE_INTEGRATION_CONVERGED,0.0
5,jeffreys,"[0, 1, 0]","[0, 2, 1]",0,11.11880905208579,11.11880905208579,STOP,"{""STOP"": 11.11880905208579}",0100,VALUE_INTEGRATION_CONVERGED,0.0
5,jeffreys,"[0, 1, 0]","[0, 2, 0]",1,11.055060780062655,11.055060780062655,STOP,"{""STOP"": 11.055060780062655, ""p1"": 3.064113228642615, ""p2"": 10.055060780062666, ""pf"": -18.93588677135738}",0100,VALUE_INTEGRATION_CONVERGED,0.0
5,jeffreys,"[0, 1, 2]","[0, 1, 0]",0,10.063824668742555,10.063824668742555,STOP,"{""STOP"": 10.063824668742555}",0110,VALUE_INTEGRATION_CONVERGED,0.0
5,jeffreys,"[0, 1, 1]","[0, 1, 1]",0,10.571406716601746,10.571406716601746,STOP,"{""STOP"": 10.571406716601746}",0110,VALUE_INTEGRATION_CONVERGED,0.0
5,jeffreys,"[0, 1, 1]","[0, 1, 0]",1,10.514179328852919,10.514179328852919,STOP,"{""STOP"": 10.514179328852919, ""p1"": 2.514179328852917, ""p2"": 9.514179328852915, ""pf"": -19.485820671147085}",0110,VALUE_INTEGRATION_CONVERGED,0.0
5,jeffreys,"[0, 1, 0]","[0, 1, 2]",0,11.103611631443066,11.103611631443066,STOP,"{""STOP"": 11.103611631443066}",0100,VALUE_INTEGRATION_CONVERGED,0.0
5,jeffreys,"[0, 1, 0]","[0, 1, 1]",1,11.04116855075084,11.04116855075084,STOP,"{""STOP"": 11.04116855075084, ""p1"": 3.0490043261491193, ""p2"": 10.041168550750832, ""pf"": -18.95117416861413}",0100,VALUE_INTEGRATION_CONVERGED,0.0
5,jeffreys,"[0, 1, 0]","[0, 1, 0]",2,10.977330093953766,10.977330093953766,STOP,"{""STOP"": 10.977330093953766, ""p1"": 2.986382542533727, ""p2"": 9.97733009395376, ""pf"": -19.01361745746627}",0100,VALUE_INTEGRATION_CONVERGED,0.0
5,jeffreys,"[0, 1, 3]","[0, 0, 0]",0,9.531393248312547,9.531393248312547,STOP,"{""STOP"": 9.531393248312547}",0110,VALUE_INTEGRATION_CONVERGED,0.0
5,jeffreys,"[0, 1, 2]","[0, 0, 1]",0,10.044858516286991,10.044858516286991,STOP,"{""STOP"": 10.044858516286991}",0110,VALUE_INTEGRATION_CONVERGED,0.0
5,jeffreys,"[0, 1, 2]","[0, 0, 0]",1,9.9825447701736,9.9825447701736,STOP,"{""STOP"": 9.9825447701736, ""p1"": 1.9825447701735959, ""p2"": 8.982544770173597, ""pf"": -20.01745522982641}",0110,VALUE_INTEGRATION_CONVERGED,0.0
5,jeffreys,"[0, 1, 1]","[0, 0, 2]",0,10.547100499715558,10.547100499715558,STOP,"{""STOP"": 10.547100499715558}",0110,VALUE_INTEGRATION_CONVERGED,0.0
5,jeffreys,"[0, 1, 1]","[0, 0, 1]",1,10.491024938458963,10.491024938458963,STOP,"{""STOP"": 10.491024938458963, ""p1"": 2.491024938458967, ""p2"": 9.49102493845896, ""pf"": -19.50897506154103}",0110,VALUE_INTEGRATION_CONVERGED,0.0
5,jeffreys,"[0, 1, 1]","[0, 0, 0]",2,10.433696292034632,10.433696292034632,STOP,"{""STOP"": 10.433696292034632, ""p1"": 2.4336962920346314, ""p2"": 9.433696292034632, ""pf"": -19.566303707965368}",0110,VALUE_INTEGRATION_CONVERGED,0.0
5,jeffreys,"[0, 1, 0]","[0, 0, 3]",0,11.085289780135358,11.085289780135358,STOP,"{""STOP"": 11.085289780135358}",0100,VALUE_INTEGRATION_CONVERGED,0.0
5,jeffreys,"[0, 1, 0]","[0, 0, 2]",1,11.024108342678893,11.024108342678893,STOP,"{""STOP"": 11.024108342678893, ""p1"": 3.0307540388447993, ""p2"": 10.024108342678888, ""pf"": -18.969574175635593}",0100,VALUE_INTEGRATION_CONVERGED,0.0
5,jeffreys,"[0, 1, 0]","[0, 0, 1]",2,10.961574829256504,10.961574829256504,STOP,"{""STOP"": 10.961574829256504, ""p1"": 2.969410604654792, ""p2"": 9.961574829256513, ""pf"": -19.030767890108454}",0100,VALUE_INTEGRATION_CONVERGED,0.0
5,jeffreys,"[0, 1, 0]","[0, 0, 0]",3,10.897643918886146,10.897643918886146,STOP,"{""STOP"": 10.897643918886146, ""p1"": 2.9066963674661146, ""p2"": 9.897643918886157, ""pf"": -19.09330363253389}",0100,VALUE_INTEGRATION_CONVERGED,0.0
5,jeffreys,"[0, 0, 0]","[0, 4, 0]",0,11.489003890412107,11.489003890412107,STOP,"{""STOP"": 11.489003890412107}",0100,VALUE_INTEGRATION_CONVERGED,0.0
5,jeffreys,"[0, 0, 1]","[0, 3, 0]",0,10.95967761003184,10.95967761003184,STOP,"{""STOP"": 10.95967761003184}",0110,VALUE_INTEGRATION_CONVERGED,0.0
5,jeffreys,"[0, 0, 0]","[0, 3, 1]",0,11.481744198988562,11.481744198988562,STOP,"{""STOP"": 11.481744198988562}",0100,VALUE_INTEGRATION_CONVERGED,0.0
5,jeffreys,"[0, 0, 0]","[0, 3, 0]",1,11.418417501061613,11.418417501061613,STOP,"{""STOP"": 11.418417501061613, ""p1"": 3.4274699496415764, ""p2"": 10.418417501061608, ""pf"": -18.572530050358424}",0100,VALUE_INTEGRATION_CONVERGED,0.0
5,jeffreys,"[0, 0, 2]","[0, 2, 0]",0,10.439968881894622,10.439968881894622,STOP,"{""STOP"": 10.439968881894622}",0110,VALUE_INTEGRATION_CONVERGED,0.0
5,jeffreys,"[0, 0, 1]","[0, 2, 1]",0,10.943394640105717,10.943394640105717,STOP,"{""STOP"": 10.943394640105717}",0110,VALUE_INTEGRATION_CONVERGED,0.0
5,jeffreys,"[0, 0, 1]","[0, 2, 0]",1,10.88663585364074,10.88663585364074,STOP,"{""STOP"": 10.88663585364074, ""p1"": 2.886635853640737, ""p2"": 9.88663585364074, ""pf"": -19.11336414635926}",0110,VALUE_INTEGRATION_CONVERGED,0.0
5,jeffreys,"[0, 0, 0]","[0, 2, 2]",0,11.471534113160097,11.471534113160097,STOP,"{""STOP"": 11.471534113160097}",0100,VALUE_INTEGRATION_CONVERGED,0.0
5,jeffreys,"[0, 0, 0]","[0, 2, 1]",1,11.409509533828299,11.409509533828299,STOP,"{""STOP"": 11.409509533828299, ""p1"": 3.417345309226575, ""p2"": 10.4095095338283, ""pf"": -18.58283318553668}",0100,VALUE_INTEGRATION_CONVERGED,0.0
5,jeffreys,"[0, 0, 0]","[0, 2, 0]",2,11.346098930377353,11.346098930377353,STOP,"{""STOP"": 11.346098930377353, ""p1"": 3.3551513789573155, ""p2"": 10.346098930377355, ""pf"": -18.644848621042684}",0100,VALUE_INTEGRATION_CONVERGED,0.0
5,jeffreys,"[0, 0, 3]","[0, 1, 0]",0,9.916963145628044,9.916963145628044,STOP,"{""STOP"": 9.916963145628044}",0110,VALUE_INTEGRATION_CONVERGED,0.0
5,jeffreys,"[0, 0, 2]","[0, 1, 1]",0,10.426167972748175,10.426167972748175,STOP,"{""STOP"": 10.426167972748175}",0110,VALUE_INTEGRATION_CONVERGED,0.0
5,jeffreys,"[0, 0, 2]","[0, 1, 0]",1,10.364371270427787,10.364371270427787,STOP,"{""STOP"": 10.364371270427787, ""p1"": 2.364371270427778, ""p2"": 9.364371270427785, ""pf"": -19.63562872957223}",0110,VALUE_INTEGRATION_CONVERGED,0.0
5,jeffreys,"[0, 0, 1]","[0, 1, 2]",0,10.92424263971268,10.92424263971268,STOP,"{""STOP"": 10.92424263971268}",0110,VALUE_INTEGRATION_CONVERGED,0.0
5,jeffreys,"[0, 0, 1]","[0, 1, 1]",1,10.86863236136227,10.86863236136227,STOP,"{""STOP"": 10.86863236136227, ""p1"": 2.868632361362275, ""p2"": 9.868632361362273, ""pf"": -19.131367638637727}",0110,VALUE_INTEGRATION_CONVERGED,0.0
5,jeffreys,"[0, 0, 1]","[0, 1, 0]",2,10.811779395227493,10.811779395227493,STOP,"{""STOP"": 10.811779395227493, ""p1"": 2.811779395227501, ""p2"": 9.811779395227502, ""pf"": -19.188220604772503}",0110,VALUE_INTEGRATION_CONVERGED,0.0
5,jeffreys,"[0, 0, 0]","[0, 1, 3]",0,11.458354707808198,11.458354707808198,STOP,"{""STOP"": 11.458354707808198}",0100,VALUE_INTEGRATION_CONVERGED,0.0
5,jeffreys,"[0, 0, 0]","[0, 1, 2]",1,11.397588908501286,11.397588908501286,STOP,"{""STOP"": 11.397588908501286, ""p1"": 3.404234604667204, ""p2"": 10.397588908501282, ""pf"": -18.596093609813188}",0100,VALUE_INTEGRATION_CONVERGED,0.0
5,jeffreys,"[0, 0, 0]","[0, 1, 1]",2,11.335480218601944,11.335480218601944,STOP,"{""STOP"": 11.335480218601944, ""p1"": 3.3433159940002275, ""p2"": 10.335480218601948, ""pf"": -18.656862500763026}",0100,VALUE_INTEGRATION_CONVERGED,0.0
5,jeffreys,"[0, 0, 0]","[0, 1, 0]",3,11.271983625017707,11.271983625017707,STOP,"{""STOP"": 11.271983625017707, ""p1"": 3.2810360735976696, ""p2"": 10.271983625017711, ""pf"": -18.71896392640233}",0100,VALUE_INTEGRATION_CONVERGED,0.0
5,jeffreys,"[0, 0, 4]","[0, 0, 0]",0,9.390535985831058,9.390535985831058,STOP,"{""STOP"": 9.390535985831058}",0110,VALUE_INTEGRATION_CONVERGED,0.0
5,jeffreys,"[0, 0, 3]","[0, 0, 1]",0,9.905557687645064,9.905557687645064,STOP,"{""STOP"": 9.905557687645064}",0110,VALUE_INTEGRATION_CONVERGED,0.0
5,jeffreys,"[0, 0, 3]","[0, 0, 0]",1,9.838703909044206,9.838703909044206,STOP,"{""STOP"": 9.838703909044206, ""p1"": 1.838703909044205, ""p2"": 8.838703909044206, ""pf"": -20.16129609095579}",0110,VALUE_INTEGRATION_CONVERGED,0.0
5,jeffreys,"[0, 0, 2]","[0, 0, 2]",0,10.409322084501401,10.409322084501401,STOP,"{""STOP"": 10.409322084501401}",0110,VALUE_INTEGRATION_CONVERGED,0.0
5,jeffreys,"[0, 0, 2]","[0, 0, 1]",1,10.348773479110015,10.348773479110015,STOP,"{""STOP"": 10.348773479110015, ""p1"": 2.348773479110024, ""p2"": 9.348773479110015, ""pf"": -19.651226520889985}",0110,VALUE_INTEGRATION_CONVERGED,0.0
5,jeffreys,"[0, 0, 2]","[0, 0, 0]",2,10.286871832257376,10.286871832257376,STOP,"{""STOP"": 10.286871832257376, ""p1"": 2.2868718322573853, ""p2"": 9.286871832257383, ""pf"": -19.71312816774263}",0110,VALUE_INTEGRATION_CONVERGED,0.0
5,jeffreys,"[0, 0, 1]","[0, 0, 3]",0,10.902194278182463,10.902194278182463,STOP,"{""STOP"": 10.902194278182463}",0110,VALUE_INTEGRATION_CONVERGED,0.0
5,jeffreys,"[0, 0, 1]","[0, 0, 2]",1,10.847693987535049,10.847693987535049,STOP,"{""STOP"": 10.847693987535049, ""p1"": 2.847693987535057, ""p2"": 9.847693987535049, ""pf"": -19.152306012464962}",0110,VALUE_INTEGRATION_CONVERGED,0.0
5,jeffreys,"[0, 0, 1]","[0, 0, 1]",2,10.79198927057497,10.79198927057497,STOP,"{""STOP"": 10.79198927057497, ""p1"": 2.7919892705749687, ""p2"": 9.791989270574964, ""pf"": -19.208010729425027}",0110,VALUE_INTEGRATION_CONVERGED,0.0
5,jeffreys,"[0, 0, 1]","[0, 0, 0]",3,10.735039755470527,10.735039755470527,STOP,"{""STOP"": 10.735039755470527, ""p1"": 2.735039755470531, ""p2"": 9.735039755470527, ""pf"": -19.264960244529465}",0110,VALUE_INTEGRATION_CONVERGED,0.0
5,jeffreys,"[0, 0, 0]","[0, 0, 4]",0,11.442182162399924,11.442182162399924,STOP,"{""STOP"": 11.442182162399924}",0100,VALUE_INTEGRATION_CONVERGED,0.0
5,jeffreys,"[0, 0, 0]","[0, 0, 3]",1,11.382633608627078,11.382633608627078,STOP,"{""STOP"": 11.382633608627078, ""p1"": 3.3881149570034985, ""p2"": 10.382633608627078, ""pf"": -18.612335845141263}",0100,VALUE_INTEGRATION_CONVERGED,0.0
5,jeffreys,"[0, 0, 0]","[0, 0, 2]",2,11.3217834471215,11.3217834471215,STOP,"{""STOP"": 11.3217834471215, ""p1"": 3.3284291432874165, ""p2"": 10.321783447121494, ""pf"": -18.671899071192982}",0100,VALUE_INTEGRATION_CONVERGED,0.0
5,jeffreys,"[0, 0, 0]","[0, 0, 1]",3,11.2595885306655,11.2595885306655,STOP,"{""STOP"": 11.2595885306655, ""p1"": 3.2674243060637753, ""p2"": 10.259588530665493, ""pf"": -18.732754188699467}",0100,VALUE_INTEGRATION_CONVERGED,0.0
5,jeffreys,"[0, 0, 0]","[0, 0, 0]",4,11.196003783674175,11.196003783674175,STOP,"{""STOP"": 11.196003783674175, ""p1"": 3.2050562322541403, ""p2"": 10.196003783674174, ""pf"": -18.794943767745856}",0100,VALUE_INTEGRATION_CONVERGED,0.0
6,uniform,"[4, 0, 0]","[0, 0, 0]",0,20.073934975944027,20.073934975944027,STOP,"{""STOP"": 20.073934975944027}",1000,VALUE_INTEGRATION_CONVERGED,0.0
6,uniform,"[3, 0, 0]","[1, 0, 0]",0,20.15201523545708,20.15201523545708,STOP,"{""STOP"": 20.15201523545708}",1000,VALUE_INTEGRATION_CONVERGED,0.0
6,uniform,"[3, 1, 0]","[0, 0, 0]",0,19.691315935267525,19.691315935267525,STOP,"{""STOP"": 19.691315935267525}",1000,VALUE_INTEGRATION_CONVERGED,0.0
6,uniform,"[3, 0, 0]","[0, 1, 0]",0,20.173698060941824,20.173698060941824,STOP,"{""STOP"": 20.173698060941824}",1000,VALUE_INTEGRATION_CONVERGED,0.0
6,uniform,"[3, 0, 1]","[0, 0, 0]",0,19.69131593526752,19.69131593526752,STOP,"{""STOP"": 19.69131593526752}",1000,VALUE_INTEGRATION_CONVERGED,0.0
6,uniform,"[3, 0, 0]","[0, 0, 1]",0,20.173698060941824,20.173698060941824,STOP,"{""STOP"": 20.173698060941824}",1000,VALUE_INTEGRATION_CONVERGED,0.0
6,uniform,"[3, 0, 0]","[0, 0, 0]",1,20.145322641784528,20.145322641784528,STOP,"{""STOP"": 20.145322641784528, ""p1"": 18.145322641784528, ""p2"": 17.145322641784514, ""pf"": -10.854677358215486}",1000,VALUE_INTEGRATION_CONVERGED,0.0
6,uniform,"[2, 0, 0]","[2, 0, 0]",0,20.228485592712133,20.228485592712133,STOP,"{""STOP"": 20.228485592712133}",1000,VALUE_INTEGRATION_CONVERGED,0.0
6,uniform,"[2, 1, 0]","[1, 0, 0]",0,19.76941828254847,19.76941828254847,STOP,"{""STOP"": 19.76941828254847}",1000,VALUE_INTEGRATION_CONVERGED,0.0
6,uniform,"[2, 0, 0]","[1, 1, 0]",0,20.250986842105263,20.250986842105263,STOP,"{""STOP"": 20.250986842105263}",1000,VALUE_INTEGRATION_CONVERGED,0.0
6,uniform,"[2, 0, 1]","[1, 0, 0]",0,19.769418282548475,19.769418282548475,STOP,"{""STOP"": 19.769418282548475}",1000,VALUE_INTEGRATION_CONVERGED,0.0
6,uniform,"[2, 0, 0]","[1, 0, 1]",0,20.250986842105256,20.250986842105256,STOP,"{""STOP"": 20.250986842105256}",1000,VALUE_INTEGRATION_CONVERGED,0.0
6,uniform,"[2, 0, 0]","[1, 0, 0]",1,20.222659279778426,20.222659279778426,STOP,"{""STOP"": 20.222659279778426, ""p1"": 18.222659279778416, ""p2"": 17.222659279778394, ""pf"": -10.777340720221613}",1000,VALUE_INTEGRATION_CONVERGED,0.0
6,uniform,"[2, 2, 0]","[0, 0, 0]",0,19.31011051173644,19.31011051173644,STOP,"{""STOP"": 19.31011051173644}",1000,VALUE_INTEGRATION_CONVERGED,0.0
6,uniform,"[2, 1, 0]","[0, 1, 0]",0,19.796463527239176,19.796463527239176,STOP,"{""STOP"": 19.796463527239176}",1000,VALUE_INTEGRATION_CONVERGED,0.0
6,uniform,"[2, 1, 1]","[0, 0, 0]",0,19.305622393934947,19.305622393934947,STOP,"{""STOP"": 19.305622393934947}",1000,VALUE_INTEGRATION_CONVERGED,0.0
6,uniform,"[2, 1, 0]","[0, 0, 1]",0,19.792022160664793,19.792022160664793,STOP,"{""STOP"": 19.792022160664793}",1000,VALUE_INTEGRATION_CONVERGED,0.0
6,uniform,"[2, 1, 0]","[0, 0, 0]",1,19.763410409680716,19.763410409680716,STOP,"{""STOP"": 19.763410409680716, ""p1"": 17.76341040968071, ""p2"": 16.76341040968074, ""pf"": -11.23658959031932}",1000,VALUE_INTEGRATION_CONVERGED,0.0
6,uniform,"[2, 0, 0]","[0, 2, 0]",0,20.272788645515043,20.272788645515043,STOP,"{""STOP"": 20.272788645515043}",1000,VALUE_INTEGRATION_CONVERGED,0.0
6,uniform,"[2, 0, 1]","[0, 1, 0]",0,19.792022160664796,19.792022160664796,STOP,"{""STOP"": 19.792022160664796}",1000,VALUE_INTEGRATION_CONVERGED,0.0
6,uniform,"[2, 0, 0]","[0, 1, 1]",0,20.27335526315789,20.27335526315789,STOP,"{""STOP"": 20.27335526315789}",1000,VALUE_INTEGRATION_CONVERGED,0.0
6,uniform,"[2, 0, 0]","[0, 1, 0]",1,20.245041551246544,20.245041551246544,STOP,"{""STOP"": 20.245041551246544, ""p1"": 18.24504155124654, ""p2"": 17.245041551246548, ""pf"": -10.75495844875347}",1000,VALUE_INTEGRATION_CONVERGED,0.0
6,uniform,"[2, 0, 2]","[0, 0, 0]",0,19.310110511736433,19.310110511736433,STOP,"{""STOP"": 19.310110511736433}",1000,VALUE_INTEGRATION_CONVERGED,0.0
6,uniform,"[2, 0, 1]","[0, 0, 1]",0,19.796463527239176,19.796463527239176,STOP,"{""STOP"": 19.796463527239176}",1000,VALUE_INTEGRATION_CONVERGED,0.0
6,uniform,"[2, 0, 1]","[0, 0, 0]",1,19.76341040968072,19.76341040968072,STOP,"{""STOP"": 19.76341040968072, ""p1"": 17.763410409680713, ""p2"": 16.763410409680684, ""pf"": -11.236589590319262}",1000,VALUE_INTEGRATION_CONVERGED,0.0
6,uniform,"[2, 0, 0]","[0, 0, 2]",0,20.272788645515043,20.272788645515043,STOP,"{""STOP"": 20.272788645515043}",1000,VALUE_INTEGRATION_CONVERGED,0.0
6,uniform,"[2, 0, 0]","[0, 0, 1]",1,20.245041551246544,20.245041551246544,STOP,"{""STOP"": 20.245041551246544, ""p1"": 18.245041551246533, ""p2"": 17.24504155124653, ""pf"": -10.754958448753452}",1000,VALUE_INTEGRATION_CONVERGED,0.0
6,uniform,"[2, 0, 0]","[0, 0, 0]",2,20.216710307625036,20.216710307625036,STOP,"{""STOP"": 20.216710307625036, ""p1"": 18.216710307625053, ""p2"": 17.216710307625025, ""pf"": -10.783289692374975}",1000,VALUE_INTEGRATION_CONVERGED,0.0
6,uniform,"[1, 0, 0]","[3, 0, 0]",0,20.30339533043137,20.30339533043137,STOP,"{""STOP"": 20.30339533043137}",1000,VALUE_INTEGRATION_CONVERGED,0.0
6,uniform,"[1, 1, 0]","[2, 0, 0]",0,19.845910272153525,19.845910272153525,STOP,"{""STOP"": 19.845910272153525}",1000,VALUE_INTEGRATION_CONVERGED,0.0
6,uniform,"[1, 0, 0]","[2, 1, 0]",0,20.326682040151923,20.326682040151923,STOP,"{""STOP"": 20.326682040151923}",1000,VALUE_INTEGRATION_CONVERGED,0.0
6,uniform,"[1, 0, 1]","[2, 0, 0]",0,19.845910272153514,19.845910272153514,STOP,"{""STOP"": 19.845910272153514}",1000,VALUE_INTEGRATION_CONVERGED,0.0
6,uniform,"[1, 0, 0]","[2, 0, 1]",0,20.326682040151926,20.326682040151926,STOP,"{""STOP"": 20.326682040151926}",1000,VALUE_INTEGRATION_CONVERGED,0.0
6,uniform,"[1, 0, 0]","[2, 0, 0]",1,20.298401347916762,20.298401347916762,STOP,"{""STOP"": 20.298401347916762, ""p1"": 18.29840134791676, ""p2"": 17.298401347916723, ""pf"": -10.701598652083273}",1000,VALUE_INTEGRATION_CONVERGED,0.0
6,uniform,"[1, 2, 0]","[1, 0, 0]",0,19.38822022160667,19.38822022160667,STOP,"{""STOP"": 19.38822022160667}",1000,VALUE_INTEGRATION_CONVERGED,0.0
6,uniform,"[1, 1, 0]","[1, 1, 0]",0,19.87375959429827,19.87375959429827,STOP,"{""STOP"": 19.87375959429827}",1000,VALUE_INTEGRATION_CONVERGED,0.0
6,uniform,"[1, 1, 1]","[1, 0, 0]",0,19.383739612188332,19.383739612188332,STOP,"{""STOP"": 19.383739612188332}",1000,VALUE_INTEGRATION_CONVERGED,0.0
6,uniform,"[1, 1, 0]","[1, 0, 1]",0,19.869325657894716,19.869325657894716,STOP,"{""STOP"": 19.869325657894716}",1000,VALUE_INTEGRATION_CONVERGED,0.0
6,uniform,"[1, 1, 0]","[1, 0, 0]",1,19.840761772853185,19.840761772853185,STOP,"{""STOP"": 19.840761772853185, ""p1"": 17.840761772853185, ""p2"": 16.84076177285321, ""pf"": -11.159238227146837}",1000,VALUE_INTEGRATION_CONVERGED,0.0
6,uniform,"[1, 0, 0]","[1, 2, 0]",0,20.349287845903408,20.349287845903408,STOP,"{""STOP"": 20.349287845903408}",1000,VALUE_INTEGRATION_CONVERGED,0.0
6,uniform,"[1, 0, 1]","[1, 1, 0]",0,19.86932565789471,19.86932565789471,STOP,"{""STOP"": 19.86932565789471}",1000,VALUE_INTEGRATION_CONVERGED,0.0
6,uniform,"[1, 0, 0]","[1, 1, 1]",0,20.349853515624993,20.349853515624993,STOP,"{""STOP"": 20.349853515624993}",1000,VALUE_INTEGRATION_CONVERGED,0.0
6,uniform,"[1, 0, 0]","[1, 1, 0]",1,20.32158717105264,20.32158717105264,STOP,"{""STOP"": 20.32158717105264, ""p1"": 18.321587171052627, ""p2"": 17.321587171052624, ""pf"": -10.678412828947376}",1000,VALUE_INTEGRATION_CONVERGED,0.0
6,uniform,"[1, 0, 2]","[1, 0, 0]",0,19.38822022160666,19.38822022160666,STOP,"{""STOP"": 19.38822022160666}",1000,VALUE_INTEGRATION_CONVERGED,0.0
6,uniform,"[1, 0, 1]","[1, 0, 1]",0,19.87375959429825,19.87375959429825,STOP,"{""STOP"": 19.87375959429825}",1000,VALUE_INTEGRATION_CONVERGED,0.0
6,uniform,"[1, 0, 1]","[1, 0, 0]",1,19.84076177285319,19.84076177285319,STOP,"{""STOP"": 19.84076177285319, ""p1"": 17.840761772853174, ""p2"": 16.840761772853156, ""pf"": -11.159238227146808}",1000,VALUE_INTEGRATION_CONVERGED,0.0
6,uniform,"[1, 0, 0]","[1, 0, 2]",0,20.34928784590341,20.34928784590341,STOP,"{""STOP"": 20.34928784590341}",1000,VALUE_INTEGRATION_CONVERGED,0.0
6,uniform,"[1, 0, 0]","[1, 0, 1]",1,20.32158717105264,20.32158717105264,STOP,"{""STOP"": 20.32158717105264, ""p1"": 18.32158717105263, ""p2"": 17.321587171052624, ""pf"": -10.678412828947376}",1000,VALUE_INTEGRATION_CONVERGED,0.0
6,uniform,"[1, 0, 0]","[1, 0, 0]",2,20.293303324099735,20.293303324099735,STOP,"{""STOP"": 20.293303324099735, ""p1"": 18.29330332409976, ""p2"": 17.293303324099732, ""pf"": -10.706696675900268}",1000,VALUE_INTEGRATION_CONVERGED,0.0
6,uniform,"[1, 3, 0]","[0, 0, 0]",0,18.930318705350636,18.930318705350636,STOP,"{""STOP"": 18.930318705350636}",1000,VALUE_INTEGRATION_CONVERGED,0.0
6,uniform,"[1, 2, 0]","[0, 1, 0]",0,19.420627885503233,19.420627885503233,STOP,"{""STOP"": 19.420627885503233}",1000,VALUE_INTEGRATION_CONVERGED,0.0
6,uniform,"[1, 2, 1]","[0, 0, 0]",0,18.921356465957125,18.921356465957125,STOP,"{""STOP"": 18.921356465957125}",1000,VALUE_INTEGRATION_CONVERGED,0.0
6,uniform,"[1, 2, 0]","[0, 0, 1]",0,19.411759002770083,19.411759002770083,STOP,"{""STOP"": 19.411759002770083}",1000,VALUE_INTEGRATION_CONVERGED,0.0
6,uniform,"[1, 2, 0]","[0, 0, 0]",1,19.382911794722276,19.382911794722276,STOP,"{""STOP"": 19.382911794722276, ""p1"": 17.382911794722286, ""p2"": 16.382911794722265, ""pf"": -11.617088205277739}",1000,VALUE_INTEGRATION_CONVERGED,0.0
6,uniform,"[1, 1, 0]","[0, 2, 0]",0,19.900827598023817,19.900827598023817,STOP,"{""STOP"": 19.900827598023817}",1000,VALUE_INTEGRATION_CONVERGED,0.0
6,uniform,"[1, 1, 1]","[0, 1, 0]",0,19.411759002770076,19.411759002770076,STOP,"{""STOP"": 19.411759002770076}",1000,VALUE_INTEGRATION_CONVERGED,0.0
6,uniform,"[1, 1, 0]","[0, 1, 1]",0,19.89705317982454,19.89705317982454,STOP,"{""STOP"": 19.89705317982454}",1000,VALUE_INTEGRATION_CONVERGED,0.0
6,uniform,"[1, 1, 0]","[0, 1, 0]",1,19.86850646352726,19.86850646352726,STOP,"{""STOP"": 19.86850646352726, ""p1"": 17.868506463527265, ""p2"": 16.86850646352724, ""pf"": -11.131493536472782}",1000,VALUE_INTEGRATION_CONVERGED,0.0
6,uniform,"[1, 1, 2]","[0, 0, 0]",0,18.92135646595712,18.92135646595712,STOP,"{""STOP"": 18.92135646595712}",1000,VALUE_INTEGRATION_CONVERGED,0.0
6,uniform,"[1, 1, 1]","[0, 0, 1]",0,19.41175900277007,19.41175900277007,STOP,"{""STOP"": 19.41175900277007}",1000,VALUE_INTEGRATION_CONVERGED,0.0
6,uniform,"[1, 1, 1]","[0, 0, 0]",1,19.37843067502547,19.37843067502547,STOP,"{""STOP"": 19.37843067502547, ""p1"": 17.37843067502548, ""p2"": 16.378430675025506, ""pf"": -11.621569324974498}",1000,VALUE_INTEGRATION_CONVERGED,0.0
6,uniform,"[1, 1, 0]","[0, 0, 2]",0,19.89205014707141,19.89205014707141,STOP,"{""STOP"": 19.89205014707141}",1000,VALUE_INTEGRATION_CONVERGED,0.0
6,uniform,"[1, 1, 0]","[0, 0, 1]",1,19.86407202216064,19.86407202216064,STOP,"{""STOP"": 19.86407202216064, ""p1"": 17.86407202216064, ""p2"": 16.864072022160645, ""pf"": -11.135927977839348}",1000,VALUE_INTEGRATION_CONVERGED,0.0
6,uniform,"[1, 1, 0]","[0, 0, 0]",2,19.835504884093876,19.835504884093876,STOP,"{""STOP"": 19.835504884093876, ""p1"": 17.83550488409389, ""p2"": 16.835504884093915, ""pf"": -11.164495115906135}",1000,VALUE_INTEGRATION_CONVERGED,0.0
6,uniform,"[1, 0, 0]","[0, 3, 0]",0,20.37122731641133,20.37122731641133,STOP,"{""STOP"": 20.37122731641133}",1000,VALUE_INTEGRATION_CONVERGED,0.0
6,uniform,"[1, 0, 1]","[0, 2, 0]",0,19.8920501470714,19.8920501470714,STOP,"{""STOP"": 19.8920501470714}",1000,VALUE_INTEGRATION_CONVERGED,0.0
6,uniform,"[1, 0, 0]","[0, 2, 1]",0,20.372341291372756,20.372341291372756,STOP,"{""STOP"": 20.372341291372756}",1000,VALUE_INTEGRATION_CONVERGED,0.0
6,uniform,"[1, 0, 0]","[0, 2, 0]",1,20.344088871119737,20.344088871119737,STOP,"{""STOP"": 20.344088871119737, ""p1"": 18.344088871119734, ""p2"": 17.34408887111974, ""pf"": -10.655911128880266}",1000,VALUE_INTEGRATION_CONVERGED,0.0
6,uniform,"[1, 0, 2]","[0, 1, 0]",0,19.411759002770076,19.411759002770076,STOP,"{""STOP"": 19.411759002770076}",1000,VALUE_INTEGRATION_CONVERGED,0.0
6,uniform,"[1, 0, 1]","[0, 1, 1]",0,19.897053179824546,19.897053179824546,STOP,"{""STOP"": 19.897053179824546}",1000,VALUE_INTEGRATION_CONVERGED,0.0
6,uniform,"[1, 0, 1]","[0, 1, 0]",1,19.864072022160627,19.864072022160627,STOP,"{""STOP"": 19.864072022160627, ""p1"": 17.86407202216064, ""p2"": 16.864072022160645, ""pf"": -11.135927977839348}",1000,VALUE_INTEGRATION_CONVERGED,0.0
6,uniform,"[1, 0, 0]","[0, 1, 2]",0,20.37234129137274,20.37234129137274,STOP,"{""STOP"": 20.37234129137274}",1000,VALUE_INTEGRATION_CONVERGED,0.0
6,uniform,"[1, 0, 0]","[0, 1, 1]",1,20.344654605263138,20.344654605263138,STOP,"{""STOP"": 20.344654605263138, ""p1"": 18.344654605263152, ""p2"": 17.344654605263152, ""pf"": -10.655345394736859}",1000,VALUE_INTEGRATION_CONVERGED,0.0
6,uniform,"[1, 0, 0]","[0, 1, 0]",2,20.316385041551243,20.316385041551243,STOP,"{""STOP"": 20.316385041551243, ""p1"": 18.316385041551257, ""p2"": 17.316385041551243, ""pf"": -10.683614958448775}",1000,VALUE_INTEGRATION_CONVERGED,0.0
6,uniform,"[1, 0, 3]","[0, 0, 0]",0,18.930318705350643,18.930318705350643,STOP,"{""STOP"": 18.930318705350643}",1000,VALUE_INTEGRATION_CONVERGED,0.0
6,uniform,"[1, 0, 2]","[0, 0, 1]",0,19.420627885503237,19.420627885503237,STOP,"{""STOP"": 19.420627885503237}",1000,VALUE_INTEGRATION_CONVERGED,0.0
6,uniform,"[1, 0, 2]","[0, 0, 0]",1,19.38291179472227,19.38291179472227,STOP,"{""STOP"": 19.38291179472227, ""p1"": 17.382911794722272, ""p2"": 16.382911794722254, ""pf"": -11.617088205277732}",1000,VALUE_INTEGRATION_CONVERGED,0.0
6,uniform,"[1, 0, 1]","[0, 0, 2]",0,19.90082759802381,19.90082759802381,STOP,"{""STOP"": 19.90082759802381}",1000,VALUE_INTEGRATION_CONVERGED,0.0
6,uniform,"[1, 0, 1]","[0, 0, 1]",1,19.86850646352726,19.86850646352726,STOP,"{""STOP"": 19.86850646352726, ""p1"": 17.868506463527247, ""p2"": 16.868506463527222, ""pf"": -11.131493536472767}",1000,VALUE_INTEGRATION_CONVERGED,0.0
6,uniform,"[1, 0, 1]","[0, 0, 0]",2,19.83550488409388,19.83550488409388,STOP,"{""STOP"": 19.83550488409388, ""p1"": 17.835504884093897, ""p2"": 16.835504884093854, ""pf"": -11.164495115906085}",1000,VALUE_INTEGRATION_CONVERGED,0.0
6,uniform,"[1, 0, 0]","[0, 0, 3]",0,20.37122731641133,20.37122731641133,STOP,"{""STOP"": 20.37122731641133}",1000,VALUE_INTEGRATION_CONVERGED,0.0
6,uniform,"[1, 0, 0]","[0, 0, 2]",1,20.344088871119734,20.344088871119734,STOP,"{""STOP"": 20.344088871119734, ""p1"": 18.344088871119737, ""p2"": 17.344088871119723, ""pf"": -10.655911128880259}",1000,VALUE_INTEGRATION_CONVERGED,0.0
6,uniform,"[1, 0, 0]","[0, 0, 1]",2,20.316385041551246,20.316385041551246,STOP,"{""STOP"": 20.316385041551246, ""p1"": 18.316385041551257, ""p2"": 17.31638504155123, ""pf"": -10.68361495844876}",1000,VALUE_INTEGRATION_CONVERGED,0.0
6,uniform,"[1, 0, 0]","[0, 0, 0]",3,20.288097973465533,20.288097973465533,STOP,"{""STOP"": 20.288097973465533, ""p1"": 18.288097973465533, ""p2"": 17.288097973465515, ""pf"": -10.711902026534482}",1000,VALUE_INTEGRATION_CONVERGED,0.0
6,uniform,"[0, 0, 0]","[4, 0, 0]",0,20.445295055821386,20.445295055821386,STOP,"{""STOP"": 20.445295055821386}",0000,VALUE_INTEGRATION_CONVERGED,0.0
6,uniform,"[0, 1, 0]","[3, 0, 0]",0,19.96743286788399,19.96743286788399,STOP,"{""STOP"": 19.96743286788399}",0000,VALUE_INTEGRATION_CONVERGED,0.0
6,uniform,"[0, 0, 0]","[3, 1, 0]",0,20.4469387755102,20.4469387755102,STOP,"{""STOP"": 20.4469387755102}",0000,VALUE_INTEGRATION_CONVERGED,0.0
6,uniform,"[0, 0, 1]","[3, 0, 0]",0,19.967432867883993,19.967432867883993,STOP,"{""STOP"": 19.967432867883993}",0000,VALUE_INTEGRATION_CONVERGED,0.0
6,uniform,"[0, 0, 0]","[3, 0, 1]",0,20.446938775510212,20.446938775510212,STOP,"{""STOP"": 20.446938775510212}",0000,VALUE_INTEGRATION_CONVERGED,0.0
6,uniform,"[0, 0, 0]","[3, 0, 0]",1,20.418732545649846,20.418732545649846,STOP,"{""STOP"": 20.418732545649846, ""p1"": 18.437186500084813, ""p2"": 17.418732545649835, ""pf"": -10.581267454350154}",0000,VALUE_INTEGRATION_CONVERGED,0.0
6,uniform,"[0, 2, 0]","[2, 0, 0]",0,19.488486163863293,19.488486163863293,STOP,"{""STOP"": 19.488486163863293}",0000,VALUE_INTEGRATION_CONVERGED,0.0
6,uniform,"[0, 1, 0]","[2, 1, 0]",0,19.972981099656373,19.972981099656373,STOP,"{""STOP"": 19.972981099656373}",0000,VALUE_INTEGRATION_CONVERGED,0.0
6,uniform,"[0, 1, 1]","[2, 0, 0]",0,19.484015192620696,19.484015192620696,STOP,"{""STOP"": 19.484015192620696}",0000,VALUE_INTEGRATION_CONVERGED,0.0
6,uniform,"[0, 1, 0]","[2, 0, 1]",0,19.968556701030913,19.968556701030913,STOP,"{""STOP"": 19.968556701030913}",0000,VALUE_INTEGRATION_CONVERGED,0.0
6,uniform,"[0, 1, 0]","[2, 0, 0]",1,19.94005425935974,19.94005425935974,STOP,"{""STOP"": 19.94005425935974, ""p1"": 17.96042194889954, ""p2"": 16.940054259359755, ""pf"": -11.059945740640277}",0000,VALUE_INTEGRATION_CONVERGED,0.0
6,uniform,"[0, 0, 0]","[2, 2, 0]",0,20.447486449144428,20.447486449144428,STOP,"{""STOP"": 20.447486449144428}",0000,VALUE_INTEGRATION_CONVERGED,0.0
6,uniform,"[0, 0, 1]","[2, 1, 0]",0,19.968556701030913,19.968556701030913,STOP,"{""STOP"": 19.968556701030913}",0000,VALUE_INTEGRATION_CONVERGED,0.0
6,uniform,"[0, 0, 0]","[2, 1, 1]",0,20.448050902061826,20.448050902061826,STOP,"{""STOP"": 20.448050902061826}",0000,VALUE_INTEGRATION_CONVERGED,0.0
6,uniform,"[0, 0, 0]","[2, 1, 0]",1,20.41984536082473,20.41984536082473,STOP,"{""STOP"": 20.41984536082473, ""p1"": 18.440000886931838, ""p2"": 17.419845360824734, ""pf"": -10.580154639175287}",0000,VALUE_INTEGRATION_CONVERGED,0.0
6,uniform,"[0, 0, 2]","[2, 0, 0]",0,19.4884861638633,19.4884861638633,STOP,"{""STOP"": 19.4884861638633}",0000,VALUE_INTEGRATION_CONVERGED,0.0
6,uniform,"[0, 0, 1]","[2, 0, 1]",0,19.97298109965636,19.97298109965636,STOP,"{""STOP"": 19.97298109965636}",0000,VALUE_INTEGRATION_CONVERGED,0.0
6,uniform,"[0, 0, 1]","[2, 0, 0]",1,19.940054259359734,19.940054259359734,STOP,"{""STOP"": 19.940054259359734, ""p1"": 17.960421948899544, ""p2"": 16.940054259359723, ""pf"": -11.059945740640256}",0000,VALUE_INTEGRATION_CONVERGED,0.0
6,uniform,"[0, 0, 0]","[2, 0, 2]",0,20.447486449144428,20.447486449144428,STOP,"{""STOP"": 20.447486449144428}",0000,VALUE_INTEGRATION_CONVERGED,0.0
6,uniform,"[0, 0, 0]","[2, 0, 1]",1,20.419845360824738,20.419845360824738,STOP,"{""STOP"": 20.419845360824738, ""p1"": 18.44000088693185, ""p2"": 17.419845360824713, ""pf"": -10.580154639175266}",0000,VALUE_INTEGRATION_CONVERGED,0.0
6,uniform,"[0, 0, 0]","[2, 0, 0]",2,20.391622354856228,20.391622354856228,STOP,"{""STOP"": 20.391622354856228, ""p1"": 18.411790361165245, ""p2"": 17.391622354856203, ""pf"": -10.608377645143793}",0000,VALUE_INTEGRATION_CONVERGED,0.0
6,uniform,"[0, 3, 0]","[1, 0, 0]",0,19.0084210526316,19.0084210526316,STOP,"{""STOP"": 19.0084210526316}",1000,VALUE_INTEGRATION_CONVERGED,0.0
6,uniform,"[0, 2, 0]","[1, 1, 0]",0,19.497916666666686,19.497916666666686,STOP,"{""STOP"": 19.497916666666686}",0000,VALUE_INTEGRATION_CONVERGED,0.0
6,uniform,"[0, 2, 1]","[1, 0, 0]",0,18.999473684210518,18.999473684210518,STOP,"{""STOP"": 18.999473684210518}",0000,VALUE_INTEGRATION_CONVERGED,0.0
6,uniform,"[0, 2, 0]","[1, 0, 1]",0,19.4890625,19.4890625,STOP,"{""STOP"": 19.4890625}",0000,VALUE_INTEGRATION_CONVERGED,0.0
6,uniform,"[0, 2, 0]","[1, 0, 0]",1,19.460263157894758,19.460263157894758,STOP,"{""STOP"": 19.460263157894758, ""p1"": 17.482645429362908, ""p2"": 16.460263157894758, ""pf"": -11.539736842105267}",0000,VALUE_INTEGRATION_CONVERGED,0.0
6,uniform,"[0, 1, 0]","[1, 2, 0]",0,19.97731958762887,19.97731958762887,STOP,"{""STOP"": 19.97731958762887}",0000,VALUE_INTEGRATION_CONVERGED,0.0
6,uniform,"[0, 1, 1]","[1, 1, 0]",0,19.48906249999998,19.48906249999998,STOP,"{""STOP"": 19.48906249999998}",0000,VALUE_INTEGRATION_CONVERGED,0.0
6,uniform,"[0, 1, 0]","[1, 1, 1]",0,19.973551432291657,19.973551432291657,STOP,"{""STOP"": 19.973551432291657}",0000,VALUE_INTEGRATION_CONVERGED,0.0
6,uniform,"[0, 1, 0]","[1, 1, 0]",1,19.94505208333336,19.94505208333336,STOP,"{""STOP"": 19.94505208333336, ""p1"": 17.96720120614037, ""p2"": 16.94505208333334, ""pf"": -11.054947916666677}",0000,VALUE_INTEGRATION_CONVERGED,0.0
6,uniform,"[0, 1, 2]","[1, 0, 0]",0,18.99947368421051,18.99947368421051,STOP,"{""STOP"": 18.99947368421051}",0000,VALUE_INTEGRATION_CONVERGED,0.0
6,uniform,"[0, 1, 1]","[1, 0, 1]",0,19.489062500000003,19.489062500000003,STOP,"{""STOP"": 19.489062500000003}",1000,VALUE_INTEGRATION_CONVERGED,0.0
6,uniform,"[0, 1, 1]","[1, 0, 0]",1,19.455789473684213,19.455789473684213,STOP,"{""STOP"": 19.455789473684213, ""p1"": 17.47817389667318, ""p2"": 16.45578947368419, ""pf"": -11.544210526315787}",1000,VALUE_INTEGRATION_CONVERGED,0.0
6,uniform,"[0, 1, 0]","[1, 0, 2]",0,19.968556701030927,19.968556701030927,STOP,"{""STOP"": 19.968556701030927}",1000,VALUE_INTEGRATION_CONVERGED,0.0
6,uniform,"[0, 1, 0]","[1, 0, 1]",1,19.940624999999997,19.940624999999997,STOP,"{""STOP"": 19.940624999999997, ""p1"": 17.962776251916186, ""p2"": 16.94062499999999, ""pf"": -11.059375000000003}",1000,VALUE_INTEGRATION_CONVERGED,0.0
6,uniform,"[0, 1, 0]","[1, 0, 0]",2,19.91210526315789,19.91210526315789,STOP,"{""STOP"": 19.91210526315789, ""p1"": 17.934270231019553, ""p2"": 16.912105263157923, ""pf"": -11.087894736842106}",1000,VALUE_INTEGRATION_CONVERGED,0.0
6,uniform,"[0, 0, 0]","[1, 3, 0]",0,20.446938775510194,20.446938775510194,STOP,"{""STOP"": 20.446938775510194}",1000,VALUE_INTEGRATION_CONVERGED,0.0
6,uniform,"[0, 0, 1]","[1, 2, 0]",0,19.968556701030916,19.968556701030916,STOP,"{""STOP"": 19.968556701030916}",0000,VALUE_INTEGRATION_CONVERGED,0.0
6,uniform,"[0, 0, 0]","[1, 2, 1]",0,20.44805090206185,20.44805090206185,STOP,"{""STOP"": 20.44805090206185}",1000,VALUE_INTEGRATION_CONVERGED,0.0
6,uniform,"[0, 0, 0]","[1, 2, 0]",1,20.419845360824755,20.419845360824755,STOP,"{""STOP"": 20.419845360824755, ""p1"": 18.441766142159516, ""p2"": 17.41984536082473, ""pf"": -10.580154639175262}",1000,VALUE_INTEGRATION_CONVERGED,0.0
6,uniform,"[0, 0, 2]","[1, 1, 0]",0,19.48906249999999,19.48906249999999,STOP,"{""STOP"": 19.48906249999999}",1000,VALUE_INTEGRATION_CONVERGED,0.0
6,uniform,"[0, 0, 1]","[1, 1, 1]",0,19.973551432291657,19.973551432291657,STOP,"{""STOP"": 19.973551432291657}",1000,VALUE_INTEGRATION_CONVERGED,0.0
6,uniform,"[0, 0, 1]","[1, 1, 0]",1,19.94062499999997,19.94062499999997,STOP,"{""STOP"": 19.94062499999997, ""p1"": 17.962776251916186, ""p2"": 16.94062499999999, ""pf"": -11.05937500000001}",0000,VALUE_INTEGRATION_CONVERGED,0.0
6,uniform,"[0, 0, 0]","[1, 1, 2]",0,20.44805090206185,20.44805090206185,STOP,"{""STOP"": 20.44805090206185}",1000,VALUE_INTEGRATION_CONVERGED,0.0
6,uniform,"[0, 0, 0]","[1, 1, 1]",1,20.420410156249993,20.420410156249993,STOP,"{""STOP"": 20.420410156249993, ""p1"": 18.44233066595871, ""p2"": 17.420410156249996, ""pf"": -10.579589843750004}",0000,VALUE_INTEGRATION_CONVERGED,0.0
6,uniform,"[0, 0, 0]","[1, 1, 0]",2,20.39218749999998,20.39218749999998,STOP,"{""STOP"": 20.39218749999998, ""p1"": 18.414121582779753, ""p2"": 17.392187500000016, ""pf"": -10.607812500000009}",1000,VALUE_INTEGRATION_CONVERGED,0.0
6,uniform,"[0, 0, 3]","[1, 0, 0]",0,19.008421052631597,19.008421052631597,STOP,"{""STOP"": 19.008421052631597}",1000,VALUE_INTEGRATION_CONVERGED,0.0
6,uniform,"[0, 0, 2]","[1, 0, 1]",0,19.497916666666665,19.497916666666665,STOP,"{""STOP"": 19.497916666666665}",1000,VALUE_INTEGRATION_CONVERGED,0.0
6,uniform,"[0, 0, 2]","[1, 0, 0]",1,19.460263157894758,19.460263157894758,STOP,"{""STOP"": 19.460263157894758, ""p1"": 17.482645429362915, ""p2"": 16.460263157894726, ""pf"": -11.539736842105263}",0000,VALUE_INTEGRATION_CONVERGED,0.0
6,uniform,"[0, 0, 1]","[1, 0, 2]",0,19.977319587628852,19.977319587628852,STOP,"{""STOP"": 19.977319587628852}",0000,VALUE_INTEGRATION_CONVERGED,0.0
6,uniform,"[0, 0, 1]","[1, 0, 1]",1,19.945052083333355,19.945052083333355,STOP,"{""STOP"": 19.945052083333355, ""p1"": 17.967201206140352, ""p2"": 16.945052083333323, ""pf"": -11.05494791666668}",0000,VALUE_INTEGRATION_CONVERGED,0.0
6,uniform,"[0, 0, 1]","[1, 0, 0]",2,19.912105263157898,19.912105263157898,STOP,"{""STOP"": 19.912105263157898, ""p1"": 17.93427023101955, ""p2"": 16.912105263157866, ""pf"": -11.087894736842081}",0000,VALUE_INTEGRATION_CONVERGED,0.0
6,uniform,"[0, 0, 0]","[1, 0, 3]",0,20.446938775510205,20.446938775510205,STOP,"{""STOP"": 20.446938775510205}",0000,VALUE_INTEGRATION_CONVERGED,0.0
6,uniform,"[0, 0, 0]","[1, 0, 2]",1,20.419845360824755,20.419845360824755,STOP,"{""STOP"": 20.419845360824755, ""p1"": 18.441766142159516, ""p2"": 17.419845360824738, ""pf"": -10.580154639175259}",1000,VALUE_INTEGRATION_CONVERGED,0.0
6,uniform,"[0, 0, 0]","[1, 0, 1]",2,20.392187500000006,20.392187500000006,STOP,"{""STOP"": 20.392187500000006, ""p1"": 18.41412158277976, ""p2"": 17.39218749999999, ""pf"": -10.607812499999984}",0000,VALUE_INTEGRATION_CONVERGED,0.0
6,uniform,"[0, 0, 0]","[1, 0, 0]",3,20.363947368421073,20.363947368421073,STOP,"{""STOP"": 20.363947368421073, ""p1"": 18.38589503267624, ""p2"": 17.363947368421034, ""pf"": -10.636052631578941}",0000,VALUE_INTEGRATION_CONVERGED,0.0
6,uniform,"[0, 4, 0]","[0, 0, 0]",0,18.551940516110236,18.551940516110236,STOP,"{""STOP"": 18.551940516110236}",1000,VALUE_INTEGRATION_CONVERGED,0.0
6,uniform,"[0, 3, 0]","[0, 1, 0]",0,19.04619113573408,19.04619113573408,STOP,"{""STOP"": 19.04619113573408}",1000,VALUE_INTEGRATION_CONVERGED,0.0
6,uniform,"[0, 3, 1]","[0, 0, 0]",0,18.538518151333996,18.538518151333996,STOP,"{""STOP"": 18.538518151333996}",1000,VALUE_INTEGRATION_CONVERGED,0.0
6,uniform,"[0, 3, 0]","[0, 0, 1]",0,19.03290858725762,19.03290858725762,STOP,"{""STOP"": 19.03290858725762}",1000,VALUE_INTEGRATION_CONVERGED,0.0
6,uniform,"[0, 3, 0]","[0, 0, 0]",1,19.00382679690919,19.00382679690919,STOP,"{""STOP"": 19.00382679690919, ""p1"": 17.00382679690919, ""p2"": 16.00382679690918, ""pf"": -11.99617320309083}",1000,VALUE_INTEGRATION_CONVERGED,0.0
6,uniform,"[0, 2, 0]","[0, 2, 0]",0,19.530251020932702,19.530251020932702,STOP,"{""STOP"": 19.530251020932702}",1000,VALUE_INTEGRATION_CONVERGED,0.0
6,uniform,"[0, 2, 1]","[0, 1, 0]",0,19.0329085872576,19.0329085872576,STOP,"{""STOP"": 19.0329085872576}",1000,VALUE_INTEGRATION_CONVERGED,0.0
6,uniform,"[0, 2, 0]","[0, 1, 1]",0,19.522149122807004,19.522149122807004,STOP,"{""STOP"": 19.522149122807004}",1000,VALUE_INTEGRATION_CONVERGED,0.0
6,uniform,"[0, 2, 0]","[0, 1, 0]",1,19.49337026777472,19.49337026777472,STOP,"{""STOP"": 19.49337026777472, ""p1"": 17.49337026777472, ""p2"": 16.49337026777471, ""pf"": -11.506629732225313}",1000,VALUE_INTEGRATION_CONVERGED,0.0
6,uniform,"[0, 2, 2]","[0, 0, 0]",0,18.53404402974195,18.53404402974195,STOP,"{""STOP"": 18.53404402974195}",1000,VALUE_INTEGRATION_CONVERGED,0.0
6,uniform,"[0, 2, 1]","[0, 0, 1]",0,19.028481071098806,19.028481071098806,STOP,"{""STOP"": 19.028481071098806}",1000,VALUE_INTEGRATION_CONVERGED,0.0
6,uniform,"[0, 2, 1]","[0, 0, 0]",1,18.99487855372501,18.99487855372501,STOP,"{""STOP"": 18.99487855372501, ""p1"": 16.994878553725023, ""p2"": 15.994878553725016, ""pf"": -12.00512144627496}",1000,VALUE_INTEGRATION_CONVERGED,0.0
6,uniform,"[0, 2, 0]","[0, 0, 2]",0,19.51272353428334,19.51272353428334,STOP,"{""STOP"": 19.51272353428334}",1000,VALUE_INTEGRATION_CONVERGED,0.0
6,uniform,"[0, 2, 0]","[0, 0, 1]",1,19.484515235457053,19.484515235457053,STOP,"{""STOP"": 19.484515235457053, ""p1"": 17.48451523545706, ""p2"": 16.484515235457053, ""pf"": -11.515484764542943}",1000,VALUE_INTEGRATION_CONVERGED,0.0
6,uniform,"[0, 2, 0]","[0, 0, 0]",2,19.45571307770814,19.45571307770814,STOP,"{""STOP"": 19.45571307770814, ""p1"": 17.455713077708143, ""p2"": 16.455713077708143, ""pf"": -11.544286922291892}",1000,VALUE_INTEGRATION_CONVERGED,0.0
6,uniform,"[0, 1, 0]","[0, 3, 0]",0,20.004432132964006,20.004432132964006,STOP,"{""STOP"": 20.004432132964006}",1000,VALUE_INTEGRATION_CONVERGED,0.0
6,uniform,"[0, 1, 1]","[0, 2, 0]",0,19.517105405945667,19.517105405945667,STOP,"{""STOP"": 19.517105405945667}",1000,VALUE_INTEGRATION_CONVERGED,0.0
6,uniform,"[0, 1, 0]","[0, 2, 1]",0,20.00130222463374,20.00130222463374,STOP,"{""STOP"": 20.00130222463374}",1000,VALUE_INTEGRATION_CONVERGED,0.0
6,uniform,"[0, 1, 0]","[0, 2, 0]",1,19.97282005882858,19.97282005882858,STOP,"{""STOP"": 19.97282005882858, ""p1"": 17.972820058828574, ""p2"": 16.97282005882859, ""pf"": -11.027179941171443}",1000,VALUE_INTEGRATION_CONVERGED,0.0
6,uniform,"[0, 1, 2]","[0, 1, 0]",0,19.028481071098803,19.028481071098803,STOP,"{""STOP"": 19.028481071098803}",1000,VALUE_INTEGRATION_CONVERGED,0.0
6,uniform,"[0, 1, 1]","[0, 1, 1]",0,19.51776772660822,19.51776772660822,STOP,"{""STOP"": 19.51776772660822}",1000,VALUE_INTEGRATION_CONVERGED,0.0
6,uniform,"[0, 1, 1]","[0, 1, 0]",1,19.48451523545706,19.48451523545706,STOP,"{""STOP"": 19.48451523545706, ""p1"": 17.484515235457046, ""p2"": 16.484515235457046, ""pf"": -11.515484764542908}",1000,VALUE_INTEGRATION_CONVERGED,0.0
6,uniform,"[0, 1, 0]","[0, 1, 2]",0,19.9969659974679,19.9969659974679,STOP,"{""STOP"": 19.9969659974679}",1000,VALUE_INTEGRATION_CONVERGED,0.0
6,uniform,"[0, 1, 0]","[0, 1, 1]",1,19.969051535087722,19.969051535087722,STOP,"{""STOP"": 19.969051535087722, ""p1"": 17.969051535087708, ""p2"": 16.96905153508771, ""pf"": -11.030948464912274}",1000,VALUE_INTEGRATION_CONVERGED,0.0
6,uniform,"[0, 1, 0]","[0, 1, 0]",2,19.940549399815346,19.940549399815346,STOP,"{""STOP"": 19.940549399815346, ""p1"": 17.940549399815353, ""p2"": 16.94054939981534, ""pf"": -11.059450600184668}",1000,VALUE_INTEGRATION_CONVERGED,0.0
6,uniform,"[0, 1, 3]","[0, 0, 0]",0,18.538518151333996,18.538518151333996,STOP,"{""STOP"": 18.538518151333996}",1000,VALUE_INTEGRATION_CONVERGED,0.0
6,uniform,"[0, 1, 2]","[0, 0, 1]",0,19.0329085872576,19.0329085872576,STOP,"{""STOP"": 19.0329085872576}",1000,VALUE_INTEGRATION_CONVERGED,0.0
6,uniform,"[0, 1, 2]","[0, 0, 0]",1,18.994878553725016,18.994878553725016,STOP,"{""STOP"": 18.994878553725016, ""p1"": 16.994878553725016, ""p2"": 15.994878553725037, ""pf"": -12.005121446274984}",1000,VALUE_INTEGRATION_CONVERGED,0.0
6,uniform,"[0, 1, 1]","[0, 0, 2]",0,19.517105405945653,19.517105405945653,STOP,"{""STOP"": 19.517105405945653}",1000,VALUE_INTEGRATION_CONVERGED,0.0
6,uniform,"[0, 1, 1]","[0, 0, 1]",1,19.484515235457046,19.484515235457046,STOP,"{""STOP"": 19.484515235457046, ""p1"": 17.484515235457064, ""p2"": 16.484515235457092, ""pf"": -11.515484764542965}",1000,VALUE_INTEGRATION_CONVERGED,0.0
6,uniform,"[0, 1, 1]","[0, 0, 0]",2,19.45123895611603,19.45123895611603,STOP,"{""STOP"": 19.45123895611603, ""p1"": 17.45123895611605, ""p2"": 16.451238956116047, ""pf"": -11.548761043883964}",1000,VALUE_INTEGRATION_CONVERGED,0.0
6,uniform,"[0, 1, 0]","[0, 0, 3]",0,19.991420656905397,19.991420656905397,STOP,"{""STOP"": 19.991420656905397}",1000,VALUE_INTEGRATION_CONVERGED,0.0
6,uniform,"[0, 1, 0]","[0, 0, 2]",1,19.96405631550389,19.96405631550389,STOP,"{""STOP"": 19.96405631550389, ""p1"": 17.964056315503896, ""p2"": 16.964056315503903, ""pf"": -11.035943684496125}",1000,VALUE_INTEGRATION_CONVERGED,0.0
6,uniform,"[0, 1, 0]","[0, 0, 1]",2,19.936121883656483,19.936121883656483,STOP,"{""STOP"": 19.936121883656483, ""p1"": 17.936121883656508, ""p2"": 16.93612188365651, ""pf"": -11.0638781163435}",1000,VALUE_INTEGRATION_CONVERGED,0.0
6,uniform,"[0, 1, 0]","[0, 0, 0]",3,19.90759935850707,19.90759935850707,STOP,"{""STOP"": 19.90759935850707, ""p1"": 17.907599358507067, ""p2"": 16.90759935850709, ""pf"": -11.092400641492958}",1000,VALUE_INTEGRATION_CONVERGED,0.0
6,uniform,"[0, 0, 0]","[0, 4, 0]",0,20.469033828590618,20.469033828590618,STOP,"{""STOP"": 20.469033828590618}",1000,VALUE_INTEGRATION_CONVERGED,0.0
6,uniform,"[0, 0, 1]","[0, 3, 0]",0,19.99142065690541,19.99142065690541,STOP,"{""STOP"": 19.99142065690541}",1000,VALUE_INTEGRATION_CONVERGED,0.0
6,uniform,"[0, 0, 0]","[0, 3, 1]",0,20.470676691729324,20.470676691729324,STOP,"{""STOP"": 20.470676691729324}",1000,VALUE_INTEGRATION_CONVERGED,0.0
6,uniform,"[0, 0, 0]","[0, 3, 0]",1,20.4424851602691,20.4424851602691,STOP,"{""STOP"": 20.4424851602691, ""p1"": 18.442485160269083, ""p2"": 17.442485160269097, ""pf"": -10.557514839730906}",1000,VALUE_INTEGRATION_CONVERGED,0.0
6,uniform,"[0, 0, 2]","[0, 2, 0]",0,19.512723534283342,19.512723534283342,STOP,"{""STOP"": 19.512723534283342}",1000,VALUE_INTEGRATION_CONVERGED,0.0
6,uniform,"[0, 0, 1]","[0, 2, 1]",0,19.996965997467896,19.996965997467896,STOP,"{""STOP"": 19.996965997467896}",1000,VALUE_INTEGRATION_CONVERGED,0.0
6,uniform,"[0, 0, 1]","[0, 2, 0]",1,19.96405631550389,19.96405631550389,STOP,"{""STOP"": 19.96405631550389, ""p1"": 17.964056315503885, ""p2"": 16.964056315503885, ""pf"": -11.0359436844961}",1000,VALUE_INTEGRATION_CONVERGED,0.0
6,uniform,"[0, 0, 0]","[0, 2, 2]",0,20.471224079968227,20.471224079968227,STOP,"{""STOP"": 20.471224079968227}",1000,VALUE_INTEGRATION_CONVERGED,0.0
6,uniform,"[0, 0, 0]","[0, 2, 1]",1,20.443597395550736,20.443597395550736,STOP,"{""STOP"": 20.443597395550736, ""p1"": 18.44359739555073, ""p2"": 17.443597395550732, ""pf"": -10.556402604449268}",1000,VALUE_INTEGRATION_CONVERGED,0.0
6,uniform,"[0, 0, 0]","[0, 2, 0]",2,20.415389096724468,20.415389096724468,STOP,"{""STOP"": 20.415389096724468, ""p1"": 18.41538909672446, ""p2"": 17.415389096724454, ""pf"": -10.58461090327555}",1000,VALUE_INTEGRATION_CONVERGED,0.0
6,uniform,"[0, 0, 3]","[0, 1, 0]",0,19.03290858725761,19.03290858725761,STOP,"{""STOP"": 19.03290858725761}",1000,VALUE_INTEGRATION_CONVERGED,0.0
6,uniform,"[0, 0, 2]","[0, 1, 1]",0,19.52214912280701,19.52214912280701,STOP,"{""STOP"": 19.52214912280701}",1000,VALUE_INTEGRATION_CONVERGED,0.0
6,uniform,"[0, 0, 2]","[0, 1, 0]",1,19.484515235457053,19.484515235457053,STOP,"{""STOP"": 19.484515235457053, ""p1"": 17.484515235457053, ""p2"": 16.48451523545706, ""pf"": -11.515484764542943}",1000,VALUE_INTEGRATION_CONVERGED,0.0
6,uniform,"[0, 0, 1]","[0, 1, 2]",0,20.00130222463374,20.00130222463374,STOP,"{""STOP"": 20.00130222463374}",1000,VALUE_INTEGRATION_CONVERGED,0.0
6,uniform,"[0, 0, 1]","[0, 1, 1]",1,19.969051535087736,19.969051535087736,STOP,"{""STOP"": 19.969051535087736, ""p1"": 17.969051535087708, ""p2"": 16.969051535087722, ""pf"": -11.030948464912289}",1000,VALUE_INTEGRATION_CONVERGED,0.0
6,uniform,"[0, 0, 1]","[0, 1, 0]",2,19.936121883656483,19.936121883656483,STOP,"{""STOP"": 19.936121883656483, ""p1"": 17.936121883656476, ""p2"": 16.9361218836565, ""pf"": -11.063878116343474}",1000,VALUE_INTEGRATION_CONVERGED,0.0
6,uniform,"[0, 0, 0]","[0, 1, 3]",0,20.470676691729327,20.470676691729327,STOP,"{""STOP"": 20.470676691729327}",1000,VALUE_INTEGRATION_CONVERGED,0.0
6,uniform,"[0, 0, 0]","[0, 1, 2]",1,20.443597395550718,20.443597395550718,STOP,"{""STOP"": 20.443597395550718, ""p1"": 18.44359739555073, ""p2"": 17.443597395550732, ""pf"": -10.556402604449268}",1000,VALUE_INTEGRATION_CONVERGED,0.0
6,uniform,"[0, 0, 0]","[0, 1, 1]",2,20.415953947368397,20.415953947368397,STOP,"{""STOP"": 20.415953947368397, ""p1"": 18.41595394736841, ""p2"": 17.415953947368426, ""pf"": -10.584046052631592}",1000,VALUE_INTEGRATION_CONVERGED,0.0
6,uniform,"[0, 0, 0]","[0, 1, 0]",3,20.387728531855956,20.387728531855956,STOP,"{""STOP"": 20.387728531855956, ""p1"": 18.387728531855938, ""p2"": 17.387728531855977, ""pf"": -10.612271468144066}",1000,VALUE_INTEGRATION_CONVERGED,0.0
6,uniform,"[0, 0, 4]","[0, 0, 0]",0,18.551940516110243,18.551940516110243,STOP,"{""STOP"": 18.551940516110243}",1000,VALUE_INTEGRATION_CONVERGED,0.0
6,uniform,"[0, 0, 3]","[0, 0, 1]",0,19.046191135734084,19.046191135734084,STOP,"{""STOP"": 19.046191135734084}",1000,VALUE_INTEGRATION_CONVERGED,0.0
6,uniform,"[0, 0, 3]","[0, 0, 0]",1,19.003826796909188,19.003826796909188,STOP,"{""STOP"": 19.003826796909188, ""p1"": 17.003826796909188, ""p2"": 16.003826796909163, ""pf"": -11.996173203090816}",1000,VALUE_INTEGRATION_CONVERGED,0.0
6,uniform,"[0, 0, 2]","[0, 0, 2]",0,19.530251020932713,19.530251020932713,STOP,"{""STOP"": 19.530251020932713}",1000,VALUE_INTEGRATION_CONVERGED,0.0
6,uniform,"[0, 0, 2]","[0, 0, 1]",1,19.4933702677747,19.4933702677747,STOP,"{""STOP"": 19.4933702677747, ""p1"": 17.493370267774697, ""p2"": 16.493370267774694, ""pf"": -11.506629732225274}",1000,VALUE_INTEGRATION_CONVERGED,0.0
6,uniform,"[0, 0, 2]","[0, 0, 0]",2,19.45571307770814,19.45571307770814,STOP,"{""STOP"": 19.45571307770814, ""p1"": 17.455713077708143, ""p2"": 16.455713077708108, ""pf"": -11.544286922291874}",1000,VALUE_INTEGRATION_CONVERGED,0.0
6,uniform,"[0, 0, 1]","[0, 0, 3]",0,20.004432132964006,20.004432132964006,STOP,"{""STOP"": 20.004432132964006}",1000,VALUE_INTEGRATION_CONVERGED,0.0
6,uniform,"[0, 0, 1]","[0, 0, 2]",1,19.97282005882859,19.97282005882859,STOP,"{""STOP"": 19.97282005882859, ""p1"": 17.972820058828553, ""p2"": 16.972820058828557, ""pf"": -11.027179941171411}",1000,VALUE_INTEGRATION_CONVERGED,0.0
6,uniform,"[0, 0, 1]","[0, 0, 1]",2,19.94054939981534,19.94054939981534,STOP,"{""STOP"": 19.94054939981534, ""p1"": 17.94054939981535, ""p2"": 16.940549399815342, ""pf"": -11.059450600184654}",1000,VALUE_INTEGRATION_CONVERGED,0.0
6,uniform,"[0, 0, 1]","[0, 0, 0]",3,19.907599358507074,19.907599358507074,STOP,"{""STOP"": 19.907599358507074, ""p1"": 17.907599358507074, ""p2"": 16.907599358507042, ""pf"": -11.092400641492919}",1000,VALUE_INTEGRATION_CONVERGED,0.0
6,uniform,"[0, 0, 0]","[0, 0, 4]",0,20.469033828590625,20.469033828590625,STOP,"{""STOP"": 20.469033828590625}",1000,VALUE_INTEGRATION_CONVERGED,0.0
6,uniform,"[0, 0, 0]","[0, 0, 3]",1,20.442485160269097,20.442485160269097,STOP,"{""STOP"": 20.442485160269097, ""p1"": 18.442485160269094, ""p2"": 17.442485160269097, ""pf"": -10.557514839730896}",1000,VALUE_INTEGRATION_CONVERGED,0.0
6,uniform,"[0, 0, 0]","[0, 0, 2]",2,20.415389096724468,20.415389096724468,STOP,"{""STOP"": 20.415389096724468, ""p1"": 18.41538909672446, ""p2"": 17.415389096724432, ""pf"": -10.584610903275546}",1000,VALUE_INTEGRATION_CONVERGED,0.0
6,uniform,"[0, 0, 0]","[0, 0, 1]",3,20.387728531855952,20.387728531855952,STOP,"{""STOP"": 20.387728531855952, ""p1"": 18.387728531855963, ""p2"": 17.387728531855934, ""pf"": -10.612271468144023}",1000,VALUE_INTEGRATION_CONVERGED,0.0
6,uniform,"[0, 0, 0]","[0, 0, 0]",4,20.359485639306047,20.359485639306047,STOP,"{""STOP"": 20.359485639306047, ""p1"": 18.359485639306044, ""p2"": 17.359485639306023, ""pf"": -10.640514360693981}",1000,VALUE_INTEGRATION_CONVERGED,0.0
6,jeffreys,"[4, 0, 0]","[0, 0, 0]",0,20.53299224190298,20.53299224190298,STOP,"{""STOP"": 20.53299224190298}",1000,VALUE_INTEGRATION_CONVERGED,0.0
6,jeffreys,"[3, 0, 0]","[1, 0, 0]",0,20.610418058159002,20.610418058159002,STOP,"{""STOP"": 20.610418058159002}",1000,VALUE_INTEGRATION_CONVERGED,0.0
6,jeffreys,"[3, 1, 0]","[0, 0, 0]",0,20.15013088650445,20.15013088650445,STOP,"{""STOP"": 20.15013088650445}",1000,VALUE_INTEGRATION_CONVERGED,0.0
6,jeffreys,"[3, 0, 0]","[0, 1, 0]",0,20.630234228007033,20.630234228007033,STOP,"{""STOP"": 20.630234228007033}",1000,VALUE_INTEGRATION_CONVERGED,0.0
6,jeffreys,"[3, 0, 1]","[0, 0, 0]",0,20.150130886504456,20.150130886504456,STOP,"{""STOP"": 20.150130886504456}",1000,VALUE_INTEGRATION_CONVERGED,0.0
6,jeffreys,"[3, 0, 0]","[0, 0, 1]",0,20.630234228007033,20.630234228007033,STOP,"{""STOP"": 20.630234228007033}",1000,VALUE_INTEGRATION_CONVERGED,0.0
6,jeffreys,"[3, 0, 0]","[0, 0, 0]",1,20.60408998663807,20.60408998663807,STOP,"{""STOP"": 20.60408998663807, ""p1"": 18.604089986638076, ""p2"": 17.60408998663808, ""pf"": -10.39591001336192}",1000,VALUE_INTEGRATION_CONVERGED,0.0
6,jeffreys,"[2, 0, 0]","[2, 0, 0]",0,20.686239194285363,20.686239194285363,STOP,"{""STOP"": 20.686239194285363}",1000,VALUE_INTEGRATION_CONVERGED,0.0
6,jeffreys,"[2, 1, 0]","[1, 0, 0]",0,20.227579037130557,20.227579037130557,STOP,"{""STOP"": 20.227579037130557}",1000,VALUE_INTEGRATION_CONVERGED,0.0
6,jeffreys,"[2, 0, 0]","[1, 1, 0]",0,20.706871403233897,20.706871403233897,STOP,"{""STOP"": 20.706871403233897}",1000,VALUE_INTEGRATION_CONVERGED,0.0
6,jeffreys,"[2, 0, 1]","[1, 0, 0]",0,20.227579037130553,20.227579037130553,STOP,"{""STOP"": 20.227579037130553}",1000,VALUE_INTEGRATION_CONVERGED,0.0
6,jeffreys,"[2, 0, 0]","[1, 0, 1]",0,20.706871403233894,20.706871403233894,STOP,"{""STOP"": 20.706871403233894}",1000,VALUE_INTEGRATION_CONVERGED,0.0
6,jeffreys,"[2, 0, 0]","[1, 0, 0]",1,20.680771323891623,20.680771323891623,STOP,"{""STOP"": 20.680771323891623, ""p1"": 18.680771323891634, ""p2"": 17.680771323891637, ""pf"": -10.319228676108366}",1000,VALUE_INTEGRATION_CONVERGED,0.0
6,jeffreys,"[2, 2, 0]","[0, 0, 0]",0,19.768691486000648,19.768691486000648,STOP,"{""STOP"": 19.768691486000648}",1000,VALUE_INTEGRATION_CONVERGED,0.0
6,jeffreys,"[2, 1, 0]","[0, 1, 0]",0,20.252788957351413,20.252788957351413,STOP,"{""STOP"": 20.252788957351413}",1000,VALUE_INTEGRATION_CONVERGED,0.0
6,jeffreys,"[2, 1, 1]","[0, 0, 0]",0,19.764159004773784,19.764159004773784,STOP,"{""STOP"": 19.764159004773784}",1000,VALUE_INTEGRATION_CONVERGED,0.0
6,jeffreys,"[2, 1, 0]","[0, 0, 1]",0,20.24830393666097,20.24830393666097,STOP,"{""STOP"": 20.24830393666097}",1000,VALUE_INTEGRATION_CONVERGED,0.0
6,jeffreys,"[2, 1, 0]","[0, 0, 0]",1,20.22193960868691,20.22193960868691,STOP,"{""STOP"": 20.22193960868691, ""p1"": 18.22193960868691, ""p2"": 17.221939608686903, ""pf"": -10.778060391313083}",1000,VALUE_INTEGRATION_CONVERGED,0.0
6,jeffreys,"[2, 0, 0]","[0, 2, 0]",0,20.726853320487674,20.726853320487674,STOP,"{""STOP"": 20.726853320487674}",1000,VALUE_INTEGRATION_CONVERGED,0.0
6,jeffreys,"[2, 0, 1]","[0, 1, 0]",0,20.24830393666096,20.24830393666096,STOP,"{""STOP"": 20.24830393666096}",1000,VALUE_INTEGRATION_CONVERGED,0.0
6,jeffreys,"[2, 0, 0]","[0, 1, 1]",0,20.727379288109564,20.727379288109564,STOP,"{""STOP"": 20.727379288109564}",1000,VALUE_INTEGRATION_CONVERGED,0.0
6,jeffreys,"[2, 0, 0]","[0, 1, 0]",1,20.701291026396987,20.701291026396987,STOP,"{""STOP"": 20.701291026396987, ""p1"": 18.70129102639699, ""p2"": 17.701291026396994, ""pf"": -10.298708973602984}",1000,VALUE_INTEGRATION_CONVERGED,0.0
6,jeffreys,"[2, 0, 2]","[0, 0, 0]",0,19.768691486000655,19.768691486000655,STOP,"{""STOP"": 19.768691486000655}",1000,VALUE_INTEGRATION_CONVERGED,0.0
6,jeffreys,"[2, 0, 1]","[0, 0, 1]",0,20.25278895735142,20.25278895735142,STOP,"{""STOP"": 20.25278895735142}",1000,VALUE_INTEGRATION_CONVERGED,0.0
6,jeffreys,"[2, 0, 1]","[0, 0, 0]",1,20.221939608686903,20.221939608686903,STOP,"{""STOP"": 20.221939608686903, ""p1"": 18.221939608686906, ""p2"": 17.221939608686906, ""pf"": -10.778060391313087}",1000,VALUE_INTEGRATION_CONVERGED,0.0
6,jeffreys,"[2, 0, 0]","[0, 0, 2]",0,20.726853320487677,20.726853320487677,STOP,"{""STOP"": 20.726853320487677}",1000,VALUE_INTEGRATION_CONVERGED,0.0
6,jeffreys,"[2, 0, 0]","[0, 0, 1]",1,20.701291026396987,20.701291026396987,STOP,"{""STOP"": 20.701291026396987, ""p1"": 18.701291026396987, ""p2"": 17.701291026397016, ""pf"": -10.298708973603002}",1000,VALUE_INTEGRATION_CONVERGED,0.0
6,jeffreys,"[2, 0, 0]","[0, 0, 0]",2,20.675187731373175,20.675187731373175,STOP,"{""STOP"": 20.675187731373175, ""p1"": 18.67518773137316, ""p2"": 17.675187731373168, ""pf"": -10.324812268626832}",1000,VALUE_INTEGRATION_CONVERGED,0.0
6,jeffreys,"[1, 0, 0]","[3, 0, 0]",0,20.760505025055288,20.760505025055288,STOP,"{""STOP"": 20.760505025055288}",1000,VALUE_INTEGRATION_CONVERGED,0.0
6,jeffreys,"[1, 1, 0]","[2, 0, 0]",0,20.303422044738483,20.303422044738483,STOP,"{""STOP"": 20.303422044738483}",1000,VALUE_INTEGRATION_CONVERGED,0.0
6,jeffreys,"[1, 0, 0]","[2, 1, 0]",0,20.78192024322292,20.78192024322292,STOP,"{""STOP"": 20.78192024322292}",1000,VALUE_INTEGRATION_CONVERGED,0.0
6,jeffreys,"[1, 0, 1]","[2, 0, 0]",0,20.30342204473849,20.30342204473849,STOP,"{""STOP"": 20.30342204473849}",1000,VALUE_INTEGRATION_CONVERGED,0.0
6,jeffreys,"[1, 0, 0]","[2, 0, 1]",0,20.781920243222913,20.781920243222913,STOP,"{""STOP"": 20.781920243222913}",1000,VALUE_INTEGRATION_CONVERGED,0.0
6,jeffreys,"[1, 0, 0]","[2, 0, 0]",1,20.755863410632166,20.755863410632166,STOP,"{""STOP"": 20.755863410632166, ""p1"": 18.755863410632166, ""p2"": 17.755863410632184, ""pf"": -10.244136589367823}",1000,VALUE_INTEGRATION_CONVERGED,0.0
6,jeffreys,"[1, 2, 0]","[1, 0, 0]",0,19.846147081416774,19.846147081416774,STOP,"{""STOP"": 19.846147081416774}",1000,VALUE_INTEGRATION_CONVERGED,0.0
6,jeffreys,"[1, 1, 0]","[1, 1, 0]",0,20.32943349941239,20.32943349941239,STOP,"{""STOP"": 20.32943349941239}",1000,VALUE_INTEGRATION_CONVERGED,0.0
6,jeffreys,"[1, 1, 1]","[1, 0, 0]",0,19.841622193875722,19.841622193875722,STOP,"{""STOP"": 19.841622193875722}",1000,VALUE_INTEGRATION_CONVERGED,0.0
6,jeffreys,"[1, 1, 0]","[1, 0, 1]",0,20.324955992892747,20.324955992892747,STOP,"{""STOP"": 20.324955992892747}",1000,VALUE_INTEGRATION_CONVERGED,0.0
6,jeffreys,"[1, 1, 0]","[1, 0, 0]",1,20.298635835520525,20.298635835520525,STOP,"{""STOP"": 20.298635835520525, ""p1"": 18.298635835520507, ""p2"": 17.298635835520514, ""pf"": -10.701364164479468}",1000,VALUE_INTEGRATION_CONVERGED,0.0
6,jeffreys,"[1, 0, 0]","[1, 2, 0]",0,20.802703618589476,20.802703618589476,STOP,"{""STOP"": 20.802703618589476}",1000,VALUE_INTEGRATION_CONVERGED,0.0
6,jeffreys,"[1, 0, 1]","[1, 1, 0]",0,20.324955992892733,20.324955992892733,STOP,"{""STOP"": 20.324955992892733}",1000,VALUE_INTEGRATION_CONVERGED,0.0
6,jeffreys,"[1, 0, 0]","[1, 1, 1]",0,20.80322870500904,20.80322870500904,STOP,"{""STOP"": 20.80322870500904}",1000,VALUE_INTEGRATION_CONVERGED,0.0
6,jeffreys,"[1, 0, 0]","[1, 1, 0]",1,20.77718415137895,20.77718415137895,STOP,"{""STOP"": 20.77718415137895, ""p1"": 18.777184151378954, ""p2"": 17.777184151378947, ""pf"": -10.222815848621053}",1000,VALUE_INTEGRATION_CONVERGED,0.0
6,jeffreys,"[1, 0, 2]","[1, 0, 0]",0,19.846147081416767,19.846147081416767,STOP,"{""STOP"": 19.846147081416767}",1000,VALUE_INTEGRATION_CONVERGED,0.0
6,jeffreys,"[1, 0, 1]","[1, 0, 1]",0,20.329433499412396,20.329433499412396,STOP,"{""STOP"": 20.329433499412396}",1000,VALUE_INTEGRATION_CONVERGED,0.0
6,jeffreys,"[1, 0, 1]","[1, 0, 0]",1,20.298635835520525,20.298635835520525,STOP,"{""STOP"": 20.298635835520525, ""p1"": 18.298635835520514, ""p2"": 17.298635835520518, ""pf"": -10.701364164479486}",1000,VALUE_INTEGRATION_CONVERGED,0.0
6,jeffreys,"[1, 0, 0]","[1, 0, 2]",0,20.802703618589476,20.802703618589476,STOP,"{""STOP"": 20.802703618589476}",1000,VALUE_INTEGRATION_CONVERGED,0.0
6,jeffreys,"[1, 0, 0]","[1, 0, 1]",1,20.777184151378947,20.777184151378947,STOP,"{""STOP"": 20.777184151378947, ""p1"": 18.777184151378947, ""p2"": 17.777184151378947, ""pf"": -10.222815848621053}",1000,VALUE_INTEGRATION_CONVERGED,0.0
6,jeffreys,"[1, 0, 0]","[1, 0, 0]",2,20.75112458962427,20.75112458962427,STOP,"{""STOP"": 20.75112458962427, ""p1"": 18.75112458962427, ""p2"": 17.751124589624283, ""pf"": -10.248875410375721}",1000,VALUE_INTEGRATION_CONVERGED,0.0
6,jeffreys,"[1, 3, 0]","[0, 0, 0]",0,19.388674040391514,19.388674040391514,STOP,"{""STOP"": 19.388674040391514}",1000,VALUE_INTEGRATION_CONVERGED,0.0
6,jeffreys,"[1, 2, 0]","[0, 1, 0]",0,19.876750752010455,19.876750752010455,STOP,"{""STOP"": 19.876750752010455}",1000,VALUE_INTEGRATION_CONVERGED,0.0
6,jeffreys,"[1, 2, 1]","[0, 0, 0]",0,19.379623297486752,19.379623297486752,STOP,"{""STOP"": 19.379623297486752}",1000,VALUE_INTEGRATION_CONVERGED,0.0
6,jeffreys,"[1, 2, 0]","[0, 0, 1]",0,19.86779478128271,19.86779478128271,STOP,"{""STOP"": 19.86779478128271}",1000,VALUE_INTEGRATION_CONVERGED,0.0
6,jeffreys,"[1, 2, 0]","[0, 0, 0]",1,19.84121118563045,19.84121118563045,STOP,"{""STOP"": 19.84121118563045, ""p1"": 17.84121118563045, ""p2"": 16.841211185630435, ""pf"": -11.158788814369544}",1000,VALUE_INTEGRATION_CONVERGED,0.0
6,jeffreys,"[1, 1, 0]","[0, 2, 0]",0,20.354711884113975,20.354711884113975,STOP,"{""STOP"": 20.354711884113975}",1000,VALUE_INTEGRATION_CONVERGED,0.0
6,jeffreys,"[1, 1, 1]","[0, 1, 0]",0,19.867794781282687,19.867794781282687,STOP,"{""STOP"": 19.867794781282687}",1000,VALUE_INTEGRATION_CONVERGED,0.0
6,jeffreys,"[1, 1, 0]","[0, 1, 1]",0,20.350854521792822,20.350854521792822,STOP,"{""STOP"": 20.350854521792822}",1000,VALUE_INTEGRATION_CONVERGED,0.0
6,jeffreys,"[1, 1, 0]","[0, 1, 0]",1,20.324549288398693,20.324549288398693,STOP,"{""STOP"": 20.324549288398693, ""p1"": 18.3245492883987, ""p2"": 17.324549288398703, ""pf"": -10.675450711601293}",1000,VALUE_INTEGRATION_CONVERGED,0.0
6,jeffreys,"[1, 1, 2]","[0, 0, 0]",0,19.379623297486766,19.379623297486766,STOP,"{""STOP"": 19.379623297486766}",1000,VALUE_INTEGRATION_CONVERGED,0.0
6,jeffreys,"[1, 1, 1]","[0, 0, 1]",0,19.86779478128269,19.86779478128269,STOP,"{""STOP"": 19.86779478128269}",1000,VALUE_INTEGRATION_CONVERGED,0.0
6,jeffreys,"[1, 1, 1]","[0, 0, 0]",1,19.836685814178068,19.836685814178068,STOP,"{""STOP"": 19.836685814178068, ""p1"": 17.83668581417805, ""p2"": 16.836685814178043, ""pf"": -11.16331418582195}",1000,VALUE_INTEGRATION_CONVERGED,0.0
6,jeffreys,"[1, 1, 0]","[0, 0, 2]",0,20.345848721373027,20.345848721373027,STOP,"{""STOP"": 20.345848721373027}",1000,VALUE_INTEGRATION_CONVERGED,0.0
6,jeffreys,"[1, 1, 0]","[0, 0, 1]",1,20.32007130303484,20.32007130303484,STOP,"{""STOP"": 20.32007130303484, ""p1"": 18.320071303034837, ""p2"": 17.320071303034826, ""pf"": -10.679928696965177}",1000,VALUE_INTEGRATION_CONVERGED,0.0
6,jeffreys,"[1, 1, 0]","[0, 0, 0]",2,20.29374833086936,20.29374833086936,STOP,"{""STOP"": 20.29374833086936, ""p1"": 18.293748330869363, ""p2"": 17.29374833086934, ""pf"": -10.70625166913063}",1000,VALUE_INTEGRATION_CONVERGED,0.0
6,jeffreys,"[1, 0, 0]","[0, 3, 0]",0,20.822868685302545,20.822868685302545,STOP,"{""STOP"": 20.822868685302545}",1000,VALUE_INTEGRATION_CONVERGED,0.0
6,jeffreys,"[1, 0, 1]","[0, 2, 0]",0,20.345848721373024,20.345848721373024,STOP,"{""STOP"": 20.345848721373024}",1000,VALUE_INTEGRATION_CONVERGED,0.0
6,jeffreys,"[1, 0, 0]","[0, 2, 1]",0,20.823902661463357,20.823902661463357,STOP,"{""STOP"": 20.823902661463357}",1000,VALUE_INTEGRATION_CONVERGED,0.0
6,jeffreys,"[1, 0, 0]","[0, 2, 0]",1,20.797870021161415,20.797870021161415,STOP,"{""STOP"": 20.797870021161415, ""p1"": 18.79787002116142, ""p2"": 17.79787002116141, ""pf"": -10.202129978838592}",1000,VALUE_INTEGRATION_CONVERGED,0.0
6,jeffreys,"[1, 0, 2]","[0, 1, 0]",0,19.86779478128271,19.86779478128271,STOP,"{""STOP"": 19.86779478128271}",1000,VALUE_INTEGRATION_CONVERGED,0.0
6,jeffreys,"[1, 0, 1]","[0, 1, 1]",0,20.35085452179281,20.35085452179281,STOP,"{""STOP"": 20.35085452179281}",1000,VALUE_INTEGRATION_CONVERGED,0.0
6,jeffreys,"[1, 0, 1]","[0, 1, 0]",1,20.320071303034837,20.320071303034837,STOP,"{""STOP"": 20.320071303034837, ""p1"": 18.320071303034826, ""p2"": 17.32007130303482, ""pf"": -10.679928696965185}",1000,VALUE_INTEGRATION_CONVERGED,0.0
6,jeffreys,"[1, 0, 0]","[0, 1, 2]",0,20.82390266146337,20.82390266146337,STOP,"{""STOP"": 20.82390266146337}",1000,VALUE_INTEGRATION_CONVERGED,0.0
6,jeffreys,"[1, 0, 0]","[0, 1, 1]",1,20.798395163736046,20.798395163736046,STOP,"{""STOP"": 20.798395163736046, ""p1"": 18.798395163736036, ""p2"": 17.798395163736025, ""pf"": -10.20160483626396}",1000,VALUE_INTEGRATION_CONVERGED,0.0
6,jeffreys,"[1, 0, 0]","[0, 1, 0]",2,20.77234782478696,20.77234782478696,STOP,"{""STOP"": 20.77234782478696, ""p1"": 18.772347824786962, ""p2"": 17.772347824786955, ""pf"": -10.22765217521303}",1000,VALUE_INTEGRATION_CONVERGED,0.0
6,jeffreys,"[1, 0, 3]","[0, 0, 0]",0,19.38867404039151,19.38867404039151,STOP,"{""STOP"": 19.38867404039151}",1000,VALUE_INTEGRATION_CONVERGED,0.0
6,jeffreys,"[1, 0, 2]","[0, 0, 1]",0,19.87675075201046,19.87675075201046,STOP,"{""STOP"": 19.87675075201046}",1000,VALUE_INTEGRATION_CONVERGED,0.0
6,jeffreys,"[1, 0, 2]","[0, 0, 0]",1,19.841211185630446,19.841211185630446,STOP,"{""STOP"": 19.841211185630446, ""p1"": 17.84121118563045, ""p2"": 16.841211185630456, ""pf"": -11.158788814369561}",1000,VALUE_INTEGRATION_CONVERGED,0.0
6,jeffreys,"[1, 0, 1]","[0, 0, 2]",0,20.354711884113975,20.354711884113975,STOP,"{""STOP"": 20.354711884113975}",1000,VALUE_INTEGRATION_CONVERGED,0.0
6,jeffreys,"[1, 0, 1]","[0, 0, 1]",1,20.324549288398707,20.324549288398707,STOP,"{""STOP"": 20.324549288398707, ""p1"": 18.324549288398703, ""p2"": 17.324549288398696, ""pf"": -10.675450711601293}",1000,VALUE_INTEGRATION_CONVERGED,0.0
6,jeffreys,"[1, 0, 1]","[0, 0, 0]",2,20.29374833086937,20.29374833086937,STOP,"{""STOP"": 20.29374833086937, ""p1"": 18.293748330869363, ""p2"": 17.293748330869366, ""pf"": -10.706251669130644}",1000,VALUE_INTEGRATION_CONVERGED,0.0
6,jeffreys,"[1, 0, 0]","[0, 0, 3]",0,20.822868685302534,20.822868685302534,STOP,"{""STOP"": 20.822868685302534}",1000,VALUE_INTEGRATION_CONVERGED,0.0
6,jeffreys,"[1, 0, 0]","[0, 0, 2]",1,20.79787002116141,20.79787002116141,STOP,"{""STOP"": 20.79787002116141, ""p1"": 18.79787002116142, ""p2"": 17.797870021161422, ""pf"": -10.202129978838602}",1000,VALUE_INTEGRATION_CONVERGED,0.0
6,jeffreys,"[1, 0, 0]","[0, 0, 1]",2,20.772347824786962,20.772347824786962,STOP,"{""STOP"": 20.772347824786962, ""p1"": 18.772347824786962, ""p2"": 17.77234782478697, ""pf"": -10.227652175213052}",1000,VALUE_INTEGRATION_CONVERGED,0.0
6,jeffreys,"[1, 0, 0]","[0, 0, 0]",3,20.746285476108277,20.746285476108277,STOP,"{""STOP"": 20.746285476108277, ""p1"": 18.746285476108266, ""p2"": 17.746285476108273, ""pf"": -10.25371452389172}",1000,VALUE_INTEGRATION_CONVERGED,0.0
6,jeffreys,"[0, 0, 0]","[4, 0, 0]",0,21.071999763536844,21.071999763536844,STOP,"{""STOP"": 21.071999763536844}",0000,VALUE_INTEGRATION_CONVERGED,0.0
6,jeffreys,"[0, 1, 0]","[3, 0, 0]",0,20.598106837965744,20.598106837965744,STOP,"{""STOP"": 20.598106837965744}",0000,VALUE_INTEGRATION_CONVERGED,0.0
6,jeffreys,"[0, 0, 0]","[3, 1, 0]",0,21.07351933180904,21.07351933180904,STOP,"{""STOP"": 21.07351933180904}",0000,VALUE_INTEGRATION_CONVERGED,0.0
6,jeffreys,"[0, 0, 1]","[3, 0, 0]",0,20.59810683796575,20.59810683796575,STOP,"{""STOP"": 20.59810683796575}",0000,VALUE_INTEGRATION_CONVERGED,0.0
6,jeffreys,"[0, 0, 0]","[3, 0, 1]",0,21.073519331809045,21.073519331809045,STOP,"{""STOP"": 21.073519331809045}",0000,VALUE_INTEGRATION_CONVERGED,0.0
6,jeffreys,"[0, 0, 0]","[3, 0, 0]",1,21.047630532639353,21.047630532639353,STOP,"{""STOP"": 21.047630532639353, ""p1"": 19.055526484097914, ""p2"": 18.047630532639356, ""pf"": -9.95236946736064}",0000,VALUE_INTEGRATION_CONVERGED,0.0
6,jeffreys,"[0, 2, 0]","[2, 0, 0]",0,20.12321136476086,20.12321136476086,STOP,"{""STOP"": 20.12321136476086}",0000,VALUE_INTEGRATION_CONVERGED,0.0
6,jeffreys,"[0, 1, 0]","[2, 1, 0]",0,20.603596586072246,20.603596586072246,STOP,"{""STOP"": 20.603596586072246}",0000,VALUE_INTEGRATION_CONVERGED,0.0
6,jeffreys,"[0, 1, 1]","[2, 0, 0]",0,20.11871364038484,20.11871364038484,STOP,"{""STOP"": 20.11871364038484}",0000,VALUE_INTEGRATION_CONVERGED,0.0
6,jeffreys,"[0, 1, 0]","[2, 0, 1]",0,20.599145958286577,20.599145958286577,STOP,"{""STOP"": 20.599145958286577}",0000,VALUE_INTEGRATION_CONVERGED,0.0
6,jeffreys,"[0, 1, 0]","[2, 0, 0]",1,20.57298380236122,20.57298380236122,STOP,"{""STOP"": 20.57298380236122, ""p1"": 18.58237124221089, ""p2"": 17.572983802361225, ""pf"": -10.427016197638764}",0000,VALUE_INTEGRATION_CONVERGED,0.0
6,jeffreys,"[0, 0, 0]","[2, 2, 0]",0,21.07402563699378,21.07402563699378,STOP,"{""STOP"": 21.07402563699378}",0000,VALUE_INTEGRATION_CONVERGED,0.0
6,jeffreys,"[0, 0, 1]","[2, 1, 0]",0,20.599145958286577,20.599145958286577,STOP,"{""STOP"": 20.599145958286577}",0000,VALUE_INTEGRATION_CONVERGED,0.0
6,jeffreys,"[0, 0, 0]","[2, 1, 1]",0,21.074547571288818,21.074547571288818,STOP,"{""STOP"": 21.074547571288818}",0000,VALUE_INTEGRATION_CONVERGED,0.0
6,jeffreys,"[0, 0, 0]","[2, 1, 0]",1,21.04865936464018,21.04865936464018,STOP,"{""STOP"": 21.04865936464018, ""p1"": 19.057948506690366, ""p2"": 18.04865936464017, ""pf"": -9.95134063535982}",0000,VALUE_INTEGRATION_CONVERGED,0.0
6,jeffreys,"[0, 0, 2]","[2, 0, 0]",0,20.123211364760863,20.123211364760863,STOP,"{""STOP"": 20.123211364760863}",0000,VALUE_INTEGRATION_CONVERGED,0.0
6,jeffreys,"[0, 0, 1]","[2, 0, 1]",0,20.603596586072253,20.603596586072253,STOP,"{""STOP"": 20.603596586072253}",0000,VALUE_INTEGRATION_CONVERGED,0.0
6,jeffreys,"[0, 0, 1]","[2, 0, 0]",1,20.572983802361232,20.572983802361232,STOP,"{""STOP"": 20.572983802361232, ""p1"": 18.5823712422109, ""p2"": 17.572983802361236, ""pf"": -10.427016197638768}",0000,VALUE_INTEGRATION_CONVERGED,0.0
6,jeffreys,"[0, 0, 0]","[2, 0, 2]",0,21.07402563699378,21.07402563699378,STOP,"{""STOP"": 21.07402563699378}",0000,VALUE_INTEGRATION_CONVERGED,0.0
6,jeffreys,"[0, 0, 0]","[2, 0, 1]",1,21.048659364640173,21.048659364640173,STOP,"{""STOP"": 21.048659364640173, ""p1"": 19.05794850669037, ""p2"": 18.04865936464018, ""pf"": -9.95134063535983}",0000,VALUE_INTEGRATION_CONVERGED,0.0
6,jeffreys,"[0, 0, 0]","[2, 0, 0]",2,21.022756239961613,21.022756239961613,STOP,"{""STOP"": 21.022756239961613, ""p1"": 19.03205073486227, ""p2"": 18.022756239961623, ""pf"": -9.977243760038384}",0000,VALUE_INTEGRATION_CONVERGED,0.0
6,jeffreys,"[0, 3, 0]","[1, 0, 0]",0,19.647281850279178,19.647281850279178,STOP,"{""STOP"": 19.647281850279178}",0000,VALUE_INTEGRATION_CONVERGED,0.0
6,jeffreys,"[0, 2, 0]","[1, 1, 0]",0,20.132650626716057,20.132650626716057,STOP,"{""STOP"": 20.132650626716057}",0000,VALUE_INTEGRATION_CONVERGED,0.0
6,jeffreys,"[0, 2, 1]","[1, 0, 0]",0,19.638281322483117,19.638281322483117,STOP,"{""STOP"": 19.638281322483117}",0000,VALUE_INTEGRATION_CONVERGED,0.0
6,jeffreys,"[0, 2, 0]","[1, 0, 1]",0,20.123744345284358,20.123744345284358,STOP,"{""STOP"": 20.123744345284358}",0000,VALUE_INTEGRATION_CONVERGED,0.0
6,jeffreys,"[0, 2, 0]","[1, 0, 0]",1,20.097308240082306,20.097308240082306,STOP,"{""STOP"": 20.097308240082306, ""p1"": 18.108271623992305, ""p2"": 17.097308240082302, ""pf"": -10.90269175991769}",0000,VALUE_INTEGRATION_CONVERGED,0.0
6,jeffreys,"[0, 1, 0]","[1, 2, 0]",0,20.60795994664645,20.60795994664645,STOP,"{""STOP"": 20.60795994664645}",0000,VALUE_INTEGRATION_CONVERGED,0.0
6,jeffreys,"[0, 1, 1]","[1, 1, 0]",0,20.123744345284347,20.123744345284347,STOP,"{""STOP"": 20.123744345284347}",0000,VALUE_INTEGRATION_CONVERGED,0.0
6,jeffreys,"[0, 1, 0]","[1, 1, 1]",0,20.604123985647856,20.604123985647856,STOP,"{""STOP"": 20.604123985647856}",0000,VALUE_INTEGRATION_CONVERGED,0.0
6,jeffreys,"[0, 1, 0]","[1, 1, 0]",1,20.577964698301315,20.577964698301315,STOP,"{""STOP"": 20.577964698301315, ""p1"": 18.588813282379803, ""p2"": 17.57796469830133, ""pf"": -10.422035301698674}",0000,VALUE_INTEGRATION_CONVERGED,0.0
6,jeffreys,"[0, 1, 2]","[1, 0, 0]",0,19.638281322483117,19.638281322483117,STOP,"{""STOP"": 19.638281322483117}",0000,VALUE_INTEGRATION_CONVERGED,0.0
6,jeffreys,"[0, 1, 1]","[1, 0, 1]",0,20.12374434528435,20.12374434528435,STOP,"{""STOP"": 20.12374434528435}",0000,VALUE_INTEGRATION_CONVERGED,0.0
6,jeffreys,"[0, 1, 1]","[1, 0, 0]",1,20.092807976184275,20.092807976184275,STOP,"{""STOP"": 20.092807976184275, ""p1"": 18.103772434935816, ""p2"": 17.092807976184268, ""pf"": -10.907192023815728}",0000,VALUE_INTEGRATION_CONVERGED,0.0
6,jeffreys,"[0, 1, 0]","[1, 0, 2]",0,20.599145958286574,20.599145958286574,STOP,"{""STOP"": 20.599145958286574}",0000,VALUE_INTEGRATION_CONVERGED,0.0
6,jeffreys,"[0, 1, 0]","[1, 0, 1]",1,20.573511557585476,20.573511557585476,STOP,"{""STOP"": 20.573511557585476, ""p1"": 18.584361205250637, ""p2"": 17.573511557585476, ""pf"": -10.426488442414527}",0000,VALUE_INTEGRATION_CONVERGED,0.0
6,jeffreys,"[0, 1, 0]","[1, 0, 0]",2,20.547334629885405,20.547334629885405,STOP,"{""STOP"": 20.547334629885405, ""p1"": 18.55819052963942, ""p2"": 17.5473346298854, ""pf"": -10.452665370114588}",0000,VALUE_INTEGRATION_CONVERGED,0.0
6,jeffreys,"[0, 0, 0]","[1, 3, 0]",0,21.07351933180905,21.07351933180905,STOP,"{""STOP"": 21.07351933180905}",0000,VALUE_INTEGRATION_CONVERGED,0.0
6,jeffreys,"[0, 0, 1]","[1, 2, 0]",0,20.599145958286577,20.599145958286577,STOP,"{""STOP"": 20.599145958286577}",0000,VALUE_INTEGRATION_CONVERGED,0.0
6,jeffreys,"[0, 0, 0]","[1, 2, 1]",0,21.074547571288818,21.074547571288818,STOP,"{""STOP"": 21.074547571288818}",0000,VALUE_INTEGRATION_CONVERGED,0.0
6,jeffreys,"[0, 0, 0]","[1, 2, 0]",1,21.048659364640187,21.048659364640187,STOP,"{""STOP"": 21.048659364640187, ""p1"": 19.059395528158255, ""p2"": 18.048659364640173, ""pf"": -9.95134063535982}",0000,VALUE_INTEGRATION_CONVERGED,0.0
6,jeffreys,"[0, 0, 2]","[1, 1, 0]",0,20.123744345284365,20.123744345284365,STOP,"{""STOP"": 20.123744345284365}",0000,VALUE_INTEGRATION_CONVERGED,0.0
6,jeffreys,"[0, 0, 1]","[1, 1, 1]",0,20.60412398564786,20.60412398564786,STOP,"{""STOP"": 20.60412398564786}",0000,VALUE_INTEGRATION_CONVERGED,0.0
6,jeffreys,"[0, 0, 1]","[1, 1, 0]",1,20.573511557585476,20.573511557585476,STOP,"{""STOP"": 20.573511557585476, ""p1"": 18.584361205250637, ""p2"": 17.573511557585476, ""pf"": -10.42648844241452}",0000,VALUE_INTEGRATION_CONVERGED,0.0
6,jeffreys,"[0, 0, 0]","[1, 1, 2]",0,21.07454757128882,21.07454757128882,STOP,"{""STOP"": 21.07454757128882}",0000,VALUE_INTEGRATION_CONVERGED,0.0
6,jeffreys,"[0, 0, 0]","[1, 1, 1]",1,21.04918159363171,21.04918159363171,STOP,"{""STOP"": 21.04918159363171, ""p1"": 19.05991763242079, ""p2"": 18.049181593631708, ""pf"": -9.950818406368292}",0000,VALUE_INTEGRATION_CONVERGED,0.0
6,jeffreys,"[0, 0, 0]","[1, 1, 0]",2,21.023278769886613,21.023278769886613,STOP,"{""STOP"": 21.023278769886613, ""p1"": 19.03402099529766, ""p2"": 18.02327876988662, ""pf"": -9.97672123011338}",0000,VALUE_INTEGRATION_CONVERGED,0.0
6,jeffreys,"[0, 0, 3]","[1, 0, 0]",0,19.647281850279178,19.647281850279178,STOP,"{""STOP"": 19.647281850279178}",0000,VALUE_INTEGRATION_CONVERGED,0.0
6,jeffreys,"[0, 0, 2]","[1, 0, 1]",0,20.132650626716057,20.132650626716057,STOP,"{""STOP"": 20.132650626716057}",0000,VALUE_INTEGRATION_CONVERGED,0.0
6,jeffreys,"[0, 0, 2]","[1, 0, 0]",1,20.097308240082302,20.097308240082302,STOP,"{""STOP"": 20.097308240082302, ""p1"": 18.10827162399231, ""p2"": 17.097308240082317, ""pf"": -10.902691759917698}",0000,VALUE_INTEGRATION_CONVERGED,0.0
6,jeffreys,"[0, 0, 1]","[1, 0, 2]",0,20.607959946646456,20.607959946646456,STOP,"{""STOP"": 20.607959946646456}",0000,VALUE_INTEGRATION_CONVERGED,0.0
6,jeffreys,"[0, 0, 1]","[1, 0, 1]",1,20.577964698301322,20.577964698301322,STOP,"{""STOP"": 20.577964698301322, ""p1"": 18.58881328237981, ""p2"": 17.57796469830133, ""pf"": -10.422035301698664}",0000,VALUE_INTEGRATION_CONVERGED,0.0
6,jeffreys,"[0, 0, 1]","[1, 0, 0]",2,20.547334629885412,20.547334629885412,STOP,"{""STOP"": 20.547334629885412, ""p1"": 18.55819052963943, ""p2"": 17.547334629885412, ""pf"": -10.452665370114595}",0000,VALUE_INTEGRATION_CONVERGED,0.0
6,jeffreys,"[0, 0, 0]","[1, 0, 3]",0,21.07351933180903,21.07351933180903,STOP,"{""STOP"": 21.07351933180903}",0000,VALUE_INTEGRATION_CONVERGED,0.0
6,jeffreys,"[0, 0, 0]","[1, 0, 2]",1,21.04865936464018,21.04865936464018,STOP,"{""STOP"": 21.04865936464018, ""p1"": 19.059395528158255, ""p2"": 18.048659364640184, ""pf"": -9.951340635359845}",0000,VALUE_INTEGRATION_CONVERGED,0.0
6,jeffreys,"[0, 0, 0]","[1, 0, 1]",2,21.023278769886623,21.023278769886623,STOP,"{""STOP"": 21.023278769886623, ""p1"": 19.034020995297656, ""p2"": 18.02327876988662, ""pf"": -9.976721230113387}",0000,VALUE_INTEGRATION_CONVERGED,0.0
6,jeffreys,"[0, 0, 0]","[1, 0, 0]",3,20.997361019688533,20.997361019688533,STOP,"{""STOP"": 20.997361019688533, ""p1"": 19.00810943528656, ""p2"": 17.997361019688526, ""pf"": -10.002638980311463}",0000,VALUE_INTEGRATION_CONVERGED,0.0
6,jeffreys,"[0, 4, 0]","[0, 0, 0]",0,19.170285467813535,19.170285467813535,STOP,"{""STOP"": 19.170285467813535}",0000,VALUE_INTEGRATION_CONVERGED,0.0
6,jeffreys,"[0, 3, 0]","[0, 1, 0]",0,19.66064897076837,19.66064897076837,STOP,"{""STOP"": 19.66064897076837}",0000,VALUE_INTEGRATION_CONVERGED,0.0
6,jeffreys,"[0, 3, 1]","[0, 0, 0]",0,19.156776896313872,19.156776896313872,STOP,"{""STOP"": 19.156776896313872}",0000,VALUE_INTEGRATION_CONVERGED,0.0
6,jeffreys,"[0, 3, 0]","[0, 0, 1]",0,19.647281850279168,19.647281850279168,STOP,"{""STOP"": 19.647281850279168}",0000,VALUE_INTEGRATION_CONVERGED,0.0
6,jeffreys,"[0, 3, 0]","[0, 0, 0]",1,19.620571184469185,19.620571184469185,STOP,"{""STOP"": 19.620571184469185, ""p1"": 17.633199246770445, ""p2"": 16.620571184469178, ""pf"": -11.379428815530826}",0000,VALUE_INTEGRATION_CONVERGED,0.0
6,jeffreys,"[0, 2, 0]","[0, 2, 0]",0,20.140849499568688,20.140849499568688,STOP,"{""STOP"": 20.140849499568688}",0000,VALUE_INTEGRATION_CONVERGED,0.0
6,jeffreys,"[0, 2, 1]","[0, 1, 0]",0,19.647281850279185,19.647281850279185,STOP,"{""STOP"": 19.647281850279185}",0000,VALUE_INTEGRATION_CONVERGED,0.0
6,jeffreys,"[0, 2, 0]","[0, 1, 1]",0,20.13265062671605,20.13265062671605,STOP,"{""STOP"": 20.13265062671605}",0000,VALUE_INTEGRATION_CONVERGED,0.0
6,jeffreys,"[0, 2, 0]","[0, 1, 0]",1,20.106219653741764,20.106219653741764,STOP,"{""STOP"": 20.106219653741764, ""p1"": 18.11871548502417, ""p2"": 17.106219653741743, ""pf"": -10.893780346258236}",0000,VALUE_INTEGRATION_CONVERGED,0.0
6,jeffreys,"[0, 2, 2]","[0, 0, 0]",0,19.152274039147333,19.152274039147333,STOP,"{""STOP"": 19.152274039147333}",0000,VALUE_INTEGRATION_CONVERGED,0.0
6,jeffreys,"[0, 2, 1]","[0, 0, 1]",0,19.642826143449447,19.642826143449447,STOP,"{""STOP"": 19.642826143449447}",0000,VALUE_INTEGRATION_CONVERGED,0.0
6,jeffreys,"[0, 2, 1]","[0, 0, 0]",1,19.611565470136068,19.611565470136068,STOP,"{""STOP"": 19.611565470136068, ""p1"": 17.624195984488264, ""p2"": 16.61156547013608, ""pf"": -11.388434529863922}",0000,VALUE_INTEGRATION_CONVERGED,0.0
6,jeffreys,"[0, 2, 0]","[0, 0, 2]",0,20.12321136476087,20.12321136476087,STOP,"{""STOP"": 20.12321136476087}",0000,VALUE_INTEGRATION_CONVERGED,0.0
6,jeffreys,"[0, 2, 0]","[0, 0, 1]",1,20.097308240082313,20.097308240082313,STOP,"{""STOP"": 20.097308240082313, ""p1"": 18.10980649773971, ""p2"": 17.0973082400823, ""pf"": -10.902691759917687}",0000,VALUE_INTEGRATION_CONVERGED,0.0
6,jeffreys,"[0, 2, 0]","[0, 0, 0]",2,20.07085690112484,20.07085690112484,STOP,"{""STOP"": 20.07085690112484, ""p1"": 18.08336236087948, ""p2"": 17.07085690112483, ""pf"": -10.929143098875155}",0000,VALUE_INTEGRATION_CONVERGED,0.0
6,jeffreys,"[0, 1, 0]","[0, 3, 0]",0,20.61119976111159,20.61119976111159,STOP,"{""STOP"": 20.61119976111159}",0000,VALUE_INTEGRATION_CONVERGED,0.0
6,jeffreys,"[0, 1, 1]","[0, 2, 0]",0,20.127620898462812,20.127620898462812,STOP,"{""STOP"": 20.127620898462812}",0000,VALUE_INTEGRATION_CONVERGED,0.0
6,jeffreys,"[0, 1, 0]","[0, 2, 1]",0,20.60795994664646,20.60795994664646,STOP,"{""STOP"": 20.60795994664646}",0000,VALUE_INTEGRATION_CONVERGED,0.0
6,jeffreys,"[0, 1, 0]","[0, 2, 0]",1,20.58180286976514,20.58180286976514,STOP,"{""STOP"": 20.58180286976514, ""p1"": 18.594169210567948, ""p2"": 17.581802869765156, ""pf"": -10.41819713023483}",0000,VALUE_INTEGRATION_CONVERGED,0.0
6,jeffreys,"[0, 1, 2]","[0, 1, 0]",0,19.642826143449444,19.642826143449444,STOP,"{""STOP"": 19.642826143449444}",0000,VALUE_INTEGRATION_CONVERGED,0.0
6,jeffreys,"[0, 1, 1]","[0, 1, 1]",0,20.128241576502322,20.128241576502322,STOP,"{""STOP"": 20.128241576502322}",0000,VALUE_INTEGRATION_CONVERGED,0.0
6,jeffreys,"[0, 1, 1]","[0, 1, 0]",1,20.097308240082278,20.097308240082278,STOP,"{""STOP"": 20.097308240082278, ""p1"": 18.1098064977397, ""p2"": 17.09730824008229, ""pf"": -10.902691759917715}",0000,VALUE_INTEGRATION_CONVERGED,0.0
6,jeffreys,"[0, 1, 0]","[0, 1, 2]",0,20.603596586072257,20.603596586072257,STOP,"{""STOP"": 20.603596586072257}",0000,VALUE_INTEGRATION_CONVERGED,0.0
6,jeffreys,"[0, 1, 0]","[0, 1, 1]",1,20.577964698301315,20.577964698301315,STOP,"{""STOP"": 20.577964698301315, ""p1"": 18.5903320841508, ""p2"": 17.57796469830134, ""pf"": -10.42203530169867}",0000,VALUE_INTEGRATION_CONVERGED,0.0
6,jeffreys,"[0, 1, 0]","[0, 1, 0]",2,20.551790336715126,20.551790336715126,STOP,"{""STOP"": 20.551790336715126, ""p1"": 18.564164849247213, ""p2"": 17.551790336715122, ""pf"": -10.44820966328487}",0000,VALUE_INTEGRATION_CONVERGED,0.0
6,jeffreys,"[0, 1, 3]","[0, 0, 0]",0,19.156776896313875,19.156776896313875,STOP,"{""STOP"": 19.156776896313875}",0000,VALUE_INTEGRATION_CONVERGED,0.0
6,jeffreys,"[0, 1, 2]","[0, 0, 1]",0,19.647281850279185,19.647281850279185,STOP,"{""STOP"": 19.647281850279185}",0000,VALUE_INTEGRATION_CONVERGED,0.0
6,jeffreys,"[0, 1, 2]","[0, 0, 0]",1,19.61156547013607,19.61156547013607,STOP,"{""STOP"": 19.61156547013607, ""p1"": 17.624195984488264, ""p2"": 16.611565470136075, ""pf"": -11.388434529863918}",0000,VALUE_INTEGRATION_CONVERGED,0.0
6,jeffreys,"[0, 1, 1]","[0, 0, 2]",0,20.127620898462805,20.127620898462805,STOP,"{""STOP"": 20.127620898462805}",0000,VALUE_INTEGRATION_CONVERGED,0.0
6,jeffreys,"[0, 1, 1]","[0, 0, 1]",1,20.097308240082278,20.097308240082278,STOP,"{""STOP"": 20.097308240082278, ""p1"": 18.109806497739704, ""p2"": 17.097308240082285, ""pf"": -10.902691759917715}",0000,VALUE_INTEGRATION_CONVERGED,0.0
6,jeffreys,"[0, 1, 1]","[0, 0, 0]",2,20.06635404395827,20.06635404395827,STOP,"{""STOP"": 20.06635404395827, ""p1"": 18.07886072973839, ""p2"": 17.066354043958256, ""pf"": -10.933645956041744}",0000,VALUE_INTEGRATION_CONVERGED,0.0
6,jeffreys,"[0, 1, 0]","[0, 0, 3]",0,20.59810683796574,20.59810683796574,STOP,"{""STOP"": 20.59810683796574}",0000,VALUE_INTEGRATION_CONVERGED,0.0
6,jeffreys,"[0, 1, 0]","[0, 0, 2]",1,20.572983802361236,20.572983802361236,STOP,"{""STOP"": 20.572983802361236, ""p1"": 18.585352544395242, ""p2"": 17.572983802361236, ""pf"": -10.427016197638785}",0000,VALUE_INTEGRATION_CONVERGED,0.0
6,jeffreys,"[0, 1, 0]","[0, 0, 1]",2,20.547334629885412,20.547334629885412,STOP,"{""STOP"": 20.547334629885412, ""p1"": 18.559710355604995, ""p2"": 17.5473346298854, ""pf"": -10.452665370114591}",0000,VALUE_INTEGRATION_CONVERGED,0.0
6,jeffreys,"[0, 1, 0]","[0, 0, 0]",3,20.521142617780463,20.521142617780463,STOP,"{""STOP"": 20.521142617780463, ""p1"": 18.53352547498849, ""p2"": 17.52114261778045, ""pf"": -10.47885738221953}",0000,VALUE_INTEGRATION_CONVERGED,0.0
6,jeffreys,"[0, 0, 0]","[0, 4, 0]",0,21.071999763536837,21.071999763536837,STOP,"{""STOP"": 21.071999763536837}",0000,VALUE_INTEGRATION_CONVERGED,0.0
6,jeffreys,"[0, 0, 1]","[0, 3, 0]",0,20.598106837965737,20.598106837965737,STOP,"{""STOP"": 20.598106837965737}",0000,VALUE_INTEGRATION_CONVERGED,0.0
6,jeffreys,"[0, 0, 0]","[0, 3, 1]",0,21.073519331809052,21.073519331809052,STOP,"{""STOP"": 21.073519331809052}",0000,VALUE_INTEGRATION_CONVERGED,0.0
6,jeffreys,"[0, 0, 0]","[0, 3, 0]",1,21.047630532639353,21.047630532639353,STOP,"{""STOP"": 21.047630532639353, ""p1"": 19.059870039177508, ""p2"": 18.04763053263935, ""pf"": -9.952369467360633}",0000,VALUE_INTEGRATION_CONVERGED,0.0
6,jeffreys,"[0, 0, 2]","[0, 2, 0]",0,20.12321136476085,20.12321136476085,STOP,"{""STOP"": 20.12321136476085}",0000,VALUE_INTEGRATION_CONVERGED,0.0
6,jeffreys,"[0, 0, 1]","[0, 2, 1]",0,20.603596586072257,20.603596586072257,STOP,"{""STOP"": 20.603596586072257}",0000,VALUE_INTEGRATION_CONVERGED,0.0
6,jeffreys,"[0, 0, 1]","[0, 2, 0]",1,20.572983802361243,20.572983802361243,STOP,"{""STOP"": 20.572983802361243, ""p1"": 18.585352544395246, ""p2"": 17.57298380236121, ""pf"": -10.427016197638764}",0000,VALUE_INTEGRATION_CONVERGED,0.0
6,jeffreys,"[0, 0, 0]","[0, 2, 2]",0,21.07402563699378,21.07402563699378,STOP,"{""STOP"": 21.07402563699378}",0000,VALUE_INTEGRATION_CONVERGED,0.0
6,jeffreys,"[0, 0, 0]","[0, 2, 1]",1,21.04865936464018,21.04865936464018,STOP,"{""STOP"": 21.04865936464018, ""p1"": 19.060898591050798, ""p2"": 18.048659364640177, ""pf"": -9.95134063535983}",0000,VALUE_INTEGRATION_CONVERGED,0.0
6,jeffreys,"[0, 0, 0]","[0, 2, 0]",2,21.02275623996162,21.02275623996162,STOP,"{""STOP"": 21.02275623996162, ""p1"": 19.03500251920322, ""p2"": 18.022756239961602, ""pf"": -9.977243760038377}",0000,VALUE_INTEGRATION_CONVERGED,0.0
6,jeffreys,"[0, 0, 3]","[0, 1, 0]",0,19.64728185027918,19.64728185027918,STOP,"{""STOP"": 19.64728185027918}",0000,VALUE_INTEGRATION_CONVERGED,0.0
6,jeffreys,"[0, 0, 2]","[0, 1, 1]",0,20.13265062671605,20.13265062671605,STOP,"{""STOP"": 20.13265062671605}",0000,VALUE_INTEGRATION_CONVERGED,0.0
6,jeffreys,"[0, 0, 2]","[0, 1, 0]",1,20.097308240082306,20.097308240082306,STOP,"{""STOP"": 20.097308240082306, ""p1"": 18.10980649773972, ""p2"": 17.09730824008229, ""pf"": -10.902691759917701}",0000,VALUE_INTEGRATION_CONVERGED,0.0
6,jeffreys,"[0, 0, 1]","[0, 1, 2]",0,20.607959946646453,20.607959946646453,STOP,"{""STOP"": 20.607959946646453}",0000,VALUE_INTEGRATION_CONVERGED,0.0
6,jeffreys,"[0, 0, 1]","[0, 1, 1]",1,20.577964698301322,20.577964698301322,STOP,"{""STOP"": 20.577964698301322, ""p1"": 18.590332084150802, ""p2"": 17.57796469830133, ""pf"": -10.422035301698667}",0000,VALUE_INTEGRATION_CONVERGED,0.0
6,jeffreys,"[0, 0, 1]","[0, 1, 0]",2,20.547334629885412,20.547334629885412,STOP,"{""STOP"": 20.547334629885412, ""p1"": 18.559710355604995, ""p2"": 17.547334629885416, ""pf"": -10.452665370114595}",0000,VALUE_INTEGRATION_CONVERGED,0.0
6,jeffreys,"[0, 0, 0]","[0, 1, 3]",0,21.073519331809045,21.073519331809045,STOP,"{""STOP"": 21.073519331809045}",0000,VALUE_INTEGRATION_CONVERGED,0.0
6,jeffreys,"[0, 0, 0]","[0, 1, 2]",1,21.04865936464018,21.04865936464018,STOP,"{""STOP"": 21.04865936464018, ""p1"": 19.0608985910508, ""p2"": 18.04865936464017, ""pf"": -9.95134063535983}",0000,VALUE_INTEGRATION_CONVERGED,0.0
6,jeffreys,"[0, 0, 0]","[0, 1, 1]",2,21.023278769886616,21.023278769886616,STOP,"{""STOP"": 21.023278769886616, ""p1"": 19.035524906855215, ""p2"": 18.023278769886613, ""pf"": -9.976721230113387}",0000,VALUE_INTEGRATION_CONVERGED,0.0
6,jeffreys,"[0, 0, 0]","[0, 1, 0]",3,20.997361019688537,20.997361019688537,STOP,"{""STOP"": 20.997361019688537, ""p1"": 19.009614213470293, ""p2"": 17.997361019688526, ""pf"": -10.00263898031147}",0000,VALUE_INTEGRATION_CONVERGED,0.0
6,jeffreys,"[0, 0, 4]","[0, 0, 0]",0,19.170285467813528,19.170285467813528,STOP,"{""STOP"": 19.170285467813528}",0000,VALUE_INTEGRATION_CONVERGED,0.0
6,jeffreys,"[0, 0, 3]","[0, 0, 1]",0,19.660648970768378,19.660648970768378,STOP,"{""STOP"": 19.660648970768378}",0000,VALUE_INTEGRATION_CONVERGED,0.0
6,jeffreys,"[0, 0, 3]","[0, 0, 0]",1,19.62057118446919,19.62057118446919,STOP,"{""STOP"": 19.62057118446919, ""p1"": 17.63319924677044, ""p2"": 16.62057118446919, ""pf"": -11.379428815530815}",0000,VALUE_INTEGRATION_CONVERGED,0.0
6,jeffreys,"[0, 0, 2]","[0, 0, 2]",0,20.14084949956869,20.14084949956869,STOP,"{""STOP"": 20.14084949956869}",0000,VALUE_INTEGRATION_CONVERGED,0.0
6,jeffreys,"[0, 0, 2]","[0, 0, 1]",1,20.106219653741768,20.106219653741768,STOP,"{""STOP"": 20.106219653741768, ""p1"": 18.11871548502417, ""p2"": 17.106219653741764, ""pf"": -10.893780346258254}",0000,VALUE_INTEGRATION_CONVERGED,0.0
6,jeffreys,"[0, 0, 2]","[0, 0, 0]",2,20.070856901124834,20.070856901124834,STOP,"{""STOP"": 20.070856901124834, ""p1"": 18.083362360879477, ""p2"": 17.070856901124838, ""pf"": -10.929143098875166}",0000,VALUE_INTEGRATION_CONVERGED,0.0
6,jeffreys,"[0, 0, 1]","[0, 0, 3]",0,20.611199761111596,20.611199761111596,STOP,"{""STOP"": 20.611199761111596}",0000,VALUE_INTEGRATION_CONVERGED,0.0
6,jeffreys,"[0, 0, 1]","[0, 0, 2]",1,20.58180286976515,20.58180286976515,STOP,"{""STOP"": 20.58180286976515, ""p1"": 18.594169210567955, ""p2"": 17.581802869765166, ""pf"": -10.418197130234837}",0000,VALUE_INTEGRATION_CONVERGED,0.0
6,jeffreys,"[0, 0, 1]","[0, 0, 1]",2,20.551790336715126,20.551790336715126,STOP,"{""STOP"": 20.551790336715126, ""p1"": 18.56416484924722, ""p2"": 17.551790336715136, ""pf"": -10.448209663284867}",0000,VALUE_INTEGRATION_CONVERGED,0.0
6,jeffreys,"[0, 0, 1]","[0, 0, 0]",3,20.521142617780455,20.521142617780455,STOP,"{""STOP"": 20.521142617780455, ""p1"": 18.5335254749885, ""p2"": 17.52114261778047, ""pf"": -10.478857382219552}",0000,VALUE_INTEGRATION_CONVERGED,0.0
6,jeffreys,"[0, 0, 0]","[0, 0, 4]",0,21.07199976353686,21.07199976353686,STOP,"{""STOP"": 21.07199976353686}",0000,VALUE_INTEGRATION_CONVERGED,0.0
6,jeffreys,"[0, 0, 0]","[0, 0, 3]",1,21.047630532639346,21.047630532639346,STOP,"{""STOP"": 21.047630532639346, ""p1"": 19.059870039177486, ""p2"": 18.04763053263936, ""pf"": -9.952369467360633}",0000,VALUE_INTEGRATION_CONVERGED,0.0
6,jeffreys,"[0, 0, 0]","[0, 0, 2]",2,21.022756239961616,21.022756239961616,STOP,"{""STOP"": 21.022756239961616, ""p1"": 19.035002519203218, ""p2"": 18.022756239961623, ""pf"": -9.977243760038402}",0000,VALUE_INTEGRATION_CONVERGED,0.0
6,jeffreys,"[0, 0, 0]","[0, 0, 1]",3,20.997361019688533,20.997361019688533,STOP,"{""STOP"": 20.997361019688533, ""p1"": 19.009614213470304, ""p2"": 17.99736101968853, ""pf"": -10.002638980311477}",0000,VALUE_INTEGRATION_CONVERGED,0.0
6,jeffreys,"[0, 0, 0]","[0, 0, 0]",4,20.971428334436098,20.971428334436098,STOP,"{""STOP"": 20.971428334436098, ""p1"": 18.98368858909753, ""p2"": 17.971428334436116, ""pf"": -10.028571665563888}",0000,VALUE_INTEGRATION_CONVERGED,0.0
